2025-05-03 11:50:45,706 - INFO - root - Hello! This is Joey-NMT (version 2.2.0).
2025-05-03 11:50:45,706 - INFO - joeynmt.helpers -                           cfg.name : deen_transformer_pre
2025-05-03 11:50:45,706 - INFO - joeynmt.helpers -                cfg.joeynmt_version : 2.0.0
2025-05-03 11:50:45,707 - INFO - joeynmt.helpers -                     cfg.data.train : data/train
2025-05-03 11:50:45,707 - INFO - joeynmt.helpers -                       cfg.data.dev : data/dev
2025-05-03 11:50:45,707 - INFO - joeynmt.helpers -                      cfg.data.test : data/test
2025-05-03 11:50:45,707 - INFO - joeynmt.helpers -              cfg.data.dataset_type : plain
2025-05-03 11:50:45,707 - INFO - joeynmt.helpers -                  cfg.data.src.lang : de
2025-05-03 11:50:45,707 - INFO - joeynmt.helpers -             cfg.data.src.lowercase : False
2025-05-03 11:50:45,707 - INFO - joeynmt.helpers -                 cfg.data.src.level : bpe
2025-05-03 11:50:45,707 - INFO - joeynmt.helpers -             cfg.data.src.voc_limit : 32000
2025-05-03 11:50:45,707 - INFO - joeynmt.helpers -          cfg.data.src.voc_min_freq : 1
2025-05-03 11:50:45,707 - INFO - joeynmt.helpers -            cfg.data.src.max_length : 100
2025-05-03 11:50:45,707 - INFO - joeynmt.helpers -              cfg.data.src.voc_file : shared_models/joint-vocab.txt
2025-05-03 11:50:45,707 - INFO - joeynmt.helpers -        cfg.data.src.tokenizer_type : subword-nmt
2025-05-03 11:50:45,707 - INFO - joeynmt.helpers - cfg.data.src.tokenizer_cfg.pretokenizer : none
2025-05-03 11:50:45,707 - INFO - joeynmt.helpers - cfg.data.src.tokenizer_cfg.num_merges : 3200
2025-05-03 11:50:45,708 - INFO - joeynmt.helpers -   cfg.data.src.tokenizer_cfg.codes : data/codes3200.bpe
2025-05-03 11:50:45,708 - INFO - joeynmt.helpers -                  cfg.data.trg.lang : en
2025-05-03 11:50:45,708 - INFO - joeynmt.helpers -             cfg.data.trg.lowercase : False
2025-05-03 11:50:45,708 - INFO - joeynmt.helpers -                 cfg.data.trg.level : bpe
2025-05-03 11:50:45,708 - INFO - joeynmt.helpers -             cfg.data.trg.voc_limit : 32000
2025-05-03 11:50:45,708 - INFO - joeynmt.helpers -          cfg.data.trg.voc_min_freq : 1
2025-05-03 11:50:45,708 - INFO - joeynmt.helpers -            cfg.data.trg.max_length : 100
2025-05-03 11:50:45,708 - INFO - joeynmt.helpers -              cfg.data.trg.voc_file : shared_models/joint-vocab.txt
2025-05-03 11:50:45,708 - INFO - joeynmt.helpers -        cfg.data.trg.tokenizer_type : subword-nmt
2025-05-03 11:50:45,708 - INFO - joeynmt.helpers - cfg.data.trg.tokenizer_cfg.pretokenizer : none
2025-05-03 11:50:45,708 - INFO - joeynmt.helpers - cfg.data.trg.tokenizer_cfg.num_merges : 3200
2025-05-03 11:50:45,708 - INFO - joeynmt.helpers -   cfg.data.trg.tokenizer_cfg.codes : data/codes3200.bpe
2025-05-03 11:50:45,708 - INFO - joeynmt.helpers -              cfg.testing.beam_size : 5
2025-05-03 11:50:45,708 - INFO - joeynmt.helpers -             cfg.testing.beam_alpha : 1.0
2025-05-03 11:50:45,708 - INFO - joeynmt.helpers -           cfg.training.random_seed : 42
2025-05-03 11:50:45,708 - INFO - joeynmt.helpers -             cfg.training.optimizer : adam
2025-05-03 11:50:45,708 - INFO - joeynmt.helpers -         cfg.training.normalization : tokens
2025-05-03 11:50:45,708 - INFO - joeynmt.helpers -         cfg.training.learning_rate : 0.0003
2025-05-03 11:50:45,708 - INFO - joeynmt.helpers -            cfg.training.batch_size : 2048
2025-05-03 11:50:45,708 - INFO - joeynmt.helpers -            cfg.training.batch_type : token
2025-05-03 11:50:45,708 - INFO - joeynmt.helpers -       cfg.training.eval_batch_size : 1024
2025-05-03 11:50:45,708 - INFO - joeynmt.helpers -       cfg.training.eval_batch_type : token
2025-05-03 11:50:45,709 - INFO - joeynmt.helpers -            cfg.training.scheduling : plateau
2025-05-03 11:50:45,709 - INFO - joeynmt.helpers -              cfg.training.patience : 8
2025-05-03 11:50:45,709 - INFO - joeynmt.helpers -          cfg.training.weight_decay : 0.0
2025-05-03 11:50:45,709 - INFO - joeynmt.helpers -       cfg.training.decrease_factor : 0.7
2025-05-03 11:50:45,709 - INFO - joeynmt.helpers - cfg.training.early_stopping_metric : ppl
2025-05-03 11:50:45,709 - INFO - joeynmt.helpers -                cfg.training.epochs : 10
2025-05-03 11:50:45,709 - INFO - joeynmt.helpers -       cfg.training.validation_freq : 500
2025-05-03 11:50:45,709 - INFO - joeynmt.helpers -          cfg.training.logging_freq : 100
2025-05-03 11:50:45,709 - INFO - joeynmt.helpers -           cfg.training.eval_metric : ['bleu']
2025-05-03 11:50:45,709 - INFO - joeynmt.helpers -             cfg.training.model_dir : models/deen_transformer_pre
2025-05-03 11:50:45,709 - INFO - joeynmt.helpers -             cfg.training.overwrite : False
2025-05-03 11:50:45,709 - INFO - joeynmt.helpers -               cfg.training.shuffle : True
2025-05-03 11:50:45,709 - INFO - joeynmt.helpers -              cfg.training.use_cuda : True
2025-05-03 11:50:45,709 - INFO - joeynmt.helpers -     cfg.training.max_output_length : 100
2025-05-03 11:50:45,709 - INFO - joeynmt.helpers -     cfg.training.print_valid_sents : [0, 1, 2, 3, 4]
2025-05-03 11:50:45,709 - INFO - joeynmt.helpers -       cfg.training.label_smoothing : 0.3
2025-05-03 11:50:45,709 - INFO - joeynmt.helpers -              cfg.model.initializer : xavier_uniform
2025-05-03 11:50:45,709 - INFO - joeynmt.helpers -         cfg.model.bias_initializer : zeros
2025-05-03 11:50:45,709 - INFO - joeynmt.helpers -                cfg.model.init_gain : 1.0
2025-05-03 11:50:45,709 - INFO - joeynmt.helpers -        cfg.model.embed_initializer : xavier_uniform
2025-05-03 11:50:45,709 - INFO - joeynmt.helpers -          cfg.model.embed_init_gain : 1.0
2025-05-03 11:50:45,710 - INFO - joeynmt.helpers -          cfg.model.tied_embeddings : True
2025-05-03 11:50:45,710 - INFO - joeynmt.helpers -             cfg.model.tied_softmax : True
2025-05-03 11:50:45,710 - INFO - joeynmt.helpers -             cfg.model.encoder.type : transformer
2025-05-03 11:50:45,710 - INFO - joeynmt.helpers -       cfg.model.encoder.num_layers : 4
2025-05-03 11:50:45,710 - INFO - joeynmt.helpers -        cfg.model.encoder.num_heads : 2
2025-05-03 11:50:45,710 - INFO - joeynmt.helpers - cfg.model.encoder.embeddings.embedding_dim : 256
2025-05-03 11:50:45,710 - INFO - joeynmt.helpers - cfg.model.encoder.embeddings.scale : True
2025-05-03 11:50:45,710 - INFO - joeynmt.helpers - cfg.model.encoder.embeddings.dropout : 0
2025-05-03 11:50:45,710 - INFO - joeynmt.helpers -      cfg.model.encoder.hidden_size : 256
2025-05-03 11:50:45,710 - INFO - joeynmt.helpers -          cfg.model.encoder.ff_size : 512
2025-05-03 11:50:45,710 - INFO - joeynmt.helpers -          cfg.model.encoder.dropout : 0
2025-05-03 11:50:45,710 - INFO - joeynmt.helpers -       cfg.model.encoder.layer_norm : pre
2025-05-03 11:50:45,710 - INFO - joeynmt.helpers -             cfg.model.decoder.type : transformer
2025-05-03 11:50:45,710 - INFO - joeynmt.helpers -       cfg.model.decoder.num_layers : 1
2025-05-03 11:50:45,710 - INFO - joeynmt.helpers -        cfg.model.decoder.num_heads : 2
2025-05-03 11:50:45,710 - INFO - joeynmt.helpers - cfg.model.decoder.embeddings.embedding_dim : 256
2025-05-03 11:50:45,710 - INFO - joeynmt.helpers - cfg.model.decoder.embeddings.scale : True
2025-05-03 11:50:45,710 - INFO - joeynmt.helpers - cfg.model.decoder.embeddings.dropout : 0
2025-05-03 11:50:45,710 - INFO - joeynmt.helpers -      cfg.model.decoder.hidden_size : 256
2025-05-03 11:50:45,710 - INFO - joeynmt.helpers -          cfg.model.decoder.ff_size : 512
2025-05-03 11:50:45,710 - INFO - joeynmt.helpers -          cfg.model.decoder.dropout : 0
2025-05-03 11:50:45,710 - INFO - joeynmt.helpers -       cfg.model.decoder.layer_norm : pre
2025-05-03 11:50:45,761 - INFO - joeynmt.data - Building tokenizer...
2025-05-03 11:50:45,783 - INFO - joeynmt.tokenizers - de tokenizer: SubwordNMTTokenizer(level=bpe, lowercase=False, normalize=False, filter_by_length=(-1, 100), pretokenizer=none, tokenizer=BPE, separator=@@, dropout=0.0)
2025-05-03 11:50:45,785 - INFO - joeynmt.tokenizers - en tokenizer: SubwordNMTTokenizer(level=bpe, lowercase=False, normalize=False, filter_by_length=(-1, 100), pretokenizer=none, tokenizer=BPE, separator=@@, dropout=0.0)
2025-05-03 11:50:45,785 - INFO - joeynmt.data - Loading train set...
2025-05-03 11:50:46,036 - INFO - joeynmt.data - Building vocabulary...
2025-05-03 11:50:46,191 - INFO - joeynmt.data - Loading dev set...
2025-05-03 11:50:46,208 - INFO - joeynmt.data - Loading test set...
2025-05-03 11:50:46,229 - INFO - joeynmt.data - Data loaded.
2025-05-03 11:50:46,229 - INFO - joeynmt.data - Train dataset: PlaintextDataset(split=train, len=100000, src_lang=de, trg_lang=en, has_trg=True, random_subset=-1)
2025-05-03 11:50:46,229 - INFO - joeynmt.data - Valid dataset: PlaintextDataset(split=dev, len=500, src_lang=de, trg_lang=en, has_trg=True, random_subset=-1)
2025-05-03 11:50:46,229 - INFO - joeynmt.data -  Test dataset: PlaintextDataset(split=test, len=2999, src_lang=de, trg_lang=en, has_trg=True, random_subset=-1)
2025-05-03 11:50:46,231 - INFO - joeynmt.data - First training example:
	[SRC] gem@@ ä@@ ß der vom Europäischen Parlament und von der gesam@@ ten Europäischen Union n@@ un@@ mehr ständi@@ g ver@@ tre@@ ten@@ en Lin@@ ie möchte ich Sie jedoch bit@@ ten , den gan@@ zen Ein@@ f@@ lu@@ ß Ih@@ res Am@@ tes und der Institu@@ tion , die Sie ver@@ treten , bei dem Prä@@ sident@@ schaf@@ ts@@ kan@@ di@@ d@@ aten und G@@ ou@@ ver@@ ne@@ ur von Tex@@ as , Ge@@ or@@ ge W@@ . B@@ us@@ h , der zur Aus@@ setzung der V@@ oll@@ stre@@ ck@@ ung des To@@ des@@ ur@@ teil@@ s und zur Be@@ gn@@ a@@ di@@ gung des Ver@@ ur@@ teil@@ ten be@@ fu@@ gt ist , gel@@ ten@@ d zu machen .
	[TRG] however , I would ask you , in acc@@ ord@@ ance with the line which is now con@@ st@@ ant@@ ly fol@@ low@@ ed by the European Parliament and by the whole of the European Community , to make represent@@ ations , using the wei@@ ght of your pres@@ ti@@ gi@@ ous off@@ ice and the institu@@ tion you re@@ present , to the President and to the Go@@ vern@@ or of Tex@@ as , Mr B@@ us@@ h , who has the power to order a stay of ex@@ ec@@ ution and to re@@ pri@@ e@@ ve the con@@ dem@@ ned per@@ son .
2025-05-03 11:50:46,231 - INFO - joeynmt.data - First 10 Src tokens: (0) <unk> (1) <pad> (2) <s> (3) </s> (4) , (5) . (6) the (7) in (8) die (9) der
2025-05-03 11:50:46,231 - INFO - joeynmt.data - First 10 Trg tokens: (0) <unk> (1) <pad> (2) <s> (3) </s> (4) , (5) . (6) the (7) in (8) die (9) der
2025-05-03 11:50:46,231 - INFO - joeynmt.data - Number of unique Src tokens (vocab_size): 4117
2025-05-03 11:50:46,231 - INFO - joeynmt.data - Number of unique Trg tokens (vocab_size): 4117
2025-05-03 11:50:46,239 - INFO - joeynmt.model - Building an encoder-decoder model...
2025-05-03 11:50:46,299 - INFO - joeynmt.model - Enc-dec model built.
2025-05-03 11:50:46,303 - INFO - joeynmt.model - Total params: 3954176
2025-05-03 11:50:46,304 - DEBUG - joeynmt.model - Trainable parameters: ['decoder.layer_norm.bias', 'decoder.layer_norm.weight', 'decoder.layers.0.dec_layer_norm.bias', 'decoder.layers.0.dec_layer_norm.weight', 'decoder.layers.0.feed_forward.layer_norm.bias', 'decoder.layers.0.feed_forward.layer_norm.weight', 'decoder.layers.0.feed_forward.pwff_layer.0.bias', 'decoder.layers.0.feed_forward.pwff_layer.0.weight', 'decoder.layers.0.feed_forward.pwff_layer.3.bias', 'decoder.layers.0.feed_forward.pwff_layer.3.weight', 'decoder.layers.0.src_trg_att.k_layer.bias', 'decoder.layers.0.src_trg_att.k_layer.weight', 'decoder.layers.0.src_trg_att.output_layer.bias', 'decoder.layers.0.src_trg_att.output_layer.weight', 'decoder.layers.0.src_trg_att.q_layer.bias', 'decoder.layers.0.src_trg_att.q_layer.weight', 'decoder.layers.0.src_trg_att.v_layer.bias', 'decoder.layers.0.src_trg_att.v_layer.weight', 'decoder.layers.0.trg_trg_att.k_layer.bias', 'decoder.layers.0.trg_trg_att.k_layer.weight', 'decoder.layers.0.trg_trg_att.output_layer.bias', 'decoder.layers.0.trg_trg_att.output_layer.weight', 'decoder.layers.0.trg_trg_att.q_layer.bias', 'decoder.layers.0.trg_trg_att.q_layer.weight', 'decoder.layers.0.trg_trg_att.v_layer.bias', 'decoder.layers.0.trg_trg_att.v_layer.weight', 'decoder.layers.0.x_layer_norm.bias', 'decoder.layers.0.x_layer_norm.weight', 'encoder.layer_norm.bias', 'encoder.layer_norm.weight', 'encoder.layers.0.feed_forward.layer_norm.bias', 'encoder.layers.0.feed_forward.layer_norm.weight', 'encoder.layers.0.feed_forward.pwff_layer.0.bias', 'encoder.layers.0.feed_forward.pwff_layer.0.weight', 'encoder.layers.0.feed_forward.pwff_layer.3.bias', 'encoder.layers.0.feed_forward.pwff_layer.3.weight', 'encoder.layers.0.layer_norm.bias', 'encoder.layers.0.layer_norm.weight', 'encoder.layers.0.src_src_att.k_layer.bias', 'encoder.layers.0.src_src_att.k_layer.weight', 'encoder.layers.0.src_src_att.output_layer.bias', 'encoder.layers.0.src_src_att.output_layer.weight', 'encoder.layers.0.src_src_att.q_layer.bias', 'encoder.layers.0.src_src_att.q_layer.weight', 'encoder.layers.0.src_src_att.v_layer.bias', 'encoder.layers.0.src_src_att.v_layer.weight', 'encoder.layers.1.feed_forward.layer_norm.bias', 'encoder.layers.1.feed_forward.layer_norm.weight', 'encoder.layers.1.feed_forward.pwff_layer.0.bias', 'encoder.layers.1.feed_forward.pwff_layer.0.weight', 'encoder.layers.1.feed_forward.pwff_layer.3.bias', 'encoder.layers.1.feed_forward.pwff_layer.3.weight', 'encoder.layers.1.layer_norm.bias', 'encoder.layers.1.layer_norm.weight', 'encoder.layers.1.src_src_att.k_layer.bias', 'encoder.layers.1.src_src_att.k_layer.weight', 'encoder.layers.1.src_src_att.output_layer.bias', 'encoder.layers.1.src_src_att.output_layer.weight', 'encoder.layers.1.src_src_att.q_layer.bias', 'encoder.layers.1.src_src_att.q_layer.weight', 'encoder.layers.1.src_src_att.v_layer.bias', 'encoder.layers.1.src_src_att.v_layer.weight', 'encoder.layers.2.feed_forward.layer_norm.bias', 'encoder.layers.2.feed_forward.layer_norm.weight', 'encoder.layers.2.feed_forward.pwff_layer.0.bias', 'encoder.layers.2.feed_forward.pwff_layer.0.weight', 'encoder.layers.2.feed_forward.pwff_layer.3.bias', 'encoder.layers.2.feed_forward.pwff_layer.3.weight', 'encoder.layers.2.layer_norm.bias', 'encoder.layers.2.layer_norm.weight', 'encoder.layers.2.src_src_att.k_layer.bias', 'encoder.layers.2.src_src_att.k_layer.weight', 'encoder.layers.2.src_src_att.output_layer.bias', 'encoder.layers.2.src_src_att.output_layer.weight', 'encoder.layers.2.src_src_att.q_layer.bias', 'encoder.layers.2.src_src_att.q_layer.weight', 'encoder.layers.2.src_src_att.v_layer.bias', 'encoder.layers.2.src_src_att.v_layer.weight', 'encoder.layers.3.feed_forward.layer_norm.bias', 'encoder.layers.3.feed_forward.layer_norm.weight', 'encoder.layers.3.feed_forward.pwff_layer.0.bias', 'encoder.layers.3.feed_forward.pwff_layer.0.weight', 'encoder.layers.3.feed_forward.pwff_layer.3.bias', 'encoder.layers.3.feed_forward.pwff_layer.3.weight', 'encoder.layers.3.layer_norm.bias', 'encoder.layers.3.layer_norm.weight', 'encoder.layers.3.src_src_att.k_layer.bias', 'encoder.layers.3.src_src_att.k_layer.weight', 'encoder.layers.3.src_src_att.output_layer.bias', 'encoder.layers.3.src_src_att.output_layer.weight', 'encoder.layers.3.src_src_att.q_layer.bias', 'encoder.layers.3.src_src_att.q_layer.weight', 'encoder.layers.3.src_src_att.v_layer.bias', 'encoder.layers.3.src_src_att.v_layer.weight', 'src_embed.lut.weight']
2025-05-03 11:50:46,304 - INFO - joeynmt.training - Model(
	encoder=TransformerEncoder(num_layers=4, num_heads=2, alpha=1.0, layer_norm="pre", activation=ReLU()),
	decoder=TransformerDecoder(num_layers=1, num_heads=2, alpha=1.0, layer_norm="pre", activation=ReLU()),
	src_embed=Embeddings(embedding_dim=256, vocab_size=4117),
	trg_embed=Embeddings(embedding_dim=256, vocab_size=4117),
	loss_function=XentLoss(criterion=KLDivLoss(), smoothing=0.3))
2025-05-03 11:50:46,370 - INFO - joeynmt.builders - Adam(lr=0.0003, weight_decay=0.0, betas=(0.9, 0.999))
2025-05-03 11:50:46,370 - INFO - joeynmt.builders - ReduceLROnPlateau(mode=min, verbose=False, threshold_mode=abs, eps=0.0, factor=0.7, patience=8)
2025-05-03 11:50:46,370 - INFO - joeynmt.training - Train stats:
	device: cuda
	n_gpu: 1
	16-bits training: False
	gradient accumulation: 1
	batch size per device: 2048
	effective batch size (w. parallel & accumulation): 2048
2025-05-03 11:50:46,371 - INFO - joeynmt.training - EPOCH 1
2025-05-03 11:50:52,927 - INFO - joeynmt.training - Epoch   1, Step:      100, Batch Loss:     4.209218, Batch Acc: 0.064407, Tokens per Sec:    14039, Lr: 0.000300
2025-05-03 11:50:59,008 - INFO - joeynmt.training - Epoch   1, Step:      200, Batch Loss:     3.969901, Batch Acc: 0.093001, Tokens per Sec:    15166, Lr: 0.000300
2025-05-03 11:51:04,915 - INFO - joeynmt.training - Epoch   1, Step:      300, Batch Loss:     3.776018, Batch Acc: 0.106649, Tokens per Sec:    15669, Lr: 0.000300
2025-05-03 11:51:10,668 - INFO - joeynmt.training - Epoch   1, Step:      400, Batch Loss:     3.734878, Batch Acc: 0.114609, Tokens per Sec:    15939, Lr: 0.000300
2025-05-03 11:51:16,643 - INFO - joeynmt.training - Epoch   1, Step:      500, Batch Loss:     3.631478, Batch Acc: 0.127279, Tokens per Sec:    15532, Lr: 0.000300
2025-05-03 11:51:16,644 - INFO - joeynmt.prediction - Predicting 500 example(s)... (Greedy decoding with min_output_length=1, max_output_length=-1, return_prob='none', generate_unk=True, repetition_penalty=-1, no_repeat_ngram_size=-1)
2025-05-03 11:51:23,767 - INFO - joeynmt.prediction - Evaluation result (greedy) loss:   3.80, ppl:  44.82, acc:   0.11, generation: 7.1146[sec], evaluation: 0.0000[sec]
2025-05-03 11:51:23,768 - INFO - joeynmt.training - Hooray! New best validation result [ppl]!
2025-05-03 11:51:23,856 - INFO - joeynmt.training - Example #0
2025-05-03 11:51:23,856 - DEBUG - joeynmt.training - 	Tokenized source:     ['die', 'Pre@@', 'mi@@', 'er@@', 'minist@@', 'er', 'Indi@@', 'ens', 'und', 'J@@', 'ap@@', 'ans', 'tra@@', 'fen', 'sich', 'in', 'T@@', 'ok@@', 'i@@', 'o', '.']
2025-05-03 11:51:23,856 - DEBUG - joeynmt.training - 	Tokenized reference:  ['Indi@@', 'a', 'and', 'J@@', 'ap@@', 'an', 'pri@@', 'me', 'minist@@', 'ers', 'me@@', 'et', 'in', 'T@@', 'ok@@', 'y@@', 'o']
2025-05-03 11:51:23,856 - DEBUG - joeynmt.training - 	Tokenized hypothesis: ['the', 'Commission', 'is', 'the', 'Commission', 'of', 'the', 'Commission', 'of', 'the', 'Commission', 'of', 'the', 'Commission', 'of', 'the', 'Commission', '.', '</s>']
2025-05-03 11:51:23,856 - INFO - joeynmt.training - 	Source:     die Premierminister Indiens und Japans trafen sich in Tokio .
2025-05-03 11:51:23,856 - INFO - joeynmt.training - 	Reference:  India and Japan prime ministers meet in Tokyo
2025-05-03 11:51:23,856 - INFO - joeynmt.training - 	Hypothesis: the Commission is the Commission of the Commission of the Commission of the Commission of the Commission .
2025-05-03 11:51:23,857 - INFO - joeynmt.training - Example #1
2025-05-03 11:51:23,857 - DEBUG - joeynmt.training - 	Tokenized source:     ['Indi@@', 'ens', 'neu@@', 'er', 'Pre@@', 'mi@@', 'er@@', 'minist@@', 'er', 'N@@', 'ar@@', 'end@@', 'ra', 'Mo@@', 'd@@', 'i', 'tri@@', 'fft', 'bei', 's@@', 'einem', 'ersten', 'wichti@@', 'gen', 'Aus@@', 'land@@', 's@@', 'bes@@', 'u@@', 'ch', 'seit', 's@@', 'einem', 'W@@', 'ah@@', 'l@@', 'si@@', 'e@@', 'g', 'im', 'Ma@@', 'i', 'seinen', 'j@@', 'ap@@', 'an@@', 'ischen', 'Am@@', 'ts@@', 'k@@', 'olle@@', 'gen', 'S@@', 'hin@@', 'z@@', 'o', 'A@@', 'be', 'in', 'T@@', 'ok@@', 'o', ',', 'um', 'wirtschaf@@', 'tliche', 'und', 'sicher@@', 'heits@@', 'politische', 'Be@@', 'zieh@@', 'ungen', 'zu', 'bes@@', 'pre@@', 'chen', '.']
2025-05-03 11:51:23,857 - DEBUG - joeynmt.training - 	Tokenized reference:  ['Indi@@', 'a', '&apos;s', 'new', 'pri@@', 'me', 'minist@@', 'er', ',', 'N@@', 'ar@@', 'end@@', 'ra', 'Mo@@', 'd@@', 'i', ',', 'is', 'me@@', 'eting', 'his', 'J@@', 'ap@@', 'an@@', 'ese', 'coun@@', 'ter@@', 'part', ',', 'S@@', 'hin@@', 'z@@', 'o', 'A@@', 'be', ',', 'in', 'T@@', 'ok@@', 'y@@', 'o', 'to', 'disc@@', 'uss', 'economic', 'and', 'security', 'ties', ',', 'on', 'his', 'first', 'major', 'fore@@', 'ign', 'visi@@', 't', 'since', 'w@@', 'inn@@', 'ing', 'Ma@@', 'y', '&apos;s', 'elec@@', 'tion', '.']
2025-05-03 11:51:23,857 - DEBUG - joeynmt.training - 	Tokenized hypothesis: ['the', 'Commission', 'is', 'the', 'Commission', 'of', 'the', 'Commission', 'of', 'the', 'Commission', 'of', 'the', 'Commission', 'of', 'the', 'Commission', 'of', 'the', 'European', 'European', 'European', 'European', 'European', 'European', 'European', 'European', 'European', 'European', 'European', 'European', 'European', 'European', 'European', 'European', 'European', 'European', 'European', 'European', 'European', 'European', 'European', 'European', 'European', 'European', 'European', 'European', 'European', 'European', 'European', 'European', 'European', 'European', 'European', 'European', 'European', 'European', 'European', 'European', 'European', 'European', 'European', 'Union', '.', '</s>']
2025-05-03 11:51:23,857 - INFO - joeynmt.training - 	Source:     Indiens neuer Premierminister Narendra Modi trifft bei seinem ersten wichtigen Auslandsbesuch seit seinem Wahlsieg im Mai seinen japanischen Amtskollegen Shinzo Abe in Toko , um wirtschaftliche und sicherheitspolitische Beziehungen zu besprechen .
2025-05-03 11:51:23,857 - INFO - joeynmt.training - 	Reference:  India &apos;s new prime minister , Narendra Modi , is meeting his Japanese counterpart , Shinzo Abe , in Tokyo to discuss economic and security ties , on his first major foreign visit since winning May &apos;s election .
2025-05-03 11:51:23,857 - INFO - joeynmt.training - 	Hypothesis: the Commission is the Commission of the Commission of the Commission of the Commission of the Commission of the European European European European European European European European European European European European European European European European European European European European European European European European European European European European European European European European European European European European European European European European European European European Union .
2025-05-03 11:51:23,857 - INFO - joeynmt.training - Example #2
2025-05-03 11:51:23,858 - DEBUG - joeynmt.training - 	Tokenized source:     ['Herr', 'Mo@@', 'd@@', 'i', 'befindet', 'sich', 'auf', 'einer', 'fü@@', 'n@@', 'f@@', 'tä@@', 'gi@@', 'gen', 'Rei@@', 'se', 'nach', 'J@@', 'ap@@', 'an', ',', 'um', 'die', 'wirtschaf@@', 'tlichen', 'Be@@', 'zieh@@', 'ungen', 'mit', 'der', 'd@@', 'rit@@', 't@@', 'größ@@', 'ten', 'Wirtschafts@@', 'n@@', 'ation', 'der', 'Welt', 'zu', 'fes@@', 'tigen', '.']
2025-05-03 11:51:23,858 - DEBUG - joeynmt.training - 	Tokenized reference:  ['Mr', 'Mo@@', 'd@@', 'i', 'is', 'on', 'a', 'fi@@', 've', '@@@', '-@@', '@', 'day', 'tri@@', 'p', 'to', 'J@@', 'ap@@', 'an', 'to', 'streng@@', 'then', 'economic', 'ties', 'with', 'the', 'third', 'lar@@', 'ges@@', 't', 'econom@@', 'y', 'in', 'the', 'world', '.']
2025-05-03 11:51:23,858 - DEBUG - joeynmt.training - 	Tokenized hypothesis: ['the', 'Commission', 'is', 'the', 'Commission', 'is', 'is', 'a', 'a', 'a', 'a', 'a', 'a', 'a', 'is', 'a', 'is', 'a', 'a', 'a', 'a', 'a', 'a', 'a', 'a', 'a', 'a', 'a', 'a', '.', '</s>']
2025-05-03 11:51:23,858 - INFO - joeynmt.training - 	Source:     Herr Modi befindet sich auf einer fünftägigen Reise nach Japan , um die wirtschaftlichen Beziehungen mit der drittgrößten Wirtschaftsnation der Welt zu festigen .
2025-05-03 11:51:23,858 - INFO - joeynmt.training - 	Reference:  Mr Modi is on a five @-@ day trip to Japan to strengthen economic ties with the third largest economy in the world .
2025-05-03 11:51:23,858 - INFO - joeynmt.training - 	Hypothesis: the Commission is the Commission is is a a a a a a a is a is a a a a a a a a a a a a .
2025-05-03 11:51:23,858 - INFO - joeynmt.training - Example #3
2025-05-03 11:51:23,858 - DEBUG - joeynmt.training - 	Tokenized source:     ['P@@', 'län@@', 'e', 'für', 'eine', 'stärk@@', 'ere', 'k@@', 'ern@@', 'techn@@', 'ische', 'Zusammenarbeit', 'stehen', 'ganz', 'ob@@', 'en', 'auf', 'der', 'Tag@@', 'es@@', 'ordnung', '.']
2025-05-03 11:51:23,858 - DEBUG - joeynmt.training - 	Tokenized reference:  ['high', 'on', 'the', 'agen@@', 'da', 'are', 'pl@@', 'ans', 'for', 'gre@@', 'ater', 'nu@@', 'clear', 'c@@', 'o', '@@@', '-@@', '@', 'operation', '.']
2025-05-03 11:51:23,858 - DEBUG - joeynmt.training - 	Tokenized hypothesis: ['the', 'Commission', 'is', 'the', 'Commission', 'is', 'is', 'a', 'a', 'a', 'a', 'a', 'a', 'a', 'is', 'a', '.', '</s>']
2025-05-03 11:51:23,859 - INFO - joeynmt.training - 	Source:     Pläne für eine stärkere kerntechnische Zusammenarbeit stehen ganz oben auf der Tagesordnung .
2025-05-03 11:51:23,859 - INFO - joeynmt.training - 	Reference:  high on the agenda are plans for greater nuclear co @-@ operation .
2025-05-03 11:51:23,859 - INFO - joeynmt.training - 	Hypothesis: the Commission is the Commission is is a a a a a a a is a .
2025-05-03 11:51:23,859 - INFO - joeynmt.training - Example #4
2025-05-03 11:51:23,859 - DEBUG - joeynmt.training - 	Tokenized source:     ['Berich@@', 'ten', 'zu@@', 'fol@@', 'ge', 'ho@@', 'fft', 'Indi@@', 'en', 'darüber', 'hinaus', 'auf', 'einen', 'Ver@@', 'trag', 'zur', 'Ver@@', 'tei@@', 'dig@@', 'ungs@@', 'zusammen@@', 'arbeit', 'zwischen', 'den', 'beiden', 'N@@', 'ationen', '.']
2025-05-03 11:51:23,859 - DEBUG - joeynmt.training - 	Tokenized reference:  ['Indi@@', 'a', 'is', 'also', 're@@', 'porte@@', 'dly', 'hop@@', 'ing', 'for', 'a', 'de@@', 'al', 'on', 'def@@', 'ence', 'c@@', 'oll@@', 'ab@@', 'or@@', 'ation', 'between', 'the', 'two', 'n@@', 'ations', '.']
2025-05-03 11:51:23,859 - DEBUG - joeynmt.training - 	Tokenized hypothesis: ['the', 'Commission', 'is', 'the', 'Commission', 'is', 'is', 'is', 'the', 'Commission', 'of', 'the', 'Commission', 'of', 'the', 'Commission', 'of', 'the', 'Commission', 'of', 'the', 'Commission', '.', '</s>']
2025-05-03 11:51:23,859 - INFO - joeynmt.training - 	Source:     Berichten zufolge hofft Indien darüber hinaus auf einen Vertrag zur Verteidigungszusammenarbeit zwischen den beiden Nationen .
2025-05-03 11:51:23,859 - INFO - joeynmt.training - 	Reference:  India is also reportedly hoping for a deal on defence collaboration between the two nations .
2025-05-03 11:51:23,859 - INFO - joeynmt.training - 	Hypothesis: the Commission is the Commission is is is the Commission of the Commission of the Commission of the Commission of the Commission .
2025-05-03 11:51:29,633 - INFO - joeynmt.training - Epoch   1, Step:      600, Batch Loss:     3.540371, Batch Acc: 0.149170, Tokens per Sec:    15998, Lr: 0.000300
2025-05-03 11:51:35,411 - INFO - joeynmt.training - Epoch   1, Step:      700, Batch Loss:     3.286546, Batch Acc: 0.166411, Tokens per Sec:    16012, Lr: 0.000300
2025-05-03 11:51:41,361 - INFO - joeynmt.training - Epoch   1, Step:      800, Batch Loss:     3.289248, Batch Acc: 0.177444, Tokens per Sec:    15394, Lr: 0.000300
2025-05-03 11:51:47,197 - INFO - joeynmt.training - Epoch   1, Step:      900, Batch Loss:     3.059662, Batch Acc: 0.191621, Tokens per Sec:    15571, Lr: 0.000300
2025-05-03 11:51:53,086 - INFO - joeynmt.training - Epoch   1, Step:     1000, Batch Loss:     3.075285, Batch Acc: 0.195995, Tokens per Sec:    15959, Lr: 0.000300
2025-05-03 11:51:53,087 - INFO - joeynmt.prediction - Predicting 500 example(s)... (Greedy decoding with min_output_length=1, max_output_length=-1, return_prob='none', generate_unk=True, repetition_penalty=-1, no_repeat_ngram_size=-1)
2025-05-03 11:52:03,296 - INFO - joeynmt.prediction - Evaluation result (greedy) loss:   3.43, ppl:  30.74, acc:   0.16, generation: 10.1931[sec], evaluation: 0.0000[sec]
2025-05-03 11:52:03,297 - INFO - joeynmt.training - Hooray! New best validation result [ppl]!
2025-05-03 11:52:03,382 - INFO - joeynmt.training - Example #0
2025-05-03 11:52:03,382 - DEBUG - joeynmt.training - 	Tokenized source:     ['die', 'Pre@@', 'mi@@', 'er@@', 'minist@@', 'er', 'Indi@@', 'ens', 'und', 'J@@', 'ap@@', 'ans', 'tra@@', 'fen', 'sich', 'in', 'T@@', 'ok@@', 'i@@', 'o', '.']
2025-05-03 11:52:03,382 - DEBUG - joeynmt.training - 	Tokenized reference:  ['Indi@@', 'a', 'and', 'J@@', 'ap@@', 'an', 'pri@@', 'me', 'minist@@', 'ers', 'me@@', 'et', 'in', 'T@@', 'ok@@', 'y@@', 'o']
2025-05-03 11:52:03,382 - DEBUG - joeynmt.training - 	Tokenized hypothesis: ['the', 're@@', 'staurant', 'is', 'a', 'p@@', 'age', 'of', 'the', 'S@@', 'S@@', 'S@@', 'S@@', 'S@@', 'S@@', 'S@@', 'S@@', 'S@@', 'S@@', 'S@@', 'S@@', 'S@@', 'S@@', 'S@@', 'S@@', 'S@@', 'S@@', 'S@@', 'S@@', 'S@@', 'S@@', 'S@@', 'S@@', 'S@@', 'S@@', 'S@@', 'S@@', 'S@@', 'S@@', 'S@@', 'S@@', 'S@@', 'S@@', 'S@@', 'S@@', 'S@@', 'S@@', 'S@@', 'S@@', 'S@@', 'S@@', 'S@@', 'S@@', 'S@@', 'S@@', 'S@@', 'S@@', 'S@@', 'S@@', 'S@@', 'S@@', 'S@@', 'S@@', 'S@@', 'S@@', 'S@@', 'S@@', 'S@@', 'S@@', 'S@@', 'S@@', 'S@@', 'S@@', 'S@@', 'S@@', 'S@@', 'S@@', 'S@@', 'S@@', 'S@@', 'S@@', 'S@@', 'ec@@', 'ec@@', 'ec@@', 'ec@@', 'ec@@', 'ec@@', 'ec@@', 'ec@@', 'ec@@', 'ec@@', 'ec@@', 'ec@@', 'ec@@', 'ec@@', 'ec@@', 'ec@@', 'ec@@', 'ec@@', 'ec@@', 'ec@@', 'ec@@', 'ec@@', 'ec@@', 'ec@@', 'ec@@', 'ec@@', 'ec@@', 'ec@@', 'ec@@', 'ec@@', 'ec@@', 'ec@@', 'ec@@', 'ec@@', 'ec@@', 'ec@@', 'ec@@', 'ec@@', 'ec@@', 'ec@@', 'ec@@', 'ec@@', 'ec@@', 'ec@@', 'ec@@', 'ec@@', 'ec@@', 'ec@@', 'ec@@', 'ec@@', 'ec@@', 'ec@@', 'ec@@', 'ec@@', 'ec@@', 'ec@@']
2025-05-03 11:52:03,383 - INFO - joeynmt.training - 	Source:     die Premierminister Indiens und Japans trafen sich in Tokio .
2025-05-03 11:52:03,383 - INFO - joeynmt.training - 	Reference:  India and Japan prime ministers meet in Tokyo
2025-05-03 11:52:03,383 - INFO - joeynmt.training - 	Hypothesis: the restaurant is a page of the SSSSSSSSSSSSSSSSSSSSSSSSSSSSSSSSSSSSSSSSSSSSSSSSSSSSSSSSSSSSSSSSSSSSSSSSSecececececececececececececececececececececececececececececececececececececececececececececececececececececececec
2025-05-03 11:52:03,383 - INFO - joeynmt.training - Example #1
2025-05-03 11:52:03,383 - DEBUG - joeynmt.training - 	Tokenized source:     ['Indi@@', 'ens', 'neu@@', 'er', 'Pre@@', 'mi@@', 'er@@', 'minist@@', 'er', 'N@@', 'ar@@', 'end@@', 'ra', 'Mo@@', 'd@@', 'i', 'tri@@', 'fft', 'bei', 's@@', 'einem', 'ersten', 'wichti@@', 'gen', 'Aus@@', 'land@@', 's@@', 'bes@@', 'u@@', 'ch', 'seit', 's@@', 'einem', 'W@@', 'ah@@', 'l@@', 'si@@', 'e@@', 'g', 'im', 'Ma@@', 'i', 'seinen', 'j@@', 'ap@@', 'an@@', 'ischen', 'Am@@', 'ts@@', 'k@@', 'olle@@', 'gen', 'S@@', 'hin@@', 'z@@', 'o', 'A@@', 'be', 'in', 'T@@', 'ok@@', 'o', ',', 'um', 'wirtschaf@@', 'tliche', 'und', 'sicher@@', 'heits@@', 'politische', 'Be@@', 'zieh@@', 'ungen', 'zu', 'bes@@', 'pre@@', 'chen', '.']
2025-05-03 11:52:03,383 - DEBUG - joeynmt.training - 	Tokenized reference:  ['Indi@@', 'a', '&apos;s', 'new', 'pri@@', 'me', 'minist@@', 'er', ',', 'N@@', 'ar@@', 'end@@', 'ra', 'Mo@@', 'd@@', 'i', ',', 'is', 'me@@', 'eting', 'his', 'J@@', 'ap@@', 'an@@', 'ese', 'coun@@', 'ter@@', 'part', ',', 'S@@', 'hin@@', 'z@@', 'o', 'A@@', 'be', ',', 'in', 'T@@', 'ok@@', 'y@@', 'o', 'to', 'disc@@', 'uss', 'economic', 'and', 'security', 'ties', ',', 'on', 'his', 'first', 'major', 'fore@@', 'ign', 'visi@@', 't', 'since', 'w@@', 'inn@@', 'ing', 'Ma@@', 'y', '&apos;s', 'elec@@', 'tion', '.']
2025-05-03 11:52:03,383 - DEBUG - joeynmt.training - 	Tokenized hypothesis: ['the', 're@@', 're@@', 'staurant', 'is', 'a', 'p@@', 'age', 'of', 'the', 'S@@', 'S@@', 'S@@', 'S@@', 'S@@', 'S@@', 'S@@', 'S@@', 'S@@', 'S@@', 'S@@', 'S@@', 'S@@', 'S@@', 'ec@@', 'ec@@', 'ec@@', 'ec@@', 'ec@@', 'ec@@', 'ec@@', 'ec@@', 'ec@@', 'ec@@', 'e', ',', 'the', 're@@', 're@@', 're@@', 're@@', 're@@', 're@@', 're@@', 're@@', 're@@', 're@@', 're@@', 're@@', 're@@', 're@@', 're@@', 're@@', 're@@', 're@@', 're@@', 're@@', 're@@', 're@@', 're@@', 're@@', 're@@', 're@@', 're@@', 're@@', 're@@', 're@@', 're@@', 're@@', 're@@', 're@@', 're@@', 're@@', 're@@', 're@@', 're@@', 're@@', 're@@', 're@@', 're@@', 're@@', 're@@', 're@@', 're@@', 're@@', 're@@', 're@@', 're@@', 're@@', 're@@', 're@@', 're@@', 're@@', 're@@', 're@@', 're@@', 're@@', 're@@', 're@@', 're@@', 're@@', 're@@', 're@@', 're@@', 're@@', 're@@', 're@@', 're@@', 're@@', 're@@', 're@@', 're@@', 're@@', 're@@', 're@@', 're@@', 're@@', 're@@', 're@@', 're@@', 're@@', 're@@', 're@@', 're@@', 're@@', 're@@', 're@@', 're@@', 're@@', 're@@', 're@@', 're@@', 're@@', 're@@', 're@@', 'ments', 'ments', 'ments']
2025-05-03 11:52:03,383 - INFO - joeynmt.training - 	Source:     Indiens neuer Premierminister Narendra Modi trifft bei seinem ersten wichtigen Auslandsbesuch seit seinem Wahlsieg im Mai seinen japanischen Amtskollegen Shinzo Abe in Toko , um wirtschaftliche und sicherheitspolitische Beziehungen zu besprechen .
2025-05-03 11:52:03,383 - INFO - joeynmt.training - 	Reference:  India &apos;s new prime minister , Narendra Modi , is meeting his Japanese counterpart , Shinzo Abe , in Tokyo to discuss economic and security ties , on his first major foreign visit since winning May &apos;s election .
2025-05-03 11:52:03,383 - INFO - joeynmt.training - 	Hypothesis: the rerestaurant is a page of the SSSSSSSSSSSSSSecececececececececece , the rerererererererererererererererererererererererererererererererererererererererererererererererererererererererererererererererererererererererererererererererererererererererererererererererererements ments ments
2025-05-03 11:52:03,383 - INFO - joeynmt.training - Example #2
2025-05-03 11:52:03,384 - DEBUG - joeynmt.training - 	Tokenized source:     ['Herr', 'Mo@@', 'd@@', 'i', 'befindet', 'sich', 'auf', 'einer', 'fü@@', 'n@@', 'f@@', 'tä@@', 'gi@@', 'gen', 'Rei@@', 'se', 'nach', 'J@@', 'ap@@', 'an', ',', 'um', 'die', 'wirtschaf@@', 'tlichen', 'Be@@', 'zieh@@', 'ungen', 'mit', 'der', 'd@@', 'rit@@', 't@@', 'größ@@', 'ten', 'Wirtschafts@@', 'n@@', 'ation', 'der', 'Welt', 'zu', 'fes@@', 'tigen', '.']
2025-05-03 11:52:03,384 - DEBUG - joeynmt.training - 	Tokenized reference:  ['Mr', 'Mo@@', 'd@@', 'i', 'is', 'on', 'a', 'fi@@', 've', '@@@', '-@@', '@', 'day', 'tri@@', 'p', 'to', 'J@@', 'ap@@', 'an', 'to', 'streng@@', 'then', 'economic', 'ties', 'with', 'the', 'third', 'lar@@', 'ges@@', 't', 'econom@@', 'y', 'in', 'the', 'world', '.']
2025-05-03 11:52:03,384 - DEBUG - joeynmt.training - 	Tokenized hypothesis: ['Mr', 'President', ',', 'Mr', 'President', ',', 'the', 'Commission', ',', 'the', 'Commission', 'has', 'been', 'been', 'been', 'been', 'been', 'been', 'been', 'been', 'been', 'been', 'been', 'been', 'been', 'been', 'been', 'been', 'been', 'been', 'been', 'been', 'been', 'been', 'been', 'been', 'been', 'been', 'been', 'been', 'been', 'been', 'been', 'been', 'been', 'been', 'been', 'been', 'been', 'been', 'been', 'been', 'been', 'been', 'been', 'been', 'been', 'been', 'been', 'been', 'been', 'been', 'been', 'been', 'been', 'been', 'been', 'been', 'been', 'been', 'been', 'been', 'been', 'been', 'been', 'been', 'been', 'been', 'been', 'been', 'been', 'been', 'been', 'been', 'been', 'been', 'been', 'been', 'been', 'been', 'been', 'been', 'been', 'been', 'been', 'been', 'been', 'been', 'been', 'been', 'been', 'been', 'been', 'been', 'been', 'been', 'been', 'been', 'been', 'been', 'been', 'been', 'been', 'been', 'been', 'been', 'been', 'been', 'been', 'been', 'been', 'been', 'been', 'been', 'been', 'been', 'been', 'been', 'been', 'been', 'been', 'been', 'been', 'been', 'been', 'been', 'been', 'been']
2025-05-03 11:52:03,384 - INFO - joeynmt.training - 	Source:     Herr Modi befindet sich auf einer fünftägigen Reise nach Japan , um die wirtschaftlichen Beziehungen mit der drittgrößten Wirtschaftsnation der Welt zu festigen .
2025-05-03 11:52:03,384 - INFO - joeynmt.training - 	Reference:  Mr Modi is on a five @-@ day trip to Japan to strengthen economic ties with the third largest economy in the world .
2025-05-03 11:52:03,384 - INFO - joeynmt.training - 	Hypothesis: Mr President , Mr President , the Commission , the Commission has been been been been been been been been been been been been been been been been been been been been been been been been been been been been been been been been been been been been been been been been been been been been been been been been been been been been been been been been been been been been been been been been been been been been been been been been been been been been been been been been been been been been been been been been been been been been been been been been been been been been been been been been been been been been been been been been been been been been been been been been been been been been been been
2025-05-03 11:52:03,384 - INFO - joeynmt.training - Example #3
2025-05-03 11:52:03,384 - DEBUG - joeynmt.training - 	Tokenized source:     ['P@@', 'län@@', 'e', 'für', 'eine', 'stärk@@', 'ere', 'k@@', 'ern@@', 'techn@@', 'ische', 'Zusammenarbeit', 'stehen', 'ganz', 'ob@@', 'en', 'auf', 'der', 'Tag@@', 'es@@', 'ordnung', '.']
2025-05-03 11:52:03,384 - DEBUG - joeynmt.training - 	Tokenized reference:  ['high', 'on', 'the', 'agen@@', 'da', 'are', 'pl@@', 'ans', 'for', 'gre@@', 'ater', 'nu@@', 'clear', 'c@@', 'o', '@@@', '-@@', '@', 'operation', '.']
2025-05-03 11:52:03,384 - DEBUG - joeynmt.training - 	Tokenized hypothesis: ['-LRB-', 'P@@', 'P@@', 'ec@@', 'ec@@', 'e', 'is', 'a', 'is', 'a', 'few', 'm@@', 'embers', 'of', 'the', 'European', 'Union', '.', '</s>']
2025-05-03 11:52:03,384 - INFO - joeynmt.training - 	Source:     Pläne für eine stärkere kerntechnische Zusammenarbeit stehen ganz oben auf der Tagesordnung .
2025-05-03 11:52:03,384 - INFO - joeynmt.training - 	Reference:  high on the agenda are plans for greater nuclear co @-@ operation .
2025-05-03 11:52:03,385 - INFO - joeynmt.training - 	Hypothesis: -LRB- PPecece is a is a few members of the European Union .
2025-05-03 11:52:03,385 - INFO - joeynmt.training - Example #4
2025-05-03 11:52:03,385 - DEBUG - joeynmt.training - 	Tokenized source:     ['Berich@@', 'ten', 'zu@@', 'fol@@', 'ge', 'ho@@', 'fft', 'Indi@@', 'en', 'darüber', 'hinaus', 'auf', 'einen', 'Ver@@', 'trag', 'zur', 'Ver@@', 'tei@@', 'dig@@', 'ungs@@', 'zusammen@@', 'arbeit', 'zwischen', 'den', 'beiden', 'N@@', 'ationen', '.']
2025-05-03 11:52:03,385 - DEBUG - joeynmt.training - 	Tokenized reference:  ['Indi@@', 'a', 'is', 'also', 're@@', 'porte@@', 'dly', 'hop@@', 'ing', 'for', 'a', 'de@@', 'al', 'on', 'def@@', 'ence', 'c@@', 'oll@@', 'ab@@', 'or@@', 'ation', 'between', 'the', 'two', 'n@@', 'ations', '.']
2025-05-03 11:52:03,385 - DEBUG - joeynmt.training - 	Tokenized hypothesis: ['the', 're@@', 're@@', 'staurant', 'is', 'a', 'few', 'm@@', 'embers', 'of', 'the', 're@@', 're@@', 're@@', 're@@', 're@@', 're@@', 're@@', 're@@', 're@@', 're@@', 're@@', 're@@', 're@@', 're@@', 're@@', 're@@', 're@@', 're@@', 're@@', 're@@', 're@@', 're@@', 're@@', 're@@', 're@@', 're@@', 're@@', 're@@', 're@@', 're@@', 're@@', 're@@', 're@@', 're@@', 're@@', 're@@', 're@@', 're@@', 're@@', 're@@', 're@@', 're@@', 're@@', 're@@', 're@@', 're@@', 're@@', 're@@', 're@@', 're@@', 're@@', 're@@', 're@@', 're@@', 're@@', 're@@', 're@@', 're@@', 're@@', 're@@', 're@@', 're@@', 're@@', 're@@', 're@@', 'ments', '.', '</s>']
2025-05-03 11:52:03,385 - INFO - joeynmt.training - 	Source:     Berichten zufolge hofft Indien darüber hinaus auf einen Vertrag zur Verteidigungszusammenarbeit zwischen den beiden Nationen .
2025-05-03 11:52:03,385 - INFO - joeynmt.training - 	Reference:  India is also reportedly hoping for a deal on defence collaboration between the two nations .
2025-05-03 11:52:03,385 - INFO - joeynmt.training - 	Hypothesis: the rerestaurant is a few members of the rererererererererererererererererererererererererererererererererererererererererererererererererererererererererererererererererements .
2025-05-03 11:52:08,929 - INFO - joeynmt.training - Epoch   1, Step:     1100, Batch Loss:     3.197439, Batch Acc: 0.204207, Tokens per Sec:    16316, Lr: 0.000300
2025-05-03 11:52:14,454 - INFO - joeynmt.training - Epoch   1, Step:     1200, Batch Loss:     3.089336, Batch Acc: 0.210671, Tokens per Sec:    16766, Lr: 0.000300
2025-05-03 11:52:19,979 - INFO - joeynmt.training - Epoch   1, Step:     1300, Batch Loss:     3.031393, Batch Acc: 0.215183, Tokens per Sec:    16652, Lr: 0.000300
2025-05-03 11:52:25,558 - INFO - joeynmt.training - Epoch   1, Step:     1400, Batch Loss:     2.975843, Batch Acc: 0.221403, Tokens per Sec:    16405, Lr: 0.000300
2025-05-03 11:52:31,071 - INFO - joeynmt.training - Epoch   1, Step:     1500, Batch Loss:     2.963676, Batch Acc: 0.230327, Tokens per Sec:    16500, Lr: 0.000300
2025-05-03 11:52:31,072 - INFO - joeynmt.prediction - Predicting 500 example(s)... (Greedy decoding with min_output_length=1, max_output_length=-1, return_prob='none', generate_unk=True, repetition_penalty=-1, no_repeat_ngram_size=-1)
2025-05-03 11:52:39,552 - INFO - joeynmt.prediction - Evaluation result (greedy) loss:   3.27, ppl:  26.40, acc:   0.18, generation: 8.4729[sec], evaluation: 0.0000[sec]
2025-05-03 11:52:39,552 - INFO - joeynmt.training - Hooray! New best validation result [ppl]!
2025-05-03 11:52:39,634 - INFO - joeynmt.training - Example #0
2025-05-03 11:52:39,634 - DEBUG - joeynmt.training - 	Tokenized source:     ['die', 'Pre@@', 'mi@@', 'er@@', 'minist@@', 'er', 'Indi@@', 'ens', 'und', 'J@@', 'ap@@', 'ans', 'tra@@', 'fen', 'sich', 'in', 'T@@', 'ok@@', 'i@@', 'o', '.']
2025-05-03 11:52:39,634 - DEBUG - joeynmt.training - 	Tokenized reference:  ['Indi@@', 'a', 'and', 'J@@', 'ap@@', 'an', 'pri@@', 'me', 'minist@@', 'ers', 'me@@', 'et', 'in', 'T@@', 'ok@@', 'y@@', 'o']
2025-05-03 11:52:39,634 - DEBUG - joeynmt.training - 	Tokenized hypothesis: ['the', 'hotel', 'is', 'a', 'very', 'very', 'very', 'very', 'and', 'the', 're@@', 'la@@', 'x@@', 'ing', 'of', 'the', 'p@@', 'at@@', 'ors', '.', '</s>']
2025-05-03 11:52:39,634 - INFO - joeynmt.training - 	Source:     die Premierminister Indiens und Japans trafen sich in Tokio .
2025-05-03 11:52:39,634 - INFO - joeynmt.training - 	Reference:  India and Japan prime ministers meet in Tokyo
2025-05-03 11:52:39,634 - INFO - joeynmt.training - 	Hypothesis: the hotel is a very very very very and the relaxing of the pators .
2025-05-03 11:52:39,634 - INFO - joeynmt.training - Example #1
2025-05-03 11:52:39,634 - DEBUG - joeynmt.training - 	Tokenized source:     ['Indi@@', 'ens', 'neu@@', 'er', 'Pre@@', 'mi@@', 'er@@', 'minist@@', 'er', 'N@@', 'ar@@', 'end@@', 'ra', 'Mo@@', 'd@@', 'i', 'tri@@', 'fft', 'bei', 's@@', 'einem', 'ersten', 'wichti@@', 'gen', 'Aus@@', 'land@@', 's@@', 'bes@@', 'u@@', 'ch', 'seit', 's@@', 'einem', 'W@@', 'ah@@', 'l@@', 'si@@', 'e@@', 'g', 'im', 'Ma@@', 'i', 'seinen', 'j@@', 'ap@@', 'an@@', 'ischen', 'Am@@', 'ts@@', 'k@@', 'olle@@', 'gen', 'S@@', 'hin@@', 'z@@', 'o', 'A@@', 'be', 'in', 'T@@', 'ok@@', 'o', ',', 'um', 'wirtschaf@@', 'tliche', 'und', 'sicher@@', 'heits@@', 'politische', 'Be@@', 'zieh@@', 'ungen', 'zu', 'bes@@', 'pre@@', 'chen', '.']
2025-05-03 11:52:39,634 - DEBUG - joeynmt.training - 	Tokenized reference:  ['Indi@@', 'a', '&apos;s', 'new', 'pri@@', 'me', 'minist@@', 'er', ',', 'N@@', 'ar@@', 'end@@', 'ra', 'Mo@@', 'd@@', 'i', ',', 'is', 'me@@', 'eting', 'his', 'J@@', 'ap@@', 'an@@', 'ese', 'coun@@', 'ter@@', 'part', ',', 'S@@', 'hin@@', 'z@@', 'o', 'A@@', 'be', ',', 'in', 'T@@', 'ok@@', 'y@@', 'o', 'to', 'disc@@', 'uss', 'economic', 'and', 'security', 'ties', ',', 'on', 'his', 'first', 'major', 'fore@@', 'ign', 'visi@@', 't', 'since', 'w@@', 'inn@@', 'ing', 'Ma@@', 'y', '&apos;s', 'elec@@', 'tion', '.']
2025-05-03 11:52:39,634 - DEBUG - joeynmt.training - 	Tokenized hypothesis: ['the', 'hotel', 'is', 'a', 'very', 'very', 'very', 'very', 'very', 'very', 'very', 'very', 'very', 'very', 'very', 'of', 'the', 're@@', 'la@@', 'x@@', 'ed', 'in', 'the', 'p@@', 'at@@', 'ors', 'of', 'the', 'p@@', 'at@@', 'at@@', 'ors', 'of', 'the', 'p@@', 'at@@', 'ors', 'of', 'the', 'C@@', 'an@@', 'an@@', 'an@@', 'a', ',', 'and', 'the', 'most', 'important', 'of', 'the', 'same', 'time', ',', 'and', 'the', 'same', 'time', '.', '</s>']
2025-05-03 11:52:39,635 - INFO - joeynmt.training - 	Source:     Indiens neuer Premierminister Narendra Modi trifft bei seinem ersten wichtigen Auslandsbesuch seit seinem Wahlsieg im Mai seinen japanischen Amtskollegen Shinzo Abe in Toko , um wirtschaftliche und sicherheitspolitische Beziehungen zu besprechen .
2025-05-03 11:52:39,635 - INFO - joeynmt.training - 	Reference:  India &apos;s new prime minister , Narendra Modi , is meeting his Japanese counterpart , Shinzo Abe , in Tokyo to discuss economic and security ties , on his first major foreign visit since winning May &apos;s election .
2025-05-03 11:52:39,635 - INFO - joeynmt.training - 	Hypothesis: the hotel is a very very very very very very very very very very very of the relaxed in the pators of the patators of the pators of the Cananana , and the most important of the same time , and the same time .
2025-05-03 11:52:39,635 - INFO - joeynmt.training - Example #2
2025-05-03 11:52:39,635 - DEBUG - joeynmt.training - 	Tokenized source:     ['Herr', 'Mo@@', 'd@@', 'i', 'befindet', 'sich', 'auf', 'einer', 'fü@@', 'n@@', 'f@@', 'tä@@', 'gi@@', 'gen', 'Rei@@', 'se', 'nach', 'J@@', 'ap@@', 'an', ',', 'um', 'die', 'wirtschaf@@', 'tlichen', 'Be@@', 'zieh@@', 'ungen', 'mit', 'der', 'd@@', 'rit@@', 't@@', 'größ@@', 'ten', 'Wirtschafts@@', 'n@@', 'ation', 'der', 'Welt', 'zu', 'fes@@', 'tigen', '.']
2025-05-03 11:52:39,635 - DEBUG - joeynmt.training - 	Tokenized reference:  ['Mr', 'Mo@@', 'd@@', 'i', 'is', 'on', 'a', 'fi@@', 've', '@@@', '-@@', '@', 'day', 'tri@@', 'p', 'to', 'J@@', 'ap@@', 'an', 'to', 'streng@@', 'then', 'economic', 'ties', 'with', 'the', 'third', 'lar@@', 'ges@@', 't', 'econom@@', 'y', 'in', 'the', 'world', '.']
2025-05-03 11:52:39,635 - DEBUG - joeynmt.training - 	Tokenized hypothesis: ['Mr', 'President', ',', 'the', 'Commission', ',', 'the', 'Commission', 'is', 'a', 'very', 'very', 'very', 'very', 'very', 'important', ',', 'and', 'the', 'Council', ',', 'but', 'the', 'EU', ',', 'and', 'the', 'Member', 'States', '.', '</s>']
2025-05-03 11:52:39,635 - INFO - joeynmt.training - 	Source:     Herr Modi befindet sich auf einer fünftägigen Reise nach Japan , um die wirtschaftlichen Beziehungen mit der drittgrößten Wirtschaftsnation der Welt zu festigen .
2025-05-03 11:52:39,635 - INFO - joeynmt.training - 	Reference:  Mr Modi is on a five @-@ day trip to Japan to strengthen economic ties with the third largest economy in the world .
2025-05-03 11:52:39,635 - INFO - joeynmt.training - 	Hypothesis: Mr President , the Commission , the Commission is a very very very very very important , and the Council , but the EU , and the Member States .
2025-05-03 11:52:39,635 - INFO - joeynmt.training - Example #3
2025-05-03 11:52:39,635 - DEBUG - joeynmt.training - 	Tokenized source:     ['P@@', 'län@@', 'e', 'für', 'eine', 'stärk@@', 'ere', 'k@@', 'ern@@', 'techn@@', 'ische', 'Zusammenarbeit', 'stehen', 'ganz', 'ob@@', 'en', 'auf', 'der', 'Tag@@', 'es@@', 'ordnung', '.']
2025-05-03 11:52:39,636 - DEBUG - joeynmt.training - 	Tokenized reference:  ['high', 'on', 'the', 'agen@@', 'da', 'are', 'pl@@', 'ans', 'for', 'gre@@', 'ater', 'nu@@', 'clear', 'c@@', 'o', '@@@', '-@@', '@', 'operation', '.']
2025-05-03 11:52:39,636 - DEBUG - joeynmt.training - 	Tokenized hypothesis: ['the', 'same', 'time', ',', 'the', 're@@', 're@@', 're@@', 're@@', 're@@', 'ly', 'to', 'the', 'EU', 'of', 'the', 'Member', 'States', '.', '</s>']
2025-05-03 11:52:39,636 - INFO - joeynmt.training - 	Source:     Pläne für eine stärkere kerntechnische Zusammenarbeit stehen ganz oben auf der Tagesordnung .
2025-05-03 11:52:39,636 - INFO - joeynmt.training - 	Reference:  high on the agenda are plans for greater nuclear co @-@ operation .
2025-05-03 11:52:39,636 - INFO - joeynmt.training - 	Hypothesis: the same time , the rererererely to the EU of the Member States .
2025-05-03 11:52:39,636 - INFO - joeynmt.training - Example #4
2025-05-03 11:52:39,636 - DEBUG - joeynmt.training - 	Tokenized source:     ['Berich@@', 'ten', 'zu@@', 'fol@@', 'ge', 'ho@@', 'fft', 'Indi@@', 'en', 'darüber', 'hinaus', 'auf', 'einen', 'Ver@@', 'trag', 'zur', 'Ver@@', 'tei@@', 'dig@@', 'ungs@@', 'zusammen@@', 'arbeit', 'zwischen', 'den', 'beiden', 'N@@', 'ationen', '.']
2025-05-03 11:52:39,636 - DEBUG - joeynmt.training - 	Tokenized reference:  ['Indi@@', 'a', 'is', 'also', 're@@', 'porte@@', 'dly', 'hop@@', 'ing', 'for', 'a', 'de@@', 'al', 'on', 'def@@', 'ence', 'c@@', 'oll@@', 'ab@@', 'or@@', 'ation', 'between', 'the', 'two', 'n@@', 'ations', '.']
2025-05-03 11:52:39,636 - DEBUG - joeynmt.training - 	Tokenized hypothesis: ['the', 'same', 'time', ',', 'the', 're@@', 're@@', 're@@', 're@@', 're@@', 'lev@@', 'ant', 'to', 'be', 'able', 'to', 'the', 're@@', 'la@@', 'in', 'the', 'same', 'time', '.', '</s>']
2025-05-03 11:52:39,636 - INFO - joeynmt.training - 	Source:     Berichten zufolge hofft Indien darüber hinaus auf einen Vertrag zur Verteidigungszusammenarbeit zwischen den beiden Nationen .
2025-05-03 11:52:39,636 - INFO - joeynmt.training - 	Reference:  India is also reportedly hoping for a deal on defence collaboration between the two nations .
2025-05-03 11:52:39,636 - INFO - joeynmt.training - 	Hypothesis: the same time , the rererererelevant to be able to the relain the same time .
2025-05-03 11:52:45,230 - INFO - joeynmt.training - Epoch   1, Step:     1600, Batch Loss:     2.965199, Batch Acc: 0.235740, Tokens per Sec:    16438, Lr: 0.000300
2025-05-03 11:52:50,835 - INFO - joeynmt.training - Epoch   1, Step:     1700, Batch Loss:     2.879088, Batch Acc: 0.240844, Tokens per Sec:    16237, Lr: 0.000300
2025-05-03 11:52:56,487 - INFO - joeynmt.training - Epoch   1, Step:     1800, Batch Loss:     2.907624, Batch Acc: 0.243332, Tokens per Sec:    16218, Lr: 0.000300
2025-05-03 11:53:02,181 - INFO - joeynmt.training - Epoch   1, Step:     1900, Batch Loss:     2.848661, Batch Acc: 0.251642, Tokens per Sec:    16150, Lr: 0.000300
2025-05-03 11:53:07,824 - INFO - joeynmt.training - Epoch   1, Step:     2000, Batch Loss:     2.779513, Batch Acc: 0.255501, Tokens per Sec:    16205, Lr: 0.000300
2025-05-03 11:53:07,824 - INFO - joeynmt.prediction - Predicting 500 example(s)... (Greedy decoding with min_output_length=1, max_output_length=-1, return_prob='none', generate_unk=True, repetition_penalty=-1, no_repeat_ngram_size=-1)
2025-05-03 11:53:16,390 - INFO - joeynmt.prediction - Evaluation result (greedy) loss:   3.16, ppl:  23.60, acc:   0.20, generation: 8.5585[sec], evaluation: 0.0000[sec]
2025-05-03 11:53:16,391 - INFO - joeynmt.training - Hooray! New best validation result [ppl]!
2025-05-03 11:53:16,470 - INFO - joeynmt.training - Example #0
2025-05-03 11:53:16,471 - DEBUG - joeynmt.training - 	Tokenized source:     ['die', 'Pre@@', 'mi@@', 'er@@', 'minist@@', 'er', 'Indi@@', 'ens', 'und', 'J@@', 'ap@@', 'ans', 'tra@@', 'fen', 'sich', 'in', 'T@@', 'ok@@', 'i@@', 'o', '.']
2025-05-03 11:53:16,471 - DEBUG - joeynmt.training - 	Tokenized reference:  ['Indi@@', 'a', 'and', 'J@@', 'ap@@', 'an', 'pri@@', 'me', 'minist@@', 'ers', 'me@@', 'et', 'in', 'T@@', 'ok@@', 'y@@', 'o']
2025-05-03 11:53:16,471 - DEBUG - joeynmt.training - 	Tokenized hypothesis: ['the', 's@@', 'wi@@', 't@@', 'ter', 'of', 'the', 's@@', 'ou@@', 'th@@', 'th@@', 'th@@', 'y', 'and', 'the', 's@@', 'li@@', 'li@@', 'k@@', 'k@@', 'k@@', 'k@@', 'k@@', 'k@@', 'k@@', 'k@@', 'k@@', 'k@@', 'k@@', 'k@@', 'k@@', 'k@@', 'k@@', 'k@@', 'k@@', 'k@@', 'k@@', 'k@@', 'k@@', 'k@@', 'k@@', 'k@@', 'k@@', 'k@@', 'k@@', 'k@@', 'k@@', 'k@@', 'k@@', 'k@@', 'k@@', 'k@@', 'k@@', 'k@@', 'k@@', 'k@@', 'k@@', 'k@@', 'k@@', 'k@@', 'k@@', 'k@@', 'k@@', 'k@@', 'k@@', 'k@@', 'k@@', 'k@@', 'k@@', 'k@@', 'k@@', 'k@@', 'k@@', 'k@@', 'k@@', 'k@@', 'k@@', 'k@@', 'k@@', 'k@@', 'k@@', 'k@@', 'k@@', 'k@@', 'k@@', 'k@@', 'k@@', 'k@@', 'k@@', 'k@@', 'k@@', 'k@@', 'k@@', 'k@@', 'k@@', 'k@@', 'k@@', 'k@@', 'k@@', 'k@@', 'k@@', 'k@@', 'i', '.', '</s>']
2025-05-03 11:53:16,471 - INFO - joeynmt.training - 	Source:     die Premierminister Indiens und Japans trafen sich in Tokio .
2025-05-03 11:53:16,471 - INFO - joeynmt.training - 	Reference:  India and Japan prime ministers meet in Tokyo
2025-05-03 11:53:16,471 - INFO - joeynmt.training - 	Hypothesis: the switter of the southththy and the slilikkkkkkkkkkkkkkkkkkkkkkkkkkkkkkkkkkkkkkkkkkkkkkkkkkkkkkkkkkkkkkkkkkkkkkkkkkkkkkkkkkkki .
2025-05-03 11:53:16,471 - INFO - joeynmt.training - Example #1
2025-05-03 11:53:16,471 - DEBUG - joeynmt.training - 	Tokenized source:     ['Indi@@', 'ens', 'neu@@', 'er', 'Pre@@', 'mi@@', 'er@@', 'minist@@', 'er', 'N@@', 'ar@@', 'end@@', 'ra', 'Mo@@', 'd@@', 'i', 'tri@@', 'fft', 'bei', 's@@', 'einem', 'ersten', 'wichti@@', 'gen', 'Aus@@', 'land@@', 's@@', 'bes@@', 'u@@', 'ch', 'seit', 's@@', 'einem', 'W@@', 'ah@@', 'l@@', 'si@@', 'e@@', 'g', 'im', 'Ma@@', 'i', 'seinen', 'j@@', 'ap@@', 'an@@', 'ischen', 'Am@@', 'ts@@', 'k@@', 'olle@@', 'gen', 'S@@', 'hin@@', 'z@@', 'o', 'A@@', 'be', 'in', 'T@@', 'ok@@', 'o', ',', 'um', 'wirtschaf@@', 'tliche', 'und', 'sicher@@', 'heits@@', 'politische', 'Be@@', 'zieh@@', 'ungen', 'zu', 'bes@@', 'pre@@', 'chen', '.']
2025-05-03 11:53:16,471 - DEBUG - joeynmt.training - 	Tokenized reference:  ['Indi@@', 'a', '&apos;s', 'new', 'pri@@', 'me', 'minist@@', 'er', ',', 'N@@', 'ar@@', 'end@@', 'ra', 'Mo@@', 'd@@', 'i', ',', 'is', 'me@@', 'eting', 'his', 'J@@', 'ap@@', 'an@@', 'ese', 'coun@@', 'ter@@', 'part', ',', 'S@@', 'hin@@', 'z@@', 'o', 'A@@', 'be', ',', 'in', 'T@@', 'ok@@', 'y@@', 'o', 'to', 'disc@@', 'uss', 'economic', 'and', 'security', 'ties', ',', 'on', 'his', 'first', 'major', 'fore@@', 'ign', 'visi@@', 't', 'since', 'w@@', 'inn@@', 'ing', 'Ma@@', 'y', '&apos;s', 'elec@@', 'tion', '.']
2025-05-03 11:53:16,471 - DEBUG - joeynmt.training - 	Tokenized hypothesis: ['the', 'first', 'of', 'the', 'C@@', 'a@@', 'a@@', 'in', 'the', 'C@@', 'a@@', 'a@@', 'a@@', 'a@@', 'in', 'the', 'first', 'of', 'the', 'first', 'of', 'the', 'first', 'of', 'the', 'first', 'of', 'the', 'first', 'in', 'the', 'first', 'of', 'the', 'C@@', 'a@@', 'a@@', 'a@@', 'in', 'the', 'C@@', 'a@@', 'a@@', 'a@@', 'in', 'the', 'C@@', 'a@@', 'a@@', 'a@@', 'a@@', 'in', 'the', 'most', 'important', 'of', 'the', 'C@@', 'a@@', 'a@@', 'a@@', 'a@@', 'in', 'the', 'C@@', 'a@@', 'a@@', 'a@@', 'a@@', 'in', 'the', 'C@@', 'a@@', 'a@@', 'a@@', 'a@@', 'a@@', 'a@@', 'in', 'the', 'C@@', 'or@@', 'e', 'of', 'the', 'C@@', 'a@@', 'a@@', 'a@@', 'in', 'the', 'C@@', 'an@@', 'an@@', 'an@@', 'an@@', 'an@@', 'an@@', 'an@@', 'an@@', 'an@@', 'an@@', 'an@@', 'an@@', 'an@@', 'an@@', 'an@@', 'an@@', 'an@@', 'a', '.', '</s>']
2025-05-03 11:53:16,472 - INFO - joeynmt.training - 	Source:     Indiens neuer Premierminister Narendra Modi trifft bei seinem ersten wichtigen Auslandsbesuch seit seinem Wahlsieg im Mai seinen japanischen Amtskollegen Shinzo Abe in Toko , um wirtschaftliche und sicherheitspolitische Beziehungen zu besprechen .
2025-05-03 11:53:16,472 - INFO - joeynmt.training - 	Reference:  India &apos;s new prime minister , Narendra Modi , is meeting his Japanese counterpart , Shinzo Abe , in Tokyo to discuss economic and security ties , on his first major foreign visit since winning May &apos;s election .
2025-05-03 11:53:16,472 - INFO - joeynmt.training - 	Hypothesis: the first of the Caain the Caaaain the first of the first of the first of the first of the first in the first of the Caaain the Caaain the Caaaain the most important of the Caaaain the Caaaain the Caaaaaain the Core of the Caaain the Cananananananananananananananananana .
2025-05-03 11:53:16,472 - INFO - joeynmt.training - Example #2
2025-05-03 11:53:16,472 - DEBUG - joeynmt.training - 	Tokenized source:     ['Herr', 'Mo@@', 'd@@', 'i', 'befindet', 'sich', 'auf', 'einer', 'fü@@', 'n@@', 'f@@', 'tä@@', 'gi@@', 'gen', 'Rei@@', 'se', 'nach', 'J@@', 'ap@@', 'an', ',', 'um', 'die', 'wirtschaf@@', 'tlichen', 'Be@@', 'zieh@@', 'ungen', 'mit', 'der', 'd@@', 'rit@@', 't@@', 'größ@@', 'ten', 'Wirtschafts@@', 'n@@', 'ation', 'der', 'Welt', 'zu', 'fes@@', 'tigen', '.']
2025-05-03 11:53:16,472 - DEBUG - joeynmt.training - 	Tokenized reference:  ['Mr', 'Mo@@', 'd@@', 'i', 'is', 'on', 'a', 'fi@@', 've', '@@@', '-@@', '@', 'day', 'tri@@', 'p', 'to', 'J@@', 'ap@@', 'an', 'to', 'streng@@', 'then', 'economic', 'ties', 'with', 'the', 'third', 'lar@@', 'ges@@', 't', 'econom@@', 'y', 'in', 'the', 'world', '.']
2025-05-03 11:53:16,472 - DEBUG - joeynmt.training - 	Tokenized hypothesis: ['Mr', 'President', ',', 'the', 're@@', 'stri@@', 'ct', 'of', 'the', 're@@', 'stri@@', 'ct', 'of', 'the', 're@@', 'stri@@', 'ct', 'of', 'the', 'EU', '&apos;s', 'pro@@', 'per@@', 'ty', 'of', 'the', 'EU', '&apos;s', 'pro@@', 'mo@@', 'tion', 'of', 'the', 'EU', '&apos;s', 'pro@@', 'mo@@', 'tion', 'of', 'the', 'EU', '.', '</s>']
2025-05-03 11:53:16,472 - INFO - joeynmt.training - 	Source:     Herr Modi befindet sich auf einer fünftägigen Reise nach Japan , um die wirtschaftlichen Beziehungen mit der drittgrößten Wirtschaftsnation der Welt zu festigen .
2025-05-03 11:53:16,472 - INFO - joeynmt.training - 	Reference:  Mr Modi is on a five @-@ day trip to Japan to strengthen economic ties with the third largest economy in the world .
2025-05-03 11:53:16,472 - INFO - joeynmt.training - 	Hypothesis: Mr President , the restrict of the restrict of the restrict of the EU &apos;s property of the EU &apos;s promotion of the EU &apos;s promotion of the EU .
2025-05-03 11:53:16,472 - INFO - joeynmt.training - Example #3
2025-05-03 11:53:16,472 - DEBUG - joeynmt.training - 	Tokenized source:     ['P@@', 'län@@', 'e', 'für', 'eine', 'stärk@@', 'ere', 'k@@', 'ern@@', 'techn@@', 'ische', 'Zusammenarbeit', 'stehen', 'ganz', 'ob@@', 'en', 'auf', 'der', 'Tag@@', 'es@@', 'ordnung', '.']
2025-05-03 11:53:16,472 - DEBUG - joeynmt.training - 	Tokenized reference:  ['high', 'on', 'the', 'agen@@', 'da', 'are', 'pl@@', 'ans', 'for', 'gre@@', 'ater', 'nu@@', 'clear', 'c@@', 'o', '@@@', '-@@', '@', 'operation', '.']
2025-05-03 11:53:16,472 - DEBUG - joeynmt.training - 	Tokenized hypothesis: ['the', 'new', 'new', 'new', 'new', 'Member', 'States', 'for', 'a', 'new', 'new', 'new', 'new', 'new', 'new', 'new', 'new', 'new', 'new', 'new', '.', '</s>']
2025-05-03 11:53:16,473 - INFO - joeynmt.training - 	Source:     Pläne für eine stärkere kerntechnische Zusammenarbeit stehen ganz oben auf der Tagesordnung .
2025-05-03 11:53:16,473 - INFO - joeynmt.training - 	Reference:  high on the agenda are plans for greater nuclear co @-@ operation .
2025-05-03 11:53:16,473 - INFO - joeynmt.training - 	Hypothesis: the new new new new Member States for a new new new new new new new new new new new .
2025-05-03 11:53:16,473 - INFO - joeynmt.training - Example #4
2025-05-03 11:53:16,473 - DEBUG - joeynmt.training - 	Tokenized source:     ['Berich@@', 'ten', 'zu@@', 'fol@@', 'ge', 'ho@@', 'fft', 'Indi@@', 'en', 'darüber', 'hinaus', 'auf', 'einen', 'Ver@@', 'trag', 'zur', 'Ver@@', 'tei@@', 'dig@@', 'ungs@@', 'zusammen@@', 'arbeit', 'zwischen', 'den', 'beiden', 'N@@', 'ationen', '.']
2025-05-03 11:53:16,473 - DEBUG - joeynmt.training - 	Tokenized reference:  ['Indi@@', 'a', 'is', 'also', 're@@', 'porte@@', 'dly', 'hop@@', 'ing', 'for', 'a', 'de@@', 'al', 'on', 'def@@', 'ence', 'c@@', 'oll@@', 'ab@@', 'or@@', 'ation', 'between', 'the', 'two', 'n@@', 'ations', '.']
2025-05-03 11:53:16,473 - DEBUG - joeynmt.training - 	Tokenized hypothesis: ['the', 're@@', 'mo@@', 'tion', 'of', 'the', 're@@', 'mo@@', 'tion', 'of', 'the', 're@@', 'fle@@', 'c@@', 'ted', 'by', 'the', 'new', 'new', 'new', 'new', 'new', 'new', 'new', 'new', 'new', 'new', 'new', 'new', 'new', 'new', 'new', '.', '</s>']
2025-05-03 11:53:16,473 - INFO - joeynmt.training - 	Source:     Berichten zufolge hofft Indien darüber hinaus auf einen Vertrag zur Verteidigungszusammenarbeit zwischen den beiden Nationen .
2025-05-03 11:53:16,473 - INFO - joeynmt.training - 	Reference:  India is also reportedly hoping for a deal on defence collaboration between the two nations .
2025-05-03 11:53:16,473 - INFO - joeynmt.training - 	Hypothesis: the remotion of the remotion of the reflected by the new new new new new new new new new new new new new new new .
2025-05-03 11:53:22,147 - INFO - joeynmt.training - Epoch   1, Step:     2100, Batch Loss:     2.731721, Batch Acc: 0.260661, Tokens per Sec:    15988, Lr: 0.000300
2025-05-03 11:53:27,936 - INFO - joeynmt.training - Epoch   1, Step:     2200, Batch Loss:     2.776280, Batch Acc: 0.261581, Tokens per Sec:    15782, Lr: 0.000300
2025-05-03 11:53:33,888 - INFO - joeynmt.training - Epoch   1, Step:     2300, Batch Loss:     2.976737, Batch Acc: 0.265217, Tokens per Sec:    15329, Lr: 0.000300
2025-05-03 11:53:39,681 - INFO - joeynmt.training - Epoch   1, Step:     2400, Batch Loss:     2.823787, Batch Acc: 0.276813, Tokens per Sec:    15496, Lr: 0.000300
2025-05-03 11:53:45,436 - INFO - joeynmt.training - Epoch   1, Step:     2500, Batch Loss:     2.801486, Batch Acc: 0.274118, Tokens per Sec:    15649, Lr: 0.000300
2025-05-03 11:53:45,436 - INFO - joeynmt.prediction - Predicting 500 example(s)... (Greedy decoding with min_output_length=1, max_output_length=-1, return_prob='none', generate_unk=True, repetition_penalty=-1, no_repeat_ngram_size=-1)
2025-05-03 11:53:54,744 - INFO - joeynmt.prediction - Evaluation result (greedy) loss:   3.08, ppl:  21.71, acc:   0.22, generation: 9.3002[sec], evaluation: 0.0000[sec]
2025-05-03 11:53:54,744 - INFO - joeynmt.training - Hooray! New best validation result [ppl]!
2025-05-03 11:53:54,829 - INFO - joeynmt.training - Example #0
2025-05-03 11:53:54,829 - DEBUG - joeynmt.training - 	Tokenized source:     ['die', 'Pre@@', 'mi@@', 'er@@', 'minist@@', 'er', 'Indi@@', 'ens', 'und', 'J@@', 'ap@@', 'ans', 'tra@@', 'fen', 'sich', 'in', 'T@@', 'ok@@', 'i@@', 'o', '.']
2025-05-03 11:53:54,829 - DEBUG - joeynmt.training - 	Tokenized reference:  ['Indi@@', 'a', 'and', 'J@@', 'ap@@', 'an', 'pri@@', 'me', 'minist@@', 'ers', 'me@@', 'et', 'in', 'T@@', 'ok@@', 'y@@', 'o']
2025-05-03 11:53:54,829 - DEBUG - joeynmt.training - 	Tokenized hypothesis: ['the', 'S@@', 'wi@@', 'tz@@', 'er@@', 'land', ',', 'the', 'C@@', 'our@@', 't', 'of', 'the', 'S@@', 'outh', '.', '</s>']
2025-05-03 11:53:54,829 - INFO - joeynmt.training - 	Source:     die Premierminister Indiens und Japans trafen sich in Tokio .
2025-05-03 11:53:54,830 - INFO - joeynmt.training - 	Reference:  India and Japan prime ministers meet in Tokyo
2025-05-03 11:53:54,830 - INFO - joeynmt.training - 	Hypothesis: the Switzerland , the Court of the South .
2025-05-03 11:53:54,830 - INFO - joeynmt.training - Example #1
2025-05-03 11:53:54,830 - DEBUG - joeynmt.training - 	Tokenized source:     ['Indi@@', 'ens', 'neu@@', 'er', 'Pre@@', 'mi@@', 'er@@', 'minist@@', 'er', 'N@@', 'ar@@', 'end@@', 'ra', 'Mo@@', 'd@@', 'i', 'tri@@', 'fft', 'bei', 's@@', 'einem', 'ersten', 'wichti@@', 'gen', 'Aus@@', 'land@@', 's@@', 'bes@@', 'u@@', 'ch', 'seit', 's@@', 'einem', 'W@@', 'ah@@', 'l@@', 'si@@', 'e@@', 'g', 'im', 'Ma@@', 'i', 'seinen', 'j@@', 'ap@@', 'an@@', 'ischen', 'Am@@', 'ts@@', 'k@@', 'olle@@', 'gen', 'S@@', 'hin@@', 'z@@', 'o', 'A@@', 'be', 'in', 'T@@', 'ok@@', 'o', ',', 'um', 'wirtschaf@@', 'tliche', 'und', 'sicher@@', 'heits@@', 'politische', 'Be@@', 'zieh@@', 'ungen', 'zu', 'bes@@', 'pre@@', 'chen', '.']
2025-05-03 11:53:54,830 - DEBUG - joeynmt.training - 	Tokenized reference:  ['Indi@@', 'a', '&apos;s', 'new', 'pri@@', 'me', 'minist@@', 'er', ',', 'N@@', 'ar@@', 'end@@', 'ra', 'Mo@@', 'd@@', 'i', ',', 'is', 'me@@', 'eting', 'his', 'J@@', 'ap@@', 'an@@', 'ese', 'coun@@', 'ter@@', 'part', ',', 'S@@', 'hin@@', 'z@@', 'o', 'A@@', 'be', ',', 'in', 'T@@', 'ok@@', 'y@@', 'o', 'to', 'disc@@', 'uss', 'economic', 'and', 'security', 'ties', ',', 'on', 'his', 'first', 'major', 'fore@@', 'ign', 'visi@@', 't', 'since', 'w@@', 'inn@@', 'ing', 'Ma@@', 'y', '&apos;s', 'elec@@', 'tion', '.']
2025-05-03 11:53:54,830 - DEBUG - joeynmt.training - 	Tokenized hypothesis: ['in', 'the', 'first', 'of', 'the', 'C@@', 'an@@', 'o', ',', 'the', 'S@@', 'wi@@', 'tz@@', 'er@@', 'land', ',', 'the', 'first', 'first', 'of', 'the', 'first', 'time', 'of', 'the', 'first', 'time', 'of', 'the', 'first', 'time', 'of', 'the', 'S@@', 'al@@', 'al@@', 'th@@', 'y', 'of', 'the', 'C@@', 'an@@', 'o', ',', 'the', 'most', 'important', 'important', 'important', 'and', 'the', 'most', 'important', 'important', 'important', 'important', 'and', 'the', 'most', 'important', 'important', 'of', 'the', 'C@@', 'our@@', 'ce', 'of', 'the', 'C@@', 'our@@', 't', 'of', 'the', 'C@@', 'our@@', 't', 'of', 'the', 'S@@', 'S@@', 'S@@', 'S@@', 'ep@@', 'ep@@', 'ep@@', 'tem@@', 'ber', '.', '</s>']
2025-05-03 11:53:54,830 - INFO - joeynmt.training - 	Source:     Indiens neuer Premierminister Narendra Modi trifft bei seinem ersten wichtigen Auslandsbesuch seit seinem Wahlsieg im Mai seinen japanischen Amtskollegen Shinzo Abe in Toko , um wirtschaftliche und sicherheitspolitische Beziehungen zu besprechen .
2025-05-03 11:53:54,830 - INFO - joeynmt.training - 	Reference:  India &apos;s new prime minister , Narendra Modi , is meeting his Japanese counterpart , Shinzo Abe , in Tokyo to discuss economic and security ties , on his first major foreign visit since winning May &apos;s election .
2025-05-03 11:53:54,830 - INFO - joeynmt.training - 	Hypothesis: in the first of the Cano , the Switzerland , the first first of the first time of the first time of the first time of the Salalthy of the Cano , the most important important important and the most important important important important and the most important important of the Cource of the Court of the Court of the SSSSepepeptember .
2025-05-03 11:53:54,831 - INFO - joeynmt.training - Example #2
2025-05-03 11:53:54,831 - DEBUG - joeynmt.training - 	Tokenized source:     ['Herr', 'Mo@@', 'd@@', 'i', 'befindet', 'sich', 'auf', 'einer', 'fü@@', 'n@@', 'f@@', 'tä@@', 'gi@@', 'gen', 'Rei@@', 'se', 'nach', 'J@@', 'ap@@', 'an', ',', 'um', 'die', 'wirtschaf@@', 'tlichen', 'Be@@', 'zieh@@', 'ungen', 'mit', 'der', 'd@@', 'rit@@', 't@@', 'größ@@', 'ten', 'Wirtschafts@@', 'n@@', 'ation', 'der', 'Welt', 'zu', 'fes@@', 'tigen', '.']
2025-05-03 11:53:54,831 - DEBUG - joeynmt.training - 	Tokenized reference:  ['Mr', 'Mo@@', 'd@@', 'i', 'is', 'on', 'a', 'fi@@', 've', '@@@', '-@@', '@', 'day', 'tri@@', 'p', 'to', 'J@@', 'ap@@', 'an', 'to', 'streng@@', 'then', 'economic', 'ties', 'with', 'the', 'third', 'lar@@', 'ges@@', 't', 'econom@@', 'y', 'in', 'the', 'world', '.']
2025-05-03 11:53:54,831 - DEBUG - joeynmt.training - 	Tokenized hypothesis: ['Mr', 'President', ',', 'the', 'most', 'important', 'of', 'the', 'most', 'important', ',', 'the', 'most', 'important', 'of', 'the', 'most', 'important', 'of', 'the', 'world', 'of', 'the', 'world', '&apos;s', 'economic', 'economic', 'and', 'the', 'world', '.', '</s>']
2025-05-03 11:53:54,831 - INFO - joeynmt.training - 	Source:     Herr Modi befindet sich auf einer fünftägigen Reise nach Japan , um die wirtschaftlichen Beziehungen mit der drittgrößten Wirtschaftsnation der Welt zu festigen .
2025-05-03 11:53:54,831 - INFO - joeynmt.training - 	Reference:  Mr Modi is on a five @-@ day trip to Japan to strengthen economic ties with the third largest economy in the world .
2025-05-03 11:53:54,831 - INFO - joeynmt.training - 	Hypothesis: Mr President , the most important of the most important , the most important of the most important of the world of the world &apos;s economic economic and the world .
2025-05-03 11:53:54,831 - INFO - joeynmt.training - Example #3
2025-05-03 11:53:54,831 - DEBUG - joeynmt.training - 	Tokenized source:     ['P@@', 'län@@', 'e', 'für', 'eine', 'stärk@@', 'ere', 'k@@', 'ern@@', 'techn@@', 'ische', 'Zusammenarbeit', 'stehen', 'ganz', 'ob@@', 'en', 'auf', 'der', 'Tag@@', 'es@@', 'ordnung', '.']
2025-05-03 11:53:54,831 - DEBUG - joeynmt.training - 	Tokenized reference:  ['high', 'on', 'the', 'agen@@', 'da', 'are', 'pl@@', 'ans', 'for', 'gre@@', 'ater', 'nu@@', 'clear', 'c@@', 'o', '@@@', '-@@', '@', 'operation', '.']
2025-05-03 11:53:54,831 - DEBUG - joeynmt.training - 	Tokenized hypothesis: ['a', 'few', 'few', 'mon@@', 'ths', ',', 'a', 'new', 'new', 'services', '.', '</s>']
2025-05-03 11:53:54,832 - INFO - joeynmt.training - 	Source:     Pläne für eine stärkere kerntechnische Zusammenarbeit stehen ganz oben auf der Tagesordnung .
2025-05-03 11:53:54,832 - INFO - joeynmt.training - 	Reference:  high on the agenda are plans for greater nuclear co @-@ operation .
2025-05-03 11:53:54,832 - INFO - joeynmt.training - 	Hypothesis: a few few months , a new new services .
2025-05-03 11:53:54,832 - INFO - joeynmt.training - Example #4
2025-05-03 11:53:54,832 - DEBUG - joeynmt.training - 	Tokenized source:     ['Berich@@', 'ten', 'zu@@', 'fol@@', 'ge', 'ho@@', 'fft', 'Indi@@', 'en', 'darüber', 'hinaus', 'auf', 'einen', 'Ver@@', 'trag', 'zur', 'Ver@@', 'tei@@', 'dig@@', 'ungs@@', 'zusammen@@', 'arbeit', 'zwischen', 'den', 'beiden', 'N@@', 'ationen', '.']
2025-05-03 11:53:54,832 - DEBUG - joeynmt.training - 	Tokenized reference:  ['Indi@@', 'a', 'is', 'also', 're@@', 'porte@@', 'dly', 'hop@@', 'ing', 'for', 'a', 'de@@', 'al', 'on', 'def@@', 'ence', 'c@@', 'oll@@', 'ab@@', 'or@@', 'ation', 'between', 'the', 'two', 'n@@', 'ations', '.']
2025-05-03 11:53:54,832 - DEBUG - joeynmt.training - 	Tokenized hypothesis: ['report', 'on', 'the', 'con@@', 'text', 'of', 'the', 'Commission', 'has', 'been', 'been', 'been', 'been', 'been', 'been', 'been', 'been', 'been', 'been', 'been', 'been', 'been', 'been', 'been', 'been', 'been', 'the', 'vote', '.', '</s>']
2025-05-03 11:53:54,832 - INFO - joeynmt.training - 	Source:     Berichten zufolge hofft Indien darüber hinaus auf einen Vertrag zur Verteidigungszusammenarbeit zwischen den beiden Nationen .
2025-05-03 11:53:54,832 - INFO - joeynmt.training - 	Reference:  India is also reportedly hoping for a deal on defence collaboration between the two nations .
2025-05-03 11:53:54,832 - INFO - joeynmt.training - 	Hypothesis: report on the context of the Commission has been been been been been been been been been been been been been been been been been the vote .
2025-05-03 11:54:00,371 - INFO - joeynmt.training - Epoch   1, Step:     2600, Batch Loss:     2.663671, Batch Acc: 0.282004, Tokens per Sec:    16427, Lr: 0.000300
2025-05-03 11:54:05,947 - INFO - joeynmt.training - Epoch   1, Step:     2700, Batch Loss:     2.713782, Batch Acc: 0.282293, Tokens per Sec:    16574, Lr: 0.000300
2025-05-03 11:54:11,435 - INFO - joeynmt.training - Epoch   1, Step:     2800, Batch Loss:     2.719826, Batch Acc: 0.282549, Tokens per Sec:    16759, Lr: 0.000300
2025-05-03 11:54:17,142 - INFO - joeynmt.training - Epoch   1, Step:     2900, Batch Loss:     2.693823, Batch Acc: 0.289015, Tokens per Sec:    16006, Lr: 0.000300
2025-05-03 11:54:22,776 - INFO - joeynmt.training - Epoch   1, Step:     3000, Batch Loss:     2.591259, Batch Acc: 0.292568, Tokens per Sec:    16356, Lr: 0.000300
2025-05-03 11:54:22,777 - INFO - joeynmt.prediction - Predicting 500 example(s)... (Greedy decoding with min_output_length=1, max_output_length=-1, return_prob='none', generate_unk=True, repetition_penalty=-1, no_repeat_ngram_size=-1)
2025-05-03 11:54:31,356 - INFO - joeynmt.prediction - Evaluation result (greedy) loss:   3.01, ppl:  20.30, acc:   0.23, generation: 8.5726[sec], evaluation: 0.0000[sec]
2025-05-03 11:54:31,356 - INFO - joeynmt.training - Hooray! New best validation result [ppl]!
2025-05-03 11:54:31,442 - INFO - joeynmt.helpers - delete models/deen_transformer_pre/500.ckpt
2025-05-03 11:54:31,447 - INFO - joeynmt.training - Example #0
2025-05-03 11:54:31,447 - DEBUG - joeynmt.training - 	Tokenized source:     ['die', 'Pre@@', 'mi@@', 'er@@', 'minist@@', 'er', 'Indi@@', 'ens', 'und', 'J@@', 'ap@@', 'ans', 'tra@@', 'fen', 'sich', 'in', 'T@@', 'ok@@', 'i@@', 'o', '.']
2025-05-03 11:54:31,447 - DEBUG - joeynmt.training - 	Tokenized reference:  ['Indi@@', 'a', 'and', 'J@@', 'ap@@', 'an', 'pri@@', 'me', 'minist@@', 'ers', 'me@@', 'et', 'in', 'T@@', 'ok@@', 'y@@', 'o']
2025-05-03 11:54:31,447 - DEBUG - joeynmt.training - 	Tokenized hypothesis: ['the', 'S@@', 'outh', 'A@@', 's@@', 's@@', 'soci@@', 'ation', 'and', 'the', 'S@@', 'outh', 'and', 'and', 'the', 'S@@', 'outh', '.', '</s>']
2025-05-03 11:54:31,447 - INFO - joeynmt.training - 	Source:     die Premierminister Indiens und Japans trafen sich in Tokio .
2025-05-03 11:54:31,448 - INFO - joeynmt.training - 	Reference:  India and Japan prime ministers meet in Tokyo
2025-05-03 11:54:31,448 - INFO - joeynmt.training - 	Hypothesis: the South Asssociation and the South and and the South .
2025-05-03 11:54:31,448 - INFO - joeynmt.training - Example #1
2025-05-03 11:54:31,448 - DEBUG - joeynmt.training - 	Tokenized source:     ['Indi@@', 'ens', 'neu@@', 'er', 'Pre@@', 'mi@@', 'er@@', 'minist@@', 'er', 'N@@', 'ar@@', 'end@@', 'ra', 'Mo@@', 'd@@', 'i', 'tri@@', 'fft', 'bei', 's@@', 'einem', 'ersten', 'wichti@@', 'gen', 'Aus@@', 'land@@', 's@@', 'bes@@', 'u@@', 'ch', 'seit', 's@@', 'einem', 'W@@', 'ah@@', 'l@@', 'si@@', 'e@@', 'g', 'im', 'Ma@@', 'i', 'seinen', 'j@@', 'ap@@', 'an@@', 'ischen', 'Am@@', 'ts@@', 'k@@', 'olle@@', 'gen', 'S@@', 'hin@@', 'z@@', 'o', 'A@@', 'be', 'in', 'T@@', 'ok@@', 'o', ',', 'um', 'wirtschaf@@', 'tliche', 'und', 'sicher@@', 'heits@@', 'politische', 'Be@@', 'zieh@@', 'ungen', 'zu', 'bes@@', 'pre@@', 'chen', '.']
2025-05-03 11:54:31,448 - DEBUG - joeynmt.training - 	Tokenized reference:  ['Indi@@', 'a', '&apos;s', 'new', 'pri@@', 'me', 'minist@@', 'er', ',', 'N@@', 'ar@@', 'end@@', 'ra', 'Mo@@', 'd@@', 'i', ',', 'is', 'me@@', 'eting', 'his', 'J@@', 'ap@@', 'an@@', 'ese', 'coun@@', 'ter@@', 'part', ',', 'S@@', 'hin@@', 'z@@', 'o', 'A@@', 'be', ',', 'in', 'T@@', 'ok@@', 'y@@', 'o', 'to', 'disc@@', 'uss', 'economic', 'and', 'security', 'ties', ',', 'on', 'his', 'first', 'major', 'fore@@', 'ign', 'visi@@', 't', 'since', 'w@@', 'inn@@', 'ing', 'Ma@@', 'y', '&apos;s', 'elec@@', 'tion', '.']
2025-05-03 11:54:31,448 - DEBUG - joeynmt.training - 	Tokenized hypothesis: ['in', 'the', 'new', 'new', 'S@@', 'ep@@', 'tem@@', 'ber', ',', 'the', 'S@@', 'outh', 'A@@', 'c@@', 'c@@', 'c@@', 'o', ',', 'in', 'the', 'first', 'first', 'of', 'the', 'first', 'first', 'in', 'the', 'first', 'time', 'of', 'the', 'first', 'time', 'of', 'the', 'first', 'time', 'in', 'the', 'first', 'time', 'of', 'the', 'C@@', 'a@@', 'di@@', 'o', ',', 'and', 'the', 'e@@', 'as@@', 'y', 'of', 'the', 'economic', 'and', 'economic', 'economic', 'and', 'economic', 'economic', 'economic', 'and', 'economic', 'economic', 'economic', 'and', 'economic', 'economic', 'economic', 'economic', 'economic', 'economic', 'and', 'economic', 'economic', 'and', 'economic', 'economic', 'economic', 'economic', 'growth', '.', '</s>']
2025-05-03 11:54:31,448 - INFO - joeynmt.training - 	Source:     Indiens neuer Premierminister Narendra Modi trifft bei seinem ersten wichtigen Auslandsbesuch seit seinem Wahlsieg im Mai seinen japanischen Amtskollegen Shinzo Abe in Toko , um wirtschaftliche und sicherheitspolitische Beziehungen zu besprechen .
2025-05-03 11:54:31,448 - INFO - joeynmt.training - 	Reference:  India &apos;s new prime minister , Narendra Modi , is meeting his Japanese counterpart , Shinzo Abe , in Tokyo to discuss economic and security ties , on his first major foreign visit since winning May &apos;s election .
2025-05-03 11:54:31,448 - INFO - joeynmt.training - 	Hypothesis: in the new new September , the South Accco , in the first first of the first first in the first time of the first time of the first time in the first time of the Cadio , and the easy of the economic and economic economic and economic economic economic and economic economic economic and economic economic economic economic economic economic and economic economic and economic economic economic economic growth .
2025-05-03 11:54:31,448 - INFO - joeynmt.training - Example #2
2025-05-03 11:54:31,448 - DEBUG - joeynmt.training - 	Tokenized source:     ['Herr', 'Mo@@', 'd@@', 'i', 'befindet', 'sich', 'auf', 'einer', 'fü@@', 'n@@', 'f@@', 'tä@@', 'gi@@', 'gen', 'Rei@@', 'se', 'nach', 'J@@', 'ap@@', 'an', ',', 'um', 'die', 'wirtschaf@@', 'tlichen', 'Be@@', 'zieh@@', 'ungen', 'mit', 'der', 'd@@', 'rit@@', 't@@', 'größ@@', 'ten', 'Wirtschafts@@', 'n@@', 'ation', 'der', 'Welt', 'zu', 'fes@@', 'tigen', '.']
2025-05-03 11:54:31,448 - DEBUG - joeynmt.training - 	Tokenized reference:  ['Mr', 'Mo@@', 'd@@', 'i', 'is', 'on', 'a', 'fi@@', 've', '@@@', '-@@', '@', 'day', 'tri@@', 'p', 'to', 'J@@', 'ap@@', 'an', 'to', 'streng@@', 'then', 'economic', 'ties', 'with', 'the', 'third', 'lar@@', 'ges@@', 't', 'econom@@', 'y', 'in', 'the', 'world', '.']
2025-05-03 11:54:31,448 - DEBUG - joeynmt.training - 	Tokenized hypothesis: ['Mr', 'President', ',', 'a', 'is', 'a', 'very', 'good', 'de@@', 'sign', 'of', 'a', 'f@@', 'ron@@', 't', 'of', 'the', 'C@@', 'our@@', 't', 'of', 'the', 'world', '&apos;s', 'economic', 'and', 'the', 'world', '&apos;s', 'economic', 'and', 'the', 'world', '.', '</s>']
2025-05-03 11:54:31,448 - INFO - joeynmt.training - 	Source:     Herr Modi befindet sich auf einer fünftägigen Reise nach Japan , um die wirtschaftlichen Beziehungen mit der drittgrößten Wirtschaftsnation der Welt zu festigen .
2025-05-03 11:54:31,448 - INFO - joeynmt.training - 	Reference:  Mr Modi is on a five @-@ day trip to Japan to strengthen economic ties with the third largest economy in the world .
2025-05-03 11:54:31,448 - INFO - joeynmt.training - 	Hypothesis: Mr President , a is a very good design of a front of the Court of the world &apos;s economic and the world &apos;s economic and the world .
2025-05-03 11:54:31,448 - INFO - joeynmt.training - Example #3
2025-05-03 11:54:31,448 - DEBUG - joeynmt.training - 	Tokenized source:     ['P@@', 'län@@', 'e', 'für', 'eine', 'stärk@@', 'ere', 'k@@', 'ern@@', 'techn@@', 'ische', 'Zusammenarbeit', 'stehen', 'ganz', 'ob@@', 'en', 'auf', 'der', 'Tag@@', 'es@@', 'ordnung', '.']
2025-05-03 11:54:31,448 - DEBUG - joeynmt.training - 	Tokenized reference:  ['high', 'on', 'the', 'agen@@', 'da', 'are', 'pl@@', 'ans', 'for', 'gre@@', 'ater', 'nu@@', 'clear', 'c@@', 'o', '@@@', '-@@', '@', 'operation', '.']
2025-05-03 11:54:31,448 - DEBUG - joeynmt.training - 	Tokenized hypothesis: ['P@@', 'ubli@@', 'c', 'is', 'a', 'more', 'more', 'than', 'a', 'very', 'important', 'important', 'important', 'for', 'the', 'same', 'time', '.', '</s>']
2025-05-03 11:54:31,448 - INFO - joeynmt.training - 	Source:     Pläne für eine stärkere kerntechnische Zusammenarbeit stehen ganz oben auf der Tagesordnung .
2025-05-03 11:54:31,450 - INFO - joeynmt.training - 	Reference:  high on the agenda are plans for greater nuclear co @-@ operation .
2025-05-03 11:54:31,450 - INFO - joeynmt.training - 	Hypothesis: Public is a more more than a very important important important for the same time .
2025-05-03 11:54:31,450 - INFO - joeynmt.training - Example #4
2025-05-03 11:54:31,450 - DEBUG - joeynmt.training - 	Tokenized source:     ['Berich@@', 'ten', 'zu@@', 'fol@@', 'ge', 'ho@@', 'fft', 'Indi@@', 'en', 'darüber', 'hinaus', 'auf', 'einen', 'Ver@@', 'trag', 'zur', 'Ver@@', 'tei@@', 'dig@@', 'ungs@@', 'zusammen@@', 'arbeit', 'zwischen', 'den', 'beiden', 'N@@', 'ationen', '.']
2025-05-03 11:54:31,450 - DEBUG - joeynmt.training - 	Tokenized reference:  ['Indi@@', 'a', 'is', 'also', 're@@', 'porte@@', 'dly', 'hop@@', 'ing', 'for', 'a', 'de@@', 'al', 'on', 'def@@', 'ence', 'c@@', 'oll@@', 'ab@@', 'or@@', 'ation', 'between', 'the', 'two', 'n@@', 'ations', '.']
2025-05-03 11:54:31,450 - DEBUG - joeynmt.training - 	Tokenized hypothesis: ['report', 'on', 'the', 'con@@', 'text', 'of', 'the', 'first', 'time', ',', 'a', 'result', 'of', 'the', 'first', 'first', 'of', 'the', 'two', 'two', 'two', 'years', '.', '</s>']
2025-05-03 11:54:31,450 - INFO - joeynmt.training - 	Source:     Berichten zufolge hofft Indien darüber hinaus auf einen Vertrag zur Verteidigungszusammenarbeit zwischen den beiden Nationen .
2025-05-03 11:54:31,450 - INFO - joeynmt.training - 	Reference:  India is also reportedly hoping for a deal on defence collaboration between the two nations .
2025-05-03 11:54:31,450 - INFO - joeynmt.training - 	Hypothesis: report on the context of the first time , a result of the first first of the two two two years .
2025-05-03 11:54:37,049 - INFO - joeynmt.training - Epoch   1, Step:     3100, Batch Loss:     2.649360, Batch Acc: 0.298978, Tokens per Sec:    16323, Lr: 0.000300
2025-05-03 11:54:42,592 - INFO - joeynmt.training - Epoch   1, Step:     3200, Batch Loss:     2.530300, Batch Acc: 0.302410, Tokens per Sec:    16433, Lr: 0.000300
2025-05-03 11:54:48,091 - INFO - joeynmt.training - Epoch   1, Step:     3300, Batch Loss:     2.614645, Batch Acc: 0.303348, Tokens per Sec:    16593, Lr: 0.000300
2025-05-03 11:54:53,701 - INFO - joeynmt.training - Epoch   1, Step:     3400, Batch Loss:     2.473535, Batch Acc: 0.310098, Tokens per Sec:    16567, Lr: 0.000300
2025-05-03 11:54:59,225 - INFO - joeynmt.training - Epoch   1, Step:     3500, Batch Loss:     2.456405, Batch Acc: 0.306828, Tokens per Sec:    16601, Lr: 0.000300
2025-05-03 11:54:59,226 - INFO - joeynmt.prediction - Predicting 500 example(s)... (Greedy decoding with min_output_length=1, max_output_length=-1, return_prob='none', generate_unk=True, repetition_penalty=-1, no_repeat_ngram_size=-1)
2025-05-03 11:55:06,398 - INFO - joeynmt.prediction - Evaluation result (greedy) loss:   2.95, ppl:  19.07, acc:   0.25, generation: 7.1645[sec], evaluation: 0.0000[sec]
2025-05-03 11:55:06,398 - INFO - joeynmt.training - Hooray! New best validation result [ppl]!
2025-05-03 11:55:06,480 - INFO - joeynmt.helpers - delete models/deen_transformer_pre/1000.ckpt
2025-05-03 11:55:06,486 - INFO - joeynmt.training - Example #0
2025-05-03 11:55:06,486 - DEBUG - joeynmt.training - 	Tokenized source:     ['die', 'Pre@@', 'mi@@', 'er@@', 'minist@@', 'er', 'Indi@@', 'ens', 'und', 'J@@', 'ap@@', 'ans', 'tra@@', 'fen', 'sich', 'in', 'T@@', 'ok@@', 'i@@', 'o', '.']
2025-05-03 11:55:06,486 - DEBUG - joeynmt.training - 	Tokenized reference:  ['Indi@@', 'a', 'and', 'J@@', 'ap@@', 'an', 'pri@@', 'me', 'minist@@', 'ers', 'me@@', 'et', 'in', 'T@@', 'ok@@', 'y@@', 'o']
2025-05-03 11:55:06,486 - DEBUG - joeynmt.training - 	Tokenized hypothesis: ['the', 're@@', 'staurant', ',', 'the', 'J@@', 'ap@@', 'an', 'and', 'J@@', 'ap@@', 'an', '.', '</s>']
2025-05-03 11:55:06,486 - INFO - joeynmt.training - 	Source:     die Premierminister Indiens und Japans trafen sich in Tokio .
2025-05-03 11:55:06,486 - INFO - joeynmt.training - 	Reference:  India and Japan prime ministers meet in Tokyo
2025-05-03 11:55:06,486 - INFO - joeynmt.training - 	Hypothesis: the restaurant , the Japan and Japan .
2025-05-03 11:55:06,486 - INFO - joeynmt.training - Example #1
2025-05-03 11:55:06,487 - DEBUG - joeynmt.training - 	Tokenized source:     ['Indi@@', 'ens', 'neu@@', 'er', 'Pre@@', 'mi@@', 'er@@', 'minist@@', 'er', 'N@@', 'ar@@', 'end@@', 'ra', 'Mo@@', 'd@@', 'i', 'tri@@', 'fft', 'bei', 's@@', 'einem', 'ersten', 'wichti@@', 'gen', 'Aus@@', 'land@@', 's@@', 'bes@@', 'u@@', 'ch', 'seit', 's@@', 'einem', 'W@@', 'ah@@', 'l@@', 'si@@', 'e@@', 'g', 'im', 'Ma@@', 'i', 'seinen', 'j@@', 'ap@@', 'an@@', 'ischen', 'Am@@', 'ts@@', 'k@@', 'olle@@', 'gen', 'S@@', 'hin@@', 'z@@', 'o', 'A@@', 'be', 'in', 'T@@', 'ok@@', 'o', ',', 'um', 'wirtschaf@@', 'tliche', 'und', 'sicher@@', 'heits@@', 'politische', 'Be@@', 'zieh@@', 'ungen', 'zu', 'bes@@', 'pre@@', 'chen', '.']
2025-05-03 11:55:06,487 - DEBUG - joeynmt.training - 	Tokenized reference:  ['Indi@@', 'a', '&apos;s', 'new', 'pri@@', 'me', 'minist@@', 'er', ',', 'N@@', 'ar@@', 'end@@', 'ra', 'Mo@@', 'd@@', 'i', ',', 'is', 'me@@', 'eting', 'his', 'J@@', 'ap@@', 'an@@', 'ese', 'coun@@', 'ter@@', 'part', ',', 'S@@', 'hin@@', 'z@@', 'o', 'A@@', 'be', ',', 'in', 'T@@', 'ok@@', 'y@@', 'o', 'to', 'disc@@', 'uss', 'economic', 'and', 'security', 'ties', ',', 'on', 'his', 'first', 'major', 'fore@@', 'ign', 'visi@@', 't', 'since', 'w@@', 'inn@@', 'ing', 'Ma@@', 'y', '&apos;s', 'elec@@', 'tion', '.']
2025-05-03 11:55:06,487 - DEBUG - joeynmt.training - 	Tokenized hypothesis: ['in', 'the', 'new', 'pro@@', 'per@@', 'ty', 'of', 'the', 'C@@', 'our@@', 't', 'of', 'the', 'C@@', 'our@@', 't', 'of', 'the', 'first', 'first', 'of', 'the', 'first', 'time', 'of', 'the', 'first', 'time', 'of', 'the', 'first', 'time', 'of', 'the', 'first', 'time', 'of', 'the', 'C@@', 'an@@', 'i', '&apos;s', 're@@', 'ali@@', 'sed', 'in', 'the', 'C@@', 'an@@', 'o', 'A@@', 'mer@@', 'ic@@', 'a', 'and', 'economic', 'economic', 'economic', 'economic', 'and', 'economic', 'economic', 'economic', 'economic', 'economic', 'economic', 'economic', 'economic', 'economic', 'and', 'economic', 'economic', 'economic', 'economic', 'economic', 'economic', 'and', 'economic', 'situation', '.', '</s>']
2025-05-03 11:55:06,487 - INFO - joeynmt.training - 	Source:     Indiens neuer Premierminister Narendra Modi trifft bei seinem ersten wichtigen Auslandsbesuch seit seinem Wahlsieg im Mai seinen japanischen Amtskollegen Shinzo Abe in Toko , um wirtschaftliche und sicherheitspolitische Beziehungen zu besprechen .
2025-05-03 11:55:06,487 - INFO - joeynmt.training - 	Reference:  India &apos;s new prime minister , Narendra Modi , is meeting his Japanese counterpart , Shinzo Abe , in Tokyo to discuss economic and security ties , on his first major foreign visit since winning May &apos;s election .
2025-05-03 11:55:06,487 - INFO - joeynmt.training - 	Hypothesis: in the new property of the Court of the Court of the first first of the first time of the first time of the first time of the first time of the Cani &apos;s realised in the Cano America and economic economic economic economic and economic economic economic economic economic economic economic economic economic and economic economic economic economic economic economic and economic situation .
2025-05-03 11:55:06,487 - INFO - joeynmt.training - Example #2
2025-05-03 11:55:06,487 - DEBUG - joeynmt.training - 	Tokenized source:     ['Herr', 'Mo@@', 'd@@', 'i', 'befindet', 'sich', 'auf', 'einer', 'fü@@', 'n@@', 'f@@', 'tä@@', 'gi@@', 'gen', 'Rei@@', 'se', 'nach', 'J@@', 'ap@@', 'an', ',', 'um', 'die', 'wirtschaf@@', 'tlichen', 'Be@@', 'zieh@@', 'ungen', 'mit', 'der', 'd@@', 'rit@@', 't@@', 'größ@@', 'ten', 'Wirtschafts@@', 'n@@', 'ation', 'der', 'Welt', 'zu', 'fes@@', 'tigen', '.']
2025-05-03 11:55:06,487 - DEBUG - joeynmt.training - 	Tokenized reference:  ['Mr', 'Mo@@', 'd@@', 'i', 'is', 'on', 'a', 'fi@@', 've', '@@@', '-@@', '@', 'day', 'tri@@', 'p', 'to', 'J@@', 'ap@@', 'an', 'to', 'streng@@', 'then', 'economic', 'ties', 'with', 'the', 'third', 'lar@@', 'ges@@', 't', 'econom@@', 'y', 'in', 'the', 'world', '.']
2025-05-03 11:55:06,488 - DEBUG - joeynmt.training - 	Tokenized hypothesis: ['Mr', 'President', ',', 'the', 'world', 'is', 'a', 'very', 'good', 'de@@', 'termin@@', 'ation', 'of', 'the', 'econom@@', 'y', ',', 'the', 'economic', 'and', 'economic', 'economic', 'economic', 'growth', 'of', 'the', 'world', '&apos;s', 'economic', 're@@', 'ali@@', 'sed', 'in', 'the', 'world', '.', '</s>']
2025-05-03 11:55:06,488 - INFO - joeynmt.training - 	Source:     Herr Modi befindet sich auf einer fünftägigen Reise nach Japan , um die wirtschaftlichen Beziehungen mit der drittgrößten Wirtschaftsnation der Welt zu festigen .
2025-05-03 11:55:06,488 - INFO - joeynmt.training - 	Reference:  Mr Modi is on a five @-@ day trip to Japan to strengthen economic ties with the third largest economy in the world .
2025-05-03 11:55:06,488 - INFO - joeynmt.training - 	Hypothesis: Mr President , the world is a very good determination of the economy , the economic and economic economic economic growth of the world &apos;s economic realised in the world .
2025-05-03 11:55:06,488 - INFO - joeynmt.training - Example #3
2025-05-03 11:55:06,488 - DEBUG - joeynmt.training - 	Tokenized source:     ['P@@', 'län@@', 'e', 'für', 'eine', 'stärk@@', 'ere', 'k@@', 'ern@@', 'techn@@', 'ische', 'Zusammenarbeit', 'stehen', 'ganz', 'ob@@', 'en', 'auf', 'der', 'Tag@@', 'es@@', 'ordnung', '.']
2025-05-03 11:55:06,488 - DEBUG - joeynmt.training - 	Tokenized reference:  ['high', 'on', 'the', 'agen@@', 'da', 'are', 'pl@@', 'ans', 'for', 'gre@@', 'ater', 'nu@@', 'clear', 'c@@', 'o', '@@@', '-@@', '@', 'operation', '.']
2025-05-03 11:55:06,488 - DEBUG - joeynmt.training - 	Tokenized hypothesis: ['the', 'gu@@', 'est', 're@@', 'views', 'are', 'a', 'very', 'important', 'important', 'important', 'important', 'important', 'for', 'the', 'Council', '.', '</s>']
2025-05-03 11:55:06,488 - INFO - joeynmt.training - 	Source:     Pläne für eine stärkere kerntechnische Zusammenarbeit stehen ganz oben auf der Tagesordnung .
2025-05-03 11:55:06,488 - INFO - joeynmt.training - 	Reference:  high on the agenda are plans for greater nuclear co @-@ operation .
2025-05-03 11:55:06,489 - INFO - joeynmt.training - 	Hypothesis: the guest reviews are a very important important important important important for the Council .
2025-05-03 11:55:06,489 - INFO - joeynmt.training - Example #4
2025-05-03 11:55:06,489 - DEBUG - joeynmt.training - 	Tokenized source:     ['Berich@@', 'ten', 'zu@@', 'fol@@', 'ge', 'ho@@', 'fft', 'Indi@@', 'en', 'darüber', 'hinaus', 'auf', 'einen', 'Ver@@', 'trag', 'zur', 'Ver@@', 'tei@@', 'dig@@', 'ungs@@', 'zusammen@@', 'arbeit', 'zwischen', 'den', 'beiden', 'N@@', 'ationen', '.']
2025-05-03 11:55:06,489 - DEBUG - joeynmt.training - 	Tokenized reference:  ['Indi@@', 'a', 'is', 'also', 're@@', 'porte@@', 'dly', 'hop@@', 'ing', 'for', 'a', 'de@@', 'al', 'on', 'def@@', 'ence', 'c@@', 'oll@@', 'ab@@', 'or@@', 'ation', 'between', 'the', 'two', 'n@@', 'ations', '.']
2025-05-03 11:55:06,489 - DEBUG - joeynmt.training - 	Tokenized hypothesis: ['the', 'report', 'is', 'the', 're@@', 'ali@@', 'sed', 'in', 'the', 'report', 'on', 'the', 'con@@', 'fi@@', 'dence', 'of', 'the', 'two', 'two', 'two', 'two', 'two', 'two', 'two', 'two', 'two', 'two', 'two', 'two', '.', '</s>']
2025-05-03 11:55:06,489 - INFO - joeynmt.training - 	Source:     Berichten zufolge hofft Indien darüber hinaus auf einen Vertrag zur Verteidigungszusammenarbeit zwischen den beiden Nationen .
2025-05-03 11:55:06,489 - INFO - joeynmt.training - 	Reference:  India is also reportedly hoping for a deal on defence collaboration between the two nations .
2025-05-03 11:55:06,489 - INFO - joeynmt.training - 	Hypothesis: the report is the realised in the report on the confidence of the two two two two two two two two two two two two .
2025-05-03 11:55:12,087 - INFO - joeynmt.training - Epoch   1, Step:     3600, Batch Loss:     2.887373, Batch Acc: 0.311449, Tokens per Sec:    16218, Lr: 0.000300
2025-05-03 11:55:17,647 - INFO - joeynmt.training - Epoch   1, Step:     3700, Batch Loss:     2.451324, Batch Acc: 0.308066, Tokens per Sec:    16606, Lr: 0.000300
2025-05-03 11:55:23,198 - INFO - joeynmt.training - Epoch   1, Step:     3800, Batch Loss:     2.589556, Batch Acc: 0.316918, Tokens per Sec:    16641, Lr: 0.000300
2025-05-03 11:55:28,816 - INFO - joeynmt.training - Epoch   1, Step:     3900, Batch Loss:     2.473577, Batch Acc: 0.318226, Tokens per Sec:    16547, Lr: 0.000300
2025-05-03 11:55:34,372 - INFO - joeynmt.training - Epoch   1, Step:     4000, Batch Loss:     2.431799, Batch Acc: 0.324441, Tokens per Sec:    16583, Lr: 0.000300
2025-05-03 11:55:34,372 - INFO - joeynmt.prediction - Predicting 500 example(s)... (Greedy decoding with min_output_length=1, max_output_length=-1, return_prob='none', generate_unk=True, repetition_penalty=-1, no_repeat_ngram_size=-1)
2025-05-03 11:55:41,519 - INFO - joeynmt.prediction - Evaluation result (greedy) loss:   2.89, ppl:  18.04, acc:   0.26, generation: 7.1400[sec], evaluation: 0.0000[sec]
2025-05-03 11:55:41,521 - INFO - joeynmt.training - Hooray! New best validation result [ppl]!
2025-05-03 11:55:41,602 - INFO - joeynmt.helpers - delete models/deen_transformer_pre/1500.ckpt
2025-05-03 11:55:41,607 - INFO - joeynmt.training - Example #0
2025-05-03 11:55:41,607 - DEBUG - joeynmt.training - 	Tokenized source:     ['die', 'Pre@@', 'mi@@', 'er@@', 'minist@@', 'er', 'Indi@@', 'ens', 'und', 'J@@', 'ap@@', 'ans', 'tra@@', 'fen', 'sich', 'in', 'T@@', 'ok@@', 'i@@', 'o', '.']
2025-05-03 11:55:41,607 - DEBUG - joeynmt.training - 	Tokenized reference:  ['Indi@@', 'a', 'and', 'J@@', 'ap@@', 'an', 'pri@@', 'me', 'minist@@', 'ers', 'me@@', 'et', 'in', 'T@@', 'ok@@', 'y@@', 'o']
2025-05-03 11:55:41,607 - DEBUG - joeynmt.training - 	Tokenized hypothesis: ['the', 're@@', 'ports', 'of', 'the', 'J@@', 'ap@@', 'an', 'and', 'J@@', 'ap@@', 'an', 'and', 'J@@', 'ap@@', 'i@@', 'o', '.', '</s>']
2025-05-03 11:55:41,607 - INFO - joeynmt.training - 	Source:     die Premierminister Indiens und Japans trafen sich in Tokio .
2025-05-03 11:55:41,607 - INFO - joeynmt.training - 	Reference:  India and Japan prime ministers meet in Tokyo
2025-05-03 11:55:41,607 - INFO - joeynmt.training - 	Hypothesis: the reports of the Japan and Japan and Japio .
2025-05-03 11:55:41,607 - INFO - joeynmt.training - Example #1
2025-05-03 11:55:41,607 - DEBUG - joeynmt.training - 	Tokenized source:     ['Indi@@', 'ens', 'neu@@', 'er', 'Pre@@', 'mi@@', 'er@@', 'minist@@', 'er', 'N@@', 'ar@@', 'end@@', 'ra', 'Mo@@', 'd@@', 'i', 'tri@@', 'fft', 'bei', 's@@', 'einem', 'ersten', 'wichti@@', 'gen', 'Aus@@', 'land@@', 's@@', 'bes@@', 'u@@', 'ch', 'seit', 's@@', 'einem', 'W@@', 'ah@@', 'l@@', 'si@@', 'e@@', 'g', 'im', 'Ma@@', 'i', 'seinen', 'j@@', 'ap@@', 'an@@', 'ischen', 'Am@@', 'ts@@', 'k@@', 'olle@@', 'gen', 'S@@', 'hin@@', 'z@@', 'o', 'A@@', 'be', 'in', 'T@@', 'ok@@', 'o', ',', 'um', 'wirtschaf@@', 'tliche', 'und', 'sicher@@', 'heits@@', 'politische', 'Be@@', 'zieh@@', 'ungen', 'zu', 'bes@@', 'pre@@', 'chen', '.']
2025-05-03 11:55:41,607 - DEBUG - joeynmt.training - 	Tokenized reference:  ['Indi@@', 'a', '&apos;s', 'new', 'pri@@', 'me', 'minist@@', 'er', ',', 'N@@', 'ar@@', 'end@@', 'ra', 'Mo@@', 'd@@', 'i', ',', 'is', 'me@@', 'eting', 'his', 'J@@', 'ap@@', 'an@@', 'ese', 'coun@@', 'ter@@', 'part', ',', 'S@@', 'hin@@', 'z@@', 'o', 'A@@', 'be', ',', 'in', 'T@@', 'ok@@', 'y@@', 'o', 'to', 'disc@@', 'uss', 'economic', 'and', 'security', 'ties', ',', 'on', 'his', 'first', 'major', 'fore@@', 'ign', 'visi@@', 't', 'since', 'w@@', 'inn@@', 'ing', 'Ma@@', 'y', '&apos;s', 'elec@@', 'tion', '.']
2025-05-03 11:55:41,608 - DEBUG - joeynmt.training - 	Tokenized hypothesis: ['the', 'new', ',', 'the', 'new', ',', 'N@@', 'o@@', 'o@@', 'i', ',', 'the', 'first', 'of', 'the', 'first', 'first', 'of', 'the', 'first', 'first', 'of', 'the', 'first', 'first', 'of', 'the', 'first', 'first', 'of', 'the', 'first', 'time', 'of', 'the', 'S@@', 'outh', 'A@@', 'mer@@', 'ic@@', 'a', ',', 'in', 'the', 'S@@', 'outh', 'A@@', 'mer@@', 'ic@@', 'a', ',', 'and', 'economic', 'and', 'social', 'social', 'social', 'and', 'social', 'and', 'social', 'social', 'social', 'and', 'social', 'social', 'and', 'social', 'social', 'social', 'and', 'social', 'social', 'and', 'social', 'social', 'and', 'social', 'and', 'social', 'social', '.', '</s>']
2025-05-03 11:55:41,608 - INFO - joeynmt.training - 	Source:     Indiens neuer Premierminister Narendra Modi trifft bei seinem ersten wichtigen Auslandsbesuch seit seinem Wahlsieg im Mai seinen japanischen Amtskollegen Shinzo Abe in Toko , um wirtschaftliche und sicherheitspolitische Beziehungen zu besprechen .
2025-05-03 11:55:41,608 - INFO - joeynmt.training - 	Reference:  India &apos;s new prime minister , Narendra Modi , is meeting his Japanese counterpart , Shinzo Abe , in Tokyo to discuss economic and security ties , on his first major foreign visit since winning May &apos;s election .
2025-05-03 11:55:41,608 - INFO - joeynmt.training - 	Hypothesis: the new , the new , Nooi , the first of the first first of the first first of the first first of the first first of the first time of the South America , in the South America , and economic and social social social and social and social social social and social social and social social social and social social and social social and social and social social .
2025-05-03 11:55:41,608 - INFO - joeynmt.training - Example #2
2025-05-03 11:55:41,608 - DEBUG - joeynmt.training - 	Tokenized source:     ['Herr', 'Mo@@', 'd@@', 'i', 'befindet', 'sich', 'auf', 'einer', 'fü@@', 'n@@', 'f@@', 'tä@@', 'gi@@', 'gen', 'Rei@@', 'se', 'nach', 'J@@', 'ap@@', 'an', ',', 'um', 'die', 'wirtschaf@@', 'tlichen', 'Be@@', 'zieh@@', 'ungen', 'mit', 'der', 'd@@', 'rit@@', 't@@', 'größ@@', 'ten', 'Wirtschafts@@', 'n@@', 'ation', 'der', 'Welt', 'zu', 'fes@@', 'tigen', '.']
2025-05-03 11:55:41,608 - DEBUG - joeynmt.training - 	Tokenized reference:  ['Mr', 'Mo@@', 'd@@', 'i', 'is', 'on', 'a', 'fi@@', 've', '@@@', '-@@', '@', 'day', 'tri@@', 'p', 'to', 'J@@', 'ap@@', 'an', 'to', 'streng@@', 'then', 'economic', 'ties', 'with', 'the', 'third', 'lar@@', 'ges@@', 't', 'econom@@', 'y', 'in', 'the', 'world', '.']
2025-05-03 11:55:41,608 - DEBUG - joeynmt.training - 	Tokenized hypothesis: ['Mr', 'President', ',', 'the', 'city', 'is', 'located', 'on', 'a', 'number', 'of', 'the', 'world', ',', 'J@@', 'ap@@', 'an', ',', 'J@@', 'ap@@', 'an', ',', 'the', 'economic', 'and', 'the', 'world', 'of', 'the', 'world', '&apos;s', 'economic', 'growth', 'of', 'the', 'world', '.', '</s>']
2025-05-03 11:55:41,608 - INFO - joeynmt.training - 	Source:     Herr Modi befindet sich auf einer fünftägigen Reise nach Japan , um die wirtschaftlichen Beziehungen mit der drittgrößten Wirtschaftsnation der Welt zu festigen .
2025-05-03 11:55:41,609 - INFO - joeynmt.training - 	Reference:  Mr Modi is on a five @-@ day trip to Japan to strengthen economic ties with the third largest economy in the world .
2025-05-03 11:55:41,609 - INFO - joeynmt.training - 	Hypothesis: Mr President , the city is located on a number of the world , Japan , Japan , the economic and the world of the world &apos;s economic growth of the world .
2025-05-03 11:55:41,609 - INFO - joeynmt.training - Example #3
2025-05-03 11:55:41,609 - DEBUG - joeynmt.training - 	Tokenized source:     ['P@@', 'län@@', 'e', 'für', 'eine', 'stärk@@', 'ere', 'k@@', 'ern@@', 'techn@@', 'ische', 'Zusammenarbeit', 'stehen', 'ganz', 'ob@@', 'en', 'auf', 'der', 'Tag@@', 'es@@', 'ordnung', '.']
2025-05-03 11:55:41,609 - DEBUG - joeynmt.training - 	Tokenized reference:  ['high', 'on', 'the', 'agen@@', 'da', 'are', 'pl@@', 'ans', 'for', 'gre@@', 'ater', 'nu@@', 'clear', 'c@@', 'o', '@@@', '-@@', '@', 'operation', '.']
2025-05-03 11:55:41,609 - DEBUG - joeynmt.training - 	Tokenized hypothesis: ['P@@', 'ap@@', 'er', 'for', 'a', 'more', 'techn@@', 'ology', ',', 'for', 'the', 'European', 'Union', '.', '</s>']
2025-05-03 11:55:41,609 - INFO - joeynmt.training - 	Source:     Pläne für eine stärkere kerntechnische Zusammenarbeit stehen ganz oben auf der Tagesordnung .
2025-05-03 11:55:41,609 - INFO - joeynmt.training - 	Reference:  high on the agenda are plans for greater nuclear co @-@ operation .
2025-05-03 11:55:41,609 - INFO - joeynmt.training - 	Hypothesis: Paper for a more technology , for the European Union .
2025-05-03 11:55:41,609 - INFO - joeynmt.training - Example #4
2025-05-03 11:55:41,609 - DEBUG - joeynmt.training - 	Tokenized source:     ['Berich@@', 'ten', 'zu@@', 'fol@@', 'ge', 'ho@@', 'fft', 'Indi@@', 'en', 'darüber', 'hinaus', 'auf', 'einen', 'Ver@@', 'trag', 'zur', 'Ver@@', 'tei@@', 'dig@@', 'ungs@@', 'zusammen@@', 'arbeit', 'zwischen', 'den', 'beiden', 'N@@', 'ationen', '.']
2025-05-03 11:55:41,609 - DEBUG - joeynmt.training - 	Tokenized reference:  ['Indi@@', 'a', 'is', 'also', 're@@', 'porte@@', 'dly', 'hop@@', 'ing', 'for', 'a', 'de@@', 'al', 'on', 'def@@', 'ence', 'c@@', 'oll@@', 'ab@@', 'or@@', 'ation', 'between', 'the', 'two', 'n@@', 'ations', '.']
2025-05-03 11:55:41,609 - DEBUG - joeynmt.training - 	Tokenized hypothesis: ['report', 'on', 'the', 'basis', 'of', 'the', 're@@', 'ports', 'on', 'a', 'con@@', 'text', 'of', 'the', 're@@', 'ports', 'of', 'the', 'two', 're@@', 'ports', '.', '</s>']
2025-05-03 11:55:41,610 - INFO - joeynmt.training - 	Source:     Berichten zufolge hofft Indien darüber hinaus auf einen Vertrag zur Verteidigungszusammenarbeit zwischen den beiden Nationen .
2025-05-03 11:55:41,610 - INFO - joeynmt.training - 	Reference:  India is also reportedly hoping for a deal on defence collaboration between the two nations .
2025-05-03 11:55:41,610 - INFO - joeynmt.training - 	Hypothesis: report on the basis of the reports on a context of the reports of the two reports .
2025-05-03 11:55:45,232 - INFO - joeynmt.training - Epoch   1: total training loss 12053.33
2025-05-03 11:55:45,232 - INFO - joeynmt.training - EPOCH 2
2025-05-03 11:55:47,219 - INFO - joeynmt.training - Epoch   2, Step:     4100, Batch Loss:     2.499262, Batch Acc: 0.326703, Tokens per Sec:    16704, Lr: 0.000300
2025-05-03 11:55:52,676 - INFO - joeynmt.training - Epoch   2, Step:     4200, Batch Loss:     2.560229, Batch Acc: 0.330649, Tokens per Sec:    16931, Lr: 0.000300
2025-05-03 11:55:58,178 - INFO - joeynmt.training - Epoch   2, Step:     4300, Batch Loss:     2.403295, Batch Acc: 0.334376, Tokens per Sec:    16494, Lr: 0.000300
2025-05-03 11:56:03,670 - INFO - joeynmt.training - Epoch   2, Step:     4400, Batch Loss:     2.642422, Batch Acc: 0.334746, Tokens per Sec:    16799, Lr: 0.000300
2025-05-03 11:56:09,091 - INFO - joeynmt.training - Epoch   2, Step:     4500, Batch Loss:     2.594934, Batch Acc: 0.337100, Tokens per Sec:    17075, Lr: 0.000300
2025-05-03 11:56:09,092 - INFO - joeynmt.prediction - Predicting 500 example(s)... (Greedy decoding with min_output_length=1, max_output_length=-1, return_prob='none', generate_unk=True, repetition_penalty=-1, no_repeat_ngram_size=-1)
2025-05-03 11:56:14,671 - INFO - joeynmt.prediction - Evaluation result (greedy) loss:   2.84, ppl:  17.08, acc:   0.28, generation: 5.5726[sec], evaluation: 0.0000[sec]
2025-05-03 11:56:14,672 - INFO - joeynmt.training - Hooray! New best validation result [ppl]!
2025-05-03 11:56:14,759 - INFO - joeynmt.helpers - delete models/deen_transformer_pre/2000.ckpt
2025-05-03 11:56:14,769 - INFO - joeynmt.training - Example #0
2025-05-03 11:56:14,769 - DEBUG - joeynmt.training - 	Tokenized source:     ['die', 'Pre@@', 'mi@@', 'er@@', 'minist@@', 'er', 'Indi@@', 'ens', 'und', 'J@@', 'ap@@', 'ans', 'tra@@', 'fen', 'sich', 'in', 'T@@', 'ok@@', 'i@@', 'o', '.']
2025-05-03 11:56:14,769 - DEBUG - joeynmt.training - 	Tokenized reference:  ['Indi@@', 'a', 'and', 'J@@', 'ap@@', 'an', 'pri@@', 'me', 'minist@@', 'ers', 'me@@', 'et', 'in', 'T@@', 'ok@@', 'y@@', 'o']
2025-05-03 11:56:14,769 - DEBUG - joeynmt.training - 	Tokenized hypothesis: ['the', 're@@', 'ma@@', 'ins', 'of', 'J@@', 'ap@@', 'ap@@', 'an', 'and', 'J@@', 'ap@@', 'an', '.', '</s>']
2025-05-03 11:56:14,769 - INFO - joeynmt.training - 	Source:     die Premierminister Indiens und Japans trafen sich in Tokio .
2025-05-03 11:56:14,769 - INFO - joeynmt.training - 	Reference:  India and Japan prime ministers meet in Tokyo
2025-05-03 11:56:14,769 - INFO - joeynmt.training - 	Hypothesis: the remains of Japapan and Japan .
2025-05-03 11:56:14,769 - INFO - joeynmt.training - Example #1
2025-05-03 11:56:14,769 - DEBUG - joeynmt.training - 	Tokenized source:     ['Indi@@', 'ens', 'neu@@', 'er', 'Pre@@', 'mi@@', 'er@@', 'minist@@', 'er', 'N@@', 'ar@@', 'end@@', 'ra', 'Mo@@', 'd@@', 'i', 'tri@@', 'fft', 'bei', 's@@', 'einem', 'ersten', 'wichti@@', 'gen', 'Aus@@', 'land@@', 's@@', 'bes@@', 'u@@', 'ch', 'seit', 's@@', 'einem', 'W@@', 'ah@@', 'l@@', 'si@@', 'e@@', 'g', 'im', 'Ma@@', 'i', 'seinen', 'j@@', 'ap@@', 'an@@', 'ischen', 'Am@@', 'ts@@', 'k@@', 'olle@@', 'gen', 'S@@', 'hin@@', 'z@@', 'o', 'A@@', 'be', 'in', 'T@@', 'ok@@', 'o', ',', 'um', 'wirtschaf@@', 'tliche', 'und', 'sicher@@', 'heits@@', 'politische', 'Be@@', 'zieh@@', 'ungen', 'zu', 'bes@@', 'pre@@', 'chen', '.']
2025-05-03 11:56:14,769 - DEBUG - joeynmt.training - 	Tokenized reference:  ['Indi@@', 'a', '&apos;s', 'new', 'pri@@', 'me', 'minist@@', 'er', ',', 'N@@', 'ar@@', 'end@@', 'ra', 'Mo@@', 'd@@', 'i', ',', 'is', 'me@@', 'eting', 'his', 'J@@', 'ap@@', 'an@@', 'ese', 'coun@@', 'ter@@', 'part', ',', 'S@@', 'hin@@', 'z@@', 'o', 'A@@', 'be', ',', 'in', 'T@@', 'ok@@', 'y@@', 'o', 'to', 'disc@@', 'uss', 'economic', 'and', 'security', 'ties', ',', 'on', 'his', 'first', 'major', 'fore@@', 'ign', 'visi@@', 't', 'since', 'w@@', 'inn@@', 'ing', 'Ma@@', 'y', '&apos;s', 'elec@@', 'tion', '.']
2025-05-03 11:56:14,770 - DEBUG - joeynmt.training - 	Tokenized hypothesis: ['J@@', 'ap@@', 'an', 'N@@', 'ational', 'N@@', 'ar@@', 'ar@@', 'i', 'N@@', 'ov@@', 'ember', 'N@@', 'ov@@', 'ember', 'N@@', 'ov@@', 'ember', ',', 'the', 'first', 'first', 'of', 'the', 'first', 'first', 'first', 'of', 'the', 'S@@', 'an@@', 'i', '&apos;s', 'first', 'first', 'of', 'his', 'his', 'his', 'first', 'first', 'in', 'the', 'S@@', 'outh', 'A@@', 'mer@@', 'ic@@', 'a', ',', 'and', 'economic', 'economic', 'and', 'economic', 'economic', 'economic', 'economic', 'and', 'economic', 'economic', 'economic', 'and', 'economic', 'economic', 'and', 'social', 'social', 'social', 'and', 'economic', 'economic', 'economic', 'economic', 'and', 'economic', 'growth', '.', '</s>']
2025-05-03 11:56:14,770 - INFO - joeynmt.training - 	Source:     Indiens neuer Premierminister Narendra Modi trifft bei seinem ersten wichtigen Auslandsbesuch seit seinem Wahlsieg im Mai seinen japanischen Amtskollegen Shinzo Abe in Toko , um wirtschaftliche und sicherheitspolitische Beziehungen zu besprechen .
2025-05-03 11:56:14,770 - INFO - joeynmt.training - 	Reference:  India &apos;s new prime minister , Narendra Modi , is meeting his Japanese counterpart , Shinzo Abe , in Tokyo to discuss economic and security ties , on his first major foreign visit since winning May &apos;s election .
2025-05-03 11:56:14,770 - INFO - joeynmt.training - 	Hypothesis: Japan National Narari November November November , the first first of the first first first of the Sani &apos;s first first of his his his first first in the South America , and economic economic and economic economic economic economic and economic economic economic and economic economic and social social social and economic economic economic economic and economic growth .
2025-05-03 11:56:14,770 - INFO - joeynmt.training - Example #2
2025-05-03 11:56:14,770 - DEBUG - joeynmt.training - 	Tokenized source:     ['Herr', 'Mo@@', 'd@@', 'i', 'befindet', 'sich', 'auf', 'einer', 'fü@@', 'n@@', 'f@@', 'tä@@', 'gi@@', 'gen', 'Rei@@', 'se', 'nach', 'J@@', 'ap@@', 'an', ',', 'um', 'die', 'wirtschaf@@', 'tlichen', 'Be@@', 'zieh@@', 'ungen', 'mit', 'der', 'd@@', 'rit@@', 't@@', 'größ@@', 'ten', 'Wirtschafts@@', 'n@@', 'ation', 'der', 'Welt', 'zu', 'fes@@', 'tigen', '.']
2025-05-03 11:56:14,770 - DEBUG - joeynmt.training - 	Tokenized reference:  ['Mr', 'Mo@@', 'd@@', 'i', 'is', 'on', 'a', 'fi@@', 've', '@@@', '-@@', '@', 'day', 'tri@@', 'p', 'to', 'J@@', 'ap@@', 'an', 'to', 'streng@@', 'then', 'economic', 'ties', 'with', 'the', 'third', 'lar@@', 'ges@@', 't', 'econom@@', 'y', 'in', 'the', 'world', '.']
2025-05-03 11:56:14,770 - DEBUG - joeynmt.training - 	Tokenized hypothesis: ['Mr', 'President', ',', 'the', 'to@@', 'wn', 'of', 'the', 'world', '&apos;s', 'f@@', 'air', ',', 'the', 'world', '&apos;s', 're@@', 'lev@@', 'ant', ',', 'which', 'is', 'the', 'economic', 're@@', 'lev@@', 'ant', 'to', 'the', 'world', '.', '</s>']
2025-05-03 11:56:14,770 - INFO - joeynmt.training - 	Source:     Herr Modi befindet sich auf einer fünftägigen Reise nach Japan , um die wirtschaftlichen Beziehungen mit der drittgrößten Wirtschaftsnation der Welt zu festigen .
2025-05-03 11:56:14,770 - INFO - joeynmt.training - 	Reference:  Mr Modi is on a five @-@ day trip to Japan to strengthen economic ties with the third largest economy in the world .
2025-05-03 11:56:14,770 - INFO - joeynmt.training - 	Hypothesis: Mr President , the town of the world &apos;s fair , the world &apos;s relevant , which is the economic relevant to the world .
2025-05-03 11:56:14,770 - INFO - joeynmt.training - Example #3
2025-05-03 11:56:14,771 - DEBUG - joeynmt.training - 	Tokenized source:     ['P@@', 'län@@', 'e', 'für', 'eine', 'stärk@@', 'ere', 'k@@', 'ern@@', 'techn@@', 'ische', 'Zusammenarbeit', 'stehen', 'ganz', 'ob@@', 'en', 'auf', 'der', 'Tag@@', 'es@@', 'ordnung', '.']
2025-05-03 11:56:14,771 - DEBUG - joeynmt.training - 	Tokenized reference:  ['high', 'on', 'the', 'agen@@', 'da', 'are', 'pl@@', 'ans', 'for', 'gre@@', 'ater', 'nu@@', 'clear', 'c@@', 'o', '@@@', '-@@', '@', 'operation', '.']
2025-05-03 11:56:14,771 - DEBUG - joeynmt.training - 	Tokenized hypothesis: ['P@@', 'P@@', 'ap@@', 'er', 'for', 'a', 'techn@@', 'ical', 'cooperation', 'cooperation', ',', 'cooperation', 'with', 'the', 'next', 'it@@', 'em', '.', '</s>']
2025-05-03 11:56:14,771 - INFO - joeynmt.training - 	Source:     Pläne für eine stärkere kerntechnische Zusammenarbeit stehen ganz oben auf der Tagesordnung .
2025-05-03 11:56:14,771 - INFO - joeynmt.training - 	Reference:  high on the agenda are plans for greater nuclear co @-@ operation .
2025-05-03 11:56:14,771 - INFO - joeynmt.training - 	Hypothesis: PPaper for a technical cooperation cooperation , cooperation with the next item .
2025-05-03 11:56:14,771 - INFO - joeynmt.training - Example #4
2025-05-03 11:56:14,771 - DEBUG - joeynmt.training - 	Tokenized source:     ['Berich@@', 'ten', 'zu@@', 'fol@@', 'ge', 'ho@@', 'fft', 'Indi@@', 'en', 'darüber', 'hinaus', 'auf', 'einen', 'Ver@@', 'trag', 'zur', 'Ver@@', 'tei@@', 'dig@@', 'ungs@@', 'zusammen@@', 'arbeit', 'zwischen', 'den', 'beiden', 'N@@', 'ationen', '.']
2025-05-03 11:56:14,771 - DEBUG - joeynmt.training - 	Tokenized reference:  ['Indi@@', 'a', 'is', 'also', 're@@', 'porte@@', 'dly', 'hop@@', 'ing', 'for', 'a', 'de@@', 'al', 'on', 'def@@', 'ence', 'c@@', 'oll@@', 'ab@@', 'or@@', 'ation', 'between', 'the', 'two', 'n@@', 'ations', '.']
2025-05-03 11:56:14,771 - DEBUG - joeynmt.training - 	Tokenized hypothesis: ['report', 'report', ',', 'the', 'fact', 'that', 'is', 'also', 'also', 'propos@@', 'ed', 'to', 'the', 'Tre@@', 'aty', 'of', 'the', 'two', 'two', 'two', 'two', 'two', 'two', 'two', 'two', 'two', 'two', 'two', 'two', 'two', 'two', 'two', 'two', 'two', 'two', 'two', 'two', 'two', 'two', 'two', 'two', 'two', 'two', 'two', 'two', 'two', 'par@@', 'ts', '.', '</s>']
2025-05-03 11:56:14,771 - INFO - joeynmt.training - 	Source:     Berichten zufolge hofft Indien darüber hinaus auf einen Vertrag zur Verteidigungszusammenarbeit zwischen den beiden Nationen .
2025-05-03 11:56:14,771 - INFO - joeynmt.training - 	Reference:  India is also reportedly hoping for a deal on defence collaboration between the two nations .
2025-05-03 11:56:14,771 - INFO - joeynmt.training - 	Hypothesis: report report , the fact that is also also proposed to the Treaty of the two two two two two two two two two two two two two two two two two two two two two two two two two two two two two parts .
2025-05-03 11:56:20,288 - INFO - joeynmt.training - Epoch   2, Step:     4600, Batch Loss:     2.321609, Batch Acc: 0.342474, Tokens per Sec:    16594, Lr: 0.000300
2025-05-03 11:56:25,784 - INFO - joeynmt.training - Epoch   2, Step:     4700, Batch Loss:     2.393710, Batch Acc: 0.345014, Tokens per Sec:    16660, Lr: 0.000300
2025-05-03 11:56:31,188 - INFO - joeynmt.training - Epoch   2, Step:     4800, Batch Loss:     2.421438, Batch Acc: 0.348554, Tokens per Sec:    17290, Lr: 0.000300
2025-05-03 11:56:36,733 - INFO - joeynmt.training - Epoch   2, Step:     4900, Batch Loss:     2.371604, Batch Acc: 0.351271, Tokens per Sec:    16528, Lr: 0.000300
2025-05-03 11:56:42,147 - INFO - joeynmt.training - Epoch   2, Step:     5000, Batch Loss:     2.310488, Batch Acc: 0.356257, Tokens per Sec:    16871, Lr: 0.000300
2025-05-03 11:56:42,147 - INFO - joeynmt.prediction - Predicting 500 example(s)... (Greedy decoding with min_output_length=1, max_output_length=-1, return_prob='none', generate_unk=True, repetition_penalty=-1, no_repeat_ngram_size=-1)
2025-05-03 11:56:48,096 - INFO - joeynmt.prediction - Evaluation result (greedy) loss:   2.76, ppl:  15.87, acc:   0.30, generation: 5.9440[sec], evaluation: 0.0000[sec]
2025-05-03 11:56:48,097 - INFO - joeynmt.training - Hooray! New best validation result [ppl]!
2025-05-03 11:56:48,178 - INFO - joeynmt.helpers - delete models/deen_transformer_pre/2500.ckpt
2025-05-03 11:56:48,184 - INFO - joeynmt.training - Example #0
2025-05-03 11:56:48,185 - DEBUG - joeynmt.training - 	Tokenized source:     ['die', 'Pre@@', 'mi@@', 'er@@', 'minist@@', 'er', 'Indi@@', 'ens', 'und', 'J@@', 'ap@@', 'ans', 'tra@@', 'fen', 'sich', 'in', 'T@@', 'ok@@', 'i@@', 'o', '.']
2025-05-03 11:56:48,185 - DEBUG - joeynmt.training - 	Tokenized reference:  ['Indi@@', 'a', 'and', 'J@@', 'ap@@', 'an', 'pri@@', 'me', 'minist@@', 'ers', 'me@@', 'et', 'in', 'T@@', 'ok@@', 'y@@', 'o']
2025-05-03 11:56:48,185 - DEBUG - joeynmt.training - 	Tokenized hypothesis: ['the', 're@@', 'pres@@', 'ents', ',', 'China', 'and', 'J@@', 'ap@@', 'an', 'and', 'J@@', 'ap@@', 'an', '.', '</s>']
2025-05-03 11:56:48,185 - INFO - joeynmt.training - 	Source:     die Premierminister Indiens und Japans trafen sich in Tokio .
2025-05-03 11:56:48,185 - INFO - joeynmt.training - 	Reference:  India and Japan prime ministers meet in Tokyo
2025-05-03 11:56:48,185 - INFO - joeynmt.training - 	Hypothesis: the represents , China and Japan and Japan .
2025-05-03 11:56:48,185 - INFO - joeynmt.training - Example #1
2025-05-03 11:56:48,185 - DEBUG - joeynmt.training - 	Tokenized source:     ['Indi@@', 'ens', 'neu@@', 'er', 'Pre@@', 'mi@@', 'er@@', 'minist@@', 'er', 'N@@', 'ar@@', 'end@@', 'ra', 'Mo@@', 'd@@', 'i', 'tri@@', 'fft', 'bei', 's@@', 'einem', 'ersten', 'wichti@@', 'gen', 'Aus@@', 'land@@', 's@@', 'bes@@', 'u@@', 'ch', 'seit', 's@@', 'einem', 'W@@', 'ah@@', 'l@@', 'si@@', 'e@@', 'g', 'im', 'Ma@@', 'i', 'seinen', 'j@@', 'ap@@', 'an@@', 'ischen', 'Am@@', 'ts@@', 'k@@', 'olle@@', 'gen', 'S@@', 'hin@@', 'z@@', 'o', 'A@@', 'be', 'in', 'T@@', 'ok@@', 'o', ',', 'um', 'wirtschaf@@', 'tliche', 'und', 'sicher@@', 'heits@@', 'politische', 'Be@@', 'zieh@@', 'ungen', 'zu', 'bes@@', 'pre@@', 'chen', '.']
2025-05-03 11:56:48,185 - DEBUG - joeynmt.training - 	Tokenized reference:  ['Indi@@', 'a', '&apos;s', 'new', 'pri@@', 'me', 'minist@@', 'er', ',', 'N@@', 'ar@@', 'end@@', 'ra', 'Mo@@', 'd@@', 'i', ',', 'is', 'me@@', 'eting', 'his', 'J@@', 'ap@@', 'an@@', 'ese', 'coun@@', 'ter@@', 'part', ',', 'S@@', 'hin@@', 'z@@', 'o', 'A@@', 'be', ',', 'in', 'T@@', 'ok@@', 'y@@', 'o', 'to', 'disc@@', 'uss', 'economic', 'and', 'security', 'ties', ',', 'on', 'his', 'first', 'major', 'fore@@', 'ign', 'visi@@', 't', 'since', 'w@@', 'inn@@', 'ing', 'Ma@@', 'y', '&apos;s', 'elec@@', 'tion', '.']
2025-05-03 11:56:48,185 - DEBUG - joeynmt.training - 	Tokenized hypothesis: ['China', ',', 'the', 'S@@', 'um@@', 'mit', 'N@@', 'er@@', 'i', 'S@@', 'on@@', 'ia', ',', 'the', 'first', 'first', 'of', 'the', 'first', 'first', 'of', 'the', 'first', 'first', 'of', 'the', 'S@@', 'on@@', 'ia', ',', 'and', 'a', 'S@@', 'on@@', 'ia', 'in', 'the', 'S@@', 'outh', 'A@@', 'z@@', 'a', ',', 'and', 'the', 'S@@', 'outh', 'A@@', 'z@@', 'z@@', 'an@@', 'o', ',', 'and', 'the', 'political', 're@@', 'lev@@', 'ant', 'and', 'economic', 're@@', 're@@', 'lev@@', 'ant', 'and', 'political', 're@@', 'pres@@', 'ents', '.', '</s>']
2025-05-03 11:56:48,186 - INFO - joeynmt.training - 	Source:     Indiens neuer Premierminister Narendra Modi trifft bei seinem ersten wichtigen Auslandsbesuch seit seinem Wahlsieg im Mai seinen japanischen Amtskollegen Shinzo Abe in Toko , um wirtschaftliche und sicherheitspolitische Beziehungen zu besprechen .
2025-05-03 11:56:48,186 - INFO - joeynmt.training - 	Reference:  India &apos;s new prime minister , Narendra Modi , is meeting his Japanese counterpart , Shinzo Abe , in Tokyo to discuss economic and security ties , on his first major foreign visit since winning May &apos;s election .
2025-05-03 11:56:48,186 - INFO - joeynmt.training - 	Hypothesis: China , the Summit Neri Sonia , the first first of the first first of the first first of the Sonia , and a Sonia in the South Aza , and the South Azzano , and the political relevant and economic rerelevant and political represents .
2025-05-03 11:56:48,186 - INFO - joeynmt.training - Example #2
2025-05-03 11:56:48,186 - DEBUG - joeynmt.training - 	Tokenized source:     ['Herr', 'Mo@@', 'd@@', 'i', 'befindet', 'sich', 'auf', 'einer', 'fü@@', 'n@@', 'f@@', 'tä@@', 'gi@@', 'gen', 'Rei@@', 'se', 'nach', 'J@@', 'ap@@', 'an', ',', 'um', 'die', 'wirtschaf@@', 'tlichen', 'Be@@', 'zieh@@', 'ungen', 'mit', 'der', 'd@@', 'rit@@', 't@@', 'größ@@', 'ten', 'Wirtschafts@@', 'n@@', 'ation', 'der', 'Welt', 'zu', 'fes@@', 'tigen', '.']
2025-05-03 11:56:48,186 - DEBUG - joeynmt.training - 	Tokenized reference:  ['Mr', 'Mo@@', 'd@@', 'i', 'is', 'on', 'a', 'fi@@', 've', '@@@', '-@@', '@', 'day', 'tri@@', 'p', 'to', 'J@@', 'ap@@', 'an', 'to', 'streng@@', 'then', 'economic', 'ties', 'with', 'the', 'third', 'lar@@', 'ges@@', 't', 'econom@@', 'y', 'in', 'the', 'world', '.']
2025-05-03 11:56:48,186 - DEBUG - joeynmt.training - 	Tokenized hypothesis: ['Mr', 'President', ',', 'the', 'cent@@', 'er', 'is', 'a', 'number', 'of', 'the', 'world', ',', 'and', 'the', 'econom@@', 'y', ',', 'the', 'econom@@', 'y', ',', 'the', 'econom@@', 'y', 'with', 'the', 'most', 'important', 'economic', 're@@', 'lev@@', 'ant', 'economic', 're@@', 'pres@@', 'ents', '.', '</s>']
2025-05-03 11:56:48,186 - INFO - joeynmt.training - 	Source:     Herr Modi befindet sich auf einer fünftägigen Reise nach Japan , um die wirtschaftlichen Beziehungen mit der drittgrößten Wirtschaftsnation der Welt zu festigen .
2025-05-03 11:56:48,186 - INFO - joeynmt.training - 	Reference:  Mr Modi is on a five @-@ day trip to Japan to strengthen economic ties with the third largest economy in the world .
2025-05-03 11:56:48,186 - INFO - joeynmt.training - 	Hypothesis: Mr President , the center is a number of the world , and the economy , the economy , the economy with the most important economic relevant economic represents .
2025-05-03 11:56:48,186 - INFO - joeynmt.training - Example #3
2025-05-03 11:56:48,186 - DEBUG - joeynmt.training - 	Tokenized source:     ['P@@', 'län@@', 'e', 'für', 'eine', 'stärk@@', 'ere', 'k@@', 'ern@@', 'techn@@', 'ische', 'Zusammenarbeit', 'stehen', 'ganz', 'ob@@', 'en', 'auf', 'der', 'Tag@@', 'es@@', 'ordnung', '.']
2025-05-03 11:56:48,186 - DEBUG - joeynmt.training - 	Tokenized reference:  ['high', 'on', 'the', 'agen@@', 'da', 'are', 'pl@@', 'ans', 'for', 'gre@@', 'ater', 'nu@@', 'clear', 'c@@', 'o', '@@@', '-@@', '@', 'operation', '.']
2025-05-03 11:56:48,186 - DEBUG - joeynmt.training - 	Tokenized hypothesis: ['P@@', 'ubli@@', 'c', 'for', 'a', 'techn@@', 'ical', 'cooperation', ',', 'and', 'cooperation', 'are', 'also', 'a', 'techn@@', 'ical', 'cooperation', '.', '</s>']
2025-05-03 11:56:48,187 - INFO - joeynmt.training - 	Source:     Pläne für eine stärkere kerntechnische Zusammenarbeit stehen ganz oben auf der Tagesordnung .
2025-05-03 11:56:48,187 - INFO - joeynmt.training - 	Reference:  high on the agenda are plans for greater nuclear co @-@ operation .
2025-05-03 11:56:48,187 - INFO - joeynmt.training - 	Hypothesis: Public for a technical cooperation , and cooperation are also a technical cooperation .
2025-05-03 11:56:48,187 - INFO - joeynmt.training - Example #4
2025-05-03 11:56:48,187 - DEBUG - joeynmt.training - 	Tokenized source:     ['Berich@@', 'ten', 'zu@@', 'fol@@', 'ge', 'ho@@', 'fft', 'Indi@@', 'en', 'darüber', 'hinaus', 'auf', 'einen', 'Ver@@', 'trag', 'zur', 'Ver@@', 'tei@@', 'dig@@', 'ungs@@', 'zusammen@@', 'arbeit', 'zwischen', 'den', 'beiden', 'N@@', 'ationen', '.']
2025-05-03 11:56:48,187 - DEBUG - joeynmt.training - 	Tokenized reference:  ['Indi@@', 'a', 'is', 'also', 're@@', 'porte@@', 'dly', 'hop@@', 'ing', 'for', 'a', 'de@@', 'al', 'on', 'def@@', 'ence', 'c@@', 'oll@@', 'ab@@', 'or@@', 'ation', 'between', 'the', 'two', 'n@@', 'ations', '.']
2025-05-03 11:56:48,187 - DEBUG - joeynmt.training - 	Tokenized hypothesis: ['report', 'on', 'the', 'fin@@', 'al', 'of', 'the', 'fact', 'that', 'is', 'a', 'con@@', 'text', 'to', 'the', 're@@', 'form', 'of', 'the', 'two', 'par@@', 'ties', '.', '</s>']
2025-05-03 11:56:48,187 - INFO - joeynmt.training - 	Source:     Berichten zufolge hofft Indien darüber hinaus auf einen Vertrag zur Verteidigungszusammenarbeit zwischen den beiden Nationen .
2025-05-03 11:56:48,187 - INFO - joeynmt.training - 	Reference:  India is also reportedly hoping for a deal on defence collaboration between the two nations .
2025-05-03 11:56:48,187 - INFO - joeynmt.training - 	Hypothesis: report on the final of the fact that is a context to the reform of the two parties .
2025-05-03 11:56:53,604 - INFO - joeynmt.training - Epoch   2, Step:     5100, Batch Loss:     2.454831, Batch Acc: 0.354736, Tokens per Sec:    16652, Lr: 0.000300
2025-05-03 11:56:59,226 - INFO - joeynmt.training - Epoch   2, Step:     5200, Batch Loss:     2.335435, Batch Acc: 0.363547, Tokens per Sec:    16883, Lr: 0.000300
2025-05-03 11:57:04,589 - INFO - joeynmt.training - Epoch   2, Step:     5300, Batch Loss:     2.280803, Batch Acc: 0.364494, Tokens per Sec:    17081, Lr: 0.000300
2025-05-03 11:57:10,057 - INFO - joeynmt.training - Epoch   2, Step:     5400, Batch Loss:     2.314097, Batch Acc: 0.372486, Tokens per Sec:    16989, Lr: 0.000300
2025-05-03 11:57:15,460 - INFO - joeynmt.training - Epoch   2, Step:     5500, Batch Loss:     2.303772, Batch Acc: 0.371670, Tokens per Sec:    17189, Lr: 0.000300
2025-05-03 11:57:15,460 - INFO - joeynmt.prediction - Predicting 500 example(s)... (Greedy decoding with min_output_length=1, max_output_length=-1, return_prob='none', generate_unk=True, repetition_penalty=-1, no_repeat_ngram_size=-1)
2025-05-03 11:57:20,957 - INFO - joeynmt.prediction - Evaluation result (greedy) loss:   2.68, ppl:  14.60, acc:   0.31, generation: 5.4891[sec], evaluation: 0.0000[sec]
2025-05-03 11:57:20,957 - INFO - joeynmt.training - Hooray! New best validation result [ppl]!
2025-05-03 11:57:21,038 - INFO - joeynmt.helpers - delete models/deen_transformer_pre/3000.ckpt
2025-05-03 11:57:21,045 - INFO - joeynmt.training - Example #0
2025-05-03 11:57:21,045 - DEBUG - joeynmt.training - 	Tokenized source:     ['die', 'Pre@@', 'mi@@', 'er@@', 'minist@@', 'er', 'Indi@@', 'ens', 'und', 'J@@', 'ap@@', 'ans', 'tra@@', 'fen', 'sich', 'in', 'T@@', 'ok@@', 'i@@', 'o', '.']
2025-05-03 11:57:21,045 - DEBUG - joeynmt.training - 	Tokenized reference:  ['Indi@@', 'a', 'and', 'J@@', 'ap@@', 'an', 'pri@@', 'me', 'minist@@', 'ers', 'me@@', 'et', 'in', 'T@@', 'ok@@', 'y@@', 'o']
2025-05-03 11:57:21,045 - DEBUG - joeynmt.training - 	Tokenized hypothesis: ['the', 'auth@@', 'orities', ',', 'J@@', 'ap@@', 'an', ',', 'and', 'J@@', 'ap@@', 'an', 'J@@', 'ap@@', 'an', ',', 'the', 'J@@', 'ap@@', 'an', '.', '</s>']
2025-05-03 11:57:21,046 - INFO - joeynmt.training - 	Source:     die Premierminister Indiens und Japans trafen sich in Tokio .
2025-05-03 11:57:21,046 - INFO - joeynmt.training - 	Reference:  India and Japan prime ministers meet in Tokyo
2025-05-03 11:57:21,046 - INFO - joeynmt.training - 	Hypothesis: the authorities , Japan , and Japan Japan , the Japan .
2025-05-03 11:57:21,046 - INFO - joeynmt.training - Example #1
2025-05-03 11:57:21,046 - DEBUG - joeynmt.training - 	Tokenized source:     ['Indi@@', 'ens', 'neu@@', 'er', 'Pre@@', 'mi@@', 'er@@', 'minist@@', 'er', 'N@@', 'ar@@', 'end@@', 'ra', 'Mo@@', 'd@@', 'i', 'tri@@', 'fft', 'bei', 's@@', 'einem', 'ersten', 'wichti@@', 'gen', 'Aus@@', 'land@@', 's@@', 'bes@@', 'u@@', 'ch', 'seit', 's@@', 'einem', 'W@@', 'ah@@', 'l@@', 'si@@', 'e@@', 'g', 'im', 'Ma@@', 'i', 'seinen', 'j@@', 'ap@@', 'an@@', 'ischen', 'Am@@', 'ts@@', 'k@@', 'olle@@', 'gen', 'S@@', 'hin@@', 'z@@', 'o', 'A@@', 'be', 'in', 'T@@', 'ok@@', 'o', ',', 'um', 'wirtschaf@@', 'tliche', 'und', 'sicher@@', 'heits@@', 'politische', 'Be@@', 'zieh@@', 'ungen', 'zu', 'bes@@', 'pre@@', 'chen', '.']
2025-05-03 11:57:21,046 - DEBUG - joeynmt.training - 	Tokenized reference:  ['Indi@@', 'a', '&apos;s', 'new', 'pri@@', 'me', 'minist@@', 'er', ',', 'N@@', 'ar@@', 'end@@', 'ra', 'Mo@@', 'd@@', 'i', ',', 'is', 'me@@', 'eting', 'his', 'J@@', 'ap@@', 'an@@', 'ese', 'coun@@', 'ter@@', 'part', ',', 'S@@', 'hin@@', 'z@@', 'o', 'A@@', 'be', ',', 'in', 'T@@', 'ok@@', 'y@@', 'o', 'to', 'disc@@', 'uss', 'economic', 'and', 'security', 'ties', ',', 'on', 'his', 'first', 'major', 'fore@@', 'ign', 'visi@@', 't', 'since', 'w@@', 'inn@@', 'ing', 'Ma@@', 'y', '&apos;s', 'elec@@', 'tion', '.']
2025-05-03 11:57:21,046 - DEBUG - joeynmt.training - 	Tokenized hypothesis: ['Indi@@', 'a', ',', 'the', 'N@@', 'ar@@', 'i', 'N@@', 'ar@@', 'i', '&apos;s', 'first', 're@@', 'pres@@', 'ents', 'a', 'first', 'first', 'of', 'the', 'first', 'first', 'read@@', 'ing', ',', 'the', 'first', 'time', ',', 'the', 'S@@', 'ah@@', 'e@@', 'ad', 'in', 'the', 'S@@', 'on@@', 'ia', ',', 'the', 'S@@', 'outh', 'A@@', 'T@@', 'O', 'A@@', 'T@@', 'O', 'A@@', 'T@@', 'O', ',', 'and', 'the', 'rel@@', 'ation@@', 'ship', ',', 'and', 'the', 'rel@@', 'ation@@', 'ship', 'of', 'economic', 'and', 'and', 'political', 're@@', 're@@', 'con@@', 'con@@', 'fi@@', 'gu@@', 'ration', '.', '</s>']
2025-05-03 11:57:21,046 - INFO - joeynmt.training - 	Source:     Indiens neuer Premierminister Narendra Modi trifft bei seinem ersten wichtigen Auslandsbesuch seit seinem Wahlsieg im Mai seinen japanischen Amtskollegen Shinzo Abe in Toko , um wirtschaftliche und sicherheitspolitische Beziehungen zu besprechen .
2025-05-03 11:57:21,046 - INFO - joeynmt.training - 	Reference:  India &apos;s new prime minister , Narendra Modi , is meeting his Japanese counterpart , Shinzo Abe , in Tokyo to discuss economic and security ties , on his first major foreign visit since winning May &apos;s election .
2025-05-03 11:57:21,046 - INFO - joeynmt.training - 	Hypothesis: India , the Nari Nari &apos;s first represents a first first of the first first reading , the first time , the Sahead in the Sonia , the South ATO ATO ATO , and the relationship , and the relationship of economic and and political rereconconfiguration .
2025-05-03 11:57:21,046 - INFO - joeynmt.training - Example #2
2025-05-03 11:57:21,046 - DEBUG - joeynmt.training - 	Tokenized source:     ['Herr', 'Mo@@', 'd@@', 'i', 'befindet', 'sich', 'auf', 'einer', 'fü@@', 'n@@', 'f@@', 'tä@@', 'gi@@', 'gen', 'Rei@@', 'se', 'nach', 'J@@', 'ap@@', 'an', ',', 'um', 'die', 'wirtschaf@@', 'tlichen', 'Be@@', 'zieh@@', 'ungen', 'mit', 'der', 'd@@', 'rit@@', 't@@', 'größ@@', 'ten', 'Wirtschafts@@', 'n@@', 'ation', 'der', 'Welt', 'zu', 'fes@@', 'tigen', '.']
2025-05-03 11:57:21,046 - DEBUG - joeynmt.training - 	Tokenized reference:  ['Mr', 'Mo@@', 'd@@', 'i', 'is', 'on', 'a', 'fi@@', 've', '@@@', '-@@', '@', 'day', 'tri@@', 'p', 'to', 'J@@', 'ap@@', 'an', 'to', 'streng@@', 'then', 'economic', 'ties', 'with', 'the', 'third', 'lar@@', 'ges@@', 't', 'econom@@', 'y', 'in', 'the', 'world', '.']
2025-05-03 11:57:21,046 - DEBUG - joeynmt.training - 	Tokenized hypothesis: ['Mr', 'Mo@@', 'd@@', 'i', 'is', 'located', 'on', 'a', 'fi@@', 'le', 'of', 'the', 'C@@', 'ap@@', 'art@@', 'ments', 'to', 'the', 'economic', 're@@', 'ports', 'of', 'the', 'economic', 're@@', 'ports', '.', '</s>']
2025-05-03 11:57:21,046 - INFO - joeynmt.training - 	Source:     Herr Modi befindet sich auf einer fünftägigen Reise nach Japan , um die wirtschaftlichen Beziehungen mit der drittgrößten Wirtschaftsnation der Welt zu festigen .
2025-05-03 11:57:21,046 - INFO - joeynmt.training - 	Reference:  Mr Modi is on a five @-@ day trip to Japan to strengthen economic ties with the third largest economy in the world .
2025-05-03 11:57:21,046 - INFO - joeynmt.training - 	Hypothesis: Mr Modi is located on a file of the Capartments to the economic reports of the economic reports .
2025-05-03 11:57:21,046 - INFO - joeynmt.training - Example #3
2025-05-03 11:57:21,046 - DEBUG - joeynmt.training - 	Tokenized source:     ['P@@', 'län@@', 'e', 'für', 'eine', 'stärk@@', 'ere', 'k@@', 'ern@@', 'techn@@', 'ische', 'Zusammenarbeit', 'stehen', 'ganz', 'ob@@', 'en', 'auf', 'der', 'Tag@@', 'es@@', 'ordnung', '.']
2025-05-03 11:57:21,046 - DEBUG - joeynmt.training - 	Tokenized reference:  ['high', 'on', 'the', 'agen@@', 'da', 'are', 'pl@@', 'ans', 'for', 'gre@@', 'ater', 'nu@@', 'clear', 'c@@', 'o', '@@@', '-@@', '@', 'operation', '.']
2025-05-03 11:57:21,046 - DEBUG - joeynmt.training - 	Tokenized hypothesis: ['P@@', 'ur@@', 'ch@@', 'e@@', 'ap@@', 'er', 'for', 'a', 'more', 'techn@@', 'ical', 'cooperation', 'cooperation', '.', '</s>']
2025-05-03 11:57:21,046 - INFO - joeynmt.training - 	Source:     Pläne für eine stärkere kerntechnische Zusammenarbeit stehen ganz oben auf der Tagesordnung .
2025-05-03 11:57:21,048 - INFO - joeynmt.training - 	Reference:  high on the agenda are plans for greater nuclear co @-@ operation .
2025-05-03 11:57:21,048 - INFO - joeynmt.training - 	Hypothesis: Purcheaper for a more technical cooperation cooperation .
2025-05-03 11:57:21,048 - INFO - joeynmt.training - Example #4
2025-05-03 11:57:21,048 - DEBUG - joeynmt.training - 	Tokenized source:     ['Berich@@', 'ten', 'zu@@', 'fol@@', 'ge', 'ho@@', 'fft', 'Indi@@', 'en', 'darüber', 'hinaus', 'auf', 'einen', 'Ver@@', 'trag', 'zur', 'Ver@@', 'tei@@', 'dig@@', 'ungs@@', 'zusammen@@', 'arbeit', 'zwischen', 'den', 'beiden', 'N@@', 'ationen', '.']
2025-05-03 11:57:21,048 - DEBUG - joeynmt.training - 	Tokenized reference:  ['Indi@@', 'a', 'is', 'also', 're@@', 'porte@@', 'dly', 'hop@@', 'ing', 'for', 'a', 'de@@', 'al', 'on', 'def@@', 'ence', 'c@@', 'oll@@', 'ab@@', 'or@@', 'ation', 'between', 'the', 'two', 'n@@', 'ations', '.']
2025-05-03 11:57:21,048 - DEBUG - joeynmt.training - 	Tokenized hypothesis: ['re@@', 'ports', 'are', 'also', 'important', ',', 'the', 'fact', 'that', 'is', 'also', 'a', 'matter', 'of', 'the', 'con@@', 'text', '.', '</s>']
2025-05-03 11:57:21,048 - INFO - joeynmt.training - 	Source:     Berichten zufolge hofft Indien darüber hinaus auf einen Vertrag zur Verteidigungszusammenarbeit zwischen den beiden Nationen .
2025-05-03 11:57:21,048 - INFO - joeynmt.training - 	Reference:  India is also reportedly hoping for a deal on defence collaboration between the two nations .
2025-05-03 11:57:21,048 - INFO - joeynmt.training - 	Hypothesis: reports are also important , the fact that is also a matter of the context .
2025-05-03 11:57:26,517 - INFO - joeynmt.training - Epoch   2, Step:     5600, Batch Loss:     2.239954, Batch Acc: 0.379936, Tokens per Sec:    16047, Lr: 0.000300
2025-05-03 11:57:32,017 - INFO - joeynmt.training - Epoch   2, Step:     5700, Batch Loss:     2.160447, Batch Acc: 0.379533, Tokens per Sec:    16535, Lr: 0.000300
2025-05-03 11:57:37,605 - INFO - joeynmt.training - Epoch   2, Step:     5800, Batch Loss:     2.422445, Batch Acc: 0.385493, Tokens per Sec:    16644, Lr: 0.000300
2025-05-03 11:57:43,065 - INFO - joeynmt.training - Epoch   2, Step:     5900, Batch Loss:     2.379567, Batch Acc: 0.389732, Tokens per Sec:    16711, Lr: 0.000300
2025-05-03 11:57:48,678 - INFO - joeynmt.training - Epoch   2, Step:     6000, Batch Loss:     2.260662, Batch Acc: 0.394912, Tokens per Sec:    16548, Lr: 0.000300
2025-05-03 11:57:48,678 - INFO - joeynmt.prediction - Predicting 500 example(s)... (Greedy decoding with min_output_length=1, max_output_length=-1, return_prob='none', generate_unk=True, repetition_penalty=-1, no_repeat_ngram_size=-1)
2025-05-03 11:57:53,876 - INFO - joeynmt.prediction - Evaluation result (greedy) loss:   2.60, ppl:  13.40, acc:   0.34, generation: 5.1901[sec], evaluation: 0.0000[sec]
2025-05-03 11:57:53,877 - INFO - joeynmt.training - Hooray! New best validation result [ppl]!
2025-05-03 11:57:53,958 - INFO - joeynmt.helpers - delete models/deen_transformer_pre/3500.ckpt
2025-05-03 11:57:53,964 - INFO - joeynmt.training - Example #0
2025-05-03 11:57:53,964 - DEBUG - joeynmt.training - 	Tokenized source:     ['die', 'Pre@@', 'mi@@', 'er@@', 'minist@@', 'er', 'Indi@@', 'ens', 'und', 'J@@', 'ap@@', 'ans', 'tra@@', 'fen', 'sich', 'in', 'T@@', 'ok@@', 'i@@', 'o', '.']
2025-05-03 11:57:53,964 - DEBUG - joeynmt.training - 	Tokenized reference:  ['Indi@@', 'a', 'and', 'J@@', 'ap@@', 'an', 'pri@@', 'me', 'minist@@', 'ers', 'me@@', 'et', 'in', 'T@@', 'ok@@', 'y@@', 'o']
2025-05-03 11:57:53,964 - DEBUG - joeynmt.training - 	Tokenized hypothesis: ['the', 'price', 'of', 'J@@', 'ap@@', 'an', 'A@@', 'ff@@', 'air@@', 's', 'and', 'J@@', 'ap@@', 'an', ',', 'in', 'T@@', 'ok@@', 'i@@', 'o', '.', '</s>']
2025-05-03 11:57:53,964 - INFO - joeynmt.training - 	Source:     die Premierminister Indiens und Japans trafen sich in Tokio .
2025-05-03 11:57:53,964 - INFO - joeynmt.training - 	Reference:  India and Japan prime ministers meet in Tokyo
2025-05-03 11:57:53,964 - INFO - joeynmt.training - 	Hypothesis: the price of Japan Affairs and Japan , in Tokio .
2025-05-03 11:57:53,964 - INFO - joeynmt.training - Example #1
2025-05-03 11:57:53,965 - DEBUG - joeynmt.training - 	Tokenized source:     ['Indi@@', 'ens', 'neu@@', 'er', 'Pre@@', 'mi@@', 'er@@', 'minist@@', 'er', 'N@@', 'ar@@', 'end@@', 'ra', 'Mo@@', 'd@@', 'i', 'tri@@', 'fft', 'bei', 's@@', 'einem', 'ersten', 'wichti@@', 'gen', 'Aus@@', 'land@@', 's@@', 'bes@@', 'u@@', 'ch', 'seit', 's@@', 'einem', 'W@@', 'ah@@', 'l@@', 'si@@', 'e@@', 'g', 'im', 'Ma@@', 'i', 'seinen', 'j@@', 'ap@@', 'an@@', 'ischen', 'Am@@', 'ts@@', 'k@@', 'olle@@', 'gen', 'S@@', 'hin@@', 'z@@', 'o', 'A@@', 'be', 'in', 'T@@', 'ok@@', 'o', ',', 'um', 'wirtschaf@@', 'tliche', 'und', 'sicher@@', 'heits@@', 'politische', 'Be@@', 'zieh@@', 'ungen', 'zu', 'bes@@', 'pre@@', 'chen', '.']
2025-05-03 11:57:53,965 - DEBUG - joeynmt.training - 	Tokenized reference:  ['Indi@@', 'a', '&apos;s', 'new', 'pri@@', 'me', 'minist@@', 'er', ',', 'N@@', 'ar@@', 'end@@', 'ra', 'Mo@@', 'd@@', 'i', ',', 'is', 'me@@', 'eting', 'his', 'J@@', 'ap@@', 'an@@', 'ese', 'coun@@', 'ter@@', 'part', ',', 'S@@', 'hin@@', 'z@@', 'o', 'A@@', 'be', ',', 'in', 'T@@', 'ok@@', 'y@@', 'o', 'to', 'disc@@', 'uss', 'economic', 'and', 'security', 'ties', ',', 'on', 'his', 'first', 'major', 'fore@@', 'ign', 'visi@@', 't', 'since', 'w@@', 'inn@@', 'ing', 'Ma@@', 'y', '&apos;s', 'elec@@', 'tion', '.']
2025-05-03 11:57:53,965 - DEBUG - joeynmt.training - 	Tokenized hypothesis: ['Indi@@', 'an', 'Go@@', 'vern@@', 'ment', 'N@@', 'ar@@', 'end@@', 'or@@', 'se', 'N@@', 'ar@@', 'i', '&apos;s', 'first', 'first', 'of', 'the', 'S@@', 'ha@@', 'z@@', 'e@@', 'ch', ',', 'the', 'S@@', 'ig@@', 'o', ',', 'has', 'been', 'made', 'in', 'the', 'Ma@@', 'y', 'of', 'his', 'own', 'own', 'own', 'own', 'own', 'own', 'own', 'and', 'economic', 'rel@@', 'ations', '.', '</s>']
2025-05-03 11:57:53,965 - INFO - joeynmt.training - 	Source:     Indiens neuer Premierminister Narendra Modi trifft bei seinem ersten wichtigen Auslandsbesuch seit seinem Wahlsieg im Mai seinen japanischen Amtskollegen Shinzo Abe in Toko , um wirtschaftliche und sicherheitspolitische Beziehungen zu besprechen .
2025-05-03 11:57:53,965 - INFO - joeynmt.training - 	Reference:  India &apos;s new prime minister , Narendra Modi , is meeting his Japanese counterpart , Shinzo Abe , in Tokyo to discuss economic and security ties , on his first major foreign visit since winning May &apos;s election .
2025-05-03 11:57:53,965 - INFO - joeynmt.training - 	Hypothesis: Indian Government Narendorse Nari &apos;s first first of the Shazech , the Sigo , has been made in the May of his own own own own own own own and economic relations .
2025-05-03 11:57:53,965 - INFO - joeynmt.training - Example #2
2025-05-03 11:57:53,965 - DEBUG - joeynmt.training - 	Tokenized source:     ['Herr', 'Mo@@', 'd@@', 'i', 'befindet', 'sich', 'auf', 'einer', 'fü@@', 'n@@', 'f@@', 'tä@@', 'gi@@', 'gen', 'Rei@@', 'se', 'nach', 'J@@', 'ap@@', 'an', ',', 'um', 'die', 'wirtschaf@@', 'tlichen', 'Be@@', 'zieh@@', 'ungen', 'mit', 'der', 'd@@', 'rit@@', 't@@', 'größ@@', 'ten', 'Wirtschafts@@', 'n@@', 'ation', 'der', 'Welt', 'zu', 'fes@@', 'tigen', '.']
2025-05-03 11:57:53,965 - DEBUG - joeynmt.training - 	Tokenized reference:  ['Mr', 'Mo@@', 'd@@', 'i', 'is', 'on', 'a', 'fi@@', 've', '@@@', '-@@', '@', 'day', 'tri@@', 'p', 'to', 'J@@', 'ap@@', 'an', 'to', 'streng@@', 'then', 'economic', 'ties', 'with', 'the', 'third', 'lar@@', 'ges@@', 't', 'econom@@', 'y', 'in', 'the', 'world', '.']
2025-05-03 11:57:53,965 - DEBUG - joeynmt.training - 	Tokenized hypothesis: ['Mr', 'Mo@@', 'd@@', 'i', 'is', 'on', 'a', 'fi@@', 'x@@', 'ed', 'by', 'J@@', 'ap@@', 'an', ',', 'the', 'economic', 'rel@@', 'ations', 'with', 'the', 'e@@', 'uro', ',', 'the', 'economic', 'rel@@', 'ations', 'with', 'the', 'world', 'of', 'the', 'world', '.', '</s>']
2025-05-03 11:57:53,965 - INFO - joeynmt.training - 	Source:     Herr Modi befindet sich auf einer fünftägigen Reise nach Japan , um die wirtschaftlichen Beziehungen mit der drittgrößten Wirtschaftsnation der Welt zu festigen .
2025-05-03 11:57:53,966 - INFO - joeynmt.training - 	Reference:  Mr Modi is on a five @-@ day trip to Japan to strengthen economic ties with the third largest economy in the world .
2025-05-03 11:57:53,966 - INFO - joeynmt.training - 	Hypothesis: Mr Modi is on a fixed by Japan , the economic relations with the euro , the economic relations with the world of the world .
2025-05-03 11:57:53,966 - INFO - joeynmt.training - Example #3
2025-05-03 11:57:53,966 - DEBUG - joeynmt.training - 	Tokenized source:     ['P@@', 'län@@', 'e', 'für', 'eine', 'stärk@@', 'ere', 'k@@', 'ern@@', 'techn@@', 'ische', 'Zusammenarbeit', 'stehen', 'ganz', 'ob@@', 'en', 'auf', 'der', 'Tag@@', 'es@@', 'ordnung', '.']
2025-05-03 11:57:53,966 - DEBUG - joeynmt.training - 	Tokenized reference:  ['high', 'on', 'the', 'agen@@', 'da', 'are', 'pl@@', 'ans', 'for', 'gre@@', 'ater', 'nu@@', 'clear', 'c@@', 'o', '@@@', '-@@', '@', 'operation', '.']
2025-05-03 11:57:53,966 - DEBUG - joeynmt.training - 	Tokenized hypothesis: ['p@@', 'ass@@', 'ed', 'for', 'a', 'more', 'more', 'than', 'the', 'most', 'important', 'cooperation', '.', '</s>']
2025-05-03 11:57:53,966 - INFO - joeynmt.training - 	Source:     Pläne für eine stärkere kerntechnische Zusammenarbeit stehen ganz oben auf der Tagesordnung .
2025-05-03 11:57:53,966 - INFO - joeynmt.training - 	Reference:  high on the agenda are plans for greater nuclear co @-@ operation .
2025-05-03 11:57:53,966 - INFO - joeynmt.training - 	Hypothesis: passed for a more more than the most important cooperation .
2025-05-03 11:57:53,966 - INFO - joeynmt.training - Example #4
2025-05-03 11:57:53,966 - DEBUG - joeynmt.training - 	Tokenized source:     ['Berich@@', 'ten', 'zu@@', 'fol@@', 'ge', 'ho@@', 'fft', 'Indi@@', 'en', 'darüber', 'hinaus', 'auf', 'einen', 'Ver@@', 'trag', 'zur', 'Ver@@', 'tei@@', 'dig@@', 'ungs@@', 'zusammen@@', 'arbeit', 'zwischen', 'den', 'beiden', 'N@@', 'ationen', '.']
2025-05-03 11:57:53,966 - DEBUG - joeynmt.training - 	Tokenized reference:  ['Indi@@', 'a', 'is', 'also', 're@@', 'porte@@', 'dly', 'hop@@', 'ing', 'for', 'a', 'de@@', 'al', 'on', 'def@@', 'ence', 'c@@', 'oll@@', 'ab@@', 'or@@', 'ation', 'between', 'the', 'two', 'n@@', 'ations', '.']
2025-05-03 11:57:53,966 - DEBUG - joeynmt.training - 	Tokenized hypothesis: ['re@@', 'ports', ',', 'the', 'same', 'di@@', 'st@@', 'ing@@', 'u@@', 'is@@', 'h@@', 'ed', 'to', 'the', 're@@', 'mo@@', 've', 'to', 'the', 'two', 'N@@', 'ations', '.', '</s>']
2025-05-03 11:57:53,967 - INFO - joeynmt.training - 	Source:     Berichten zufolge hofft Indien darüber hinaus auf einen Vertrag zur Verteidigungszusammenarbeit zwischen den beiden Nationen .
2025-05-03 11:57:53,967 - INFO - joeynmt.training - 	Reference:  India is also reportedly hoping for a deal on defence collaboration between the two nations .
2025-05-03 11:57:53,967 - INFO - joeynmt.training - 	Hypothesis: reports , the same distinguished to the remove to the two Nations .
2025-05-03 11:57:59,504 - INFO - joeynmt.training - Epoch   2, Step:     6100, Batch Loss:     2.165464, Batch Acc: 0.388621, Tokens per Sec:    16319, Lr: 0.000300
2025-05-03 11:58:04,892 - INFO - joeynmt.training - Epoch   2, Step:     6200, Batch Loss:     2.229048, Batch Acc: 0.393671, Tokens per Sec:    17009, Lr: 0.000300
2025-05-03 11:58:10,462 - INFO - joeynmt.training - Epoch   2, Step:     6300, Batch Loss:     2.121950, Batch Acc: 0.400509, Tokens per Sec:    16644, Lr: 0.000300
2025-05-03 11:58:15,801 - INFO - joeynmt.training - Epoch   2, Step:     6400, Batch Loss:     2.011714, Batch Acc: 0.408074, Tokens per Sec:    17092, Lr: 0.000300
2025-05-03 11:58:21,310 - INFO - joeynmt.training - Epoch   2, Step:     6500, Batch Loss:     2.259657, Batch Acc: 0.404200, Tokens per Sec:    16261, Lr: 0.000300
2025-05-03 11:58:21,310 - INFO - joeynmt.prediction - Predicting 500 example(s)... (Greedy decoding with min_output_length=1, max_output_length=-1, return_prob='none', generate_unk=True, repetition_penalty=-1, no_repeat_ngram_size=-1)
2025-05-03 11:58:26,356 - INFO - joeynmt.prediction - Evaluation result (greedy) loss:   2.55, ppl:  12.84, acc:   0.34, generation: 5.0386[sec], evaluation: 0.0000[sec]
2025-05-03 11:58:26,356 - INFO - joeynmt.training - Hooray! New best validation result [ppl]!
2025-05-03 11:58:26,437 - INFO - joeynmt.helpers - delete models/deen_transformer_pre/4000.ckpt
2025-05-03 11:58:26,443 - INFO - joeynmt.training - Example #0
2025-05-03 11:58:26,443 - DEBUG - joeynmt.training - 	Tokenized source:     ['die', 'Pre@@', 'mi@@', 'er@@', 'minist@@', 'er', 'Indi@@', 'ens', 'und', 'J@@', 'ap@@', 'ans', 'tra@@', 'fen', 'sich', 'in', 'T@@', 'ok@@', 'i@@', 'o', '.']
2025-05-03 11:58:26,443 - DEBUG - joeynmt.training - 	Tokenized reference:  ['Indi@@', 'a', 'and', 'J@@', 'ap@@', 'an', 'pri@@', 'me', 'minist@@', 'ers', 'me@@', 'et', 'in', 'T@@', 'ok@@', 'y@@', 'o']
2025-05-03 11:58:26,443 - DEBUG - joeynmt.training - 	Tokenized hypothesis: ['the', 'pri@@', 'or', 'of', 'the', 'pri@@', 'm@@', 'ari@@', 'ly', 'of', 'the', 'pri@@', 'ces', 'in', 'T@@', 'ok@@', 'i@@', 'o', '.', '</s>']
2025-05-03 11:58:26,444 - INFO - joeynmt.training - 	Source:     die Premierminister Indiens und Japans trafen sich in Tokio .
2025-05-03 11:58:26,444 - INFO - joeynmt.training - 	Reference:  India and Japan prime ministers meet in Tokyo
2025-05-03 11:58:26,444 - INFO - joeynmt.training - 	Hypothesis: the prior of the primarily of the prices in Tokio .
2025-05-03 11:58:26,444 - INFO - joeynmt.training - Example #1
2025-05-03 11:58:26,444 - DEBUG - joeynmt.training - 	Tokenized source:     ['Indi@@', 'ens', 'neu@@', 'er', 'Pre@@', 'mi@@', 'er@@', 'minist@@', 'er', 'N@@', 'ar@@', 'end@@', 'ra', 'Mo@@', 'd@@', 'i', 'tri@@', 'fft', 'bei', 's@@', 'einem', 'ersten', 'wichti@@', 'gen', 'Aus@@', 'land@@', 's@@', 'bes@@', 'u@@', 'ch', 'seit', 's@@', 'einem', 'W@@', 'ah@@', 'l@@', 'si@@', 'e@@', 'g', 'im', 'Ma@@', 'i', 'seinen', 'j@@', 'ap@@', 'an@@', 'ischen', 'Am@@', 'ts@@', 'k@@', 'olle@@', 'gen', 'S@@', 'hin@@', 'z@@', 'o', 'A@@', 'be', 'in', 'T@@', 'ok@@', 'o', ',', 'um', 'wirtschaf@@', 'tliche', 'und', 'sicher@@', 'heits@@', 'politische', 'Be@@', 'zieh@@', 'ungen', 'zu', 'bes@@', 'pre@@', 'chen', '.']
2025-05-03 11:58:26,444 - DEBUG - joeynmt.training - 	Tokenized reference:  ['Indi@@', 'a', '&apos;s', 'new', 'pri@@', 'me', 'minist@@', 'er', ',', 'N@@', 'ar@@', 'end@@', 'ra', 'Mo@@', 'd@@', 'i', ',', 'is', 'me@@', 'eting', 'his', 'J@@', 'ap@@', 'an@@', 'ese', 'coun@@', 'ter@@', 'part', ',', 'S@@', 'hin@@', 'z@@', 'o', 'A@@', 'be', ',', 'in', 'T@@', 'ok@@', 'y@@', 'o', 'to', 'disc@@', 'uss', 'economic', 'and', 'security', 'ties', ',', 'on', 'his', 'first', 'major', 'fore@@', 'ign', 'visi@@', 't', 'since', 'w@@', 'inn@@', 'ing', 'Ma@@', 'y', '&apos;s', 'elec@@', 'tion', '.']
2025-05-03 11:58:26,444 - DEBUG - joeynmt.training - 	Tokenized hypothesis: ['Indi@@', 'a', '&apos;s', 'pri@@', 'm@@', 'ari@@', 'ly', 're@@', 'pres@@', 'ents', 'a', 'first', 'first', 'important', 'ex@@', 'per@@', 'ts', 'in', 'a', 'first', 'important', 'ex@@', 'hi@@', 'bi@@', 'tion', 'of', 'the', 'S@@', 'ig@@', 'h', 'M@@', 'or@@', 'occ@@', 'o', ',', 'and', 'the', 'S@@', 'un@@', 'day', 'in', 'T@@', 'ok@@', 'o', ',', 'and', 'the', 'political', 'rel@@', 'ation@@', 'ship', ',', 'and', 'political', 'rel@@', 'ations', '.', '</s>']
2025-05-03 11:58:26,444 - INFO - joeynmt.training - 	Source:     Indiens neuer Premierminister Narendra Modi trifft bei seinem ersten wichtigen Auslandsbesuch seit seinem Wahlsieg im Mai seinen japanischen Amtskollegen Shinzo Abe in Toko , um wirtschaftliche und sicherheitspolitische Beziehungen zu besprechen .
2025-05-03 11:58:26,444 - INFO - joeynmt.training - 	Reference:  India &apos;s new prime minister , Narendra Modi , is meeting his Japanese counterpart , Shinzo Abe , in Tokyo to discuss economic and security ties , on his first major foreign visit since winning May &apos;s election .
2025-05-03 11:58:26,444 - INFO - joeynmt.training - 	Hypothesis: India &apos;s primarily represents a first first important experts in a first important exhibition of the Sigh Morocco , and the Sunday in Toko , and the political relationship , and political relations .
2025-05-03 11:58:26,444 - INFO - joeynmt.training - Example #2
2025-05-03 11:58:26,444 - DEBUG - joeynmt.training - 	Tokenized source:     ['Herr', 'Mo@@', 'd@@', 'i', 'befindet', 'sich', 'auf', 'einer', 'fü@@', 'n@@', 'f@@', 'tä@@', 'gi@@', 'gen', 'Rei@@', 'se', 'nach', 'J@@', 'ap@@', 'an', ',', 'um', 'die', 'wirtschaf@@', 'tlichen', 'Be@@', 'zieh@@', 'ungen', 'mit', 'der', 'd@@', 'rit@@', 't@@', 'größ@@', 'ten', 'Wirtschafts@@', 'n@@', 'ation', 'der', 'Welt', 'zu', 'fes@@', 'tigen', '.']
2025-05-03 11:58:26,445 - DEBUG - joeynmt.training - 	Tokenized reference:  ['Mr', 'Mo@@', 'd@@', 'i', 'is', 'on', 'a', 'fi@@', 've', '@@@', '-@@', '@', 'day', 'tri@@', 'p', 'to', 'J@@', 'ap@@', 'an', 'to', 'streng@@', 'then', 'economic', 'ties', 'with', 'the', 'third', 'lar@@', 'ges@@', 't', 'econom@@', 'y', 'in', 'the', 'world', '.']
2025-05-03 11:58:26,445 - DEBUG - joeynmt.training - 	Tokenized hypothesis: ['Mr', 'Mo@@', 'd@@', 'i', 'is', 'on', 'a', 'fi@@', 'le', 'of', 'the', 'world', '&apos;s', 'j@@', 'ap@@', 'art@@', 'ments', 'in', 'the', 'world', ',', 'to', 'the', 'economic', 'rel@@', 'ations', 'with', 'the', 'world', '&apos;s', 'economic', 'rel@@', 'ations', '.', '</s>']
2025-05-03 11:58:26,445 - INFO - joeynmt.training - 	Source:     Herr Modi befindet sich auf einer fünftägigen Reise nach Japan , um die wirtschaftlichen Beziehungen mit der drittgrößten Wirtschaftsnation der Welt zu festigen .
2025-05-03 11:58:26,445 - INFO - joeynmt.training - 	Reference:  Mr Modi is on a five @-@ day trip to Japan to strengthen economic ties with the third largest economy in the world .
2025-05-03 11:58:26,445 - INFO - joeynmt.training - 	Hypothesis: Mr Modi is on a file of the world &apos;s japartments in the world , to the economic relations with the world &apos;s economic relations .
2025-05-03 11:58:26,445 - INFO - joeynmt.training - Example #3
2025-05-03 11:58:26,445 - DEBUG - joeynmt.training - 	Tokenized source:     ['P@@', 'län@@', 'e', 'für', 'eine', 'stärk@@', 'ere', 'k@@', 'ern@@', 'techn@@', 'ische', 'Zusammenarbeit', 'stehen', 'ganz', 'ob@@', 'en', 'auf', 'der', 'Tag@@', 'es@@', 'ordnung', '.']
2025-05-03 11:58:26,445 - DEBUG - joeynmt.training - 	Tokenized reference:  ['high', 'on', 'the', 'agen@@', 'da', 'are', 'pl@@', 'ans', 'for', 'gre@@', 'ater', 'nu@@', 'clear', 'c@@', 'o', '@@@', '-@@', '@', 'operation', '.']
2025-05-03 11:58:26,445 - DEBUG - joeynmt.training - 	Tokenized hypothesis: ['P@@', 'ap@@', 'er', 'for', 'a', 'more', 'more', 'than', 'a', 'str@@', 'ong', 'with', 'the', 'next', 'it@@', 'em', 'to', 'be', 're@@', 'ach@@', 'ed', 'on', 'the', 'next', 'it@@', 'em', '.', '</s>']
2025-05-03 11:58:26,445 - INFO - joeynmt.training - 	Source:     Pläne für eine stärkere kerntechnische Zusammenarbeit stehen ganz oben auf der Tagesordnung .
2025-05-03 11:58:26,445 - INFO - joeynmt.training - 	Reference:  high on the agenda are plans for greater nuclear co @-@ operation .
2025-05-03 11:58:26,445 - INFO - joeynmt.training - 	Hypothesis: Paper for a more more than a strong with the next item to be reached on the next item .
2025-05-03 11:58:26,445 - INFO - joeynmt.training - Example #4
2025-05-03 11:58:26,445 - DEBUG - joeynmt.training - 	Tokenized source:     ['Berich@@', 'ten', 'zu@@', 'fol@@', 'ge', 'ho@@', 'fft', 'Indi@@', 'en', 'darüber', 'hinaus', 'auf', 'einen', 'Ver@@', 'trag', 'zur', 'Ver@@', 'tei@@', 'dig@@', 'ungs@@', 'zusammen@@', 'arbeit', 'zwischen', 'den', 'beiden', 'N@@', 'ationen', '.']
2025-05-03 11:58:26,445 - DEBUG - joeynmt.training - 	Tokenized reference:  ['Indi@@', 'a', 'is', 'also', 're@@', 'porte@@', 'dly', 'hop@@', 'ing', 'for', 'a', 'de@@', 'al', 'on', 'def@@', 'ence', 'c@@', 'oll@@', 'ab@@', 'or@@', 'ation', 'between', 'the', 'two', 'n@@', 'ations', '.']
2025-05-03 11:58:26,445 - DEBUG - joeynmt.training - 	Tokenized hypothesis: ['re@@', 'ports', 'the', 're@@', 'ports', 'of', 'the', 're@@', 'ports', 'on', 'the', 'con@@', 'text', 'of', 'the', 'proposal', 'to', 'the', 'propos@@', 'e', 'of', 'the', 'two', 'N@@', 'ations', '.', '</s>']
2025-05-03 11:58:26,445 - INFO - joeynmt.training - 	Source:     Berichten zufolge hofft Indien darüber hinaus auf einen Vertrag zur Verteidigungszusammenarbeit zwischen den beiden Nationen .
2025-05-03 11:58:26,445 - INFO - joeynmt.training - 	Reference:  India is also reportedly hoping for a deal on defence collaboration between the two nations .
2025-05-03 11:58:26,445 - INFO - joeynmt.training - 	Hypothesis: reports the reports of the reports on the context of the proposal to the propose of the two Nations .
2025-05-03 11:58:32,053 - INFO - joeynmt.training - Epoch   2, Step:     6600, Batch Loss:     2.169761, Batch Acc: 0.405465, Tokens per Sec:    16109, Lr: 0.000300
2025-05-03 11:58:37,512 - INFO - joeynmt.training - Epoch   2, Step:     6700, Batch Loss:     2.138704, Batch Acc: 0.409747, Tokens per Sec:    16826, Lr: 0.000300
2025-05-03 11:58:42,982 - INFO - joeynmt.training - Epoch   2, Step:     6800, Batch Loss:     2.109357, Batch Acc: 0.410887, Tokens per Sec:    16795, Lr: 0.000300
2025-05-03 11:58:48,521 - INFO - joeynmt.training - Epoch   2, Step:     6900, Batch Loss:     2.148579, Batch Acc: 0.409271, Tokens per Sec:    16545, Lr: 0.000300
2025-05-03 11:58:53,909 - INFO - joeynmt.training - Epoch   2, Step:     7000, Batch Loss:     2.262811, Batch Acc: 0.412528, Tokens per Sec:    17019, Lr: 0.000300
2025-05-03 11:58:53,909 - INFO - joeynmt.prediction - Predicting 500 example(s)... (Greedy decoding with min_output_length=1, max_output_length=-1, return_prob='none', generate_unk=True, repetition_penalty=-1, no_repeat_ngram_size=-1)
2025-05-03 11:58:59,025 - INFO - joeynmt.prediction - Evaluation result (greedy) loss:   2.50, ppl:  12.17, acc:   0.36, generation: 5.1114[sec], evaluation: 0.0000[sec]
2025-05-03 11:58:59,026 - INFO - joeynmt.training - Hooray! New best validation result [ppl]!
2025-05-03 11:58:59,108 - INFO - joeynmt.helpers - delete models/deen_transformer_pre/4500.ckpt
2025-05-03 11:58:59,114 - INFO - joeynmt.training - Example #0
2025-05-03 11:58:59,114 - DEBUG - joeynmt.training - 	Tokenized source:     ['die', 'Pre@@', 'mi@@', 'er@@', 'minist@@', 'er', 'Indi@@', 'ens', 'und', 'J@@', 'ap@@', 'ans', 'tra@@', 'fen', 'sich', 'in', 'T@@', 'ok@@', 'i@@', 'o', '.']
2025-05-03 11:58:59,114 - DEBUG - joeynmt.training - 	Tokenized reference:  ['Indi@@', 'a', 'and', 'J@@', 'ap@@', 'an', 'pri@@', 'me', 'minist@@', 'ers', 'me@@', 'et', 'in', 'T@@', 'ok@@', 'y@@', 'o']
2025-05-03 11:58:59,114 - DEBUG - joeynmt.training - 	Tokenized hypothesis: ['the', 'Pre@@', 'mi@@', 'er', 'minist@@', 'er', 'and', 'J@@', 'ap@@', 'an', 'F@@', 'e@@', 'der@@', 'i@@', 'o', '.', '</s>']
2025-05-03 11:58:59,115 - INFO - joeynmt.training - 	Source:     die Premierminister Indiens und Japans trafen sich in Tokio .
2025-05-03 11:58:59,115 - INFO - joeynmt.training - 	Reference:  India and Japan prime ministers meet in Tokyo
2025-05-03 11:58:59,115 - INFO - joeynmt.training - 	Hypothesis: the Premier minister and Japan Federio .
2025-05-03 11:58:59,115 - INFO - joeynmt.training - Example #1
2025-05-03 11:58:59,115 - DEBUG - joeynmt.training - 	Tokenized source:     ['Indi@@', 'ens', 'neu@@', 'er', 'Pre@@', 'mi@@', 'er@@', 'minist@@', 'er', 'N@@', 'ar@@', 'end@@', 'ra', 'Mo@@', 'd@@', 'i', 'tri@@', 'fft', 'bei', 's@@', 'einem', 'ersten', 'wichti@@', 'gen', 'Aus@@', 'land@@', 's@@', 'bes@@', 'u@@', 'ch', 'seit', 's@@', 'einem', 'W@@', 'ah@@', 'l@@', 'si@@', 'e@@', 'g', 'im', 'Ma@@', 'i', 'seinen', 'j@@', 'ap@@', 'an@@', 'ischen', 'Am@@', 'ts@@', 'k@@', 'olle@@', 'gen', 'S@@', 'hin@@', 'z@@', 'o', 'A@@', 'be', 'in', 'T@@', 'ok@@', 'o', ',', 'um', 'wirtschaf@@', 'tliche', 'und', 'sicher@@', 'heits@@', 'politische', 'Be@@', 'zieh@@', 'ungen', 'zu', 'bes@@', 'pre@@', 'chen', '.']
2025-05-03 11:58:59,115 - DEBUG - joeynmt.training - 	Tokenized reference:  ['Indi@@', 'a', '&apos;s', 'new', 'pri@@', 'me', 'minist@@', 'er', ',', 'N@@', 'ar@@', 'end@@', 'ra', 'Mo@@', 'd@@', 'i', ',', 'is', 'me@@', 'eting', 'his', 'J@@', 'ap@@', 'an@@', 'ese', 'coun@@', 'ter@@', 'part', ',', 'S@@', 'hin@@', 'z@@', 'o', 'A@@', 'be', ',', 'in', 'T@@', 'ok@@', 'y@@', 'o', 'to', 'disc@@', 'uss', 'economic', 'and', 'security', 'ties', ',', 'on', 'his', 'first', 'major', 'fore@@', 'ign', 'visi@@', 't', 'since', 'w@@', 'inn@@', 'ing', 'Ma@@', 'y', '&apos;s', 'elec@@', 'tion', '.']
2025-05-03 11:58:59,115 - DEBUG - joeynmt.training - 	Tokenized hypothesis: ['Indi@@', 'a', ',', 'E@@', 'ast', ',', 'N@@', 'ar@@', 'end@@', 'ra', 'N@@', 'ar@@', 'end@@', 'ra', 'Mo@@', 'd@@', 'i', 'S@@', 'ha@@', 'z@@', 'o', 'A@@', 'mer@@', 'ic@@', 'a', ',', 'since', 'the', 'first', 'first', 'of', 'the', 'S@@', 'outh', 'A@@', 'mer@@', 'ic@@', 'a', '&apos;s', 'first', 'first', 'of', 'the', 'S@@', 'ha@@', 'z@@', 'o', 'A@@', 'be', ',', 'and', 'the', 'political', 'rel@@', 'ation@@', 'ship', 'and', 'political', 'rel@@', 'ations', '.', '</s>']
2025-05-03 11:58:59,115 - INFO - joeynmt.training - 	Source:     Indiens neuer Premierminister Narendra Modi trifft bei seinem ersten wichtigen Auslandsbesuch seit seinem Wahlsieg im Mai seinen japanischen Amtskollegen Shinzo Abe in Toko , um wirtschaftliche und sicherheitspolitische Beziehungen zu besprechen .
2025-05-03 11:58:59,115 - INFO - joeynmt.training - 	Reference:  India &apos;s new prime minister , Narendra Modi , is meeting his Japanese counterpart , Shinzo Abe , in Tokyo to discuss economic and security ties , on his first major foreign visit since winning May &apos;s election .
2025-05-03 11:58:59,115 - INFO - joeynmt.training - 	Hypothesis: India , East , Narendra Narendra Modi Shazo America , since the first first of the South America &apos;s first first of the Shazo Abe , and the political relationship and political relations .
2025-05-03 11:58:59,116 - INFO - joeynmt.training - Example #2
2025-05-03 11:58:59,116 - DEBUG - joeynmt.training - 	Tokenized source:     ['Herr', 'Mo@@', 'd@@', 'i', 'befindet', 'sich', 'auf', 'einer', 'fü@@', 'n@@', 'f@@', 'tä@@', 'gi@@', 'gen', 'Rei@@', 'se', 'nach', 'J@@', 'ap@@', 'an', ',', 'um', 'die', 'wirtschaf@@', 'tlichen', 'Be@@', 'zieh@@', 'ungen', 'mit', 'der', 'd@@', 'rit@@', 't@@', 'größ@@', 'ten', 'Wirtschafts@@', 'n@@', 'ation', 'der', 'Welt', 'zu', 'fes@@', 'tigen', '.']
2025-05-03 11:58:59,116 - DEBUG - joeynmt.training - 	Tokenized reference:  ['Mr', 'Mo@@', 'd@@', 'i', 'is', 'on', 'a', 'fi@@', 've', '@@@', '-@@', '@', 'day', 'tri@@', 'p', 'to', 'J@@', 'ap@@', 'an', 'to', 'streng@@', 'then', 'economic', 'ties', 'with', 'the', 'third', 'lar@@', 'ges@@', 't', 'econom@@', 'y', 'in', 'the', 'world', '.']
2025-05-03 11:58:59,116 - DEBUG - joeynmt.training - 	Tokenized hypothesis: ['Mr', 'Mo@@', 'd@@', 'i', 'is', 'located', 'on', 'a', 'fi@@', 'f@@', 'th', 'of', 'the', 'world', '&apos;s', 'econom@@', 'y', 'to', 'the', 'economic', 'rel@@', 'ations', 'with', 'the', 'third', 'countries', 'of', 'the', 'world', '&apos;s', 'economic', 'rel@@', 'ations', 'with', 'the', 'world', '.', '</s>']
2025-05-03 11:58:59,116 - INFO - joeynmt.training - 	Source:     Herr Modi befindet sich auf einer fünftägigen Reise nach Japan , um die wirtschaftlichen Beziehungen mit der drittgrößten Wirtschaftsnation der Welt zu festigen .
2025-05-03 11:58:59,116 - INFO - joeynmt.training - 	Reference:  Mr Modi is on a five @-@ day trip to Japan to strengthen economic ties with the third largest economy in the world .
2025-05-03 11:58:59,116 - INFO - joeynmt.training - 	Hypothesis: Mr Modi is located on a fifth of the world &apos;s economy to the economic relations with the third countries of the world &apos;s economic relations with the world .
2025-05-03 11:58:59,116 - INFO - joeynmt.training - Example #3
2025-05-03 11:58:59,116 - DEBUG - joeynmt.training - 	Tokenized source:     ['P@@', 'län@@', 'e', 'für', 'eine', 'stärk@@', 'ere', 'k@@', 'ern@@', 'techn@@', 'ische', 'Zusammenarbeit', 'stehen', 'ganz', 'ob@@', 'en', 'auf', 'der', 'Tag@@', 'es@@', 'ordnung', '.']
2025-05-03 11:58:59,116 - DEBUG - joeynmt.training - 	Tokenized reference:  ['high', 'on', 'the', 'agen@@', 'da', 'are', 'pl@@', 'ans', 'for', 'gre@@', 'ater', 'nu@@', 'clear', 'c@@', 'o', '@@@', '-@@', '@', 'operation', '.']
2025-05-03 11:58:59,116 - DEBUG - joeynmt.training - 	Tokenized hypothesis: ['P@@', 'ur@@', 'ur@@', 's@@', 'an', 'cooperation', 'is', 'also', 'a', 'more', 'more', 'than', 'the', 'agen@@', 'da', '.', '</s>']
2025-05-03 11:58:59,116 - INFO - joeynmt.training - 	Source:     Pläne für eine stärkere kerntechnische Zusammenarbeit stehen ganz oben auf der Tagesordnung .
2025-05-03 11:58:59,116 - INFO - joeynmt.training - 	Reference:  high on the agenda are plans for greater nuclear co @-@ operation .
2025-05-03 11:58:59,117 - INFO - joeynmt.training - 	Hypothesis: Purursan cooperation is also a more more than the agenda .
2025-05-03 11:58:59,117 - INFO - joeynmt.training - Example #4
2025-05-03 11:58:59,117 - DEBUG - joeynmt.training - 	Tokenized source:     ['Berich@@', 'ten', 'zu@@', 'fol@@', 'ge', 'ho@@', 'fft', 'Indi@@', 'en', 'darüber', 'hinaus', 'auf', 'einen', 'Ver@@', 'trag', 'zur', 'Ver@@', 'tei@@', 'dig@@', 'ungs@@', 'zusammen@@', 'arbeit', 'zwischen', 'den', 'beiden', 'N@@', 'ationen', '.']
2025-05-03 11:58:59,117 - DEBUG - joeynmt.training - 	Tokenized reference:  ['Indi@@', 'a', 'is', 'also', 're@@', 'porte@@', 'dly', 'hop@@', 'ing', 'for', 'a', 'de@@', 'al', 'on', 'def@@', 'ence', 'c@@', 'oll@@', 'ab@@', 'or@@', 'ation', 'between', 'the', 'two', 'n@@', 'ations', '.']
2025-05-03 11:58:59,117 - DEBUG - joeynmt.training - 	Tokenized hypothesis: ['re@@', 'ports', 'the', 're@@', 'ports', 'to', 'the', 're@@', 'ports', 'on', 'the', 'con@@', 'text', 'of', 'the', 'two', 'N@@', 'ations', '.', '</s>']
2025-05-03 11:58:59,117 - INFO - joeynmt.training - 	Source:     Berichten zufolge hofft Indien darüber hinaus auf einen Vertrag zur Verteidigungszusammenarbeit zwischen den beiden Nationen .
2025-05-03 11:58:59,117 - INFO - joeynmt.training - 	Reference:  India is also reportedly hoping for a deal on defence collaboration between the two nations .
2025-05-03 11:58:59,117 - INFO - joeynmt.training - 	Hypothesis: reports the reports to the reports on the context of the two Nations .
2025-05-03 11:59:04,613 - INFO - joeynmt.training - Epoch   2, Step:     7100, Batch Loss:     2.112903, Batch Acc: 0.418782, Tokens per Sec:    16531, Lr: 0.000300
2025-05-03 11:59:10,120 - INFO - joeynmt.training - Epoch   2, Step:     7200, Batch Loss:     2.071228, Batch Acc: 0.417664, Tokens per Sec:    16840, Lr: 0.000300
2025-05-03 11:59:15,519 - INFO - joeynmt.training - Epoch   2, Step:     7300, Batch Loss:     2.303093, Batch Acc: 0.417613, Tokens per Sec:    16875, Lr: 0.000300
2025-05-03 11:59:20,961 - INFO - joeynmt.training - Epoch   2, Step:     7400, Batch Loss:     2.119230, Batch Acc: 0.423276, Tokens per Sec:    16565, Lr: 0.000300
2025-05-03 11:59:26,292 - INFO - joeynmt.training - Epoch   2, Step:     7500, Batch Loss:     2.158238, Batch Acc: 0.419973, Tokens per Sec:    17490, Lr: 0.000300
2025-05-03 11:59:26,292 - INFO - joeynmt.prediction - Predicting 500 example(s)... (Greedy decoding with min_output_length=1, max_output_length=-1, return_prob='none', generate_unk=True, repetition_penalty=-1, no_repeat_ngram_size=-1)
2025-05-03 11:59:32,261 - INFO - joeynmt.prediction - Evaluation result (greedy) loss:   2.45, ppl:  11.59, acc:   0.37, generation: 5.9602[sec], evaluation: 0.0000[sec]
2025-05-03 11:59:32,262 - INFO - joeynmt.training - Hooray! New best validation result [ppl]!
2025-05-03 11:59:32,342 - INFO - joeynmt.helpers - delete models/deen_transformer_pre/5000.ckpt
2025-05-03 11:59:32,348 - INFO - joeynmt.training - Example #0
2025-05-03 11:59:32,348 - DEBUG - joeynmt.training - 	Tokenized source:     ['die', 'Pre@@', 'mi@@', 'er@@', 'minist@@', 'er', 'Indi@@', 'ens', 'und', 'J@@', 'ap@@', 'ans', 'tra@@', 'fen', 'sich', 'in', 'T@@', 'ok@@', 'i@@', 'o', '.']
2025-05-03 11:59:32,348 - DEBUG - joeynmt.training - 	Tokenized reference:  ['Indi@@', 'a', 'and', 'J@@', 'ap@@', 'an', 'pri@@', 'me', 'minist@@', 'ers', 'me@@', 'et', 'in', 'T@@', 'ok@@', 'y@@', 'o']
2025-05-03 11:59:32,348 - DEBUG - joeynmt.training - 	Tokenized hypothesis: ['the', 'price', 'of', 'the', 'price', 'of', 'the', 'price', 'and', 'J@@', 'ap@@', 'an', 'F@@', 'e@@', 'der@@', 'al', 'A@@', 'ff@@', 'air@@', 's', '.', '</s>']
2025-05-03 11:59:32,348 - INFO - joeynmt.training - 	Source:     die Premierminister Indiens und Japans trafen sich in Tokio .
2025-05-03 11:59:32,348 - INFO - joeynmt.training - 	Reference:  India and Japan prime ministers meet in Tokyo
2025-05-03 11:59:32,349 - INFO - joeynmt.training - 	Hypothesis: the price of the price of the price and Japan Federal Affairs .
2025-05-03 11:59:32,349 - INFO - joeynmt.training - Example #1
2025-05-03 11:59:32,349 - DEBUG - joeynmt.training - 	Tokenized source:     ['Indi@@', 'ens', 'neu@@', 'er', 'Pre@@', 'mi@@', 'er@@', 'minist@@', 'er', 'N@@', 'ar@@', 'end@@', 'ra', 'Mo@@', 'd@@', 'i', 'tri@@', 'fft', 'bei', 's@@', 'einem', 'ersten', 'wichti@@', 'gen', 'Aus@@', 'land@@', 's@@', 'bes@@', 'u@@', 'ch', 'seit', 's@@', 'einem', 'W@@', 'ah@@', 'l@@', 'si@@', 'e@@', 'g', 'im', 'Ma@@', 'i', 'seinen', 'j@@', 'ap@@', 'an@@', 'ischen', 'Am@@', 'ts@@', 'k@@', 'olle@@', 'gen', 'S@@', 'hin@@', 'z@@', 'o', 'A@@', 'be', 'in', 'T@@', 'ok@@', 'o', ',', 'um', 'wirtschaf@@', 'tliche', 'und', 'sicher@@', 'heits@@', 'politische', 'Be@@', 'zieh@@', 'ungen', 'zu', 'bes@@', 'pre@@', 'chen', '.']
2025-05-03 11:59:32,349 - DEBUG - joeynmt.training - 	Tokenized reference:  ['Indi@@', 'a', '&apos;s', 'new', 'pri@@', 'me', 'minist@@', 'er', ',', 'N@@', 'ar@@', 'end@@', 'ra', 'Mo@@', 'd@@', 'i', ',', 'is', 'me@@', 'eting', 'his', 'J@@', 'ap@@', 'an@@', 'ese', 'coun@@', 'ter@@', 'part', ',', 'S@@', 'hin@@', 'z@@', 'o', 'A@@', 'be', ',', 'in', 'T@@', 'ok@@', 'y@@', 'o', 'to', 'disc@@', 'uss', 'economic', 'and', 'security', 'ties', ',', 'on', 'his', 'first', 'major', 'fore@@', 'ign', 'visi@@', 't', 'since', 'w@@', 'inn@@', 'ing', 'Ma@@', 'y', '&apos;s', 'elec@@', 'tion', '.']
2025-05-03 11:59:32,349 - DEBUG - joeynmt.training - 	Tokenized hypothesis: ['Indi@@', 'a', '&apos;s', 'pri@@', 'm@@', 'ari@@', 'ly', ',', 'the', 'Mi@@', 'd@@', 'd@@', 'i', 'Mo@@', 'd@@', 'i', ',', 'in', 'the', 'first', 'important', 'ex@@', 'clu@@', 'sive', ',', 'the', 'first', 'of', 'the', 'S@@', 'h@@', 'an@@', 'ish', 'M@@', 'ac@@', 'i@@', 'fic', 'A@@', 'sia', '&apos;s', '&apos;s', '&apos;s', 'S@@', 'h@@', 'z@@', 'o', ',', 'and', 'economic', 'sci@@', 'enti@@', 'fic', 'economic', 'rel@@', 'ations', '.', '</s>']
2025-05-03 11:59:32,349 - INFO - joeynmt.training - 	Source:     Indiens neuer Premierminister Narendra Modi trifft bei seinem ersten wichtigen Auslandsbesuch seit seinem Wahlsieg im Mai seinen japanischen Amtskollegen Shinzo Abe in Toko , um wirtschaftliche und sicherheitspolitische Beziehungen zu besprechen .
2025-05-03 11:59:32,349 - INFO - joeynmt.training - 	Reference:  India &apos;s new prime minister , Narendra Modi , is meeting his Japanese counterpart , Shinzo Abe , in Tokyo to discuss economic and security ties , on his first major foreign visit since winning May &apos;s election .
2025-05-03 11:59:32,349 - INFO - joeynmt.training - 	Hypothesis: India &apos;s primarily , the Middi Modi , in the first important exclusive , the first of the Shanish Macific Asia &apos;s &apos;s &apos;s Shzo , and economic scientific economic relations .
2025-05-03 11:59:32,349 - INFO - joeynmt.training - Example #2
2025-05-03 11:59:32,349 - DEBUG - joeynmt.training - 	Tokenized source:     ['Herr', 'Mo@@', 'd@@', 'i', 'befindet', 'sich', 'auf', 'einer', 'fü@@', 'n@@', 'f@@', 'tä@@', 'gi@@', 'gen', 'Rei@@', 'se', 'nach', 'J@@', 'ap@@', 'an', ',', 'um', 'die', 'wirtschaf@@', 'tlichen', 'Be@@', 'zieh@@', 'ungen', 'mit', 'der', 'd@@', 'rit@@', 't@@', 'größ@@', 'ten', 'Wirtschafts@@', 'n@@', 'ation', 'der', 'Welt', 'zu', 'fes@@', 'tigen', '.']
2025-05-03 11:59:32,350 - DEBUG - joeynmt.training - 	Tokenized reference:  ['Mr', 'Mo@@', 'd@@', 'i', 'is', 'on', 'a', 'fi@@', 've', '@@@', '-@@', '@', 'day', 'tri@@', 'p', 'to', 'J@@', 'ap@@', 'an', 'to', 'streng@@', 'then', 'economic', 'ties', 'with', 'the', 'third', 'lar@@', 'ges@@', 't', 'econom@@', 'y', 'in', 'the', 'world', '.']
2025-05-03 11:59:32,350 - DEBUG - joeynmt.training - 	Tokenized hypothesis: ['Mr', 'Mo@@', 'd@@', 'i', 'is', 'located', 'on', 'a', 'fi@@', 'f@@', 'th', 'of', 'the', 'world', '&apos;s', 'public', 'rel@@', 'ations', 'with', 'the', 'third', 'lar@@', 'ges@@', 't', 'economic', 'rel@@', 'ations', 'with', 'the', 'third', 'countries', 'of', 'the', 'world', '&apos;s', 'economic', 'rel@@', 'ations', '.', '</s>']
2025-05-03 11:59:32,350 - INFO - joeynmt.training - 	Source:     Herr Modi befindet sich auf einer fünftägigen Reise nach Japan , um die wirtschaftlichen Beziehungen mit der drittgrößten Wirtschaftsnation der Welt zu festigen .
2025-05-03 11:59:32,350 - INFO - joeynmt.training - 	Reference:  Mr Modi is on a five @-@ day trip to Japan to strengthen economic ties with the third largest economy in the world .
2025-05-03 11:59:32,350 - INFO - joeynmt.training - 	Hypothesis: Mr Modi is located on a fifth of the world &apos;s public relations with the third largest economic relations with the third countries of the world &apos;s economic relations .
2025-05-03 11:59:32,350 - INFO - joeynmt.training - Example #3
2025-05-03 11:59:32,350 - DEBUG - joeynmt.training - 	Tokenized source:     ['P@@', 'län@@', 'e', 'für', 'eine', 'stärk@@', 'ere', 'k@@', 'ern@@', 'techn@@', 'ische', 'Zusammenarbeit', 'stehen', 'ganz', 'ob@@', 'en', 'auf', 'der', 'Tag@@', 'es@@', 'ordnung', '.']
2025-05-03 11:59:32,350 - DEBUG - joeynmt.training - 	Tokenized reference:  ['high', 'on', 'the', 'agen@@', 'da', 'are', 'pl@@', 'ans', 'for', 'gre@@', 'ater', 'nu@@', 'clear', 'c@@', 'o', '@@@', '-@@', '@', 'operation', '.']
2025-05-03 11:59:32,350 - DEBUG - joeynmt.training - 	Tokenized hypothesis: ['P@@', 'ur@@', 's@@', 'an', 'cooperation', 'is', 'also', 'a', 'more', 'techn@@', 'ical', 'cooperation', 'are', 'concer@@', 'ned', '.', '</s>']
2025-05-03 11:59:32,350 - INFO - joeynmt.training - 	Source:     Pläne für eine stärkere kerntechnische Zusammenarbeit stehen ganz oben auf der Tagesordnung .
2025-05-03 11:59:32,350 - INFO - joeynmt.training - 	Reference:  high on the agenda are plans for greater nuclear co @-@ operation .
2025-05-03 11:59:32,350 - INFO - joeynmt.training - 	Hypothesis: Pursan cooperation is also a more technical cooperation are concerned .
2025-05-03 11:59:32,350 - INFO - joeynmt.training - Example #4
2025-05-03 11:59:32,351 - DEBUG - joeynmt.training - 	Tokenized source:     ['Berich@@', 'ten', 'zu@@', 'fol@@', 'ge', 'ho@@', 'fft', 'Indi@@', 'en', 'darüber', 'hinaus', 'auf', 'einen', 'Ver@@', 'trag', 'zur', 'Ver@@', 'tei@@', 'dig@@', 'ungs@@', 'zusammen@@', 'arbeit', 'zwischen', 'den', 'beiden', 'N@@', 'ationen', '.']
2025-05-03 11:59:32,351 - DEBUG - joeynmt.training - 	Tokenized reference:  ['Indi@@', 'a', 'is', 'also', 're@@', 'porte@@', 'dly', 'hop@@', 'ing', 'for', 'a', 'de@@', 'al', 'on', 'def@@', 'ence', 'c@@', 'oll@@', 'ab@@', 'or@@', 'ation', 'between', 'the', 'two', 'n@@', 'ations', '.']
2025-05-03 11:59:32,351 - DEBUG - joeynmt.training - 	Tokenized hypothesis: ['re@@', 'ports', 'the', 'succ@@', 'ess', 'of', 'the', 'succ@@', 'ess', 'of', 'the', 'con@@', 'tra@@', 'ct', 'between', 'the', 'two', 'N@@', 'ations', '.', '</s>']
2025-05-03 11:59:32,351 - INFO - joeynmt.training - 	Source:     Berichten zufolge hofft Indien darüber hinaus auf einen Vertrag zur Verteidigungszusammenarbeit zwischen den beiden Nationen .
2025-05-03 11:59:32,351 - INFO - joeynmt.training - 	Reference:  India is also reportedly hoping for a deal on defence collaboration between the two nations .
2025-05-03 11:59:32,351 - INFO - joeynmt.training - 	Hypothesis: reports the success of the success of the contract between the two Nations .
2025-05-03 11:59:37,705 - INFO - joeynmt.training - Epoch   2, Step:     7600, Batch Loss:     2.213237, Batch Acc: 0.426076, Tokens per Sec:    16887, Lr: 0.000300
2025-05-03 11:59:43,304 - INFO - joeynmt.training - Epoch   2, Step:     7700, Batch Loss:     2.225958, Batch Acc: 0.426860, Tokens per Sec:    16582, Lr: 0.000300
2025-05-03 11:59:48,656 - INFO - joeynmt.training - Epoch   2, Step:     7800, Batch Loss:     2.203166, Batch Acc: 0.434341, Tokens per Sec:    17056, Lr: 0.000300
2025-05-03 11:59:54,164 - INFO - joeynmt.training - Epoch   2, Step:     7900, Batch Loss:     2.066841, Batch Acc: 0.428517, Tokens per Sec:    16737, Lr: 0.000300
2025-05-03 11:59:59,621 - INFO - joeynmt.training - Epoch   2, Step:     8000, Batch Loss:     2.099317, Batch Acc: 0.434044, Tokens per Sec:    16736, Lr: 0.000300
2025-05-03 11:59:59,621 - INFO - joeynmt.prediction - Predicting 500 example(s)... (Greedy decoding with min_output_length=1, max_output_length=-1, return_prob='none', generate_unk=True, repetition_penalty=-1, no_repeat_ngram_size=-1)
2025-05-03 12:00:06,142 - INFO - joeynmt.prediction - Evaluation result (greedy) loss:   2.42, ppl:  11.25, acc:   0.38, generation: 6.5148[sec], evaluation: 0.0000[sec]
2025-05-03 12:00:06,142 - INFO - joeynmt.training - Hooray! New best validation result [ppl]!
2025-05-03 12:00:06,223 - INFO - joeynmt.helpers - delete models/deen_transformer_pre/5500.ckpt
2025-05-03 12:00:06,229 - INFO - joeynmt.training - Example #0
2025-05-03 12:00:06,229 - DEBUG - joeynmt.training - 	Tokenized source:     ['die', 'Pre@@', 'mi@@', 'er@@', 'minist@@', 'er', 'Indi@@', 'ens', 'und', 'J@@', 'ap@@', 'ans', 'tra@@', 'fen', 'sich', 'in', 'T@@', 'ok@@', 'i@@', 'o', '.']
2025-05-03 12:00:06,229 - DEBUG - joeynmt.training - 	Tokenized reference:  ['Indi@@', 'a', 'and', 'J@@', 'ap@@', 'an', 'pri@@', 'me', 'minist@@', 'ers', 'me@@', 'et', 'in', 'T@@', 'ok@@', 'y@@', 'o']
2025-05-03 12:00:06,229 - DEBUG - joeynmt.training - 	Tokenized hypothesis: ['the', 'price', 'of', 'Indi@@', 'a', 'and', 'J@@', 'ap@@', 'an', 'F@@', 'e@@', 'der@@', 'al', 'A@@', 'ff@@', 'air@@', 's', '.', '</s>']
2025-05-03 12:00:06,229 - INFO - joeynmt.training - 	Source:     die Premierminister Indiens und Japans trafen sich in Tokio .
2025-05-03 12:00:06,229 - INFO - joeynmt.training - 	Reference:  India and Japan prime ministers meet in Tokyo
2025-05-03 12:00:06,229 - INFO - joeynmt.training - 	Hypothesis: the price of India and Japan Federal Affairs .
2025-05-03 12:00:06,229 - INFO - joeynmt.training - Example #1
2025-05-03 12:00:06,229 - DEBUG - joeynmt.training - 	Tokenized source:     ['Indi@@', 'ens', 'neu@@', 'er', 'Pre@@', 'mi@@', 'er@@', 'minist@@', 'er', 'N@@', 'ar@@', 'end@@', 'ra', 'Mo@@', 'd@@', 'i', 'tri@@', 'fft', 'bei', 's@@', 'einem', 'ersten', 'wichti@@', 'gen', 'Aus@@', 'land@@', 's@@', 'bes@@', 'u@@', 'ch', 'seit', 's@@', 'einem', 'W@@', 'ah@@', 'l@@', 'si@@', 'e@@', 'g', 'im', 'Ma@@', 'i', 'seinen', 'j@@', 'ap@@', 'an@@', 'ischen', 'Am@@', 'ts@@', 'k@@', 'olle@@', 'gen', 'S@@', 'hin@@', 'z@@', 'o', 'A@@', 'be', 'in', 'T@@', 'ok@@', 'o', ',', 'um', 'wirtschaf@@', 'tliche', 'und', 'sicher@@', 'heits@@', 'politische', 'Be@@', 'zieh@@', 'ungen', 'zu', 'bes@@', 'pre@@', 'chen', '.']
2025-05-03 12:00:06,229 - DEBUG - joeynmt.training - 	Tokenized reference:  ['Indi@@', 'a', '&apos;s', 'new', 'pri@@', 'me', 'minist@@', 'er', ',', 'N@@', 'ar@@', 'end@@', 'ra', 'Mo@@', 'd@@', 'i', ',', 'is', 'me@@', 'eting', 'his', 'J@@', 'ap@@', 'an@@', 'ese', 'coun@@', 'ter@@', 'part', ',', 'S@@', 'hin@@', 'z@@', 'o', 'A@@', 'be', ',', 'in', 'T@@', 'ok@@', 'y@@', 'o', 'to', 'disc@@', 'uss', 'economic', 'and', 'security', 'ties', ',', 'on', 'his', 'first', 'major', 'fore@@', 'ign', 'visi@@', 't', 'since', 'w@@', 'inn@@', 'ing', 'Ma@@', 'y', '&apos;s', 'elec@@', 'tion', '.']
2025-05-03 12:00:06,230 - DEBUG - joeynmt.training - 	Tokenized hypothesis: ['Indi@@', 'a', '&apos;s', 'pri@@', 'm@@', 'ary', 'pri@@', 'm@@', 'ary', 'minist@@', 'er', ',', 'the', 'N@@', 'ar@@', 'end@@', 'ra', 'Mo@@', 'd@@', 't', ',', 'has', 'been', 'the', 'first', 'important', 'ex@@', 'clu@@', 'sive', 'for', 'his', 'first', 'time', ',', 'since', 'his', 'his', 'own', 'elec@@', 'tri@@', 'c', 'am@@', 'oun@@', 'ts', 'of', 'the', 'C@@', 'our@@', 't', 'Group', 'of', 'the', 'S@@', 'ec@@', 'z@@', 'o', ',', 'and', 'the', 'political', 'rel@@', 'ations', '.', '</s>']
2025-05-03 12:00:06,230 - INFO - joeynmt.training - 	Source:     Indiens neuer Premierminister Narendra Modi trifft bei seinem ersten wichtigen Auslandsbesuch seit seinem Wahlsieg im Mai seinen japanischen Amtskollegen Shinzo Abe in Toko , um wirtschaftliche und sicherheitspolitische Beziehungen zu besprechen .
2025-05-03 12:00:06,230 - INFO - joeynmt.training - 	Reference:  India &apos;s new prime minister , Narendra Modi , is meeting his Japanese counterpart , Shinzo Abe , in Tokyo to discuss economic and security ties , on his first major foreign visit since winning May &apos;s election .
2025-05-03 12:00:06,230 - INFO - joeynmt.training - 	Hypothesis: India &apos;s primary primary minister , the Narendra Modt , has been the first important exclusive for his first time , since his his own electric amounts of the Court Group of the Seczo , and the political relations .
2025-05-03 12:00:06,230 - INFO - joeynmt.training - Example #2
2025-05-03 12:00:06,230 - DEBUG - joeynmt.training - 	Tokenized source:     ['Herr', 'Mo@@', 'd@@', 'i', 'befindet', 'sich', 'auf', 'einer', 'fü@@', 'n@@', 'f@@', 'tä@@', 'gi@@', 'gen', 'Rei@@', 'se', 'nach', 'J@@', 'ap@@', 'an', ',', 'um', 'die', 'wirtschaf@@', 'tlichen', 'Be@@', 'zieh@@', 'ungen', 'mit', 'der', 'd@@', 'rit@@', 't@@', 'größ@@', 'ten', 'Wirtschafts@@', 'n@@', 'ation', 'der', 'Welt', 'zu', 'fes@@', 'tigen', '.']
2025-05-03 12:00:06,230 - DEBUG - joeynmt.training - 	Tokenized reference:  ['Mr', 'Mo@@', 'd@@', 'i', 'is', 'on', 'a', 'fi@@', 've', '@@@', '-@@', '@', 'day', 'tri@@', 'p', 'to', 'J@@', 'ap@@', 'an', 'to', 'streng@@', 'then', 'economic', 'ties', 'with', 'the', 'third', 'lar@@', 'ges@@', 't', 'econom@@', 'y', 'in', 'the', 'world', '.']
2025-05-03 12:00:06,230 - DEBUG - joeynmt.training - 	Tokenized hypothesis: ['Mr', 'Mo@@', 'd@@', 'i', 'is', 'located', 'on', 'a', 'fi@@', 'f@@', 'te@@', 'mp@@', 't', 'to', 'j@@', 'ap@@', 'art@@', 'ment', 'with', 'the', 'development', 'of', 'the', 'world', '&apos;s', 'economic', 'rel@@', 'ations', 'with', 'the', 'world', '&apos;s', 'economic', 'rel@@', 'ations', 'with', 'the', 'world', '.', '</s>']
2025-05-03 12:00:06,230 - INFO - joeynmt.training - 	Source:     Herr Modi befindet sich auf einer fünftägigen Reise nach Japan , um die wirtschaftlichen Beziehungen mit der drittgrößten Wirtschaftsnation der Welt zu festigen .
2025-05-03 12:00:06,230 - INFO - joeynmt.training - 	Reference:  Mr Modi is on a five @-@ day trip to Japan to strengthen economic ties with the third largest economy in the world .
2025-05-03 12:00:06,230 - INFO - joeynmt.training - 	Hypothesis: Mr Modi is located on a fiftempt to japartment with the development of the world &apos;s economic relations with the world &apos;s economic relations with the world .
2025-05-03 12:00:06,230 - INFO - joeynmt.training - Example #3
2025-05-03 12:00:06,231 - DEBUG - joeynmt.training - 	Tokenized source:     ['P@@', 'län@@', 'e', 'für', 'eine', 'stärk@@', 'ere', 'k@@', 'ern@@', 'techn@@', 'ische', 'Zusammenarbeit', 'stehen', 'ganz', 'ob@@', 'en', 'auf', 'der', 'Tag@@', 'es@@', 'ordnung', '.']
2025-05-03 12:00:06,231 - DEBUG - joeynmt.training - 	Tokenized reference:  ['high', 'on', 'the', 'agen@@', 'da', 'are', 'pl@@', 'ans', 'for', 'gre@@', 'ater', 'nu@@', 'clear', 'c@@', 'o', '@@@', '-@@', '@', 'operation', '.']
2025-05-03 12:00:06,231 - DEBUG - joeynmt.training - 	Tokenized hypothesis: ['the', 'most', 'important', 'techn@@', 'ical', 'cooperation', 'are', 'concer@@', 'ned', 'about', 'the', 'most', 'important', 'techn@@', 'ical', 'cooperation', '.', '</s>']
2025-05-03 12:00:06,231 - INFO - joeynmt.training - 	Source:     Pläne für eine stärkere kerntechnische Zusammenarbeit stehen ganz oben auf der Tagesordnung .
2025-05-03 12:00:06,231 - INFO - joeynmt.training - 	Reference:  high on the agenda are plans for greater nuclear co @-@ operation .
2025-05-03 12:00:06,231 - INFO - joeynmt.training - 	Hypothesis: the most important technical cooperation are concerned about the most important technical cooperation .
2025-05-03 12:00:06,231 - INFO - joeynmt.training - Example #4
2025-05-03 12:00:06,231 - DEBUG - joeynmt.training - 	Tokenized source:     ['Berich@@', 'ten', 'zu@@', 'fol@@', 'ge', 'ho@@', 'fft', 'Indi@@', 'en', 'darüber', 'hinaus', 'auf', 'einen', 'Ver@@', 'trag', 'zur', 'Ver@@', 'tei@@', 'dig@@', 'ungs@@', 'zusammen@@', 'arbeit', 'zwischen', 'den', 'beiden', 'N@@', 'ationen', '.']
2025-05-03 12:00:06,231 - DEBUG - joeynmt.training - 	Tokenized reference:  ['Indi@@', 'a', 'is', 'also', 're@@', 'porte@@', 'dly', 'hop@@', 'ing', 'for', 'a', 'de@@', 'al', 'on', 'def@@', 'ence', 'c@@', 'oll@@', 'ab@@', 'or@@', 'ation', 'between', 'the', 'two', 'n@@', 'ations', '.']
2025-05-03 12:00:06,231 - DEBUG - joeynmt.training - 	Tokenized hypothesis: ['re@@', 'ports', 'the', 'high@@', 'est', 'Indi@@', 'a', 'is', 'also', 'the', 'pro@@', 'spec@@', 'tion', 'of', 'the', 'two', 'N@@', 'ations', '.', '</s>']
2025-05-03 12:00:06,231 - INFO - joeynmt.training - 	Source:     Berichten zufolge hofft Indien darüber hinaus auf einen Vertrag zur Verteidigungszusammenarbeit zwischen den beiden Nationen .
2025-05-03 12:00:06,231 - INFO - joeynmt.training - 	Reference:  India is also reportedly hoping for a deal on defence collaboration between the two nations .
2025-05-03 12:00:06,231 - INFO - joeynmt.training - 	Hypothesis: reports the highest India is also the prospection of the two Nations .
2025-05-03 12:00:11,604 - INFO - joeynmt.training - Epoch   2, Step:     8100, Batch Loss:     2.057404, Batch Acc: 0.433700, Tokens per Sec:    16454, Lr: 0.000300
2025-05-03 12:00:13,305 - INFO - joeynmt.training - Epoch   2: total training loss 9289.25
2025-05-03 12:00:13,305 - INFO - joeynmt.training - EPOCH 3
2025-05-03 12:00:17,201 - INFO - joeynmt.training - Epoch   3, Step:     8200, Batch Loss:     2.226629, Batch Acc: 0.441313, Tokens per Sec:    16572, Lr: 0.000300
2025-05-03 12:00:22,563 - INFO - joeynmt.training - Epoch   3, Step:     8300, Batch Loss:     1.900080, Batch Acc: 0.445471, Tokens per Sec:    17029, Lr: 0.000300
2025-05-03 12:00:27,921 - INFO - joeynmt.training - Epoch   3, Step:     8400, Batch Loss:     2.066609, Batch Acc: 0.445230, Tokens per Sec:    16969, Lr: 0.000300
2025-05-03 12:00:33,461 - INFO - joeynmt.training - Epoch   3, Step:     8500, Batch Loss:     2.258983, Batch Acc: 0.448815, Tokens per Sec:    16588, Lr: 0.000300
2025-05-03 12:00:33,461 - INFO - joeynmt.prediction - Predicting 500 example(s)... (Greedy decoding with min_output_length=1, max_output_length=-1, return_prob='none', generate_unk=True, repetition_penalty=-1, no_repeat_ngram_size=-1)
2025-05-03 12:00:39,669 - INFO - joeynmt.prediction - Evaluation result (greedy) loss:   2.39, ppl:  10.90, acc:   0.39, generation: 6.2027[sec], evaluation: 0.0000[sec]
2025-05-03 12:00:39,670 - INFO - joeynmt.training - Hooray! New best validation result [ppl]!
2025-05-03 12:00:39,751 - INFO - joeynmt.helpers - delete models/deen_transformer_pre/6000.ckpt
2025-05-03 12:00:39,759 - INFO - joeynmt.training - Example #0
2025-05-03 12:00:39,759 - DEBUG - joeynmt.training - 	Tokenized source:     ['die', 'Pre@@', 'mi@@', 'er@@', 'minist@@', 'er', 'Indi@@', 'ens', 'und', 'J@@', 'ap@@', 'ans', 'tra@@', 'fen', 'sich', 'in', 'T@@', 'ok@@', 'i@@', 'o', '.']
2025-05-03 12:00:39,759 - DEBUG - joeynmt.training - 	Tokenized reference:  ['Indi@@', 'a', 'and', 'J@@', 'ap@@', 'an', 'pri@@', 'me', 'minist@@', 'ers', 'me@@', 'et', 'in', 'T@@', 'ok@@', 'y@@', 'o']
2025-05-03 12:00:39,759 - DEBUG - joeynmt.training - 	Tokenized hypothesis: ['the', 'pri@@', 'mi@@', 'er@@', 'minist@@', 'ers', 'and', 'J@@', 'ap@@', 'ans', 'and', 'J@@', 'ap@@', 'ans', '.', '</s>']
2025-05-03 12:00:39,760 - INFO - joeynmt.training - 	Source:     die Premierminister Indiens und Japans trafen sich in Tokio .
2025-05-03 12:00:39,760 - INFO - joeynmt.training - 	Reference:  India and Japan prime ministers meet in Tokyo
2025-05-03 12:00:39,760 - INFO - joeynmt.training - 	Hypothesis: the primierministers and Japans and Japans .
2025-05-03 12:00:39,760 - INFO - joeynmt.training - Example #1
2025-05-03 12:00:39,760 - DEBUG - joeynmt.training - 	Tokenized source:     ['Indi@@', 'ens', 'neu@@', 'er', 'Pre@@', 'mi@@', 'er@@', 'minist@@', 'er', 'N@@', 'ar@@', 'end@@', 'ra', 'Mo@@', 'd@@', 'i', 'tri@@', 'fft', 'bei', 's@@', 'einem', 'ersten', 'wichti@@', 'gen', 'Aus@@', 'land@@', 's@@', 'bes@@', 'u@@', 'ch', 'seit', 's@@', 'einem', 'W@@', 'ah@@', 'l@@', 'si@@', 'e@@', 'g', 'im', 'Ma@@', 'i', 'seinen', 'j@@', 'ap@@', 'an@@', 'ischen', 'Am@@', 'ts@@', 'k@@', 'olle@@', 'gen', 'S@@', 'hin@@', 'z@@', 'o', 'A@@', 'be', 'in', 'T@@', 'ok@@', 'o', ',', 'um', 'wirtschaf@@', 'tliche', 'und', 'sicher@@', 'heits@@', 'politische', 'Be@@', 'zieh@@', 'ungen', 'zu', 'bes@@', 'pre@@', 'chen', '.']
2025-05-03 12:00:39,760 - DEBUG - joeynmt.training - 	Tokenized reference:  ['Indi@@', 'a', '&apos;s', 'new', 'pri@@', 'me', 'minist@@', 'er', ',', 'N@@', 'ar@@', 'end@@', 'ra', 'Mo@@', 'd@@', 'i', ',', 'is', 'me@@', 'eting', 'his', 'J@@', 'ap@@', 'an@@', 'ese', 'coun@@', 'ter@@', 'part', ',', 'S@@', 'hin@@', 'z@@', 'o', 'A@@', 'be', ',', 'in', 'T@@', 'ok@@', 'y@@', 'o', 'to', 'disc@@', 'uss', 'economic', 'and', 'security', 'ties', ',', 'on', 'his', 'first', 'major', 'fore@@', 'ign', 'visi@@', 't', 'since', 'w@@', 'inn@@', 'ing', 'Ma@@', 'y', '&apos;s', 'elec@@', 'tion', '.']
2025-05-03 12:00:39,760 - DEBUG - joeynmt.training - 	Tokenized hypothesis: ['Indi@@', 'a', '&apos;s', 'pri@@', 'm@@', 'ari@@', 'ly', ',', 'the', 'Indi@@', 'a', ',', 'the', 'S@@', 'h@@', 'on@@', 'oura@@', 'ble', 'M@@', 'er@@', 'minist@@', 'ers', ',', 'in', 'the', 'S@@', 'h@@', 'h@@', 'or@@', 'se', 'of', 'his', 'elec@@', 'tions', ',', 'in', 'the', 'Ma@@', 'y', 'of', 'his', 'j@@', 'ap@@', 'an@@', 'ese', 'S@@', 'hin@@', 'z@@', 'o', 'A@@', 'be', 'A@@', 'mer@@', 'ic@@', 'a', '&apos;s', 'S@@', 'hin@@', 'z@@', 'o', ',', 'to', 'be', 're@@', 'ach@@', 'ed', 'in', 'T@@', 'ok@@', 'o', ',', 'and', 'the', 'political', 'rel@@', 'ations', '.', '</s>']
2025-05-03 12:00:39,761 - INFO - joeynmt.training - 	Source:     Indiens neuer Premierminister Narendra Modi trifft bei seinem ersten wichtigen Auslandsbesuch seit seinem Wahlsieg im Mai seinen japanischen Amtskollegen Shinzo Abe in Toko , um wirtschaftliche und sicherheitspolitische Beziehungen zu besprechen .
2025-05-03 12:00:39,761 - INFO - joeynmt.training - 	Reference:  India &apos;s new prime minister , Narendra Modi , is meeting his Japanese counterpart , Shinzo Abe , in Tokyo to discuss economic and security ties , on his first major foreign visit since winning May &apos;s election .
2025-05-03 12:00:39,761 - INFO - joeynmt.training - 	Hypothesis: India &apos;s primarily , the India , the Shonourable Merministers , in the Shhorse of his elections , in the May of his japanese Shinzo Abe America &apos;s Shinzo , to be reached in Toko , and the political relations .
2025-05-03 12:00:39,761 - INFO - joeynmt.training - Example #2
2025-05-03 12:00:39,761 - DEBUG - joeynmt.training - 	Tokenized source:     ['Herr', 'Mo@@', 'd@@', 'i', 'befindet', 'sich', 'auf', 'einer', 'fü@@', 'n@@', 'f@@', 'tä@@', 'gi@@', 'gen', 'Rei@@', 'se', 'nach', 'J@@', 'ap@@', 'an', ',', 'um', 'die', 'wirtschaf@@', 'tlichen', 'Be@@', 'zieh@@', 'ungen', 'mit', 'der', 'd@@', 'rit@@', 't@@', 'größ@@', 'ten', 'Wirtschafts@@', 'n@@', 'ation', 'der', 'Welt', 'zu', 'fes@@', 'tigen', '.']
2025-05-03 12:00:39,761 - DEBUG - joeynmt.training - 	Tokenized reference:  ['Mr', 'Mo@@', 'd@@', 'i', 'is', 'on', 'a', 'fi@@', 've', '@@@', '-@@', '@', 'day', 'tri@@', 'p', 'to', 'J@@', 'ap@@', 'an', 'to', 'streng@@', 'then', 'economic', 'ties', 'with', 'the', 'third', 'lar@@', 'ges@@', 't', 'econom@@', 'y', 'in', 'the', 'world', '.']
2025-05-03 12:00:39,761 - DEBUG - joeynmt.training - 	Tokenized hypothesis: ['Mr', 'Mo@@', 'd@@', 'i', 'is', 'located', 'on', 'a', 'fi@@', 'f@@', 'th', 'of', 'the', 'world', '&apos;s', 'econom@@', 'y', 'to', 'j@@', 'ap@@', 'art@@', 'ments', 'with', 'the', 'economic', 'rel@@', 'ations', 'with', 'the', 'd@@', 'rit@@', 'ory', '.', '</s>']
2025-05-03 12:00:39,761 - INFO - joeynmt.training - 	Source:     Herr Modi befindet sich auf einer fünftägigen Reise nach Japan , um die wirtschaftlichen Beziehungen mit der drittgrößten Wirtschaftsnation der Welt zu festigen .
2025-05-03 12:00:39,761 - INFO - joeynmt.training - 	Reference:  Mr Modi is on a five @-@ day trip to Japan to strengthen economic ties with the third largest economy in the world .
2025-05-03 12:00:39,761 - INFO - joeynmt.training - 	Hypothesis: Mr Modi is located on a fifth of the world &apos;s economy to japartments with the economic relations with the dritory .
2025-05-03 12:00:39,761 - INFO - joeynmt.training - Example #3
2025-05-03 12:00:39,761 - DEBUG - joeynmt.training - 	Tokenized source:     ['P@@', 'län@@', 'e', 'für', 'eine', 'stärk@@', 'ere', 'k@@', 'ern@@', 'techn@@', 'ische', 'Zusammenarbeit', 'stehen', 'ganz', 'ob@@', 'en', 'auf', 'der', 'Tag@@', 'es@@', 'ordnung', '.']
2025-05-03 12:00:39,761 - DEBUG - joeynmt.training - 	Tokenized reference:  ['high', 'on', 'the', 'agen@@', 'da', 'are', 'pl@@', 'ans', 'for', 'gre@@', 'ater', 'nu@@', 'clear', 'c@@', 'o', '@@@', '-@@', '@', 'operation', '.']
2025-05-03 12:00:39,761 - DEBUG - joeynmt.training - 	Tokenized hypothesis: ['P@@', 'ur@@', 's@@', 'an', ',', 'for', 'more', 'more', 'techn@@', 'ical', 'cooperation', ',', 'is', 'very', 'much', 'more', 'techn@@', 'ical', 'cooperation', '.', '</s>']
2025-05-03 12:00:39,761 - INFO - joeynmt.training - 	Source:     Pläne für eine stärkere kerntechnische Zusammenarbeit stehen ganz oben auf der Tagesordnung .
2025-05-03 12:00:39,761 - INFO - joeynmt.training - 	Reference:  high on the agenda are plans for greater nuclear co @-@ operation .
2025-05-03 12:00:39,761 - INFO - joeynmt.training - 	Hypothesis: Pursan , for more more technical cooperation , is very much more technical cooperation .
2025-05-03 12:00:39,762 - INFO - joeynmt.training - Example #4
2025-05-03 12:00:39,762 - DEBUG - joeynmt.training - 	Tokenized source:     ['Berich@@', 'ten', 'zu@@', 'fol@@', 'ge', 'ho@@', 'fft', 'Indi@@', 'en', 'darüber', 'hinaus', 'auf', 'einen', 'Ver@@', 'trag', 'zur', 'Ver@@', 'tei@@', 'dig@@', 'ungs@@', 'zusammen@@', 'arbeit', 'zwischen', 'den', 'beiden', 'N@@', 'ationen', '.']
2025-05-03 12:00:39,762 - DEBUG - joeynmt.training - 	Tokenized reference:  ['Indi@@', 'a', 'is', 'also', 're@@', 'porte@@', 'dly', 'hop@@', 'ing', 'for', 'a', 'de@@', 'al', 'on', 'def@@', 'ence', 'c@@', 'oll@@', 'ab@@', 'or@@', 'ation', 'between', 'the', 'two', 'n@@', 'ations', '.']
2025-05-03 12:00:39,762 - DEBUG - joeynmt.training - 	Tokenized hypothesis: ['re@@', 'ports', 'the', 're@@', 'ports', 'are', 'also', 'also', 'also', 'in', 'a', 'Tre@@', 'aty', 'on', 'the', 'con@@', 'tra@@', 'ct', 'of', 'the', 'two', 'N@@', 'ations', '.', '</s>']
2025-05-03 12:00:39,762 - INFO - joeynmt.training - 	Source:     Berichten zufolge hofft Indien darüber hinaus auf einen Vertrag zur Verteidigungszusammenarbeit zwischen den beiden Nationen .
2025-05-03 12:00:39,762 - INFO - joeynmt.training - 	Reference:  India is also reportedly hoping for a deal on defence collaboration between the two nations .
2025-05-03 12:00:39,762 - INFO - joeynmt.training - 	Hypothesis: reports the reports are also also also in a Treaty on the contract of the two Nations .
2025-05-03 12:00:45,177 - INFO - joeynmt.training - Epoch   3, Step:     8600, Batch Loss:     1.914963, Batch Acc: 0.453047, Tokens per Sec:    16562, Lr: 0.000300
2025-05-03 12:00:50,560 - INFO - joeynmt.training - Epoch   3, Step:     8700, Batch Loss:     2.002913, Batch Acc: 0.450576, Tokens per Sec:    17376, Lr: 0.000300
2025-05-03 12:00:56,060 - INFO - joeynmt.training - Epoch   3, Step:     8800, Batch Loss:     2.001358, Batch Acc: 0.452323, Tokens per Sec:    17150, Lr: 0.000300
2025-05-03 12:01:01,467 - INFO - joeynmt.training - Epoch   3, Step:     8900, Batch Loss:     1.950578, Batch Acc: 0.447703, Tokens per Sec:    17046, Lr: 0.000300
2025-05-03 12:01:07,021 - INFO - joeynmt.training - Epoch   3, Step:     9000, Batch Loss:     1.910982, Batch Acc: 0.454290, Tokens per Sec:    16706, Lr: 0.000300
2025-05-03 12:01:07,022 - INFO - joeynmt.prediction - Predicting 500 example(s)... (Greedy decoding with min_output_length=1, max_output_length=-1, return_prob='none', generate_unk=True, repetition_penalty=-1, no_repeat_ngram_size=-1)
2025-05-03 12:01:12,580 - INFO - joeynmt.prediction - Evaluation result (greedy) loss:   2.39, ppl:  10.88, acc:   0.38, generation: 5.5494[sec], evaluation: 0.0000[sec]
2025-05-03 12:01:12,580 - INFO - joeynmt.training - Hooray! New best validation result [ppl]!
2025-05-03 12:01:12,661 - INFO - joeynmt.helpers - delete models/deen_transformer_pre/6500.ckpt
2025-05-03 12:01:12,668 - INFO - joeynmt.training - Example #0
2025-05-03 12:01:12,668 - DEBUG - joeynmt.training - 	Tokenized source:     ['die', 'Pre@@', 'mi@@', 'er@@', 'minist@@', 'er', 'Indi@@', 'ens', 'und', 'J@@', 'ap@@', 'ans', 'tra@@', 'fen', 'sich', 'in', 'T@@', 'ok@@', 'i@@', 'o', '.']
2025-05-03 12:01:12,668 - DEBUG - joeynmt.training - 	Tokenized reference:  ['Indi@@', 'a', 'and', 'J@@', 'ap@@', 'an', 'pri@@', 'me', 'minist@@', 'ers', 'me@@', 'et', 'in', 'T@@', 'ok@@', 'y@@', 'o']
2025-05-03 12:01:12,668 - DEBUG - joeynmt.training - 	Tokenized hypothesis: ['the', 'pri@@', 'm@@', 'ari@@', 'time', 'Indi@@', 'a', 'and', 'J@@', 'ap@@', 'an', 'A@@', 'gre@@', 'ement', 'in', 'T@@', 'ok@@', 'i@@', 'o', '.', '</s>']
2025-05-03 12:01:12,669 - INFO - joeynmt.training - 	Source:     die Premierminister Indiens und Japans trafen sich in Tokio .
2025-05-03 12:01:12,669 - INFO - joeynmt.training - 	Reference:  India and Japan prime ministers meet in Tokyo
2025-05-03 12:01:12,669 - INFO - joeynmt.training - 	Hypothesis: the primaritime India and Japan Agreement in Tokio .
2025-05-03 12:01:12,669 - INFO - joeynmt.training - Example #1
2025-05-03 12:01:12,669 - DEBUG - joeynmt.training - 	Tokenized source:     ['Indi@@', 'ens', 'neu@@', 'er', 'Pre@@', 'mi@@', 'er@@', 'minist@@', 'er', 'N@@', 'ar@@', 'end@@', 'ra', 'Mo@@', 'd@@', 'i', 'tri@@', 'fft', 'bei', 's@@', 'einem', 'ersten', 'wichti@@', 'gen', 'Aus@@', 'land@@', 's@@', 'bes@@', 'u@@', 'ch', 'seit', 's@@', 'einem', 'W@@', 'ah@@', 'l@@', 'si@@', 'e@@', 'g', 'im', 'Ma@@', 'i', 'seinen', 'j@@', 'ap@@', 'an@@', 'ischen', 'Am@@', 'ts@@', 'k@@', 'olle@@', 'gen', 'S@@', 'hin@@', 'z@@', 'o', 'A@@', 'be', 'in', 'T@@', 'ok@@', 'o', ',', 'um', 'wirtschaf@@', 'tliche', 'und', 'sicher@@', 'heits@@', 'politische', 'Be@@', 'zieh@@', 'ungen', 'zu', 'bes@@', 'pre@@', 'chen', '.']
2025-05-03 12:01:12,669 - DEBUG - joeynmt.training - 	Tokenized reference:  ['Indi@@', 'a', '&apos;s', 'new', 'pri@@', 'me', 'minist@@', 'er', ',', 'N@@', 'ar@@', 'end@@', 'ra', 'Mo@@', 'd@@', 'i', ',', 'is', 'me@@', 'eting', 'his', 'J@@', 'ap@@', 'an@@', 'ese', 'coun@@', 'ter@@', 'part', ',', 'S@@', 'hin@@', 'z@@', 'o', 'A@@', 'be', ',', 'in', 'T@@', 'ok@@', 'y@@', 'o', 'to', 'disc@@', 'uss', 'economic', 'and', 'security', 'ties', ',', 'on', 'his', 'first', 'major', 'fore@@', 'ign', 'visi@@', 't', 'since', 'w@@', 'inn@@', 'ing', 'Ma@@', 'y', '&apos;s', 'elec@@', 'tion', '.']
2025-05-03 12:01:12,669 - DEBUG - joeynmt.training - 	Tokenized hypothesis: ['Indi@@', 'a', ',', 'N@@', 'ar@@', 'end@@', 'ra', 'N@@', 'ar@@', 'end@@', 'ra', 'N@@', 'ar@@', 'end@@', 'ra', 'M@@', 'er@@', 'er@@', 'o', 'A@@', 'li@@', 'es', ',', 'the', 'first', 'important', 'ex@@', 'change', 'of', 'the', 'M@@', 'ac@@', 'i@@', 'fic', 'A@@', 'ss@@', 'em@@', 'b@@', 'ly', 'in', 'the', 'Ma@@', 'y', 'of', 'the', 'M@@', 'ap@@', 'o', 'A@@', 'T@@', 'ok@@', 'o', 'A@@', 'll', 'A@@', 'T@@', 'ok@@', 'o', ',', 'to', 'the', 'economic', 'and', 'security', '.', '</s>']
2025-05-03 12:01:12,669 - INFO - joeynmt.training - 	Source:     Indiens neuer Premierminister Narendra Modi trifft bei seinem ersten wichtigen Auslandsbesuch seit seinem Wahlsieg im Mai seinen japanischen Amtskollegen Shinzo Abe in Toko , um wirtschaftliche und sicherheitspolitische Beziehungen zu besprechen .
2025-05-03 12:01:12,669 - INFO - joeynmt.training - 	Reference:  India &apos;s new prime minister , Narendra Modi , is meeting his Japanese counterpart , Shinzo Abe , in Tokyo to discuss economic and security ties , on his first major foreign visit since winning May &apos;s election .
2025-05-03 12:01:12,669 - INFO - joeynmt.training - 	Hypothesis: India , Narendra Narendra Narendra Merero Alies , the first important exchange of the Macific Assembly in the May of the Mapo AToko All AToko , to the economic and security .
2025-05-03 12:01:12,670 - INFO - joeynmt.training - Example #2
2025-05-03 12:01:12,670 - DEBUG - joeynmt.training - 	Tokenized source:     ['Herr', 'Mo@@', 'd@@', 'i', 'befindet', 'sich', 'auf', 'einer', 'fü@@', 'n@@', 'f@@', 'tä@@', 'gi@@', 'gen', 'Rei@@', 'se', 'nach', 'J@@', 'ap@@', 'an', ',', 'um', 'die', 'wirtschaf@@', 'tlichen', 'Be@@', 'zieh@@', 'ungen', 'mit', 'der', 'd@@', 'rit@@', 't@@', 'größ@@', 'ten', 'Wirtschafts@@', 'n@@', 'ation', 'der', 'Welt', 'zu', 'fes@@', 'tigen', '.']
2025-05-03 12:01:12,670 - DEBUG - joeynmt.training - 	Tokenized reference:  ['Mr', 'Mo@@', 'd@@', 'i', 'is', 'on', 'a', 'fi@@', 've', '@@@', '-@@', '@', 'day', 'tri@@', 'p', 'to', 'J@@', 'ap@@', 'an', 'to', 'streng@@', 'then', 'economic', 'ties', 'with', 'the', 'third', 'lar@@', 'ges@@', 't', 'econom@@', 'y', 'in', 'the', 'world', '.']
2025-05-03 12:01:12,670 - DEBUG - joeynmt.training - 	Tokenized hypothesis: ['Mr', 'Mo@@', 'd@@', 'i', 'is', 'located', 'on', 'a', 'fi@@', 'f@@', 'th', 'of', 'the', 'world', '&apos;s', 'own', 'own', 'j@@', 'ap@@', 'poin@@', 't@@', 'ment', 'to', 'the', 'economic', 'rel@@', 'ations', 'with', 'the', 'third', 'economic', 'rel@@', 'ations', '.', '</s>']
2025-05-03 12:01:12,670 - INFO - joeynmt.training - 	Source:     Herr Modi befindet sich auf einer fünftägigen Reise nach Japan , um die wirtschaftlichen Beziehungen mit der drittgrößten Wirtschaftsnation der Welt zu festigen .
2025-05-03 12:01:12,670 - INFO - joeynmt.training - 	Reference:  Mr Modi is on a five @-@ day trip to Japan to strengthen economic ties with the third largest economy in the world .
2025-05-03 12:01:12,670 - INFO - joeynmt.training - 	Hypothesis: Mr Modi is located on a fifth of the world &apos;s own own jappointment to the economic relations with the third economic relations .
2025-05-03 12:01:12,670 - INFO - joeynmt.training - Example #3
2025-05-03 12:01:12,670 - DEBUG - joeynmt.training - 	Tokenized source:     ['P@@', 'län@@', 'e', 'für', 'eine', 'stärk@@', 'ere', 'k@@', 'ern@@', 'techn@@', 'ische', 'Zusammenarbeit', 'stehen', 'ganz', 'ob@@', 'en', 'auf', 'der', 'Tag@@', 'es@@', 'ordnung', '.']
2025-05-03 12:01:12,670 - DEBUG - joeynmt.training - 	Tokenized reference:  ['high', 'on', 'the', 'agen@@', 'da', 'are', 'pl@@', 'ans', 'for', 'gre@@', 'ater', 'nu@@', 'clear', 'c@@', 'o', '@@@', '-@@', '@', 'operation', '.']
2025-05-03 12:01:12,670 - DEBUG - joeynmt.training - 	Tokenized hypothesis: ['P@@', 'ur@@', 's@@', 'an', ',', 'a', 'more', 'seri@@', 'ous', 'techn@@', 'ical', 'cooperation', ',', 'are', 'ob@@', 'li@@', 'ged', 'to', 'the', 'next', 'it@@', 'em', '.', '</s>']
2025-05-03 12:01:12,671 - INFO - joeynmt.training - 	Source:     Pläne für eine stärkere kerntechnische Zusammenarbeit stehen ganz oben auf der Tagesordnung .
2025-05-03 12:01:12,671 - INFO - joeynmt.training - 	Reference:  high on the agenda are plans for greater nuclear co @-@ operation .
2025-05-03 12:01:12,671 - INFO - joeynmt.training - 	Hypothesis: Pursan , a more serious technical cooperation , are obliged to the next item .
2025-05-03 12:01:12,671 - INFO - joeynmt.training - Example #4
2025-05-03 12:01:12,671 - DEBUG - joeynmt.training - 	Tokenized source:     ['Berich@@', 'ten', 'zu@@', 'fol@@', 'ge', 'ho@@', 'fft', 'Indi@@', 'en', 'darüber', 'hinaus', 'auf', 'einen', 'Ver@@', 'trag', 'zur', 'Ver@@', 'tei@@', 'dig@@', 'ungs@@', 'zusammen@@', 'arbeit', 'zwischen', 'den', 'beiden', 'N@@', 'ationen', '.']
2025-05-03 12:01:12,671 - DEBUG - joeynmt.training - 	Tokenized reference:  ['Indi@@', 'a', 'is', 'also', 're@@', 'porte@@', 'dly', 'hop@@', 'ing', 'for', 'a', 'de@@', 'al', 'on', 'def@@', 'ence', 'c@@', 'oll@@', 'ab@@', 'or@@', 'ation', 'between', 'the', 'two', 'n@@', 'ations', '.']
2025-05-03 12:01:12,671 - DEBUG - joeynmt.training - 	Tokenized hypothesis: ['re@@', 'ports', ',', 'it', 'is', 'also', 'important', 'to', 'the', 'con@@', 'stitu@@', 'tional', 'cooperation', 'between', 'two', 'N@@', 'ations', '.', '</s>']
2025-05-03 12:01:12,671 - INFO - joeynmt.training - 	Source:     Berichten zufolge hofft Indien darüber hinaus auf einen Vertrag zur Verteidigungszusammenarbeit zwischen den beiden Nationen .
2025-05-03 12:01:12,671 - INFO - joeynmt.training - 	Reference:  India is also reportedly hoping for a deal on defence collaboration between the two nations .
2025-05-03 12:01:12,671 - INFO - joeynmt.training - 	Hypothesis: reports , it is also important to the constitutional cooperation between two Nations .
2025-05-03 12:01:18,173 - INFO - joeynmt.training - Epoch   3, Step:     9100, Batch Loss:     1.919213, Batch Acc: 0.447978, Tokens per Sec:    16265, Lr: 0.000300
2025-05-03 12:01:23,521 - INFO - joeynmt.training - Epoch   3, Step:     9200, Batch Loss:     2.101203, Batch Acc: 0.445285, Tokens per Sec:    17272, Lr: 0.000300
2025-05-03 12:01:29,003 - INFO - joeynmt.training - Epoch   3, Step:     9300, Batch Loss:     2.106187, Batch Acc: 0.449185, Tokens per Sec:    16676, Lr: 0.000300
2025-05-03 12:01:34,315 - INFO - joeynmt.training - Epoch   3, Step:     9400, Batch Loss:     2.019387, Batch Acc: 0.450577, Tokens per Sec:    17399, Lr: 0.000300
2025-05-03 12:01:39,864 - INFO - joeynmt.training - Epoch   3, Step:     9500, Batch Loss:     2.096793, Batch Acc: 0.448662, Tokens per Sec:    16696, Lr: 0.000300
2025-05-03 12:01:39,864 - INFO - joeynmt.prediction - Predicting 500 example(s)... (Greedy decoding with min_output_length=1, max_output_length=-1, return_prob='none', generate_unk=True, repetition_penalty=-1, no_repeat_ngram_size=-1)
2025-05-03 12:01:45,188 - INFO - joeynmt.prediction - Evaluation result (greedy) loss:   2.36, ppl:  10.61, acc:   0.39, generation: 5.3177[sec], evaluation: 0.0000[sec]
2025-05-03 12:01:45,189 - INFO - joeynmt.training - Hooray! New best validation result [ppl]!
2025-05-03 12:01:45,270 - INFO - joeynmt.helpers - delete models/deen_transformer_pre/7000.ckpt
2025-05-03 12:01:45,276 - INFO - joeynmt.training - Example #0
2025-05-03 12:01:45,276 - DEBUG - joeynmt.training - 	Tokenized source:     ['die', 'Pre@@', 'mi@@', 'er@@', 'minist@@', 'er', 'Indi@@', 'ens', 'und', 'J@@', 'ap@@', 'ans', 'tra@@', 'fen', 'sich', 'in', 'T@@', 'ok@@', 'i@@', 'o', '.']
2025-05-03 12:01:45,276 - DEBUG - joeynmt.training - 	Tokenized reference:  ['Indi@@', 'a', 'and', 'J@@', 'ap@@', 'an', 'pri@@', 'me', 'minist@@', 'ers', 'me@@', 'et', 'in', 'T@@', 'ok@@', 'y@@', 'o']
2025-05-03 12:01:45,276 - DEBUG - joeynmt.training - 	Tokenized hypothesis: ['the', 'pri@@', 'me', 'minist@@', 'er', 'Indi@@', 'a', 'and', 'J@@', 'ap@@', 'an', '&apos;s', 'pri@@', 'me', 'in', 'T@@', 'ok@@', 'i@@', 'o', '.', '</s>']
2025-05-03 12:01:45,276 - INFO - joeynmt.training - 	Source:     die Premierminister Indiens und Japans trafen sich in Tokio .
2025-05-03 12:01:45,276 - INFO - joeynmt.training - 	Reference:  India and Japan prime ministers meet in Tokyo
2025-05-03 12:01:45,276 - INFO - joeynmt.training - 	Hypothesis: the prime minister India and Japan &apos;s prime in Tokio .
2025-05-03 12:01:45,276 - INFO - joeynmt.training - Example #1
2025-05-03 12:01:45,276 - DEBUG - joeynmt.training - 	Tokenized source:     ['Indi@@', 'ens', 'neu@@', 'er', 'Pre@@', 'mi@@', 'er@@', 'minist@@', 'er', 'N@@', 'ar@@', 'end@@', 'ra', 'Mo@@', 'd@@', 'i', 'tri@@', 'fft', 'bei', 's@@', 'einem', 'ersten', 'wichti@@', 'gen', 'Aus@@', 'land@@', 's@@', 'bes@@', 'u@@', 'ch', 'seit', 's@@', 'einem', 'W@@', 'ah@@', 'l@@', 'si@@', 'e@@', 'g', 'im', 'Ma@@', 'i', 'seinen', 'j@@', 'ap@@', 'an@@', 'ischen', 'Am@@', 'ts@@', 'k@@', 'olle@@', 'gen', 'S@@', 'hin@@', 'z@@', 'o', 'A@@', 'be', 'in', 'T@@', 'ok@@', 'o', ',', 'um', 'wirtschaf@@', 'tliche', 'und', 'sicher@@', 'heits@@', 'politische', 'Be@@', 'zieh@@', 'ungen', 'zu', 'bes@@', 'pre@@', 'chen', '.']
2025-05-03 12:01:45,276 - DEBUG - joeynmt.training - 	Tokenized reference:  ['Indi@@', 'a', '&apos;s', 'new', 'pri@@', 'me', 'minist@@', 'er', ',', 'N@@', 'ar@@', 'end@@', 'ra', 'Mo@@', 'd@@', 'i', ',', 'is', 'me@@', 'eting', 'his', 'J@@', 'ap@@', 'an@@', 'ese', 'coun@@', 'ter@@', 'part', ',', 'S@@', 'hin@@', 'z@@', 'o', 'A@@', 'be', ',', 'in', 'T@@', 'ok@@', 'y@@', 'o', 'to', 'disc@@', 'uss', 'economic', 'and', 'security', 'ties', ',', 'on', 'his', 'first', 'major', 'fore@@', 'ign', 'visi@@', 't', 'since', 'w@@', 'inn@@', 'ing', 'Ma@@', 'y', '&apos;s', 'elec@@', 'tion', '.']
2025-05-03 12:01:45,276 - DEBUG - joeynmt.training - 	Tokenized hypothesis: ['Indi@@', 'a', '&apos;s', 'pri@@', 'me', 'minist@@', 'er', 'N@@', 'ar@@', 'end@@', 'ra', 'Mo@@', 'd@@', 'i', '&apos;s', 'pri@@', 'm@@', 'ary', ',', 'in', 'the', 'first', 'important', 'ex@@', 'hi@@', 'bi@@', 'tion', 'of', 'the', 'S@@', 'h@@', 'on@@', 'oura@@', 'ble', 'H@@', 'ig@@', 'h', '&apos;s', 'E@@', 'ast', 'A@@', 'mer@@', 'ic@@', 'a', ',', 'to', 'the', 'economic', 'and', 'security', 'of', 'the', 'political', 'rel@@', 'ation@@', 'ship', '.', '</s>']
2025-05-03 12:01:45,276 - INFO - joeynmt.training - 	Source:     Indiens neuer Premierminister Narendra Modi trifft bei seinem ersten wichtigen Auslandsbesuch seit seinem Wahlsieg im Mai seinen japanischen Amtskollegen Shinzo Abe in Toko , um wirtschaftliche und sicherheitspolitische Beziehungen zu besprechen .
2025-05-03 12:01:45,276 - INFO - joeynmt.training - 	Reference:  India &apos;s new prime minister , Narendra Modi , is meeting his Japanese counterpart , Shinzo Abe , in Tokyo to discuss economic and security ties , on his first major foreign visit since winning May &apos;s election .
2025-05-03 12:01:45,276 - INFO - joeynmt.training - 	Hypothesis: India &apos;s prime minister Narendra Modi &apos;s primary , in the first important exhibition of the Shonourable High &apos;s East America , to the economic and security of the political relationship .
2025-05-03 12:01:45,276 - INFO - joeynmt.training - Example #2
2025-05-03 12:01:45,278 - DEBUG - joeynmt.training - 	Tokenized source:     ['Herr', 'Mo@@', 'd@@', 'i', 'befindet', 'sich', 'auf', 'einer', 'fü@@', 'n@@', 'f@@', 'tä@@', 'gi@@', 'gen', 'Rei@@', 'se', 'nach', 'J@@', 'ap@@', 'an', ',', 'um', 'die', 'wirtschaf@@', 'tlichen', 'Be@@', 'zieh@@', 'ungen', 'mit', 'der', 'd@@', 'rit@@', 't@@', 'größ@@', 'ten', 'Wirtschafts@@', 'n@@', 'ation', 'der', 'Welt', 'zu', 'fes@@', 'tigen', '.']
2025-05-03 12:01:45,278 - DEBUG - joeynmt.training - 	Tokenized reference:  ['Mr', 'Mo@@', 'd@@', 'i', 'is', 'on', 'a', 'fi@@', 've', '@@@', '-@@', '@', 'day', 'tri@@', 'p', 'to', 'J@@', 'ap@@', 'an', 'to', 'streng@@', 'then', 'economic', 'ties', 'with', 'the', 'third', 'lar@@', 'ges@@', 't', 'econom@@', 'y', 'in', 'the', 'world', '.']
2025-05-03 12:01:45,278 - DEBUG - joeynmt.training - 	Tokenized hypothesis: ['Mr', 'Mo@@', 'd@@', 'i', 'is', 'located', 'on', 'a', 'fi@@', 'f@@', 'th', 'of', 'the', 'number', 'of', 'people', 'to', 'J@@', 'ap@@', 'an', ',', 'to', 'the', 'economic', 'rel@@', 'ations', 'with', 'the', 'third', 'lar@@', 'ges@@', 't', 'economic', 'rel@@', 'ations', 'with', 'the', 'third', 'lar@@', 'ges@@', 't', 'economic', 'rel@@', 'ations', '.', '</s>']
2025-05-03 12:01:45,278 - INFO - joeynmt.training - 	Source:     Herr Modi befindet sich auf einer fünftägigen Reise nach Japan , um die wirtschaftlichen Beziehungen mit der drittgrößten Wirtschaftsnation der Welt zu festigen .
2025-05-03 12:01:45,278 - INFO - joeynmt.training - 	Reference:  Mr Modi is on a five @-@ day trip to Japan to strengthen economic ties with the third largest economy in the world .
2025-05-03 12:01:45,278 - INFO - joeynmt.training - 	Hypothesis: Mr Modi is located on a fifth of the number of people to Japan , to the economic relations with the third largest economic relations with the third largest economic relations .
2025-05-03 12:01:45,278 - INFO - joeynmt.training - Example #3
2025-05-03 12:01:45,278 - DEBUG - joeynmt.training - 	Tokenized source:     ['P@@', 'län@@', 'e', 'für', 'eine', 'stärk@@', 'ere', 'k@@', 'ern@@', 'techn@@', 'ische', 'Zusammenarbeit', 'stehen', 'ganz', 'ob@@', 'en', 'auf', 'der', 'Tag@@', 'es@@', 'ordnung', '.']
2025-05-03 12:01:45,278 - DEBUG - joeynmt.training - 	Tokenized reference:  ['high', 'on', 'the', 'agen@@', 'da', 'are', 'pl@@', 'ans', 'for', 'gre@@', 'ater', 'nu@@', 'clear', 'c@@', 'o', '@@@', '-@@', '@', 'operation', '.']
2025-05-03 12:01:45,278 - DEBUG - joeynmt.training - 	Tokenized hypothesis: ['p@@', 'an@@', 'or@@', 'am@@', 'ic', ',', 'more', 'seri@@', 'ous', 'techn@@', 'ical', 'cooperation', 'are', 'very', 'important', '.', '</s>']
2025-05-03 12:01:45,278 - INFO - joeynmt.training - 	Source:     Pläne für eine stärkere kerntechnische Zusammenarbeit stehen ganz oben auf der Tagesordnung .
2025-05-03 12:01:45,278 - INFO - joeynmt.training - 	Reference:  high on the agenda are plans for greater nuclear co @-@ operation .
2025-05-03 12:01:45,278 - INFO - joeynmt.training - 	Hypothesis: panoramic , more serious technical cooperation are very important .
2025-05-03 12:01:45,278 - INFO - joeynmt.training - Example #4
2025-05-03 12:01:45,279 - DEBUG - joeynmt.training - 	Tokenized source:     ['Berich@@', 'ten', 'zu@@', 'fol@@', 'ge', 'ho@@', 'fft', 'Indi@@', 'en', 'darüber', 'hinaus', 'auf', 'einen', 'Ver@@', 'trag', 'zur', 'Ver@@', 'tei@@', 'dig@@', 'ungs@@', 'zusammen@@', 'arbeit', 'zwischen', 'den', 'beiden', 'N@@', 'ationen', '.']
2025-05-03 12:01:45,279 - DEBUG - joeynmt.training - 	Tokenized reference:  ['Indi@@', 'a', 'is', 'also', 're@@', 'porte@@', 'dly', 'hop@@', 'ing', 'for', 'a', 'de@@', 'al', 'on', 'def@@', 'ence', 'c@@', 'oll@@', 'ab@@', 'or@@', 'ation', 'between', 'the', 'two', 'n@@', 'ations', '.']
2025-05-03 12:01:45,279 - DEBUG - joeynmt.training - 	Tokenized hypothesis: ['re@@', 'ports', ',', 'it', 'is', 'also', 'important', 'to', 'be', 're@@', 'ports', 'on', 'a', 'con@@', 'tra@@', 'ct', 'between', 'the', 'two', 'N@@', 'ations', '.', '</s>']
2025-05-03 12:01:45,279 - INFO - joeynmt.training - 	Source:     Berichten zufolge hofft Indien darüber hinaus auf einen Vertrag zur Verteidigungszusammenarbeit zwischen den beiden Nationen .
2025-05-03 12:01:45,279 - INFO - joeynmt.training - 	Reference:  India is also reportedly hoping for a deal on defence collaboration between the two nations .
2025-05-03 12:01:45,279 - INFO - joeynmt.training - 	Hypothesis: reports , it is also important to be reports on a contract between the two Nations .
2025-05-03 12:01:50,838 - INFO - joeynmt.training - Epoch   3, Step:     9600, Batch Loss:     2.079133, Batch Acc: 0.450961, Tokens per Sec:    16010, Lr: 0.000300
2025-05-03 12:01:56,276 - INFO - joeynmt.training - Epoch   3, Step:     9700, Batch Loss:     1.868274, Batch Acc: 0.460103, Tokens per Sec:    16515, Lr: 0.000300
2025-05-03 12:02:01,708 - INFO - joeynmt.training - Epoch   3, Step:     9800, Batch Loss:     2.028171, Batch Acc: 0.449553, Tokens per Sec:    17238, Lr: 0.000300
2025-05-03 12:02:07,272 - INFO - joeynmt.training - Epoch   3, Step:     9900, Batch Loss:     1.973847, Batch Acc: 0.455007, Tokens per Sec:    16582, Lr: 0.000300
2025-05-03 12:02:12,667 - INFO - joeynmt.training - Epoch   3, Step:    10000, Batch Loss:     2.092288, Batch Acc: 0.457248, Tokens per Sec:    17147, Lr: 0.000300
2025-05-03 12:02:12,667 - INFO - joeynmt.prediction - Predicting 500 example(s)... (Greedy decoding with min_output_length=1, max_output_length=-1, return_prob='none', generate_unk=True, repetition_penalty=-1, no_repeat_ngram_size=-1)
2025-05-03 12:02:17,733 - INFO - joeynmt.prediction - Evaluation result (greedy) loss:   2.35, ppl:  10.45, acc:   0.39, generation: 5.0572[sec], evaluation: 0.0000[sec]
2025-05-03 12:02:17,733 - INFO - joeynmt.training - Hooray! New best validation result [ppl]!
2025-05-03 12:02:17,815 - INFO - joeynmt.helpers - delete models/deen_transformer_pre/7500.ckpt
2025-05-03 12:02:17,821 - INFO - joeynmt.training - Example #0
2025-05-03 12:02:17,821 - DEBUG - joeynmt.training - 	Tokenized source:     ['die', 'Pre@@', 'mi@@', 'er@@', 'minist@@', 'er', 'Indi@@', 'ens', 'und', 'J@@', 'ap@@', 'ans', 'tra@@', 'fen', 'sich', 'in', 'T@@', 'ok@@', 'i@@', 'o', '.']
2025-05-03 12:02:17,821 - DEBUG - joeynmt.training - 	Tokenized reference:  ['Indi@@', 'a', 'and', 'J@@', 'ap@@', 'an', 'pri@@', 'me', 'minist@@', 'ers', 'me@@', 'et', 'in', 'T@@', 'ok@@', 'y@@', 'o']
2025-05-03 12:02:17,821 - DEBUG - joeynmt.training - 	Tokenized hypothesis: ['the', 'price', 'of', 'Indi@@', 'a', 'and', 'J@@', 'ap@@', 'an', 'Indi@@', 'a', 'and', 'J@@', 'ap@@', 'an', '.', '</s>']
2025-05-03 12:02:17,821 - INFO - joeynmt.training - 	Source:     die Premierminister Indiens und Japans trafen sich in Tokio .
2025-05-03 12:02:17,821 - INFO - joeynmt.training - 	Reference:  India and Japan prime ministers meet in Tokyo
2025-05-03 12:02:17,821 - INFO - joeynmt.training - 	Hypothesis: the price of India and Japan India and Japan .
2025-05-03 12:02:17,822 - INFO - joeynmt.training - Example #1
2025-05-03 12:02:17,822 - DEBUG - joeynmt.training - 	Tokenized source:     ['Indi@@', 'ens', 'neu@@', 'er', 'Pre@@', 'mi@@', 'er@@', 'minist@@', 'er', 'N@@', 'ar@@', 'end@@', 'ra', 'Mo@@', 'd@@', 'i', 'tri@@', 'fft', 'bei', 's@@', 'einem', 'ersten', 'wichti@@', 'gen', 'Aus@@', 'land@@', 's@@', 'bes@@', 'u@@', 'ch', 'seit', 's@@', 'einem', 'W@@', 'ah@@', 'l@@', 'si@@', 'e@@', 'g', 'im', 'Ma@@', 'i', 'seinen', 'j@@', 'ap@@', 'an@@', 'ischen', 'Am@@', 'ts@@', 'k@@', 'olle@@', 'gen', 'S@@', 'hin@@', 'z@@', 'o', 'A@@', 'be', 'in', 'T@@', 'ok@@', 'o', ',', 'um', 'wirtschaf@@', 'tliche', 'und', 'sicher@@', 'heits@@', 'politische', 'Be@@', 'zieh@@', 'ungen', 'zu', 'bes@@', 'pre@@', 'chen', '.']
2025-05-03 12:02:17,822 - DEBUG - joeynmt.training - 	Tokenized reference:  ['Indi@@', 'a', '&apos;s', 'new', 'pri@@', 'me', 'minist@@', 'er', ',', 'N@@', 'ar@@', 'end@@', 'ra', 'Mo@@', 'd@@', 'i', ',', 'is', 'me@@', 'eting', 'his', 'J@@', 'ap@@', 'an@@', 'ese', 'coun@@', 'ter@@', 'part', ',', 'S@@', 'hin@@', 'z@@', 'o', 'A@@', 'be', ',', 'in', 'T@@', 'ok@@', 'y@@', 'o', 'to', 'disc@@', 'uss', 'economic', 'and', 'security', 'ties', ',', 'on', 'his', 'first', 'major', 'fore@@', 'ign', 'visi@@', 't', 'since', 'w@@', 'inn@@', 'ing', 'Ma@@', 'y', '&apos;s', 'elec@@', 'tion', '.']
2025-05-03 12:02:17,822 - DEBUG - joeynmt.training - 	Tokenized hypothesis: ['Indi@@', 'a', '&apos;s', 'pri@@', 'me', 'N@@', 'ar@@', 'end@@', 'ra', 'Mo@@', 'd@@', 'i', 'Mo@@', 'd@@', 'i', 'Mo@@', 'd@@', 'i', 'Mo@@', 'd@@', 'i', 'Mo@@', 'd@@', 'i', 'Mo@@', 'd@@', 'i', ',', 'the', 'S@@', 'hin@@', 'z@@', 'o', '&apos;s', 'elec@@', 't@@', 'or@@', 'al', 'F@@', 'ren@@', 'ch', '&apos;s', 'S@@', 'hin@@', 'z@@', 'o', ',', 'economic', 'and', 'security', 'political', 'rel@@', 'ations', '.', '</s>']
2025-05-03 12:02:17,822 - INFO - joeynmt.training - 	Source:     Indiens neuer Premierminister Narendra Modi trifft bei seinem ersten wichtigen Auslandsbesuch seit seinem Wahlsieg im Mai seinen japanischen Amtskollegen Shinzo Abe in Toko , um wirtschaftliche und sicherheitspolitische Beziehungen zu besprechen .
2025-05-03 12:02:17,822 - INFO - joeynmt.training - 	Reference:  India &apos;s new prime minister , Narendra Modi , is meeting his Japanese counterpart , Shinzo Abe , in Tokyo to discuss economic and security ties , on his first major foreign visit since winning May &apos;s election .
2025-05-03 12:02:17,822 - INFO - joeynmt.training - 	Hypothesis: India &apos;s prime Narendra Modi Modi Modi Modi Modi Modi , the Shinzo &apos;s electoral French &apos;s Shinzo , economic and security political relations .
2025-05-03 12:02:17,822 - INFO - joeynmt.training - Example #2
2025-05-03 12:02:17,822 - DEBUG - joeynmt.training - 	Tokenized source:     ['Herr', 'Mo@@', 'd@@', 'i', 'befindet', 'sich', 'auf', 'einer', 'fü@@', 'n@@', 'f@@', 'tä@@', 'gi@@', 'gen', 'Rei@@', 'se', 'nach', 'J@@', 'ap@@', 'an', ',', 'um', 'die', 'wirtschaf@@', 'tlichen', 'Be@@', 'zieh@@', 'ungen', 'mit', 'der', 'd@@', 'rit@@', 't@@', 'größ@@', 'ten', 'Wirtschafts@@', 'n@@', 'ation', 'der', 'Welt', 'zu', 'fes@@', 'tigen', '.']
2025-05-03 12:02:17,822 - DEBUG - joeynmt.training - 	Tokenized reference:  ['Mr', 'Mo@@', 'd@@', 'i', 'is', 'on', 'a', 'fi@@', 've', '@@@', '-@@', '@', 'day', 'tri@@', 'p', 'to', 'J@@', 'ap@@', 'an', 'to', 'streng@@', 'then', 'economic', 'ties', 'with', 'the', 'third', 'lar@@', 'ges@@', 't', 'econom@@', 'y', 'in', 'the', 'world', '.']
2025-05-03 12:02:17,822 - DEBUG - joeynmt.training - 	Tokenized hypothesis: ['Mr', 'Mo@@', 'd@@', 'i', 'is', 'located', 'on', 'a', 'fi@@', 'f@@', 'te@@', 'en', 'to', 'J@@', 'ap@@', 'an', 'to', 'J@@', 'ap@@', 'an', 'to', 'the', 'economic', 'rel@@', 'ations', 'with', 'the', 'third', 'lar@@', 'ges@@', 't', 'economic', 'rel@@', 'ations', 'with', 'the', 'third', 'lar@@', 'ges@@', 't', 'economic', 'rel@@', 'ations', '.', '</s>']
2025-05-03 12:02:17,823 - INFO - joeynmt.training - 	Source:     Herr Modi befindet sich auf einer fünftägigen Reise nach Japan , um die wirtschaftlichen Beziehungen mit der drittgrößten Wirtschaftsnation der Welt zu festigen .
2025-05-03 12:02:17,823 - INFO - joeynmt.training - 	Reference:  Mr Modi is on a five @-@ day trip to Japan to strengthen economic ties with the third largest economy in the world .
2025-05-03 12:02:17,823 - INFO - joeynmt.training - 	Hypothesis: Mr Modi is located on a fifteen to Japan to Japan to the economic relations with the third largest economic relations with the third largest economic relations .
2025-05-03 12:02:17,823 - INFO - joeynmt.training - Example #3
2025-05-03 12:02:17,823 - DEBUG - joeynmt.training - 	Tokenized source:     ['P@@', 'län@@', 'e', 'für', 'eine', 'stärk@@', 'ere', 'k@@', 'ern@@', 'techn@@', 'ische', 'Zusammenarbeit', 'stehen', 'ganz', 'ob@@', 'en', 'auf', 'der', 'Tag@@', 'es@@', 'ordnung', '.']
2025-05-03 12:02:17,823 - DEBUG - joeynmt.training - 	Tokenized reference:  ['high', 'on', 'the', 'agen@@', 'da', 'are', 'pl@@', 'ans', 'for', 'gre@@', 'ater', 'nu@@', 'clear', 'c@@', 'o', '@@@', '-@@', '@', 'operation', '.']
2025-05-03 12:02:17,823 - DEBUG - joeynmt.training - 	Tokenized hypothesis: ['p@@', 'an@@', 'or@@', 'am@@', 'ic', 'cooperation', 'are', 'concer@@', 'ned', 'about', 'the', 'agen@@', 'da', '.', '</s>']
2025-05-03 12:02:17,823 - INFO - joeynmt.training - 	Source:     Pläne für eine stärkere kerntechnische Zusammenarbeit stehen ganz oben auf der Tagesordnung .
2025-05-03 12:02:17,823 - INFO - joeynmt.training - 	Reference:  high on the agenda are plans for greater nuclear co @-@ operation .
2025-05-03 12:02:17,823 - INFO - joeynmt.training - 	Hypothesis: panoramic cooperation are concerned about the agenda .
2025-05-03 12:02:17,823 - INFO - joeynmt.training - Example #4
2025-05-03 12:02:17,823 - DEBUG - joeynmt.training - 	Tokenized source:     ['Berich@@', 'ten', 'zu@@', 'fol@@', 'ge', 'ho@@', 'fft', 'Indi@@', 'en', 'darüber', 'hinaus', 'auf', 'einen', 'Ver@@', 'trag', 'zur', 'Ver@@', 'tei@@', 'dig@@', 'ungs@@', 'zusammen@@', 'arbeit', 'zwischen', 'den', 'beiden', 'N@@', 'ationen', '.']
2025-05-03 12:02:17,823 - DEBUG - joeynmt.training - 	Tokenized reference:  ['Indi@@', 'a', 'is', 'also', 're@@', 'porte@@', 'dly', 'hop@@', 'ing', 'for', 'a', 'de@@', 'al', 'on', 'def@@', 'ence', 'c@@', 'oll@@', 'ab@@', 'or@@', 'ation', 'between', 'the', 'two', 'n@@', 'ations', '.']
2025-05-03 12:02:17,823 - DEBUG - joeynmt.training - 	Tokenized hypothesis: ['re@@', 'ports', 'the', 'same', 'as', 'well', 'as', 'the', 'result', 'of', 'the', 'proposal', 'on', 'the', 'con@@', 'text', 'of', 'the', 'two', 'N@@', 'ations', '.', '</s>']
2025-05-03 12:02:17,824 - INFO - joeynmt.training - 	Source:     Berichten zufolge hofft Indien darüber hinaus auf einen Vertrag zur Verteidigungszusammenarbeit zwischen den beiden Nationen .
2025-05-03 12:02:17,824 - INFO - joeynmt.training - 	Reference:  India is also reportedly hoping for a deal on defence collaboration between the two nations .
2025-05-03 12:02:17,824 - INFO - joeynmt.training - 	Hypothesis: reports the same as well as the result of the proposal on the context of the two Nations .
2025-05-03 12:02:23,307 - INFO - joeynmt.training - Epoch   3, Step:    10100, Batch Loss:     2.113779, Batch Acc: 0.457627, Tokens per Sec:    16579, Lr: 0.000300
2025-05-03 12:02:28,826 - INFO - joeynmt.training - Epoch   3, Step:    10200, Batch Loss:     1.970414, Batch Acc: 0.459048, Tokens per Sec:    16609, Lr: 0.000300
2025-05-03 12:02:34,213 - INFO - joeynmt.training - Epoch   3, Step:    10300, Batch Loss:     1.918885, Batch Acc: 0.456622, Tokens per Sec:    16996, Lr: 0.000300
2025-05-03 12:02:39,781 - INFO - joeynmt.training - Epoch   3, Step:    10400, Batch Loss:     1.970047, Batch Acc: 0.458519, Tokens per Sec:    16678, Lr: 0.000300
2025-05-03 12:02:45,183 - INFO - joeynmt.training - Epoch   3, Step:    10500, Batch Loss:     1.984591, Batch Acc: 0.464576, Tokens per Sec:    16767, Lr: 0.000300
2025-05-03 12:02:45,184 - INFO - joeynmt.prediction - Predicting 500 example(s)... (Greedy decoding with min_output_length=1, max_output_length=-1, return_prob='none', generate_unk=True, repetition_penalty=-1, no_repeat_ngram_size=-1)
2025-05-03 12:02:49,863 - INFO - joeynmt.prediction - Evaluation result (greedy) loss:   2.32, ppl:  10.21, acc:   0.40, generation: 4.6712[sec], evaluation: 0.0000[sec]
2025-05-03 12:02:49,863 - INFO - joeynmt.training - Hooray! New best validation result [ppl]!
2025-05-03 12:02:49,951 - INFO - joeynmt.helpers - delete models/deen_transformer_pre/8000.ckpt
2025-05-03 12:02:49,957 - INFO - joeynmt.training - Example #0
2025-05-03 12:02:49,957 - DEBUG - joeynmt.training - 	Tokenized source:     ['die', 'Pre@@', 'mi@@', 'er@@', 'minist@@', 'er', 'Indi@@', 'ens', 'und', 'J@@', 'ap@@', 'ans', 'tra@@', 'fen', 'sich', 'in', 'T@@', 'ok@@', 'i@@', 'o', '.']
2025-05-03 12:02:49,957 - DEBUG - joeynmt.training - 	Tokenized reference:  ['Indi@@', 'a', 'and', 'J@@', 'ap@@', 'an', 'pri@@', 'me', 'minist@@', 'ers', 'me@@', 'et', 'in', 'T@@', 'ok@@', 'y@@', 'o']
2025-05-03 12:02:49,957 - DEBUG - joeynmt.training - 	Tokenized hypothesis: ['the', 'price', 'price', 'of', 'Indi@@', 'a', 'and', 'J@@', 'ap@@', 'an', 'tra@@', 'ining', 'in', 'T@@', 'ok@@', 'i@@', 'o', '.', '</s>']
2025-05-03 12:02:49,957 - INFO - joeynmt.training - 	Source:     die Premierminister Indiens und Japans trafen sich in Tokio .
2025-05-03 12:02:49,957 - INFO - joeynmt.training - 	Reference:  India and Japan prime ministers meet in Tokyo
2025-05-03 12:02:49,957 - INFO - joeynmt.training - 	Hypothesis: the price price of India and Japan training in Tokio .
2025-05-03 12:02:49,957 - INFO - joeynmt.training - Example #1
2025-05-03 12:02:49,957 - DEBUG - joeynmt.training - 	Tokenized source:     ['Indi@@', 'ens', 'neu@@', 'er', 'Pre@@', 'mi@@', 'er@@', 'minist@@', 'er', 'N@@', 'ar@@', 'end@@', 'ra', 'Mo@@', 'd@@', 'i', 'tri@@', 'fft', 'bei', 's@@', 'einem', 'ersten', 'wichti@@', 'gen', 'Aus@@', 'land@@', 's@@', 'bes@@', 'u@@', 'ch', 'seit', 's@@', 'einem', 'W@@', 'ah@@', 'l@@', 'si@@', 'e@@', 'g', 'im', 'Ma@@', 'i', 'seinen', 'j@@', 'ap@@', 'an@@', 'ischen', 'Am@@', 'ts@@', 'k@@', 'olle@@', 'gen', 'S@@', 'hin@@', 'z@@', 'o', 'A@@', 'be', 'in', 'T@@', 'ok@@', 'o', ',', 'um', 'wirtschaf@@', 'tliche', 'und', 'sicher@@', 'heits@@', 'politische', 'Be@@', 'zieh@@', 'ungen', 'zu', 'bes@@', 'pre@@', 'chen', '.']
2025-05-03 12:02:49,957 - DEBUG - joeynmt.training - 	Tokenized reference:  ['Indi@@', 'a', '&apos;s', 'new', 'pri@@', 'me', 'minist@@', 'er', ',', 'N@@', 'ar@@', 'end@@', 'ra', 'Mo@@', 'd@@', 'i', ',', 'is', 'me@@', 'eting', 'his', 'J@@', 'ap@@', 'an@@', 'ese', 'coun@@', 'ter@@', 'part', ',', 'S@@', 'hin@@', 'z@@', 'o', 'A@@', 'be', ',', 'in', 'T@@', 'ok@@', 'y@@', 'o', 'to', 'disc@@', 'uss', 'economic', 'and', 'security', 'ties', ',', 'on', 'his', 'first', 'major', 'fore@@', 'ign', 'visi@@', 't', 'since', 'w@@', 'inn@@', 'ing', 'Ma@@', 'y', '&apos;s', 'elec@@', 'tion', '.']
2025-05-03 12:02:49,958 - DEBUG - joeynmt.training - 	Tokenized hypothesis: ['Indi@@', 'a', '&apos;s', 'new', 'pri@@', 'me', 'N@@', 'ar@@', 'end@@', 'ra', 'Mo@@', 'd@@', 'i', 'Mo@@', 'd@@', 'i', ',', 'in', 'the', 'first', 'important', 'ex@@', 'per@@', 'ts', 'for', 'his', 'first', 'important', 'ex@@', 'per@@', 'ts', 'for', 'his', 'elec@@', 'tion', ',', 'in', 'the', 'Ma@@', 'y', 'of', 'his', 'j@@', 'ap@@', 'an@@', 'ese', 'C@@', 'olle@@', 'ge', 'S@@', 'hin@@', 'z@@', 'A@@', 'be', 'in', 'T@@', 'ok@@', 'o', ',', 'and', 'security', 'policy', 'rel@@', 'ations', '.', '</s>']
2025-05-03 12:02:49,958 - INFO - joeynmt.training - 	Source:     Indiens neuer Premierminister Narendra Modi trifft bei seinem ersten wichtigen Auslandsbesuch seit seinem Wahlsieg im Mai seinen japanischen Amtskollegen Shinzo Abe in Toko , um wirtschaftliche und sicherheitspolitische Beziehungen zu besprechen .
2025-05-03 12:02:49,958 - INFO - joeynmt.training - 	Reference:  India &apos;s new prime minister , Narendra Modi , is meeting his Japanese counterpart , Shinzo Abe , in Tokyo to discuss economic and security ties , on his first major foreign visit since winning May &apos;s election .
2025-05-03 12:02:49,958 - INFO - joeynmt.training - 	Hypothesis: India &apos;s new prime Narendra Modi Modi , in the first important experts for his first important experts for his election , in the May of his japanese College ShinzAbe in Toko , and security policy relations .
2025-05-03 12:02:49,958 - INFO - joeynmt.training - Example #2
2025-05-03 12:02:49,958 - DEBUG - joeynmt.training - 	Tokenized source:     ['Herr', 'Mo@@', 'd@@', 'i', 'befindet', 'sich', 'auf', 'einer', 'fü@@', 'n@@', 'f@@', 'tä@@', 'gi@@', 'gen', 'Rei@@', 'se', 'nach', 'J@@', 'ap@@', 'an', ',', 'um', 'die', 'wirtschaf@@', 'tlichen', 'Be@@', 'zieh@@', 'ungen', 'mit', 'der', 'd@@', 'rit@@', 't@@', 'größ@@', 'ten', 'Wirtschafts@@', 'n@@', 'ation', 'der', 'Welt', 'zu', 'fes@@', 'tigen', '.']
2025-05-03 12:02:49,958 - DEBUG - joeynmt.training - 	Tokenized reference:  ['Mr', 'Mo@@', 'd@@', 'i', 'is', 'on', 'a', 'fi@@', 've', '@@@', '-@@', '@', 'day', 'tri@@', 'p', 'to', 'J@@', 'ap@@', 'an', 'to', 'streng@@', 'then', 'economic', 'ties', 'with', 'the', 'third', 'lar@@', 'ges@@', 't', 'econom@@', 'y', 'in', 'the', 'world', '.']
2025-05-03 12:02:49,958 - DEBUG - joeynmt.training - 	Tokenized hypothesis: ['Mr', 'Mo@@', 'd@@', 'i', 'is', 'located', 'on', 'a', 'fi@@', 'f@@', 'te@@', 'en', 'to', 'J@@', 'ap@@', 'an', ',', 'to', 'the', 'economic', 'rel@@', 'ations', 'with', 'the', 'third', 'lar@@', 'ges@@', 't', 'economic', 'rel@@', 'ations', 'with', 'the', 'world', '&apos;s', 'economic', 'rel@@', 'ations', '.', '</s>']
2025-05-03 12:02:49,958 - INFO - joeynmt.training - 	Source:     Herr Modi befindet sich auf einer fünftägigen Reise nach Japan , um die wirtschaftlichen Beziehungen mit der drittgrößten Wirtschaftsnation der Welt zu festigen .
2025-05-03 12:02:49,958 - INFO - joeynmt.training - 	Reference:  Mr Modi is on a five @-@ day trip to Japan to strengthen economic ties with the third largest economy in the world .
2025-05-03 12:02:49,958 - INFO - joeynmt.training - 	Hypothesis: Mr Modi is located on a fifteen to Japan , to the economic relations with the third largest economic relations with the world &apos;s economic relations .
2025-05-03 12:02:49,958 - INFO - joeynmt.training - Example #3
2025-05-03 12:02:49,959 - DEBUG - joeynmt.training - 	Tokenized source:     ['P@@', 'län@@', 'e', 'für', 'eine', 'stärk@@', 'ere', 'k@@', 'ern@@', 'techn@@', 'ische', 'Zusammenarbeit', 'stehen', 'ganz', 'ob@@', 'en', 'auf', 'der', 'Tag@@', 'es@@', 'ordnung', '.']
2025-05-03 12:02:49,959 - DEBUG - joeynmt.training - 	Tokenized reference:  ['high', 'on', 'the', 'agen@@', 'da', 'are', 'pl@@', 'ans', 'for', 'gre@@', 'ater', 'nu@@', 'clear', 'c@@', 'o', '@@@', '-@@', '@', 'operation', '.']
2025-05-03 12:02:49,959 - DEBUG - joeynmt.training - 	Tokenized hypothesis: ['p@@', 'ass@@', 'ing', 'for', 'a', 'more', 'seri@@', 'ous', 'techn@@', 'ical', 'cooperation', ',', 'the', 'agen@@', 'da', 'is', 'a', 'str@@', 'ong', 're@@', 'lev@@', 'ant', 'to', 'the', 'agen@@', 'da', '.', '</s>']
2025-05-03 12:02:49,959 - INFO - joeynmt.training - 	Source:     Pläne für eine stärkere kerntechnische Zusammenarbeit stehen ganz oben auf der Tagesordnung .
2025-05-03 12:02:49,959 - INFO - joeynmt.training - 	Reference:  high on the agenda are plans for greater nuclear co @-@ operation .
2025-05-03 12:02:49,959 - INFO - joeynmt.training - 	Hypothesis: passing for a more serious technical cooperation , the agenda is a strong relevant to the agenda .
2025-05-03 12:02:49,959 - INFO - joeynmt.training - Example #4
2025-05-03 12:02:49,959 - DEBUG - joeynmt.training - 	Tokenized source:     ['Berich@@', 'ten', 'zu@@', 'fol@@', 'ge', 'ho@@', 'fft', 'Indi@@', 'en', 'darüber', 'hinaus', 'auf', 'einen', 'Ver@@', 'trag', 'zur', 'Ver@@', 'tei@@', 'dig@@', 'ungs@@', 'zusammen@@', 'arbeit', 'zwischen', 'den', 'beiden', 'N@@', 'ationen', '.']
2025-05-03 12:02:49,959 - DEBUG - joeynmt.training - 	Tokenized reference:  ['Indi@@', 'a', 'is', 'also', 're@@', 'porte@@', 'dly', 'hop@@', 'ing', 'for', 'a', 'de@@', 'al', 'on', 'def@@', 'ence', 'c@@', 'oll@@', 'ab@@', 'or@@', 'ation', 'between', 'the', 'two', 'n@@', 'ations', '.']
2025-05-03 12:02:49,959 - DEBUG - joeynmt.training - 	Tokenized hypothesis: ['re@@', 'ports', 'are', 'also', 'used', 'to', 're@@', 'ports', 'from', 'the', 'same', 'as', 'a', 'Tre@@', 'aty', 'on', 'the', 'con@@', 'tra@@', 'ct', 'of', 'the', 'two', 'N@@', 'ations', '.', '</s>']
2025-05-03 12:02:49,959 - INFO - joeynmt.training - 	Source:     Berichten zufolge hofft Indien darüber hinaus auf einen Vertrag zur Verteidigungszusammenarbeit zwischen den beiden Nationen .
2025-05-03 12:02:49,959 - INFO - joeynmt.training - 	Reference:  India is also reportedly hoping for a deal on defence collaboration between the two nations .
2025-05-03 12:02:49,959 - INFO - joeynmt.training - 	Hypothesis: reports are also used to reports from the same as a Treaty on the contract of the two Nations .
2025-05-03 12:02:55,374 - INFO - joeynmt.training - Epoch   3, Step:    10600, Batch Loss:     1.896733, Batch Acc: 0.453448, Tokens per Sec:    16758, Lr: 0.000300
2025-05-03 12:03:00,985 - INFO - joeynmt.training - Epoch   3, Step:    10700, Batch Loss:     1.947219, Batch Acc: 0.463196, Tokens per Sec:    16429, Lr: 0.000300
2025-05-03 12:03:06,308 - INFO - joeynmt.training - Epoch   3, Step:    10800, Batch Loss:     2.041872, Batch Acc: 0.452925, Tokens per Sec:    17177, Lr: 0.000300
2025-05-03 12:03:11,806 - INFO - joeynmt.training - Epoch   3, Step:    10900, Batch Loss:     2.070771, Batch Acc: 0.457669, Tokens per Sec:    16819, Lr: 0.000300
2025-05-03 12:03:17,322 - INFO - joeynmt.training - Epoch   3, Step:    11000, Batch Loss:     1.736543, Batch Acc: 0.460839, Tokens per Sec:    16663, Lr: 0.000300
2025-05-03 12:03:17,322 - INFO - joeynmt.prediction - Predicting 500 example(s)... (Greedy decoding with min_output_length=1, max_output_length=-1, return_prob='none', generate_unk=True, repetition_penalty=-1, no_repeat_ngram_size=-1)
2025-05-03 12:03:22,726 - INFO - joeynmt.prediction - Evaluation result (greedy) loss:   2.31, ppl:  10.08, acc:   0.40, generation: 5.3953[sec], evaluation: 0.0000[sec]
2025-05-03 12:03:22,726 - INFO - joeynmt.training - Hooray! New best validation result [ppl]!
2025-05-03 12:03:22,805 - INFO - joeynmt.helpers - delete models/deen_transformer_pre/8500.ckpt
2025-05-03 12:03:22,810 - INFO - joeynmt.training - Example #0
2025-05-03 12:03:22,811 - DEBUG - joeynmt.training - 	Tokenized source:     ['die', 'Pre@@', 'mi@@', 'er@@', 'minist@@', 'er', 'Indi@@', 'ens', 'und', 'J@@', 'ap@@', 'ans', 'tra@@', 'fen', 'sich', 'in', 'T@@', 'ok@@', 'i@@', 'o', '.']
2025-05-03 12:03:22,811 - DEBUG - joeynmt.training - 	Tokenized reference:  ['Indi@@', 'a', 'and', 'J@@', 'ap@@', 'an', 'pri@@', 'me', 'minist@@', 'ers', 'me@@', 'et', 'in', 'T@@', 'ok@@', 'y@@', 'o']
2025-05-03 12:03:22,811 - DEBUG - joeynmt.training - 	Tokenized hypothesis: ['the', 'pri@@', 'mi@@', 'er@@', 'ary', 'ary', 'Indi@@', 'a', 'and', 'J@@', 'ap@@', 'an', 'Tra@@', 'de', 'in', 'T@@', 'ok@@', 'i@@', 'o', '.', '</s>']
2025-05-03 12:03:22,811 - INFO - joeynmt.training - 	Source:     die Premierminister Indiens und Japans trafen sich in Tokio .
2025-05-03 12:03:22,811 - INFO - joeynmt.training - 	Reference:  India and Japan prime ministers meet in Tokyo
2025-05-03 12:03:22,811 - INFO - joeynmt.training - 	Hypothesis: the primierary ary India and Japan Trade in Tokio .
2025-05-03 12:03:22,811 - INFO - joeynmt.training - Example #1
2025-05-03 12:03:22,811 - DEBUG - joeynmt.training - 	Tokenized source:     ['Indi@@', 'ens', 'neu@@', 'er', 'Pre@@', 'mi@@', 'er@@', 'minist@@', 'er', 'N@@', 'ar@@', 'end@@', 'ra', 'Mo@@', 'd@@', 'i', 'tri@@', 'fft', 'bei', 's@@', 'einem', 'ersten', 'wichti@@', 'gen', 'Aus@@', 'land@@', 's@@', 'bes@@', 'u@@', 'ch', 'seit', 's@@', 'einem', 'W@@', 'ah@@', 'l@@', 'si@@', 'e@@', 'g', 'im', 'Ma@@', 'i', 'seinen', 'j@@', 'ap@@', 'an@@', 'ischen', 'Am@@', 'ts@@', 'k@@', 'olle@@', 'gen', 'S@@', 'hin@@', 'z@@', 'o', 'A@@', 'be', 'in', 'T@@', 'ok@@', 'o', ',', 'um', 'wirtschaf@@', 'tliche', 'und', 'sicher@@', 'heits@@', 'politische', 'Be@@', 'zieh@@', 'ungen', 'zu', 'bes@@', 'pre@@', 'chen', '.']
2025-05-03 12:03:22,811 - DEBUG - joeynmt.training - 	Tokenized reference:  ['Indi@@', 'a', '&apos;s', 'new', 'pri@@', 'me', 'minist@@', 'er', ',', 'N@@', 'ar@@', 'end@@', 'ra', 'Mo@@', 'd@@', 'i', ',', 'is', 'me@@', 'eting', 'his', 'J@@', 'ap@@', 'an@@', 'ese', 'coun@@', 'ter@@', 'part', ',', 'S@@', 'hin@@', 'z@@', 'o', 'A@@', 'be', ',', 'in', 'T@@', 'ok@@', 'y@@', 'o', 'to', 'disc@@', 'uss', 'economic', 'and', 'security', 'ties', ',', 'on', 'his', 'first', 'major', 'fore@@', 'ign', 'visi@@', 't', 'since', 'w@@', 'inn@@', 'ing', 'Ma@@', 'y', '&apos;s', 'elec@@', 'tion', '.']
2025-05-03 12:03:22,811 - DEBUG - joeynmt.training - 	Tokenized hypothesis: ['Indi@@', 'a', '&apos;s', 'ren@@', 'e@@', 'w@@', 'able', 'Pri@@', 'me', 'Minist@@', 'er', 'N@@', 'ar@@', 'end@@', 'ra', 'Mo@@', 'd@@', 'i', ',', 'in', 'the', 'first', 'important', 'ex@@', 'change', 'for', 'his', 'first', 'first', 'important', 'ex@@', 'change', 'in', 'the', 'Ma@@', 'y', 'of', 'his', 'j@@', 'ap@@', 'an@@', 'ese', 'am@@', 'oun@@', 't', 'of', 'S@@', 'hin@@', 'z@@', 'o', ',', 'economic', 'and', 'saf@@', 'ety', 'political', 'rel@@', 'ations', '.', '</s>']
2025-05-03 12:03:22,811 - INFO - joeynmt.training - 	Source:     Indiens neuer Premierminister Narendra Modi trifft bei seinem ersten wichtigen Auslandsbesuch seit seinem Wahlsieg im Mai seinen japanischen Amtskollegen Shinzo Abe in Toko , um wirtschaftliche und sicherheitspolitische Beziehungen zu besprechen .
2025-05-03 12:03:22,811 - INFO - joeynmt.training - 	Reference:  India &apos;s new prime minister , Narendra Modi , is meeting his Japanese counterpart , Shinzo Abe , in Tokyo to discuss economic and security ties , on his first major foreign visit since winning May &apos;s election .
2025-05-03 12:03:22,812 - INFO - joeynmt.training - 	Hypothesis: India &apos;s renewable Prime Minister Narendra Modi , in the first important exchange for his first first important exchange in the May of his japanese amount of Shinzo , economic and safety political relations .
2025-05-03 12:03:22,812 - INFO - joeynmt.training - Example #2
2025-05-03 12:03:22,812 - DEBUG - joeynmt.training - 	Tokenized source:     ['Herr', 'Mo@@', 'd@@', 'i', 'befindet', 'sich', 'auf', 'einer', 'fü@@', 'n@@', 'f@@', 'tä@@', 'gi@@', 'gen', 'Rei@@', 'se', 'nach', 'J@@', 'ap@@', 'an', ',', 'um', 'die', 'wirtschaf@@', 'tlichen', 'Be@@', 'zieh@@', 'ungen', 'mit', 'der', 'd@@', 'rit@@', 't@@', 'größ@@', 'ten', 'Wirtschafts@@', 'n@@', 'ation', 'der', 'Welt', 'zu', 'fes@@', 'tigen', '.']
2025-05-03 12:03:22,812 - DEBUG - joeynmt.training - 	Tokenized reference:  ['Mr', 'Mo@@', 'd@@', 'i', 'is', 'on', 'a', 'fi@@', 've', '@@@', '-@@', '@', 'day', 'tri@@', 'p', 'to', 'J@@', 'ap@@', 'an', 'to', 'streng@@', 'then', 'economic', 'ties', 'with', 'the', 'third', 'lar@@', 'ges@@', 't', 'econom@@', 'y', 'in', 'the', 'world', '.']
2025-05-03 12:03:22,812 - DEBUG - joeynmt.training - 	Tokenized hypothesis: ['Mr', 'Mo@@', 'd@@', 'i', 'is', 'located', 'on', 'a', 'fi@@', 'f@@', 'th', 'of', 'the', 'world', '&apos;s', 'pro@@', 'per@@', 'ty', 'of', 'the', 'world', '&apos;s', 'economic', 'rel@@', 'ations', 'with', 'the', 'd@@', 'rit@@', 'ory', 'of', 'the', 'world', '.', '</s>']
2025-05-03 12:03:22,812 - INFO - joeynmt.training - 	Source:     Herr Modi befindet sich auf einer fünftägigen Reise nach Japan , um die wirtschaftlichen Beziehungen mit der drittgrößten Wirtschaftsnation der Welt zu festigen .
2025-05-03 12:03:22,812 - INFO - joeynmt.training - 	Reference:  Mr Modi is on a five @-@ day trip to Japan to strengthen economic ties with the third largest economy in the world .
2025-05-03 12:03:22,812 - INFO - joeynmt.training - 	Hypothesis: Mr Modi is located on a fifth of the world &apos;s property of the world &apos;s economic relations with the dritory of the world .
2025-05-03 12:03:22,812 - INFO - joeynmt.training - Example #3
2025-05-03 12:03:22,812 - DEBUG - joeynmt.training - 	Tokenized source:     ['P@@', 'län@@', 'e', 'für', 'eine', 'stärk@@', 'ere', 'k@@', 'ern@@', 'techn@@', 'ische', 'Zusammenarbeit', 'stehen', 'ganz', 'ob@@', 'en', 'auf', 'der', 'Tag@@', 'es@@', 'ordnung', '.']
2025-05-03 12:03:22,812 - DEBUG - joeynmt.training - 	Tokenized reference:  ['high', 'on', 'the', 'agen@@', 'da', 'are', 'pl@@', 'ans', 'for', 'gre@@', 'ater', 'nu@@', 'clear', 'c@@', 'o', '@@@', '-@@', '@', 'operation', '.']
2025-05-03 12:03:22,812 - DEBUG - joeynmt.training - 	Tokenized hypothesis: ['p@@', 'ass', 'for', 'a', 'str@@', 'ong', 'techn@@', 'ical', 'cooperation', 'are', 'also', 'comple@@', 'tel@@', 'y', 'the', 'agen@@', 'da', '.', '</s>']
2025-05-03 12:03:22,813 - INFO - joeynmt.training - 	Source:     Pläne für eine stärkere kerntechnische Zusammenarbeit stehen ganz oben auf der Tagesordnung .
2025-05-03 12:03:22,813 - INFO - joeynmt.training - 	Reference:  high on the agenda are plans for greater nuclear co @-@ operation .
2025-05-03 12:03:22,813 - INFO - joeynmt.training - 	Hypothesis: pass for a strong technical cooperation are also completely the agenda .
2025-05-03 12:03:22,813 - INFO - joeynmt.training - Example #4
2025-05-03 12:03:22,813 - DEBUG - joeynmt.training - 	Tokenized source:     ['Berich@@', 'ten', 'zu@@', 'fol@@', 'ge', 'ho@@', 'fft', 'Indi@@', 'en', 'darüber', 'hinaus', 'auf', 'einen', 'Ver@@', 'trag', 'zur', 'Ver@@', 'tei@@', 'dig@@', 'ungs@@', 'zusammen@@', 'arbeit', 'zwischen', 'den', 'beiden', 'N@@', 'ationen', '.']
2025-05-03 12:03:22,813 - DEBUG - joeynmt.training - 	Tokenized reference:  ['Indi@@', 'a', 'is', 'also', 're@@', 'porte@@', 'dly', 'hop@@', 'ing', 'for', 'a', 'de@@', 'al', 'on', 'def@@', 'ence', 'c@@', 'oll@@', 'ab@@', 'or@@', 'ation', 'between', 'the', 'two', 'n@@', 'ations', '.']
2025-05-03 12:03:22,813 - DEBUG - joeynmt.training - 	Tokenized hypothesis: ['re@@', 'ports', 'the', 'following', 'the', 'following', ',', 'Indi@@', 'a', 'is', 'also', 'the', 'contri@@', 'bution', 'to', 'the', 'comm@@', 'unic@@', 'ation', 'on', 'the', 'two', 'N@@', 'ations', '.', '</s>']
2025-05-03 12:03:22,813 - INFO - joeynmt.training - 	Source:     Berichten zufolge hofft Indien darüber hinaus auf einen Vertrag zur Verteidigungszusammenarbeit zwischen den beiden Nationen .
2025-05-03 12:03:22,813 - INFO - joeynmt.training - 	Reference:  India is also reportedly hoping for a deal on defence collaboration between the two nations .
2025-05-03 12:03:22,813 - INFO - joeynmt.training - 	Hypothesis: reports the following the following , India is also the contribution to the communication on the two Nations .
2025-05-03 12:03:28,355 - INFO - joeynmt.training - Epoch   3, Step:    11100, Batch Loss:     2.205398, Batch Acc: 0.461331, Tokens per Sec:    16302, Lr: 0.000300
2025-05-03 12:03:33,800 - INFO - joeynmt.training - Epoch   3, Step:    11200, Batch Loss:     1.854887, Batch Acc: 0.454438, Tokens per Sec:    17099, Lr: 0.000300
2025-05-03 12:03:39,332 - INFO - joeynmt.training - Epoch   3, Step:    11300, Batch Loss:     2.002493, Batch Acc: 0.460541, Tokens per Sec:    16360, Lr: 0.000300
2025-05-03 12:03:44,659 - INFO - joeynmt.training - Epoch   3, Step:    11400, Batch Loss:     2.087010, Batch Acc: 0.464423, Tokens per Sec:    17216, Lr: 0.000300
2025-05-03 12:03:50,028 - INFO - joeynmt.training - Epoch   3, Step:    11500, Batch Loss:     2.110406, Batch Acc: 0.461607, Tokens per Sec:    16866, Lr: 0.000300
2025-05-03 12:03:50,028 - INFO - joeynmt.prediction - Predicting 500 example(s)... (Greedy decoding with min_output_length=1, max_output_length=-1, return_prob='none', generate_unk=True, repetition_penalty=-1, no_repeat_ngram_size=-1)
2025-05-03 12:03:56,234 - INFO - joeynmt.prediction - Evaluation result (greedy) loss:   2.29, ppl:   9.89, acc:   0.41, generation: 6.2007[sec], evaluation: 0.0000[sec]
2025-05-03 12:03:56,234 - INFO - joeynmt.training - Hooray! New best validation result [ppl]!
2025-05-03 12:03:56,317 - INFO - joeynmt.helpers - delete models/deen_transformer_pre/9000.ckpt
2025-05-03 12:03:56,324 - INFO - joeynmt.training - Example #0
2025-05-03 12:03:56,324 - DEBUG - joeynmt.training - 	Tokenized source:     ['die', 'Pre@@', 'mi@@', 'er@@', 'minist@@', 'er', 'Indi@@', 'ens', 'und', 'J@@', 'ap@@', 'ans', 'tra@@', 'fen', 'sich', 'in', 'T@@', 'ok@@', 'i@@', 'o', '.']
2025-05-03 12:03:56,324 - DEBUG - joeynmt.training - 	Tokenized reference:  ['Indi@@', 'a', 'and', 'J@@', 'ap@@', 'an', 'pri@@', 'me', 'minist@@', 'ers', 'me@@', 'et', 'in', 'T@@', 'ok@@', 'y@@', 'o']
2025-05-03 12:03:56,324 - DEBUG - joeynmt.training - 	Tokenized hypothesis: ['the', 'Pre@@', 'mi@@', 'er@@', 'er@@', 'minist@@', 'er', 'Indi@@', 'a', 'and', 'J@@', 'ap@@', 'an', '&apos;s', 'off@@', 'i@@', 'o', '.', '</s>']
2025-05-03 12:03:56,324 - INFO - joeynmt.training - 	Source:     die Premierminister Indiens und Japans trafen sich in Tokio .
2025-05-03 12:03:56,324 - INFO - joeynmt.training - 	Reference:  India and Japan prime ministers meet in Tokyo
2025-05-03 12:03:56,324 - INFO - joeynmt.training - 	Hypothesis: the Premiererminister India and Japan &apos;s offio .
2025-05-03 12:03:56,324 - INFO - joeynmt.training - Example #1
2025-05-03 12:03:56,324 - DEBUG - joeynmt.training - 	Tokenized source:     ['Indi@@', 'ens', 'neu@@', 'er', 'Pre@@', 'mi@@', 'er@@', 'minist@@', 'er', 'N@@', 'ar@@', 'end@@', 'ra', 'Mo@@', 'd@@', 'i', 'tri@@', 'fft', 'bei', 's@@', 'einem', 'ersten', 'wichti@@', 'gen', 'Aus@@', 'land@@', 's@@', 'bes@@', 'u@@', 'ch', 'seit', 's@@', 'einem', 'W@@', 'ah@@', 'l@@', 'si@@', 'e@@', 'g', 'im', 'Ma@@', 'i', 'seinen', 'j@@', 'ap@@', 'an@@', 'ischen', 'Am@@', 'ts@@', 'k@@', 'olle@@', 'gen', 'S@@', 'hin@@', 'z@@', 'o', 'A@@', 'be', 'in', 'T@@', 'ok@@', 'o', ',', 'um', 'wirtschaf@@', 'tliche', 'und', 'sicher@@', 'heits@@', 'politische', 'Be@@', 'zieh@@', 'ungen', 'zu', 'bes@@', 'pre@@', 'chen', '.']
2025-05-03 12:03:56,324 - DEBUG - joeynmt.training - 	Tokenized reference:  ['Indi@@', 'a', '&apos;s', 'new', 'pri@@', 'me', 'minist@@', 'er', ',', 'N@@', 'ar@@', 'end@@', 'ra', 'Mo@@', 'd@@', 'i', ',', 'is', 'me@@', 'eting', 'his', 'J@@', 'ap@@', 'an@@', 'ese', 'coun@@', 'ter@@', 'part', ',', 'S@@', 'hin@@', 'z@@', 'o', 'A@@', 'be', ',', 'in', 'T@@', 'ok@@', 'y@@', 'o', 'to', 'disc@@', 'uss', 'economic', 'and', 'security', 'ties', ',', 'on', 'his', 'first', 'major', 'fore@@', 'ign', 'visi@@', 't', 'since', 'w@@', 'inn@@', 'ing', 'Ma@@', 'y', '&apos;s', 'elec@@', 'tion', '.']
2025-05-03 12:03:56,325 - DEBUG - joeynmt.training - 	Tokenized hypothesis: ['Indi@@', 'a', '&apos;s', 'new', 'pri@@', 'me', ',', 'the', 'N@@', 'ar@@', 'end@@', 'ra', 'Mo@@', 'd@@', 'i', ',', 'the', 'first', 'important', 'ex@@', 'change', 'of', 'the', 'M@@', 'un@@', 'ich', '&apos;s', 'S@@', 'hin@@', 'z@@', 'o', ',', 'in', 'Ma@@', 'y', ',', 'in', 'Ma@@', 'y', ',', 'and', 'his', 'own', 'own', 'S@@', 'hin@@', 'z@@', 'o', ',', 'and', 'security', 'and', 'security', 'political', 'rel@@', 'ations', '.', '</s>']
2025-05-03 12:03:56,325 - INFO - joeynmt.training - 	Source:     Indiens neuer Premierminister Narendra Modi trifft bei seinem ersten wichtigen Auslandsbesuch seit seinem Wahlsieg im Mai seinen japanischen Amtskollegen Shinzo Abe in Toko , um wirtschaftliche und sicherheitspolitische Beziehungen zu besprechen .
2025-05-03 12:03:56,325 - INFO - joeynmt.training - 	Reference:  India &apos;s new prime minister , Narendra Modi , is meeting his Japanese counterpart , Shinzo Abe , in Tokyo to discuss economic and security ties , on his first major foreign visit since winning May &apos;s election .
2025-05-03 12:03:56,325 - INFO - joeynmt.training - 	Hypothesis: India &apos;s new prime , the Narendra Modi , the first important exchange of the Munich &apos;s Shinzo , in May , in May , and his own own Shinzo , and security and security political relations .
2025-05-03 12:03:56,325 - INFO - joeynmt.training - Example #2
2025-05-03 12:03:56,325 - DEBUG - joeynmt.training - 	Tokenized source:     ['Herr', 'Mo@@', 'd@@', 'i', 'befindet', 'sich', 'auf', 'einer', 'fü@@', 'n@@', 'f@@', 'tä@@', 'gi@@', 'gen', 'Rei@@', 'se', 'nach', 'J@@', 'ap@@', 'an', ',', 'um', 'die', 'wirtschaf@@', 'tlichen', 'Be@@', 'zieh@@', 'ungen', 'mit', 'der', 'd@@', 'rit@@', 't@@', 'größ@@', 'ten', 'Wirtschafts@@', 'n@@', 'ation', 'der', 'Welt', 'zu', 'fes@@', 'tigen', '.']
2025-05-03 12:03:56,325 - DEBUG - joeynmt.training - 	Tokenized reference:  ['Mr', 'Mo@@', 'd@@', 'i', 'is', 'on', 'a', 'fi@@', 've', '@@@', '-@@', '@', 'day', 'tri@@', 'p', 'to', 'J@@', 'ap@@', 'an', 'to', 'streng@@', 'then', 'economic', 'ties', 'with', 'the', 'third', 'lar@@', 'ges@@', 't', 'econom@@', 'y', 'in', 'the', 'world', '.']
2025-05-03 12:03:56,325 - DEBUG - joeynmt.training - 	Tokenized hypothesis: ['Mr', 'Mo@@', 'd@@', 'i', 'is', 'on', 'a', 'fi@@', 'f@@', 'te@@', 'en', 'by', 'J@@', 'ap@@', 'an', 'to', 'J@@', 'ap@@', 'an', ',', 'to', 'J@@', 'ap@@', 'an', ',', 'to', 'the', 'economic', 'rel@@', 'ations', 'with', 'the', 'third', 'lar@@', 'ges@@', 't', 'economic', 'rel@@', 'ations', '.', '</s>']
2025-05-03 12:03:56,325 - INFO - joeynmt.training - 	Source:     Herr Modi befindet sich auf einer fünftägigen Reise nach Japan , um die wirtschaftlichen Beziehungen mit der drittgrößten Wirtschaftsnation der Welt zu festigen .
2025-05-03 12:03:56,325 - INFO - joeynmt.training - 	Reference:  Mr Modi is on a five @-@ day trip to Japan to strengthen economic ties with the third largest economy in the world .
2025-05-03 12:03:56,325 - INFO - joeynmt.training - 	Hypothesis: Mr Modi is on a fifteen by Japan to Japan , to Japan , to the economic relations with the third largest economic relations .
2025-05-03 12:03:56,325 - INFO - joeynmt.training - Example #3
2025-05-03 12:03:56,325 - DEBUG - joeynmt.training - 	Tokenized source:     ['P@@', 'län@@', 'e', 'für', 'eine', 'stärk@@', 'ere', 'k@@', 'ern@@', 'techn@@', 'ische', 'Zusammenarbeit', 'stehen', 'ganz', 'ob@@', 'en', 'auf', 'der', 'Tag@@', 'es@@', 'ordnung', '.']
2025-05-03 12:03:56,326 - DEBUG - joeynmt.training - 	Tokenized reference:  ['high', 'on', 'the', 'agen@@', 'da', 'are', 'pl@@', 'ans', 'for', 'gre@@', 'ater', 'nu@@', 'clear', 'c@@', 'o', '@@@', '-@@', '@', 'operation', '.']
2025-05-03 12:03:56,326 - DEBUG - joeynmt.training - 	Tokenized hypothesis: ['pl@@', 'ans', 'for', 'a', 'str@@', 'ong', 'ch@@', 'ance', 'of', 'the', 'agen@@', 'da', 'is', 'qu@@', 'ite', 'clear', 'techn@@', 'ical', 'cooperation', '.', '</s>']
2025-05-03 12:03:56,326 - INFO - joeynmt.training - 	Source:     Pläne für eine stärkere kerntechnische Zusammenarbeit stehen ganz oben auf der Tagesordnung .
2025-05-03 12:03:56,326 - INFO - joeynmt.training - 	Reference:  high on the agenda are plans for greater nuclear co @-@ operation .
2025-05-03 12:03:56,326 - INFO - joeynmt.training - 	Hypothesis: plans for a strong chance of the agenda is quite clear technical cooperation .
2025-05-03 12:03:56,326 - INFO - joeynmt.training - Example #4
2025-05-03 12:03:56,326 - DEBUG - joeynmt.training - 	Tokenized source:     ['Berich@@', 'ten', 'zu@@', 'fol@@', 'ge', 'ho@@', 'fft', 'Indi@@', 'en', 'darüber', 'hinaus', 'auf', 'einen', 'Ver@@', 'trag', 'zur', 'Ver@@', 'tei@@', 'dig@@', 'ungs@@', 'zusammen@@', 'arbeit', 'zwischen', 'den', 'beiden', 'N@@', 'ationen', '.']
2025-05-03 12:03:56,326 - DEBUG - joeynmt.training - 	Tokenized reference:  ['Indi@@', 'a', 'is', 'also', 're@@', 'porte@@', 'dly', 'hop@@', 'ing', 'for', 'a', 'de@@', 'al', 'on', 'def@@', 'ence', 'c@@', 'oll@@', 'ab@@', 'or@@', 'ation', 'between', 'the', 'two', 'n@@', 'ations', '.']
2025-05-03 12:03:56,326 - DEBUG - joeynmt.training - 	Tokenized hypothesis: ['re@@', 'ports', 'are', 'also', 'high@@', 'ly', 'Indi@@', 'a', '&apos;s', 'con@@', 'tra@@', 'ct', 'on', 'the', 'con@@', 'tra@@', 'ct', 'of', 'the', 'work', 'of', 'the', 'two', 'N@@', 'ations', '.', '</s>']
2025-05-03 12:03:56,326 - INFO - joeynmt.training - 	Source:     Berichten zufolge hofft Indien darüber hinaus auf einen Vertrag zur Verteidigungszusammenarbeit zwischen den beiden Nationen .
2025-05-03 12:03:56,326 - INFO - joeynmt.training - 	Reference:  India is also reportedly hoping for a deal on defence collaboration between the two nations .
2025-05-03 12:03:56,326 - INFO - joeynmt.training - 	Hypothesis: reports are also highly India &apos;s contract on the contract of the work of the two Nations .
2025-05-03 12:04:01,837 - INFO - joeynmt.training - Epoch   3, Step:    11600, Batch Loss:     1.967321, Batch Acc: 0.466242, Tokens per Sec:    16568, Lr: 0.000300
2025-05-03 12:04:07,212 - INFO - joeynmt.training - Epoch   3, Step:    11700, Batch Loss:     2.161876, Batch Acc: 0.468483, Tokens per Sec:    17044, Lr: 0.000300
2025-05-03 12:04:12,779 - INFO - joeynmt.training - Epoch   3, Step:    11800, Batch Loss:     2.075210, Batch Acc: 0.463312, Tokens per Sec:    16285, Lr: 0.000300
2025-05-03 12:04:18,141 - INFO - joeynmt.training - Epoch   3, Step:    11900, Batch Loss:     1.925582, Batch Acc: 0.464980, Tokens per Sec:    17211, Lr: 0.000300
2025-05-03 12:04:23,680 - INFO - joeynmt.training - Epoch   3, Step:    12000, Batch Loss:     2.152406, Batch Acc: 0.462433, Tokens per Sec:    16697, Lr: 0.000300
2025-05-03 12:04:23,681 - INFO - joeynmt.prediction - Predicting 500 example(s)... (Greedy decoding with min_output_length=1, max_output_length=-1, return_prob='none', generate_unk=True, repetition_penalty=-1, no_repeat_ngram_size=-1)
2025-05-03 12:04:29,651 - INFO - joeynmt.prediction - Evaluation result (greedy) loss:   2.29, ppl:   9.84, acc:   0.41, generation: 5.9627[sec], evaluation: 0.0000[sec]
2025-05-03 12:04:29,651 - INFO - joeynmt.training - Hooray! New best validation result [ppl]!
2025-05-03 12:04:29,734 - INFO - joeynmt.helpers - delete models/deen_transformer_pre/9500.ckpt
2025-05-03 12:04:29,740 - INFO - joeynmt.training - Example #0
2025-05-03 12:04:29,741 - DEBUG - joeynmt.training - 	Tokenized source:     ['die', 'Pre@@', 'mi@@', 'er@@', 'minist@@', 'er', 'Indi@@', 'ens', 'und', 'J@@', 'ap@@', 'ans', 'tra@@', 'fen', 'sich', 'in', 'T@@', 'ok@@', 'i@@', 'o', '.']
2025-05-03 12:04:29,741 - DEBUG - joeynmt.training - 	Tokenized reference:  ['Indi@@', 'a', 'and', 'J@@', 'ap@@', 'an', 'pri@@', 'me', 'minist@@', 'ers', 'me@@', 'et', 'in', 'T@@', 'ok@@', 'y@@', 'o']
2025-05-03 12:04:29,741 - DEBUG - joeynmt.training - 	Tokenized hypothesis: ['pri@@', 'mi@@', 'er@@', 'ary', 'minist@@', 'ers', 'and', 'J@@', 'ap@@', 'an', 'tra@@', 'ining', 'in', 'T@@', 'ok@@', 'i@@', 'o', '.', '</s>']
2025-05-03 12:04:29,741 - INFO - joeynmt.training - 	Source:     die Premierminister Indiens und Japans trafen sich in Tokio .
2025-05-03 12:04:29,741 - INFO - joeynmt.training - 	Reference:  India and Japan prime ministers meet in Tokyo
2025-05-03 12:04:29,741 - INFO - joeynmt.training - 	Hypothesis: primierary ministers and Japan training in Tokio .
2025-05-03 12:04:29,741 - INFO - joeynmt.training - Example #1
2025-05-03 12:04:29,741 - DEBUG - joeynmt.training - 	Tokenized source:     ['Indi@@', 'ens', 'neu@@', 'er', 'Pre@@', 'mi@@', 'er@@', 'minist@@', 'er', 'N@@', 'ar@@', 'end@@', 'ra', 'Mo@@', 'd@@', 'i', 'tri@@', 'fft', 'bei', 's@@', 'einem', 'ersten', 'wichti@@', 'gen', 'Aus@@', 'land@@', 's@@', 'bes@@', 'u@@', 'ch', 'seit', 's@@', 'einem', 'W@@', 'ah@@', 'l@@', 'si@@', 'e@@', 'g', 'im', 'Ma@@', 'i', 'seinen', 'j@@', 'ap@@', 'an@@', 'ischen', 'Am@@', 'ts@@', 'k@@', 'olle@@', 'gen', 'S@@', 'hin@@', 'z@@', 'o', 'A@@', 'be', 'in', 'T@@', 'ok@@', 'o', ',', 'um', 'wirtschaf@@', 'tliche', 'und', 'sicher@@', 'heits@@', 'politische', 'Be@@', 'zieh@@', 'ungen', 'zu', 'bes@@', 'pre@@', 'chen', '.']
2025-05-03 12:04:29,741 - DEBUG - joeynmt.training - 	Tokenized reference:  ['Indi@@', 'a', '&apos;s', 'new', 'pri@@', 'me', 'minist@@', 'er', ',', 'N@@', 'ar@@', 'end@@', 'ra', 'Mo@@', 'd@@', 'i', ',', 'is', 'me@@', 'eting', 'his', 'J@@', 'ap@@', 'an@@', 'ese', 'coun@@', 'ter@@', 'part', ',', 'S@@', 'hin@@', 'z@@', 'o', 'A@@', 'be', ',', 'in', 'T@@', 'ok@@', 'y@@', 'o', 'to', 'disc@@', 'uss', 'economic', 'and', 'security', 'ties', ',', 'on', 'his', 'first', 'major', 'fore@@', 'ign', 'visi@@', 't', 'since', 'w@@', 'inn@@', 'ing', 'Ma@@', 'y', '&apos;s', 'elec@@', 'tion', '.']
2025-05-03 12:04:29,741 - DEBUG - joeynmt.training - 	Tokenized hypothesis: ['Indi@@', 'a', 'N@@', 'ar@@', 'end@@', 'ra', 'N@@', 'ar@@', 'end@@', 'ra', 'N@@', 'ar@@', 'end@@', 'ra', 'Mo@@', 'd@@', 'i', ',', 'in', 'the', 'first', 'important', 'ex@@', 'change', 'of', 'the', 'S@@', 'hin@@', 'z@@', 'e@@', 'g', 'in', 'Ma@@', 'y', ',', 'the', 'S@@', 'hin@@', 'z@@', 'o', ',', 'the', 'C@@', 'olle@@', 'c@@', 'tions', 'of', 'S@@', 'hin@@', 'z@@', 'o', ',', 'and', 'saf@@', 'ety', 'of', 'S@@', 'hin@@', 'z@@', 'o', ',', 'and', 'security', 'of', 'the', 'con@@', 'text', '.', '</s>']
2025-05-03 12:04:29,742 - INFO - joeynmt.training - 	Source:     Indiens neuer Premierminister Narendra Modi trifft bei seinem ersten wichtigen Auslandsbesuch seit seinem Wahlsieg im Mai seinen japanischen Amtskollegen Shinzo Abe in Toko , um wirtschaftliche und sicherheitspolitische Beziehungen zu besprechen .
2025-05-03 12:04:29,742 - INFO - joeynmt.training - 	Reference:  India &apos;s new prime minister , Narendra Modi , is meeting his Japanese counterpart , Shinzo Abe , in Tokyo to discuss economic and security ties , on his first major foreign visit since winning May &apos;s election .
2025-05-03 12:04:29,742 - INFO - joeynmt.training - 	Hypothesis: India Narendra Narendra Narendra Modi , in the first important exchange of the Shinzeg in May , the Shinzo , the Collections of Shinzo , and safety of Shinzo , and security of the context .
2025-05-03 12:04:29,742 - INFO - joeynmt.training - Example #2
2025-05-03 12:04:29,742 - DEBUG - joeynmt.training - 	Tokenized source:     ['Herr', 'Mo@@', 'd@@', 'i', 'befindet', 'sich', 'auf', 'einer', 'fü@@', 'n@@', 'f@@', 'tä@@', 'gi@@', 'gen', 'Rei@@', 'se', 'nach', 'J@@', 'ap@@', 'an', ',', 'um', 'die', 'wirtschaf@@', 'tlichen', 'Be@@', 'zieh@@', 'ungen', 'mit', 'der', 'd@@', 'rit@@', 't@@', 'größ@@', 'ten', 'Wirtschafts@@', 'n@@', 'ation', 'der', 'Welt', 'zu', 'fes@@', 'tigen', '.']
2025-05-03 12:04:29,742 - DEBUG - joeynmt.training - 	Tokenized reference:  ['Mr', 'Mo@@', 'd@@', 'i', 'is', 'on', 'a', 'fi@@', 've', '@@@', '-@@', '@', 'day', 'tri@@', 'p', 'to', 'J@@', 'ap@@', 'an', 'to', 'streng@@', 'then', 'economic', 'ties', 'with', 'the', 'third', 'lar@@', 'ges@@', 't', 'econom@@', 'y', 'in', 'the', 'world', '.']
2025-05-03 12:04:29,742 - DEBUG - joeynmt.training - 	Tokenized hypothesis: ['Mr', 'Mo@@', 'd@@', 'i', 'is', 'located', 'on', 'a', 'fi@@', 'f@@', 'te@@', 'en', 'tra@@', 'v@@', 'el', 'to', 'J@@', 'ap@@', 'an', ',', 'to', 'economic', 'rel@@', 'ations', 'with', 'the', 'third', 'lar@@', 'ges@@', 't', 'economic', 'n@@', 'ation', '.', '</s>']
2025-05-03 12:04:29,742 - INFO - joeynmt.training - 	Source:     Herr Modi befindet sich auf einer fünftägigen Reise nach Japan , um die wirtschaftlichen Beziehungen mit der drittgrößten Wirtschaftsnation der Welt zu festigen .
2025-05-03 12:04:29,742 - INFO - joeynmt.training - 	Reference:  Mr Modi is on a five @-@ day trip to Japan to strengthen economic ties with the third largest economy in the world .
2025-05-03 12:04:29,742 - INFO - joeynmt.training - 	Hypothesis: Mr Modi is located on a fifteen travel to Japan , to economic relations with the third largest economic nation .
2025-05-03 12:04:29,742 - INFO - joeynmt.training - Example #3
2025-05-03 12:04:29,742 - DEBUG - joeynmt.training - 	Tokenized source:     ['P@@', 'län@@', 'e', 'für', 'eine', 'stärk@@', 'ere', 'k@@', 'ern@@', 'techn@@', 'ische', 'Zusammenarbeit', 'stehen', 'ganz', 'ob@@', 'en', 'auf', 'der', 'Tag@@', 'es@@', 'ordnung', '.']
2025-05-03 12:04:29,742 - DEBUG - joeynmt.training - 	Tokenized reference:  ['high', 'on', 'the', 'agen@@', 'da', 'are', 'pl@@', 'ans', 'for', 'gre@@', 'ater', 'nu@@', 'clear', 'c@@', 'o', '@@@', '-@@', '@', 'operation', '.']
2025-05-03 12:04:29,742 - DEBUG - joeynmt.training - 	Tokenized hypothesis: ['P@@', 'l@@', 'ass', 'for', 'a', 'str@@', 'ong', 'di@@', 'st@@', 'in@@', 'ction', 'of', 'cooperation', 'are', 'very', 'much', 'on', 'the', 'agen@@', 'da', '.', '</s>']
2025-05-03 12:04:29,742 - INFO - joeynmt.training - 	Source:     Pläne für eine stärkere kerntechnische Zusammenarbeit stehen ganz oben auf der Tagesordnung .
2025-05-03 12:04:29,742 - INFO - joeynmt.training - 	Reference:  high on the agenda are plans for greater nuclear co @-@ operation .
2025-05-03 12:04:29,742 - INFO - joeynmt.training - 	Hypothesis: Plass for a strong distinction of cooperation are very much on the agenda .
2025-05-03 12:04:29,742 - INFO - joeynmt.training - Example #4
2025-05-03 12:04:29,742 - DEBUG - joeynmt.training - 	Tokenized source:     ['Berich@@', 'ten', 'zu@@', 'fol@@', 'ge', 'ho@@', 'fft', 'Indi@@', 'en', 'darüber', 'hinaus', 'auf', 'einen', 'Ver@@', 'trag', 'zur', 'Ver@@', 'tei@@', 'dig@@', 'ungs@@', 'zusammen@@', 'arbeit', 'zwischen', 'den', 'beiden', 'N@@', 'ationen', '.']
2025-05-03 12:04:29,742 - DEBUG - joeynmt.training - 	Tokenized reference:  ['Indi@@', 'a', 'is', 'also', 're@@', 'porte@@', 'dly', 'hop@@', 'ing', 'for', 'a', 'de@@', 'al', 'on', 'def@@', 'ence', 'c@@', 'oll@@', 'ab@@', 'or@@', 'ation', 'between', 'the', 'two', 'n@@', 'ations', '.']
2025-05-03 12:04:29,742 - DEBUG - joeynmt.training - 	Tokenized hypothesis: ['re@@', 'ports', ',', 'the', 'same', ',', 'the', 'sign@@', 'ific@@', 'ant', 'work', 'on', 'the', 'basis', 'of', 'the', 'work', 'of', 'the', 'two', 'N@@', 'ations', '.', '</s>']
2025-05-03 12:04:29,743 - INFO - joeynmt.training - 	Source:     Berichten zufolge hofft Indien darüber hinaus auf einen Vertrag zur Verteidigungszusammenarbeit zwischen den beiden Nationen .
2025-05-03 12:04:29,743 - INFO - joeynmt.training - 	Reference:  India is also reportedly hoping for a deal on defence collaboration between the two nations .
2025-05-03 12:04:29,743 - INFO - joeynmt.training - 	Hypothesis: reports , the same , the significant work on the basis of the work of the two Nations .
2025-05-03 12:04:35,432 - INFO - joeynmt.training - Epoch   3, Step:    12100, Batch Loss:     1.833603, Batch Acc: 0.464733, Tokens per Sec:    15920, Lr: 0.000300
2025-05-03 12:04:40,507 - INFO - joeynmt.training - Epoch   3: total training loss 8223.23
2025-05-03 12:04:40,507 - INFO - joeynmt.training - EPOCH 4
2025-05-03 12:04:40,774 - INFO - joeynmt.training - Epoch   4, Step:    12200, Batch Loss:     2.022511, Batch Acc: 0.478612, Tokens per Sec:    17591, Lr: 0.000300
2025-05-03 12:04:46,257 - INFO - joeynmt.training - Epoch   4, Step:    12300, Batch Loss:     1.922888, Batch Acc: 0.482260, Tokens per Sec:    16854, Lr: 0.000300
2025-05-03 12:04:51,735 - INFO - joeynmt.training - Epoch   4, Step:    12400, Batch Loss:     2.122002, Batch Acc: 0.478943, Tokens per Sec:    16836, Lr: 0.000300
2025-05-03 12:04:57,327 - INFO - joeynmt.training - Epoch   4, Step:    12500, Batch Loss:     2.123706, Batch Acc: 0.478727, Tokens per Sec:    16505, Lr: 0.000300
2025-05-03 12:04:57,328 - INFO - joeynmt.prediction - Predicting 500 example(s)... (Greedy decoding with min_output_length=1, max_output_length=-1, return_prob='none', generate_unk=True, repetition_penalty=-1, no_repeat_ngram_size=-1)
2025-05-03 12:05:03,202 - INFO - joeynmt.prediction - Evaluation result (greedy) loss:   2.27, ppl:   9.67, acc:   0.41, generation: 5.8660[sec], evaluation: 0.0000[sec]
2025-05-03 12:05:03,202 - INFO - joeynmt.training - Hooray! New best validation result [ppl]!
2025-05-03 12:05:03,284 - INFO - joeynmt.helpers - delete models/deen_transformer_pre/10000.ckpt
2025-05-03 12:05:03,289 - INFO - joeynmt.training - Example #0
2025-05-03 12:05:03,290 - DEBUG - joeynmt.training - 	Tokenized source:     ['die', 'Pre@@', 'mi@@', 'er@@', 'minist@@', 'er', 'Indi@@', 'ens', 'und', 'J@@', 'ap@@', 'ans', 'tra@@', 'fen', 'sich', 'in', 'T@@', 'ok@@', 'i@@', 'o', '.']
2025-05-03 12:05:03,290 - DEBUG - joeynmt.training - 	Tokenized reference:  ['Indi@@', 'a', 'and', 'J@@', 'ap@@', 'an', 'pri@@', 'me', 'minist@@', 'ers', 'me@@', 'et', 'in', 'T@@', 'ok@@', 'y@@', 'o']
2025-05-03 12:05:03,290 - DEBUG - joeynmt.training - 	Tokenized hypothesis: ['the', 'Pri@@', 'me', 'Minist@@', 'er', 'Indi@@', 'a', 'and', 'J@@', 'ap@@', 'ans', 'are', 'tra@@', 'v@@', 'ell@@', 'ed', 'in', 'T@@', 'ok@@', 'i@@', 'o', '.', '</s>']
2025-05-03 12:05:03,290 - INFO - joeynmt.training - 	Source:     die Premierminister Indiens und Japans trafen sich in Tokio .
2025-05-03 12:05:03,290 - INFO - joeynmt.training - 	Reference:  India and Japan prime ministers meet in Tokyo
2025-05-03 12:05:03,290 - INFO - joeynmt.training - 	Hypothesis: the Prime Minister India and Japans are travelled in Tokio .
2025-05-03 12:05:03,290 - INFO - joeynmt.training - Example #1
2025-05-03 12:05:03,290 - DEBUG - joeynmt.training - 	Tokenized source:     ['Indi@@', 'ens', 'neu@@', 'er', 'Pre@@', 'mi@@', 'er@@', 'minist@@', 'er', 'N@@', 'ar@@', 'end@@', 'ra', 'Mo@@', 'd@@', 'i', 'tri@@', 'fft', 'bei', 's@@', 'einem', 'ersten', 'wichti@@', 'gen', 'Aus@@', 'land@@', 's@@', 'bes@@', 'u@@', 'ch', 'seit', 's@@', 'einem', 'W@@', 'ah@@', 'l@@', 'si@@', 'e@@', 'g', 'im', 'Ma@@', 'i', 'seinen', 'j@@', 'ap@@', 'an@@', 'ischen', 'Am@@', 'ts@@', 'k@@', 'olle@@', 'gen', 'S@@', 'hin@@', 'z@@', 'o', 'A@@', 'be', 'in', 'T@@', 'ok@@', 'o', ',', 'um', 'wirtschaf@@', 'tliche', 'und', 'sicher@@', 'heits@@', 'politische', 'Be@@', 'zieh@@', 'ungen', 'zu', 'bes@@', 'pre@@', 'chen', '.']
2025-05-03 12:05:03,290 - DEBUG - joeynmt.training - 	Tokenized reference:  ['Indi@@', 'a', '&apos;s', 'new', 'pri@@', 'me', 'minist@@', 'er', ',', 'N@@', 'ar@@', 'end@@', 'ra', 'Mo@@', 'd@@', 'i', ',', 'is', 'me@@', 'eting', 'his', 'J@@', 'ap@@', 'an@@', 'ese', 'coun@@', 'ter@@', 'part', ',', 'S@@', 'hin@@', 'z@@', 'o', 'A@@', 'be', ',', 'in', 'T@@', 'ok@@', 'y@@', 'o', 'to', 'disc@@', 'uss', 'economic', 'and', 'security', 'ties', ',', 'on', 'his', 'first', 'major', 'fore@@', 'ign', 'visi@@', 't', 'since', 'w@@', 'inn@@', 'ing', 'Ma@@', 'y', '&apos;s', 'elec@@', 'tion', '.']
2025-05-03 12:05:03,290 - DEBUG - joeynmt.training - 	Tokenized hypothesis: ['Indi@@', 'a', '&apos;s', 'lat@@', 'est', 'pri@@', 'me', 'N@@', 'ar@@', 'end@@', 'ra', 'Mo@@', 'd@@', 'i', ',', 'the', 'first', 'important', 'ex@@', 'change', 'of', 'the', 'S@@', 'hin@@', 'z@@', 'e@@', 'ch', ',', 'the', 'S@@', 'hin@@', 'z@@', 'e@@', 'ch', 'of', 'the', 'M@@', 'er@@', 'r@@', 'ors', 'of', 'S@@', 'hin@@', 'z@@', 'o', 'A@@', 'be', 'in', 'T@@', 'ok@@', 'o', ',', 'and', 'saf@@', 'ety', 'rel@@', 'ations', 'with', 'the', 'S@@', 'hin@@', 'z@@', 'o', 'A@@', 'be', 'in', 'T@@', 'ok@@', 'o', ',', 'and', 'S@@', 'h@@', 'z@@', 'o', ',', 'and', 'saf@@', 'ety', 'rel@@', 'ations', 'with', 'the', 'S@@', 'hin@@', 'z@@', 'e@@', 'ch', '.', '</s>']
2025-05-03 12:05:03,291 - INFO - joeynmt.training - 	Source:     Indiens neuer Premierminister Narendra Modi trifft bei seinem ersten wichtigen Auslandsbesuch seit seinem Wahlsieg im Mai seinen japanischen Amtskollegen Shinzo Abe in Toko , um wirtschaftliche und sicherheitspolitische Beziehungen zu besprechen .
2025-05-03 12:05:03,291 - INFO - joeynmt.training - 	Reference:  India &apos;s new prime minister , Narendra Modi , is meeting his Japanese counterpart , Shinzo Abe , in Tokyo to discuss economic and security ties , on his first major foreign visit since winning May &apos;s election .
2025-05-03 12:05:03,291 - INFO - joeynmt.training - 	Hypothesis: India &apos;s latest prime Narendra Modi , the first important exchange of the Shinzech , the Shinzech of the Merrors of Shinzo Abe in Toko , and safety relations with the Shinzo Abe in Toko , and Shzo , and safety relations with the Shinzech .
2025-05-03 12:05:03,291 - INFO - joeynmt.training - Example #2
2025-05-03 12:05:03,291 - DEBUG - joeynmt.training - 	Tokenized source:     ['Herr', 'Mo@@', 'd@@', 'i', 'befindet', 'sich', 'auf', 'einer', 'fü@@', 'n@@', 'f@@', 'tä@@', 'gi@@', 'gen', 'Rei@@', 'se', 'nach', 'J@@', 'ap@@', 'an', ',', 'um', 'die', 'wirtschaf@@', 'tlichen', 'Be@@', 'zieh@@', 'ungen', 'mit', 'der', 'd@@', 'rit@@', 't@@', 'größ@@', 'ten', 'Wirtschafts@@', 'n@@', 'ation', 'der', 'Welt', 'zu', 'fes@@', 'tigen', '.']
2025-05-03 12:05:03,291 - DEBUG - joeynmt.training - 	Tokenized reference:  ['Mr', 'Mo@@', 'd@@', 'i', 'is', 'on', 'a', 'fi@@', 've', '@@@', '-@@', '@', 'day', 'tri@@', 'p', 'to', 'J@@', 'ap@@', 'an', 'to', 'streng@@', 'then', 'economic', 'ties', 'with', 'the', 'third', 'lar@@', 'ges@@', 't', 'econom@@', 'y', 'in', 'the', 'world', '.']
2025-05-03 12:05:03,291 - DEBUG - joeynmt.training - 	Tokenized hypothesis: ['Mr', 'Mo@@', 'd@@', 'i', 'is', 'located', 'on', 'a', 'fi@@', 'f@@', 'te@@', 'en', 'number', 'of', 'j@@', 'ap@@', 'an', ',', 'to', 'the', 'economic', 'rel@@', 'ations', 'with', 'the', 'third', 'lar@@', 'ges@@', 't', 'economic', 'rel@@', 'ations', 'with', 'the', 'third', 'lar@@', 'ges@@', 't', 'economic', 'n@@', 'ation', 'of', 'the', 'world', '.', '</s>']
2025-05-03 12:05:03,291 - INFO - joeynmt.training - 	Source:     Herr Modi befindet sich auf einer fünftägigen Reise nach Japan , um die wirtschaftlichen Beziehungen mit der drittgrößten Wirtschaftsnation der Welt zu festigen .
2025-05-03 12:05:03,291 - INFO - joeynmt.training - 	Reference:  Mr Modi is on a five @-@ day trip to Japan to strengthen economic ties with the third largest economy in the world .
2025-05-03 12:05:03,291 - INFO - joeynmt.training - 	Hypothesis: Mr Modi is located on a fifteen number of japan , to the economic relations with the third largest economic relations with the third largest economic nation of the world .
2025-05-03 12:05:03,291 - INFO - joeynmt.training - Example #3
2025-05-03 12:05:03,292 - DEBUG - joeynmt.training - 	Tokenized source:     ['P@@', 'län@@', 'e', 'für', 'eine', 'stärk@@', 'ere', 'k@@', 'ern@@', 'techn@@', 'ische', 'Zusammenarbeit', 'stehen', 'ganz', 'ob@@', 'en', 'auf', 'der', 'Tag@@', 'es@@', 'ordnung', '.']
2025-05-03 12:05:03,292 - DEBUG - joeynmt.training - 	Tokenized reference:  ['high', 'on', 'the', 'agen@@', 'da', 'are', 'pl@@', 'ans', 'for', 'gre@@', 'ater', 'nu@@', 'clear', 'c@@', 'o', '@@@', '-@@', '@', 'operation', '.']
2025-05-03 12:05:03,292 - DEBUG - joeynmt.training - 	Tokenized hypothesis: ['P@@', 'l@@', 'l@@', 'ass', 'for', 'a', 'str@@', 'ong', 'techn@@', 'ical', 'cooperation', ',', 'are', 'very', 'ob@@', 'li@@', 'g@@', 'ations', 'on', 'the', 'agen@@', 'da', '.', '</s>']
2025-05-03 12:05:03,292 - INFO - joeynmt.training - 	Source:     Pläne für eine stärkere kerntechnische Zusammenarbeit stehen ganz oben auf der Tagesordnung .
2025-05-03 12:05:03,292 - INFO - joeynmt.training - 	Reference:  high on the agenda are plans for greater nuclear co @-@ operation .
2025-05-03 12:05:03,292 - INFO - joeynmt.training - 	Hypothesis: Pllass for a strong technical cooperation , are very obligations on the agenda .
2025-05-03 12:05:03,292 - INFO - joeynmt.training - Example #4
2025-05-03 12:05:03,292 - DEBUG - joeynmt.training - 	Tokenized source:     ['Berich@@', 'ten', 'zu@@', 'fol@@', 'ge', 'ho@@', 'fft', 'Indi@@', 'en', 'darüber', 'hinaus', 'auf', 'einen', 'Ver@@', 'trag', 'zur', 'Ver@@', 'tei@@', 'dig@@', 'ungs@@', 'zusammen@@', 'arbeit', 'zwischen', 'den', 'beiden', 'N@@', 'ationen', '.']
2025-05-03 12:05:03,292 - DEBUG - joeynmt.training - 	Tokenized reference:  ['Indi@@', 'a', 'is', 'also', 're@@', 'porte@@', 'dly', 'hop@@', 'ing', 'for', 'a', 'de@@', 'al', 'on', 'def@@', 'ence', 'c@@', 'oll@@', 'ab@@', 'or@@', 'ation', 'between', 'the', 'two', 'n@@', 'ations', '.']
2025-05-03 12:05:03,292 - DEBUG - joeynmt.training - 	Tokenized hypothesis: ['re@@', 'ports', ',', 'it', 'is', 'also', 'high@@', 'ly', 'Indi@@', 'a', 'is', 'also', 'a', 'Tre@@', 'aty', 'on', 'the', 'con@@', 'text', 'of', 'the', 'two', 'N@@', 'ations', '.', '</s>']
2025-05-03 12:05:03,292 - INFO - joeynmt.training - 	Source:     Berichten zufolge hofft Indien darüber hinaus auf einen Vertrag zur Verteidigungszusammenarbeit zwischen den beiden Nationen .
2025-05-03 12:05:03,292 - INFO - joeynmt.training - 	Reference:  India is also reportedly hoping for a deal on defence collaboration between the two nations .
2025-05-03 12:05:03,292 - INFO - joeynmt.training - 	Hypothesis: reports , it is also highly India is also a Treaty on the context of the two Nations .
2025-05-03 12:05:08,821 - INFO - joeynmt.training - Epoch   4, Step:    12600, Batch Loss:     1.879061, Batch Acc: 0.477958, Tokens per Sec:    16464, Lr: 0.000300
2025-05-03 12:05:14,300 - INFO - joeynmt.training - Epoch   4, Step:    12700, Batch Loss:     1.926608, Batch Acc: 0.478359, Tokens per Sec:    16495, Lr: 0.000300
2025-05-03 12:05:19,698 - INFO - joeynmt.training - Epoch   4, Step:    12800, Batch Loss:     1.711488, Batch Acc: 0.478875, Tokens per Sec:    17011, Lr: 0.000300
2025-05-03 12:05:25,183 - INFO - joeynmt.training - Epoch   4, Step:    12900, Batch Loss:     1.721122, Batch Acc: 0.483282, Tokens per Sec:    16703, Lr: 0.000300
2025-05-03 12:05:30,618 - INFO - joeynmt.training - Epoch   4, Step:    13000, Batch Loss:     2.063313, Batch Acc: 0.476638, Tokens per Sec:    16806, Lr: 0.000300
2025-05-03 12:05:30,619 - INFO - joeynmt.prediction - Predicting 500 example(s)... (Greedy decoding with min_output_length=1, max_output_length=-1, return_prob='none', generate_unk=True, repetition_penalty=-1, no_repeat_ngram_size=-1)
2025-05-03 12:05:36,273 - INFO - joeynmt.prediction - Evaluation result (greedy) loss:   2.26, ppl:   9.59, acc:   0.42, generation: 5.6467[sec], evaluation: 0.0000[sec]
2025-05-03 12:05:36,273 - INFO - joeynmt.training - Hooray! New best validation result [ppl]!
2025-05-03 12:05:36,357 - INFO - joeynmt.helpers - delete models/deen_transformer_pre/10500.ckpt
2025-05-03 12:05:36,363 - INFO - joeynmt.training - Example #0
2025-05-03 12:05:36,363 - DEBUG - joeynmt.training - 	Tokenized source:     ['die', 'Pre@@', 'mi@@', 'er@@', 'minist@@', 'er', 'Indi@@', 'ens', 'und', 'J@@', 'ap@@', 'ans', 'tra@@', 'fen', 'sich', 'in', 'T@@', 'ok@@', 'i@@', 'o', '.']
2025-05-03 12:05:36,363 - DEBUG - joeynmt.training - 	Tokenized reference:  ['Indi@@', 'a', 'and', 'J@@', 'ap@@', 'an', 'pri@@', 'me', 'minist@@', 'ers', 'me@@', 'et', 'in', 'T@@', 'ok@@', 'y@@', 'o']
2025-05-03 12:05:36,363 - DEBUG - joeynmt.training - 	Tokenized hypothesis: ['the', 'Pri@@', 'me', 'Minist@@', 'er', 'and', 'J@@', 'ap@@', 'an', ',', 'J@@', 'ap@@', 'an', ',', 'T@@', 'ok@@', 'i@@', 'o', '.', '</s>']
2025-05-03 12:05:36,363 - INFO - joeynmt.training - 	Source:     die Premierminister Indiens und Japans trafen sich in Tokio .
2025-05-03 12:05:36,364 - INFO - joeynmt.training - 	Reference:  India and Japan prime ministers meet in Tokyo
2025-05-03 12:05:36,364 - INFO - joeynmt.training - 	Hypothesis: the Prime Minister and Japan , Japan , Tokio .
2025-05-03 12:05:36,364 - INFO - joeynmt.training - Example #1
2025-05-03 12:05:36,364 - DEBUG - joeynmt.training - 	Tokenized source:     ['Indi@@', 'ens', 'neu@@', 'er', 'Pre@@', 'mi@@', 'er@@', 'minist@@', 'er', 'N@@', 'ar@@', 'end@@', 'ra', 'Mo@@', 'd@@', 'i', 'tri@@', 'fft', 'bei', 's@@', 'einem', 'ersten', 'wichti@@', 'gen', 'Aus@@', 'land@@', 's@@', 'bes@@', 'u@@', 'ch', 'seit', 's@@', 'einem', 'W@@', 'ah@@', 'l@@', 'si@@', 'e@@', 'g', 'im', 'Ma@@', 'i', 'seinen', 'j@@', 'ap@@', 'an@@', 'ischen', 'Am@@', 'ts@@', 'k@@', 'olle@@', 'gen', 'S@@', 'hin@@', 'z@@', 'o', 'A@@', 'be', 'in', 'T@@', 'ok@@', 'o', ',', 'um', 'wirtschaf@@', 'tliche', 'und', 'sicher@@', 'heits@@', 'politische', 'Be@@', 'zieh@@', 'ungen', 'zu', 'bes@@', 'pre@@', 'chen', '.']
2025-05-03 12:05:36,364 - DEBUG - joeynmt.training - 	Tokenized reference:  ['Indi@@', 'a', '&apos;s', 'new', 'pri@@', 'me', 'minist@@', 'er', ',', 'N@@', 'ar@@', 'end@@', 'ra', 'Mo@@', 'd@@', 'i', ',', 'is', 'me@@', 'eting', 'his', 'J@@', 'ap@@', 'an@@', 'ese', 'coun@@', 'ter@@', 'part', ',', 'S@@', 'hin@@', 'z@@', 'o', 'A@@', 'be', ',', 'in', 'T@@', 'ok@@', 'y@@', 'o', 'to', 'disc@@', 'uss', 'economic', 'and', 'security', 'ties', ',', 'on', 'his', 'first', 'major', 'fore@@', 'ign', 'visi@@', 't', 'since', 'w@@', 'inn@@', 'ing', 'Ma@@', 'y', '&apos;s', 'elec@@', 'tion', '.']
2025-05-03 12:05:36,364 - DEBUG - joeynmt.training - 	Tokenized hypothesis: ['Indi@@', 'a', '&apos;s', 'lat@@', 'est', 'Pri@@', 'me', 'Minist@@', 'er', 'N@@', 'ar@@', 'end@@', 'ra', 'Mo@@', 'd@@', 'i', ',', 'the', 'first', 'important', 'ex@@', 'change', 'of', 'the', 'German', 'German', 'C@@', 'olle@@', 'ge', ',', 'the', 'S@@', 'hin@@', 'z@@', 'o', 'A@@', 'be', 'in', 'M@@', 'an', 'A@@', 'be', 'in', 'T@@', 'ok@@', 'o', 'A@@', 'be', 'in', 'T@@', 'ok@@', 'o', 'A@@', 'be', 'in', 'T@@', 'ok@@', 'o', ',', 'and', 'the', 'S@@', 'hin@@', 'z@@', 'o', 'A@@', 'be', 'in', 'T@@', 'ok@@', 'o', ',', 'and', 'the', 'S@@', 'hin@@', 'z@@', 'o', 'A@@', 'be', 'in', 'T@@', 'ok@@', 'o', '.', '</s>']
2025-05-03 12:05:36,364 - INFO - joeynmt.training - 	Source:     Indiens neuer Premierminister Narendra Modi trifft bei seinem ersten wichtigen Auslandsbesuch seit seinem Wahlsieg im Mai seinen japanischen Amtskollegen Shinzo Abe in Toko , um wirtschaftliche und sicherheitspolitische Beziehungen zu besprechen .
2025-05-03 12:05:36,364 - INFO - joeynmt.training - 	Reference:  India &apos;s new prime minister , Narendra Modi , is meeting his Japanese counterpart , Shinzo Abe , in Tokyo to discuss economic and security ties , on his first major foreign visit since winning May &apos;s election .
2025-05-03 12:05:36,364 - INFO - joeynmt.training - 	Hypothesis: India &apos;s latest Prime Minister Narendra Modi , the first important exchange of the German German College , the Shinzo Abe in Man Abe in Toko Abe in Toko Abe in Toko , and the Shinzo Abe in Toko , and the Shinzo Abe in Toko .
2025-05-03 12:05:36,364 - INFO - joeynmt.training - Example #2
2025-05-03 12:05:36,365 - DEBUG - joeynmt.training - 	Tokenized source:     ['Herr', 'Mo@@', 'd@@', 'i', 'befindet', 'sich', 'auf', 'einer', 'fü@@', 'n@@', 'f@@', 'tä@@', 'gi@@', 'gen', 'Rei@@', 'se', 'nach', 'J@@', 'ap@@', 'an', ',', 'um', 'die', 'wirtschaf@@', 'tlichen', 'Be@@', 'zieh@@', 'ungen', 'mit', 'der', 'd@@', 'rit@@', 't@@', 'größ@@', 'ten', 'Wirtschafts@@', 'n@@', 'ation', 'der', 'Welt', 'zu', 'fes@@', 'tigen', '.']
2025-05-03 12:05:36,365 - DEBUG - joeynmt.training - 	Tokenized reference:  ['Mr', 'Mo@@', 'd@@', 'i', 'is', 'on', 'a', 'fi@@', 've', '@@@', '-@@', '@', 'day', 'tri@@', 'p', 'to', 'J@@', 'ap@@', 'an', 'to', 'streng@@', 'then', 'economic', 'ties', 'with', 'the', 'third', 'lar@@', 'ges@@', 't', 'econom@@', 'y', 'in', 'the', 'world', '.']
2025-05-03 12:05:36,365 - DEBUG - joeynmt.training - 	Tokenized hypothesis: ['Mr', 'Mo@@', 'd@@', 'i', 'is', 'located', 'on', 'a', 'fi@@', 'f@@', 'te@@', 'en', 'in', 'the', 'world', 'to', 'J@@', 'ap@@', 'an', 'to', 'the', 'economic', 'rel@@', 'ations', 'with', 'the', 'd@@', 'rit@@', 't@@', 'ory', 'of', 'the', 'world', '&apos;s', 'economic', 'rel@@', 'ations', 'with', 'the', 'd@@', 'rit@@', 't@@', 'ory', 'of', 'the', 'world', '.', '</s>']
2025-05-03 12:05:36,365 - INFO - joeynmt.training - 	Source:     Herr Modi befindet sich auf einer fünftägigen Reise nach Japan , um die wirtschaftlichen Beziehungen mit der drittgrößten Wirtschaftsnation der Welt zu festigen .
2025-05-03 12:05:36,365 - INFO - joeynmt.training - 	Reference:  Mr Modi is on a five @-@ day trip to Japan to strengthen economic ties with the third largest economy in the world .
2025-05-03 12:05:36,365 - INFO - joeynmt.training - 	Hypothesis: Mr Modi is located on a fifteen in the world to Japan to the economic relations with the drittory of the world &apos;s economic relations with the drittory of the world .
2025-05-03 12:05:36,365 - INFO - joeynmt.training - Example #3
2025-05-03 12:05:36,365 - DEBUG - joeynmt.training - 	Tokenized source:     ['P@@', 'län@@', 'e', 'für', 'eine', 'stärk@@', 'ere', 'k@@', 'ern@@', 'techn@@', 'ische', 'Zusammenarbeit', 'stehen', 'ganz', 'ob@@', 'en', 'auf', 'der', 'Tag@@', 'es@@', 'ordnung', '.']
2025-05-03 12:05:36,365 - DEBUG - joeynmt.training - 	Tokenized reference:  ['high', 'on', 'the', 'agen@@', 'da', 'are', 'pl@@', 'ans', 'for', 'gre@@', 'ater', 'nu@@', 'clear', 'c@@', 'o', '@@@', '-@@', '@', 'operation', '.']
2025-05-03 12:05:36,365 - DEBUG - joeynmt.training - 	Tokenized hypothesis: ['pl@@', 'ans', 'for', 'more', 'seri@@', 'ous', 'techn@@', 'ical', 'cooperation', 'are', 'very', 'ob@@', 'vi@@', 'ously', 'in', 'the', 'agen@@', 'da', '.', '</s>']
2025-05-03 12:05:36,365 - INFO - joeynmt.training - 	Source:     Pläne für eine stärkere kerntechnische Zusammenarbeit stehen ganz oben auf der Tagesordnung .
2025-05-03 12:05:36,365 - INFO - joeynmt.training - 	Reference:  high on the agenda are plans for greater nuclear co @-@ operation .
2025-05-03 12:05:36,365 - INFO - joeynmt.training - 	Hypothesis: plans for more serious technical cooperation are very obviously in the agenda .
2025-05-03 12:05:36,366 - INFO - joeynmt.training - Example #4
2025-05-03 12:05:36,366 - DEBUG - joeynmt.training - 	Tokenized source:     ['Berich@@', 'ten', 'zu@@', 'fol@@', 'ge', 'ho@@', 'fft', 'Indi@@', 'en', 'darüber', 'hinaus', 'auf', 'einen', 'Ver@@', 'trag', 'zur', 'Ver@@', 'tei@@', 'dig@@', 'ungs@@', 'zusammen@@', 'arbeit', 'zwischen', 'den', 'beiden', 'N@@', 'ationen', '.']
2025-05-03 12:05:36,366 - DEBUG - joeynmt.training - 	Tokenized reference:  ['Indi@@', 'a', 'is', 'also', 're@@', 'porte@@', 'dly', 'hop@@', 'ing', 'for', 'a', 'de@@', 'al', 'on', 'def@@', 'ence', 'c@@', 'oll@@', 'ab@@', 'or@@', 'ation', 'between', 'the', 'two', 'n@@', 'ations', '.']
2025-05-03 12:05:36,366 - DEBUG - joeynmt.training - 	Tokenized hypothesis: ['re@@', 'ports', ',', 'it', 'is', 'also', 'the', 'agreement', 'on', 'a', 'Tre@@', 'aty', 'on', 'the', 'basis', 'of', 'the', 'work', 'of', 'the', 'two', 'N@@', 'ations', '.', '</s>']
2025-05-03 12:05:36,366 - INFO - joeynmt.training - 	Source:     Berichten zufolge hofft Indien darüber hinaus auf einen Vertrag zur Verteidigungszusammenarbeit zwischen den beiden Nationen .
2025-05-03 12:05:36,366 - INFO - joeynmt.training - 	Reference:  India is also reportedly hoping for a deal on defence collaboration between the two nations .
2025-05-03 12:05:36,366 - INFO - joeynmt.training - 	Hypothesis: reports , it is also the agreement on a Treaty on the basis of the work of the two Nations .
2025-05-03 12:05:41,881 - INFO - joeynmt.training - Epoch   4, Step:    13100, Batch Loss:     2.064339, Batch Acc: 0.481330, Tokens per Sec:    16375, Lr: 0.000300
2025-05-03 12:05:47,377 - INFO - joeynmt.training - Epoch   4, Step:    13200, Batch Loss:     1.917452, Batch Acc: 0.484428, Tokens per Sec:    16703, Lr: 0.000300
2025-05-03 12:05:52,761 - INFO - joeynmt.training - Epoch   4, Step:    13300, Batch Loss:     2.028522, Batch Acc: 0.481639, Tokens per Sec:    17020, Lr: 0.000300
2025-05-03 12:05:58,306 - INFO - joeynmt.training - Epoch   4, Step:    13400, Batch Loss:     1.942814, Batch Acc: 0.483859, Tokens per Sec:    16506, Lr: 0.000300
2025-05-03 12:06:03,740 - INFO - joeynmt.training - Epoch   4, Step:    13500, Batch Loss:     2.249936, Batch Acc: 0.482847, Tokens per Sec:    16982, Lr: 0.000300
2025-05-03 12:06:03,740 - INFO - joeynmt.prediction - Predicting 500 example(s)... (Greedy decoding with min_output_length=1, max_output_length=-1, return_prob='none', generate_unk=True, repetition_penalty=-1, no_repeat_ngram_size=-1)
2025-05-03 12:06:08,619 - INFO - joeynmt.prediction - Evaluation result (greedy) loss:   2.24, ppl:   9.41, acc:   0.42, generation: 4.8726[sec], evaluation: 0.0000[sec]
2025-05-03 12:06:08,619 - INFO - joeynmt.training - Hooray! New best validation result [ppl]!
2025-05-03 12:06:08,701 - INFO - joeynmt.helpers - delete models/deen_transformer_pre/11000.ckpt
2025-05-03 12:06:08,707 - INFO - joeynmt.training - Example #0
2025-05-03 12:06:08,707 - DEBUG - joeynmt.training - 	Tokenized source:     ['die', 'Pre@@', 'mi@@', 'er@@', 'minist@@', 'er', 'Indi@@', 'ens', 'und', 'J@@', 'ap@@', 'ans', 'tra@@', 'fen', 'sich', 'in', 'T@@', 'ok@@', 'i@@', 'o', '.']
2025-05-03 12:06:08,707 - DEBUG - joeynmt.training - 	Tokenized reference:  ['Indi@@', 'a', 'and', 'J@@', 'ap@@', 'an', 'pri@@', 'me', 'minist@@', 'ers', 'me@@', 'et', 'in', 'T@@', 'ok@@', 'y@@', 'o']
2025-05-03 12:06:08,707 - DEBUG - joeynmt.training - 	Tokenized hypothesis: ['the', 'Pri@@', 'me', 'Minist@@', 'er', ',', 'the', 'Pri@@', 'me', 'Minist@@', 'er', 'and', 'J@@', 'ap@@', 'an', ',', 'in', 'T@@', 'ok@@', 'i@@', 'o', '.', '</s>']
2025-05-03 12:06:08,708 - INFO - joeynmt.training - 	Source:     die Premierminister Indiens und Japans trafen sich in Tokio .
2025-05-03 12:06:08,708 - INFO - joeynmt.training - 	Reference:  India and Japan prime ministers meet in Tokyo
2025-05-03 12:06:08,708 - INFO - joeynmt.training - 	Hypothesis: the Prime Minister , the Prime Minister and Japan , in Tokio .
2025-05-03 12:06:08,708 - INFO - joeynmt.training - Example #1
2025-05-03 12:06:08,708 - DEBUG - joeynmt.training - 	Tokenized source:     ['Indi@@', 'ens', 'neu@@', 'er', 'Pre@@', 'mi@@', 'er@@', 'minist@@', 'er', 'N@@', 'ar@@', 'end@@', 'ra', 'Mo@@', 'd@@', 'i', 'tri@@', 'fft', 'bei', 's@@', 'einem', 'ersten', 'wichti@@', 'gen', 'Aus@@', 'land@@', 's@@', 'bes@@', 'u@@', 'ch', 'seit', 's@@', 'einem', 'W@@', 'ah@@', 'l@@', 'si@@', 'e@@', 'g', 'im', 'Ma@@', 'i', 'seinen', 'j@@', 'ap@@', 'an@@', 'ischen', 'Am@@', 'ts@@', 'k@@', 'olle@@', 'gen', 'S@@', 'hin@@', 'z@@', 'o', 'A@@', 'be', 'in', 'T@@', 'ok@@', 'o', ',', 'um', 'wirtschaf@@', 'tliche', 'und', 'sicher@@', 'heits@@', 'politische', 'Be@@', 'zieh@@', 'ungen', 'zu', 'bes@@', 'pre@@', 'chen', '.']
2025-05-03 12:06:08,708 - DEBUG - joeynmt.training - 	Tokenized reference:  ['Indi@@', 'a', '&apos;s', 'new', 'pri@@', 'me', 'minist@@', 'er', ',', 'N@@', 'ar@@', 'end@@', 'ra', 'Mo@@', 'd@@', 'i', ',', 'is', 'me@@', 'eting', 'his', 'J@@', 'ap@@', 'an@@', 'ese', 'coun@@', 'ter@@', 'part', ',', 'S@@', 'hin@@', 'z@@', 'o', 'A@@', 'be', ',', 'in', 'T@@', 'ok@@', 'y@@', 'o', 'to', 'disc@@', 'uss', 'economic', 'and', 'security', 'ties', ',', 'on', 'his', 'first', 'major', 'fore@@', 'ign', 'visi@@', 't', 'since', 'w@@', 'inn@@', 'ing', 'Ma@@', 'y', '&apos;s', 'elec@@', 'tion', '.']
2025-05-03 12:06:08,708 - DEBUG - joeynmt.training - 	Tokenized hypothesis: ['Indi@@', 'a', '&apos;s', 'lat@@', 'est', 'pri@@', 'me', 'N@@', 'ar@@', 'end@@', 'ra', 'Mo@@', 'd@@', 'i', 'Mo@@', 'd@@', 'i', 'Mo@@', 'd@@', 'i', 'Mo@@', 'd@@', 'i', 'Mo@@', 'd@@', 'i', 'Mo@@', 'd@@', 'i', ',', 'in', 'Ma@@', 'y', 'his', 'yo@@', 'ung', '&apos;s', 'J@@', 'ap@@', 'an@@', 'ese', 'colle@@', 'ag@@', 'u@@', 'es', 'S@@', 'hin@@', 'z@@', 'o', 'A@@', 'be', 'in', 'T@@', 'ok@@', 'o', 'A@@', 'be', 'in', 'T@@', 'ok@@', 'o', ',', 'and', 'saf@@', 'ety', 'of', 'economic', 'and', 'saf@@', 'ety', '.', '</s>']
2025-05-03 12:06:08,708 - INFO - joeynmt.training - 	Source:     Indiens neuer Premierminister Narendra Modi trifft bei seinem ersten wichtigen Auslandsbesuch seit seinem Wahlsieg im Mai seinen japanischen Amtskollegen Shinzo Abe in Toko , um wirtschaftliche und sicherheitspolitische Beziehungen zu besprechen .
2025-05-03 12:06:08,709 - INFO - joeynmt.training - 	Reference:  India &apos;s new prime minister , Narendra Modi , is meeting his Japanese counterpart , Shinzo Abe , in Tokyo to discuss economic and security ties , on his first major foreign visit since winning May &apos;s election .
2025-05-03 12:06:08,709 - INFO - joeynmt.training - 	Hypothesis: India &apos;s latest prime Narendra Modi Modi Modi Modi Modi Modi , in May his young &apos;s Japanese colleagues Shinzo Abe in Toko Abe in Toko , and safety of economic and safety .
2025-05-03 12:06:08,709 - INFO - joeynmt.training - Example #2
2025-05-03 12:06:08,709 - DEBUG - joeynmt.training - 	Tokenized source:     ['Herr', 'Mo@@', 'd@@', 'i', 'befindet', 'sich', 'auf', 'einer', 'fü@@', 'n@@', 'f@@', 'tä@@', 'gi@@', 'gen', 'Rei@@', 'se', 'nach', 'J@@', 'ap@@', 'an', ',', 'um', 'die', 'wirtschaf@@', 'tlichen', 'Be@@', 'zieh@@', 'ungen', 'mit', 'der', 'd@@', 'rit@@', 't@@', 'größ@@', 'ten', 'Wirtschafts@@', 'n@@', 'ation', 'der', 'Welt', 'zu', 'fes@@', 'tigen', '.']
2025-05-03 12:06:08,709 - DEBUG - joeynmt.training - 	Tokenized reference:  ['Mr', 'Mo@@', 'd@@', 'i', 'is', 'on', 'a', 'fi@@', 've', '@@@', '-@@', '@', 'day', 'tri@@', 'p', 'to', 'J@@', 'ap@@', 'an', 'to', 'streng@@', 'then', 'economic', 'ties', 'with', 'the', 'third', 'lar@@', 'ges@@', 't', 'econom@@', 'y', 'in', 'the', 'world', '.']
2025-05-03 12:06:08,709 - DEBUG - joeynmt.training - 	Tokenized hypothesis: ['Mr', 'Mo@@', 'd@@', 'i', 'is', 'located', 'on', 'a', 'fi@@', 'f@@', 'th', 'of', 'a', 'fi@@', 'f@@', 'th', 'of', 'the', 'world', '&apos;s', 'economic', 'rel@@', 'ations', 'with', 'the', 'third', 'lar@@', 'ges@@', 't', 'economic', 'rel@@', 'ations', 'with', 'the', 'third', 'lar@@', 'ges@@', 't', 'economic', 'n@@', 'ation', 'of', 'the', 'world', '.', '</s>']
2025-05-03 12:06:08,709 - INFO - joeynmt.training - 	Source:     Herr Modi befindet sich auf einer fünftägigen Reise nach Japan , um die wirtschaftlichen Beziehungen mit der drittgrößten Wirtschaftsnation der Welt zu festigen .
2025-05-03 12:06:08,709 - INFO - joeynmt.training - 	Reference:  Mr Modi is on a five @-@ day trip to Japan to strengthen economic ties with the third largest economy in the world .
2025-05-03 12:06:08,709 - INFO - joeynmt.training - 	Hypothesis: Mr Modi is located on a fifth of a fifth of the world &apos;s economic relations with the third largest economic relations with the third largest economic nation of the world .
2025-05-03 12:06:08,709 - INFO - joeynmt.training - Example #3
2025-05-03 12:06:08,710 - DEBUG - joeynmt.training - 	Tokenized source:     ['P@@', 'län@@', 'e', 'für', 'eine', 'stärk@@', 'ere', 'k@@', 'ern@@', 'techn@@', 'ische', 'Zusammenarbeit', 'stehen', 'ganz', 'ob@@', 'en', 'auf', 'der', 'Tag@@', 'es@@', 'ordnung', '.']
2025-05-03 12:06:08,710 - DEBUG - joeynmt.training - 	Tokenized reference:  ['high', 'on', 'the', 'agen@@', 'da', 'are', 'pl@@', 'ans', 'for', 'gre@@', 'ater', 'nu@@', 'clear', 'c@@', 'o', '@@@', '-@@', '@', 'operation', '.']
2025-05-03 12:06:08,710 - DEBUG - joeynmt.training - 	Tokenized hypothesis: ['pl@@', 'ans', 'for', 'more', 'seri@@', 'ous', 'techn@@', 'ical', 'cooperation', 'are', 'very', 'ob@@', 'vi@@', 'ous', 'techn@@', 'ical', 'cooperation', '.', '</s>']
2025-05-03 12:06:08,710 - INFO - joeynmt.training - 	Source:     Pläne für eine stärkere kerntechnische Zusammenarbeit stehen ganz oben auf der Tagesordnung .
2025-05-03 12:06:08,710 - INFO - joeynmt.training - 	Reference:  high on the agenda are plans for greater nuclear co @-@ operation .
2025-05-03 12:06:08,710 - INFO - joeynmt.training - 	Hypothesis: plans for more serious technical cooperation are very obvious technical cooperation .
2025-05-03 12:06:08,710 - INFO - joeynmt.training - Example #4
2025-05-03 12:06:08,710 - DEBUG - joeynmt.training - 	Tokenized source:     ['Berich@@', 'ten', 'zu@@', 'fol@@', 'ge', 'ho@@', 'fft', 'Indi@@', 'en', 'darüber', 'hinaus', 'auf', 'einen', 'Ver@@', 'trag', 'zur', 'Ver@@', 'tei@@', 'dig@@', 'ungs@@', 'zusammen@@', 'arbeit', 'zwischen', 'den', 'beiden', 'N@@', 'ationen', '.']
2025-05-03 12:06:08,710 - DEBUG - joeynmt.training - 	Tokenized reference:  ['Indi@@', 'a', 'is', 'also', 're@@', 'porte@@', 'dly', 'hop@@', 'ing', 'for', 'a', 'de@@', 'al', 'on', 'def@@', 'ence', 'c@@', 'oll@@', 'ab@@', 'or@@', 'ation', 'between', 'the', 'two', 'n@@', 'ations', '.']
2025-05-03 12:06:08,710 - DEBUG - joeynmt.training - 	Tokenized hypothesis: ['re@@', 'ports', ',', 'in', 'ad@@', 'dition', ',', 'the', 'following', 'the', 'con@@', 'tra@@', 'ct', 'on', 'the', 'con@@', 'tra@@', 'ct', 'of', 'the', 'work', 'of', 'the', 'two', 'N@@', 'ations', '.', '</s>']
2025-05-03 12:06:08,710 - INFO - joeynmt.training - 	Source:     Berichten zufolge hofft Indien darüber hinaus auf einen Vertrag zur Verteidigungszusammenarbeit zwischen den beiden Nationen .
2025-05-03 12:06:08,711 - INFO - joeynmt.training - 	Reference:  India is also reportedly hoping for a deal on defence collaboration between the two nations .
2025-05-03 12:06:08,711 - INFO - joeynmt.training - 	Hypothesis: reports , in addition , the following the contract on the contract of the work of the two Nations .
2025-05-03 12:06:14,116 - INFO - joeynmt.training - Epoch   4, Step:    13600, Batch Loss:     1.948462, Batch Acc: 0.480097, Tokens per Sec:    16669, Lr: 0.000300
2025-05-03 12:06:19,627 - INFO - joeynmt.training - Epoch   4, Step:    13700, Batch Loss:     1.767777, Batch Acc: 0.479839, Tokens per Sec:    16648, Lr: 0.000300
2025-05-03 12:06:24,983 - INFO - joeynmt.training - Epoch   4, Step:    13800, Batch Loss:     1.964344, Batch Acc: 0.481074, Tokens per Sec:    17143, Lr: 0.000300
2025-05-03 12:06:30,375 - INFO - joeynmt.training - Epoch   4, Step:    13900, Batch Loss:     1.958728, Batch Acc: 0.484786, Tokens per Sec:    16602, Lr: 0.000300
2025-05-03 12:06:35,832 - INFO - joeynmt.training - Epoch   4, Step:    14000, Batch Loss:     2.044930, Batch Acc: 0.485061, Tokens per Sec:    16994, Lr: 0.000300
2025-05-03 12:06:35,832 - INFO - joeynmt.prediction - Predicting 500 example(s)... (Greedy decoding with min_output_length=1, max_output_length=-1, return_prob='none', generate_unk=True, repetition_penalty=-1, no_repeat_ngram_size=-1)
2025-05-03 12:06:40,817 - INFO - joeynmt.prediction - Evaluation result (greedy) loss:   2.24, ppl:   9.41, acc:   0.42, generation: 4.9786[sec], evaluation: 0.0000[sec]
2025-05-03 12:06:40,817 - INFO - joeynmt.training - Hooray! New best validation result [ppl]!
2025-05-03 12:06:40,900 - INFO - joeynmt.helpers - delete models/deen_transformer_pre/11500.ckpt
2025-05-03 12:06:40,907 - INFO - joeynmt.training - Example #0
2025-05-03 12:06:40,907 - DEBUG - joeynmt.training - 	Tokenized source:     ['die', 'Pre@@', 'mi@@', 'er@@', 'minist@@', 'er', 'Indi@@', 'ens', 'und', 'J@@', 'ap@@', 'ans', 'tra@@', 'fen', 'sich', 'in', 'T@@', 'ok@@', 'i@@', 'o', '.']
2025-05-03 12:06:40,907 - DEBUG - joeynmt.training - 	Tokenized reference:  ['Indi@@', 'a', 'and', 'J@@', 'ap@@', 'an', 'pri@@', 'me', 'minist@@', 'ers', 'me@@', 'et', 'in', 'T@@', 'ok@@', 'y@@', 'o']
2025-05-03 12:06:40,907 - DEBUG - joeynmt.training - 	Tokenized hypothesis: ['the', 'Pri@@', 'me', 'Minist@@', 'er', 'Indi@@', 'a', 'and', 'J@@', 'ap@@', 'an', 'A@@', 'T@@', 'O', '&apos;s', 'Pri@@', 'me', 'Minist@@', 'er', 'and', 'J@@', 'ap@@', 'an', '.', '</s>']
2025-05-03 12:06:40,907 - INFO - joeynmt.training - 	Source:     die Premierminister Indiens und Japans trafen sich in Tokio .
2025-05-03 12:06:40,907 - INFO - joeynmt.training - 	Reference:  India and Japan prime ministers meet in Tokyo
2025-05-03 12:06:40,907 - INFO - joeynmt.training - 	Hypothesis: the Prime Minister India and Japan ATO &apos;s Prime Minister and Japan .
2025-05-03 12:06:40,907 - INFO - joeynmt.training - Example #1
2025-05-03 12:06:40,908 - DEBUG - joeynmt.training - 	Tokenized source:     ['Indi@@', 'ens', 'neu@@', 'er', 'Pre@@', 'mi@@', 'er@@', 'minist@@', 'er', 'N@@', 'ar@@', 'end@@', 'ra', 'Mo@@', 'd@@', 'i', 'tri@@', 'fft', 'bei', 's@@', 'einem', 'ersten', 'wichti@@', 'gen', 'Aus@@', 'land@@', 's@@', 'bes@@', 'u@@', 'ch', 'seit', 's@@', 'einem', 'W@@', 'ah@@', 'l@@', 'si@@', 'e@@', 'g', 'im', 'Ma@@', 'i', 'seinen', 'j@@', 'ap@@', 'an@@', 'ischen', 'Am@@', 'ts@@', 'k@@', 'olle@@', 'gen', 'S@@', 'hin@@', 'z@@', 'o', 'A@@', 'be', 'in', 'T@@', 'ok@@', 'o', ',', 'um', 'wirtschaf@@', 'tliche', 'und', 'sicher@@', 'heits@@', 'politische', 'Be@@', 'zieh@@', 'ungen', 'zu', 'bes@@', 'pre@@', 'chen', '.']
2025-05-03 12:06:40,908 - DEBUG - joeynmt.training - 	Tokenized reference:  ['Indi@@', 'a', '&apos;s', 'new', 'pri@@', 'me', 'minist@@', 'er', ',', 'N@@', 'ar@@', 'end@@', 'ra', 'Mo@@', 'd@@', 'i', ',', 'is', 'me@@', 'eting', 'his', 'J@@', 'ap@@', 'an@@', 'ese', 'coun@@', 'ter@@', 'part', ',', 'S@@', 'hin@@', 'z@@', 'o', 'A@@', 'be', ',', 'in', 'T@@', 'ok@@', 'y@@', 'o', 'to', 'disc@@', 'uss', 'economic', 'and', 'security', 'ties', ',', 'on', 'his', 'first', 'major', 'fore@@', 'ign', 'visi@@', 't', 'since', 'w@@', 'inn@@', 'ing', 'Ma@@', 'y', '&apos;s', 'elec@@', 'tion', '.']
2025-05-03 12:06:40,908 - DEBUG - joeynmt.training - 	Tokenized hypothesis: ['Indi@@', 'a', '&apos;s', 'new', 'Pri@@', 'me', 'Minist@@', 'er', 'N@@', 'ar@@', 'end@@', 'ra', 'Mo@@', 'd@@', 'i', '&apos;s', 'first', 'important', 'ex@@', 'change', ',', 'the', 'first', 'important', 'ex@@', 'change', 'of', 'the', 'S@@', 'hin@@', 'z@@', 'o', 'A@@', 'be', 'in', 'T@@', 'ok@@', 'o', 'A@@', 'be', 'in', 'T@@', 'ok@@', 'o', 'A@@', 'be', 'in', 'T@@', 'ok@@', 'o', ',', 'and', 'the', 'S@@', 'hin@@', 'z@@', 'o', 'A@@', 'be', 'in', 'T@@', 'ok@@', 'o', ',', 'and', 'the', 'S@@', 'ec@@', 're@@', 't@@', 'ar@@', 'y-@@', 'Gener@@', 'al', '.', '</s>']
2025-05-03 12:06:40,908 - INFO - joeynmt.training - 	Source:     Indiens neuer Premierminister Narendra Modi trifft bei seinem ersten wichtigen Auslandsbesuch seit seinem Wahlsieg im Mai seinen japanischen Amtskollegen Shinzo Abe in Toko , um wirtschaftliche und sicherheitspolitische Beziehungen zu besprechen .
2025-05-03 12:06:40,908 - INFO - joeynmt.training - 	Reference:  India &apos;s new prime minister , Narendra Modi , is meeting his Japanese counterpart , Shinzo Abe , in Tokyo to discuss economic and security ties , on his first major foreign visit since winning May &apos;s election .
2025-05-03 12:06:40,908 - INFO - joeynmt.training - 	Hypothesis: India &apos;s new Prime Minister Narendra Modi &apos;s first important exchange , the first important exchange of the Shinzo Abe in Toko Abe in Toko Abe in Toko , and the Shinzo Abe in Toko , and the Secretary-General .
2025-05-03 12:06:40,908 - INFO - joeynmt.training - Example #2
2025-05-03 12:06:40,908 - DEBUG - joeynmt.training - 	Tokenized source:     ['Herr', 'Mo@@', 'd@@', 'i', 'befindet', 'sich', 'auf', 'einer', 'fü@@', 'n@@', 'f@@', 'tä@@', 'gi@@', 'gen', 'Rei@@', 'se', 'nach', 'J@@', 'ap@@', 'an', ',', 'um', 'die', 'wirtschaf@@', 'tlichen', 'Be@@', 'zieh@@', 'ungen', 'mit', 'der', 'd@@', 'rit@@', 't@@', 'größ@@', 'ten', 'Wirtschafts@@', 'n@@', 'ation', 'der', 'Welt', 'zu', 'fes@@', 'tigen', '.']
2025-05-03 12:06:40,908 - DEBUG - joeynmt.training - 	Tokenized reference:  ['Mr', 'Mo@@', 'd@@', 'i', 'is', 'on', 'a', 'fi@@', 've', '@@@', '-@@', '@', 'day', 'tri@@', 'p', 'to', 'J@@', 'ap@@', 'an', 'to', 'streng@@', 'then', 'economic', 'ties', 'with', 'the', 'third', 'lar@@', 'ges@@', 't', 'econom@@', 'y', 'in', 'the', 'world', '.']
2025-05-03 12:06:40,909 - DEBUG - joeynmt.training - 	Tokenized hypothesis: ['Mr', 'Mo@@', 'd@@', 'i', 'is', 'located', 'on', 'a', 'fi@@', 'f@@', 'ty', 'of', 'a', 'fi@@', 'f@@', 'ty', 'of', 'the', 'world', '&apos;s', 'economic', 'rel@@', 'ation@@', 'ship', 'with', 'the', 'third', 'lar@@', 'ges@@', 't', 'economic', 'rel@@', 'ation@@', 'ship', 'with', 'the', 'third', 'lar@@', 'ges@@', 't', 'economic', 'rel@@', 'ation@@', 'ship', '.', '</s>']
2025-05-03 12:06:40,909 - INFO - joeynmt.training - 	Source:     Herr Modi befindet sich auf einer fünftägigen Reise nach Japan , um die wirtschaftlichen Beziehungen mit der drittgrößten Wirtschaftsnation der Welt zu festigen .
2025-05-03 12:06:40,909 - INFO - joeynmt.training - 	Reference:  Mr Modi is on a five @-@ day trip to Japan to strengthen economic ties with the third largest economy in the world .
2025-05-03 12:06:40,909 - INFO - joeynmt.training - 	Hypothesis: Mr Modi is located on a fifty of a fifty of the world &apos;s economic relationship with the third largest economic relationship with the third largest economic relationship .
2025-05-03 12:06:40,909 - INFO - joeynmt.training - Example #3
2025-05-03 12:06:40,910 - DEBUG - joeynmt.training - 	Tokenized source:     ['P@@', 'län@@', 'e', 'für', 'eine', 'stärk@@', 'ere', 'k@@', 'ern@@', 'techn@@', 'ische', 'Zusammenarbeit', 'stehen', 'ganz', 'ob@@', 'en', 'auf', 'der', 'Tag@@', 'es@@', 'ordnung', '.']
2025-05-03 12:06:40,910 - DEBUG - joeynmt.training - 	Tokenized reference:  ['high', 'on', 'the', 'agen@@', 'da', 'are', 'pl@@', 'ans', 'for', 'gre@@', 'ater', 'nu@@', 'clear', 'c@@', 'o', '@@@', '-@@', '@', 'operation', '.']
2025-05-03 12:06:40,910 - DEBUG - joeynmt.training - 	Tokenized hypothesis: ['pl@@', 'ans', 'for', 'a', 'more', 'seri@@', 'ous', 'techn@@', 'ical', 'cooperation', ',', 'is', 'very', 'important', 'to', 'the', 'agen@@', 'da', '.', '</s>']
2025-05-03 12:06:40,910 - INFO - joeynmt.training - 	Source:     Pläne für eine stärkere kerntechnische Zusammenarbeit stehen ganz oben auf der Tagesordnung .
2025-05-03 12:06:40,910 - INFO - joeynmt.training - 	Reference:  high on the agenda are plans for greater nuclear co @-@ operation .
2025-05-03 12:06:40,910 - INFO - joeynmt.training - 	Hypothesis: plans for a more serious technical cooperation , is very important to the agenda .
2025-05-03 12:06:40,910 - INFO - joeynmt.training - Example #4
2025-05-03 12:06:40,910 - DEBUG - joeynmt.training - 	Tokenized source:     ['Berich@@', 'ten', 'zu@@', 'fol@@', 'ge', 'ho@@', 'fft', 'Indi@@', 'en', 'darüber', 'hinaus', 'auf', 'einen', 'Ver@@', 'trag', 'zur', 'Ver@@', 'tei@@', 'dig@@', 'ungs@@', 'zusammen@@', 'arbeit', 'zwischen', 'den', 'beiden', 'N@@', 'ationen', '.']
2025-05-03 12:06:40,910 - DEBUG - joeynmt.training - 	Tokenized reference:  ['Indi@@', 'a', 'is', 'also', 're@@', 'porte@@', 'dly', 'hop@@', 'ing', 'for', 'a', 'de@@', 'al', 'on', 'def@@', 'ence', 'c@@', 'oll@@', 'ab@@', 'or@@', 'ation', 'between', 'the', 'two', 'n@@', 'ations', '.']
2025-05-03 12:06:40,910 - DEBUG - joeynmt.training - 	Tokenized hypothesis: ['re@@', 'ports', 'are', 'also', 'high@@', 'ly', 'Indi@@', 'a', 'is', 'also', 'a', 'Tre@@', 'aty', 'on', 'the', 'con@@', 'tra@@', 'ct', 'between', 'the', 'two', 'N@@', 'ations', '.', '</s>']
2025-05-03 12:06:40,911 - INFO - joeynmt.training - 	Source:     Berichten zufolge hofft Indien darüber hinaus auf einen Vertrag zur Verteidigungszusammenarbeit zwischen den beiden Nationen .
2025-05-03 12:06:40,911 - INFO - joeynmt.training - 	Reference:  India is also reportedly hoping for a deal on defence collaboration between the two nations .
2025-05-03 12:06:40,911 - INFO - joeynmt.training - 	Hypothesis: reports are also highly India is also a Treaty on the contract between the two Nations .
2025-05-03 12:06:46,445 - INFO - joeynmt.training - Epoch   4, Step:    14100, Batch Loss:     1.859003, Batch Acc: 0.482195, Tokens per Sec:    16789, Lr: 0.000300
2025-05-03 12:06:51,891 - INFO - joeynmt.training - Epoch   4, Step:    14200, Batch Loss:     1.841453, Batch Acc: 0.490217, Tokens per Sec:    16789, Lr: 0.000300
2025-05-03 12:06:57,337 - INFO - joeynmt.training - Epoch   4, Step:    14300, Batch Loss:     1.910082, Batch Acc: 0.482799, Tokens per Sec:    16951, Lr: 0.000300
2025-05-03 12:07:02,804 - INFO - joeynmt.training - Epoch   4, Step:    14400, Batch Loss:     2.023300, Batch Acc: 0.478295, Tokens per Sec:    16999, Lr: 0.000300
2025-05-03 12:07:08,379 - INFO - joeynmt.training - Epoch   4, Step:    14500, Batch Loss:     2.090974, Batch Acc: 0.486140, Tokens per Sec:    16074, Lr: 0.000300
2025-05-03 12:07:08,379 - INFO - joeynmt.prediction - Predicting 500 example(s)... (Greedy decoding with min_output_length=1, max_output_length=-1, return_prob='none', generate_unk=True, repetition_penalty=-1, no_repeat_ngram_size=-1)
2025-05-03 12:07:13,227 - INFO - joeynmt.prediction - Evaluation result (greedy) loss:   2.22, ppl:   9.20, acc:   0.43, generation: 4.8413[sec], evaluation: 0.0000[sec]
2025-05-03 12:07:13,227 - INFO - joeynmt.training - Hooray! New best validation result [ppl]!
2025-05-03 12:07:13,315 - INFO - joeynmt.helpers - delete models/deen_transformer_pre/12000.ckpt
2025-05-03 12:07:13,321 - INFO - joeynmt.training - Example #0
2025-05-03 12:07:13,321 - DEBUG - joeynmt.training - 	Tokenized source:     ['die', 'Pre@@', 'mi@@', 'er@@', 'minist@@', 'er', 'Indi@@', 'ens', 'und', 'J@@', 'ap@@', 'ans', 'tra@@', 'fen', 'sich', 'in', 'T@@', 'ok@@', 'i@@', 'o', '.']
2025-05-03 12:07:13,321 - DEBUG - joeynmt.training - 	Tokenized reference:  ['Indi@@', 'a', 'and', 'J@@', 'ap@@', 'an', 'pri@@', 'me', 'minist@@', 'ers', 'me@@', 'et', 'in', 'T@@', 'ok@@', 'y@@', 'o']
2025-05-03 12:07:13,321 - DEBUG - joeynmt.training - 	Tokenized hypothesis: ['the', 'Pre@@', 'mi@@', 'er', 'minist@@', 'er', 'Indi@@', 'a', 'and', 'J@@', 'ap@@', 'an', '&apos;s', 'own', 'in', 'T@@', 'ok@@', 'i@@', 'o', '.', '</s>']
2025-05-03 12:07:13,321 - INFO - joeynmt.training - 	Source:     die Premierminister Indiens und Japans trafen sich in Tokio .
2025-05-03 12:07:13,321 - INFO - joeynmt.training - 	Reference:  India and Japan prime ministers meet in Tokyo
2025-05-03 12:07:13,321 - INFO - joeynmt.training - 	Hypothesis: the Premier minister India and Japan &apos;s own in Tokio .
2025-05-03 12:07:13,321 - INFO - joeynmt.training - Example #1
2025-05-03 12:07:13,321 - DEBUG - joeynmt.training - 	Tokenized source:     ['Indi@@', 'ens', 'neu@@', 'er', 'Pre@@', 'mi@@', 'er@@', 'minist@@', 'er', 'N@@', 'ar@@', 'end@@', 'ra', 'Mo@@', 'd@@', 'i', 'tri@@', 'fft', 'bei', 's@@', 'einem', 'ersten', 'wichti@@', 'gen', 'Aus@@', 'land@@', 's@@', 'bes@@', 'u@@', 'ch', 'seit', 's@@', 'einem', 'W@@', 'ah@@', 'l@@', 'si@@', 'e@@', 'g', 'im', 'Ma@@', 'i', 'seinen', 'j@@', 'ap@@', 'an@@', 'ischen', 'Am@@', 'ts@@', 'k@@', 'olle@@', 'gen', 'S@@', 'hin@@', 'z@@', 'o', 'A@@', 'be', 'in', 'T@@', 'ok@@', 'o', ',', 'um', 'wirtschaf@@', 'tliche', 'und', 'sicher@@', 'heits@@', 'politische', 'Be@@', 'zieh@@', 'ungen', 'zu', 'bes@@', 'pre@@', 'chen', '.']
2025-05-03 12:07:13,321 - DEBUG - joeynmt.training - 	Tokenized reference:  ['Indi@@', 'a', '&apos;s', 'new', 'pri@@', 'me', 'minist@@', 'er', ',', 'N@@', 'ar@@', 'end@@', 'ra', 'Mo@@', 'd@@', 'i', ',', 'is', 'me@@', 'eting', 'his', 'J@@', 'ap@@', 'an@@', 'ese', 'coun@@', 'ter@@', 'part', ',', 'S@@', 'hin@@', 'z@@', 'o', 'A@@', 'be', ',', 'in', 'T@@', 'ok@@', 'y@@', 'o', 'to', 'disc@@', 'uss', 'economic', 'and', 'security', 'ties', ',', 'on', 'his', 'first', 'major', 'fore@@', 'ign', 'visi@@', 't', 'since', 'w@@', 'inn@@', 'ing', 'Ma@@', 'y', '&apos;s', 'elec@@', 'tion', '.']
2025-05-03 12:07:13,321 - DEBUG - joeynmt.training - 	Tokenized hypothesis: ['Indi@@', 'a', '&apos;s', 'lat@@', 'est', 'pri@@', 'mi@@', 'er@@', 'ed', 'N@@', 'ar@@', 'end@@', 'ra', 'Mo@@', 'd@@', 'i', ',', 'in', 'the', 'first', 'important', 'ex@@', 'change', 'of', 'the', 'S@@', 'hin@@', 'z@@', 'o', 'A@@', 'be', ',', 'in', 'T@@', 'ok@@', 'o', ',', 'in', 'the', 'Ma@@', 'y', 'of', 'his', 'j@@', 'ap@@', 'an@@', 'ese', 'ci@@', 'ent', ',', 'economic', 'and', 'saf@@', 'ety', 'of', 'economic', 'and', 'saf@@', 'ety', 'of', 'political', 'rel@@', 'ations', '.', '</s>']
2025-05-03 12:07:13,322 - INFO - joeynmt.training - 	Source:     Indiens neuer Premierminister Narendra Modi trifft bei seinem ersten wichtigen Auslandsbesuch seit seinem Wahlsieg im Mai seinen japanischen Amtskollegen Shinzo Abe in Toko , um wirtschaftliche und sicherheitspolitische Beziehungen zu besprechen .
2025-05-03 12:07:13,322 - INFO - joeynmt.training - 	Reference:  India &apos;s new prime minister , Narendra Modi , is meeting his Japanese counterpart , Shinzo Abe , in Tokyo to discuss economic and security ties , on his first major foreign visit since winning May &apos;s election .
2025-05-03 12:07:13,322 - INFO - joeynmt.training - 	Hypothesis: India &apos;s latest primiered Narendra Modi , in the first important exchange of the Shinzo Abe , in Toko , in the May of his japanese cient , economic and safety of economic and safety of political relations .
2025-05-03 12:07:13,322 - INFO - joeynmt.training - Example #2
2025-05-03 12:07:13,322 - DEBUG - joeynmt.training - 	Tokenized source:     ['Herr', 'Mo@@', 'd@@', 'i', 'befindet', 'sich', 'auf', 'einer', 'fü@@', 'n@@', 'f@@', 'tä@@', 'gi@@', 'gen', 'Rei@@', 'se', 'nach', 'J@@', 'ap@@', 'an', ',', 'um', 'die', 'wirtschaf@@', 'tlichen', 'Be@@', 'zieh@@', 'ungen', 'mit', 'der', 'd@@', 'rit@@', 't@@', 'größ@@', 'ten', 'Wirtschafts@@', 'n@@', 'ation', 'der', 'Welt', 'zu', 'fes@@', 'tigen', '.']
2025-05-03 12:07:13,322 - DEBUG - joeynmt.training - 	Tokenized reference:  ['Mr', 'Mo@@', 'd@@', 'i', 'is', 'on', 'a', 'fi@@', 've', '@@@', '-@@', '@', 'day', 'tri@@', 'p', 'to', 'J@@', 'ap@@', 'an', 'to', 'streng@@', 'then', 'economic', 'ties', 'with', 'the', 'third', 'lar@@', 'ges@@', 't', 'econom@@', 'y', 'in', 'the', 'world', '.']
2025-05-03 12:07:13,322 - DEBUG - joeynmt.training - 	Tokenized hypothesis: ['Mr', 'Mo@@', 'i', 'is', 'located', 'on', 'a', 'fi@@', 'f@@', 'ty', 'of', 'a', 'fi@@', 'f@@', 'te@@', 'en', 'ri@@', 'ch', 'of', 'J@@', 'ap@@', 'an', ',', 'to', 'be', 'able', 'to', 'be', 'the', 'world', '.', '</s>']
2025-05-03 12:07:13,322 - INFO - joeynmt.training - 	Source:     Herr Modi befindet sich auf einer fünftägigen Reise nach Japan , um die wirtschaftlichen Beziehungen mit der drittgrößten Wirtschaftsnation der Welt zu festigen .
2025-05-03 12:07:13,322 - INFO - joeynmt.training - 	Reference:  Mr Modi is on a five @-@ day trip to Japan to strengthen economic ties with the third largest economy in the world .
2025-05-03 12:07:13,322 - INFO - joeynmt.training - 	Hypothesis: Mr Moi is located on a fifty of a fifteen rich of Japan , to be able to be the world .
2025-05-03 12:07:13,322 - INFO - joeynmt.training - Example #3
2025-05-03 12:07:13,323 - DEBUG - joeynmt.training - 	Tokenized source:     ['P@@', 'län@@', 'e', 'für', 'eine', 'stärk@@', 'ere', 'k@@', 'ern@@', 'techn@@', 'ische', 'Zusammenarbeit', 'stehen', 'ganz', 'ob@@', 'en', 'auf', 'der', 'Tag@@', 'es@@', 'ordnung', '.']
2025-05-03 12:07:13,323 - DEBUG - joeynmt.training - 	Tokenized reference:  ['high', 'on', 'the', 'agen@@', 'da', 'are', 'pl@@', 'ans', 'for', 'gre@@', 'ater', 'nu@@', 'clear', 'c@@', 'o', '@@@', '-@@', '@', 'operation', '.']
2025-05-03 12:07:13,323 - DEBUG - joeynmt.training - 	Tokenized hypothesis: ['pl@@', 'ans', 'for', 'a', 'more', 'seri@@', 'ous', 'techn@@', 'ical', 'cooperation', 'are', 'ex@@', 'clu@@', 'ded', 'on', 'the', 'agen@@', 'da', '.', '</s>']
2025-05-03 12:07:13,323 - INFO - joeynmt.training - 	Source:     Pläne für eine stärkere kerntechnische Zusammenarbeit stehen ganz oben auf der Tagesordnung .
2025-05-03 12:07:13,323 - INFO - joeynmt.training - 	Reference:  high on the agenda are plans for greater nuclear co @-@ operation .
2025-05-03 12:07:13,323 - INFO - joeynmt.training - 	Hypothesis: plans for a more serious technical cooperation are excluded on the agenda .
2025-05-03 12:07:13,323 - INFO - joeynmt.training - Example #4
2025-05-03 12:07:13,323 - DEBUG - joeynmt.training - 	Tokenized source:     ['Berich@@', 'ten', 'zu@@', 'fol@@', 'ge', 'ho@@', 'fft', 'Indi@@', 'en', 'darüber', 'hinaus', 'auf', 'einen', 'Ver@@', 'trag', 'zur', 'Ver@@', 'tei@@', 'dig@@', 'ungs@@', 'zusammen@@', 'arbeit', 'zwischen', 'den', 'beiden', 'N@@', 'ationen', '.']
2025-05-03 12:07:13,323 - DEBUG - joeynmt.training - 	Tokenized reference:  ['Indi@@', 'a', 'is', 'also', 're@@', 'porte@@', 'dly', 'hop@@', 'ing', 'for', 'a', 'de@@', 'al', 'on', 'def@@', 'ence', 'c@@', 'oll@@', 'ab@@', 'or@@', 'ation', 'between', 'the', 'two', 'n@@', 'ations', '.']
2025-05-03 12:07:13,323 - DEBUG - joeynmt.training - 	Tokenized hypothesis: ['re@@', 'ports', ',', 'the', 'following', 'S@@', 'ec@@', 'urity', 'Council', '&apos;s', 'work', 'on', 'the', 'part', 'of', 'the', 'proposal', 'for', 'a', 'con@@', 'tra@@', 'ct', '.', '</s>']
2025-05-03 12:07:13,323 - INFO - joeynmt.training - 	Source:     Berichten zufolge hofft Indien darüber hinaus auf einen Vertrag zur Verteidigungszusammenarbeit zwischen den beiden Nationen .
2025-05-03 12:07:13,323 - INFO - joeynmt.training - 	Reference:  India is also reportedly hoping for a deal on defence collaboration between the two nations .
2025-05-03 12:07:13,323 - INFO - joeynmt.training - 	Hypothesis: reports , the following Security Council &apos;s work on the part of the proposal for a contract .
2025-05-03 12:07:18,869 - INFO - joeynmt.training - Epoch   4, Step:    14600, Batch Loss:     2.031419, Batch Acc: 0.488364, Tokens per Sec:    16153, Lr: 0.000300
2025-05-03 12:07:24,340 - INFO - joeynmt.training - Epoch   4, Step:    14700, Batch Loss:     1.919641, Batch Acc: 0.481695, Tokens per Sec:    16693, Lr: 0.000300
2025-05-03 12:07:29,944 - INFO - joeynmt.training - Epoch   4, Step:    14800, Batch Loss:     1.692504, Batch Acc: 0.480214, Tokens per Sec:    16412, Lr: 0.000300
2025-05-03 12:07:35,335 - INFO - joeynmt.training - Epoch   4, Step:    14900, Batch Loss:     1.767975, Batch Acc: 0.478277, Tokens per Sec:    16999, Lr: 0.000300
2025-05-03 12:07:40,820 - INFO - joeynmt.training - Epoch   4, Step:    15000, Batch Loss:     1.675812, Batch Acc: 0.487663, Tokens per Sec:    16436, Lr: 0.000300
2025-05-03 12:07:40,820 - INFO - joeynmt.prediction - Predicting 500 example(s)... (Greedy decoding with min_output_length=1, max_output_length=-1, return_prob='none', generate_unk=True, repetition_penalty=-1, no_repeat_ngram_size=-1)
2025-05-03 12:07:46,177 - INFO - joeynmt.prediction - Evaluation result (greedy) loss:   2.21, ppl:   9.15, acc:   0.43, generation: 5.3498[sec], evaluation: 0.0000[sec]
2025-05-03 12:07:46,177 - INFO - joeynmt.training - Hooray! New best validation result [ppl]!
2025-05-03 12:07:46,262 - INFO - joeynmt.helpers - delete models/deen_transformer_pre/12500.ckpt
2025-05-03 12:07:46,268 - INFO - joeynmt.training - Example #0
2025-05-03 12:07:46,268 - DEBUG - joeynmt.training - 	Tokenized source:     ['die', 'Pre@@', 'mi@@', 'er@@', 'minist@@', 'er', 'Indi@@', 'ens', 'und', 'J@@', 'ap@@', 'ans', 'tra@@', 'fen', 'sich', 'in', 'T@@', 'ok@@', 'i@@', 'o', '.']
2025-05-03 12:07:46,268 - DEBUG - joeynmt.training - 	Tokenized reference:  ['Indi@@', 'a', 'and', 'J@@', 'ap@@', 'an', 'pri@@', 'me', 'minist@@', 'ers', 'me@@', 'et', 'in', 'T@@', 'ok@@', 'y@@', 'o']
2025-05-03 12:07:46,268 - DEBUG - joeynmt.training - 	Tokenized hypothesis: ['the', 'pri@@', 'me', 'minist@@', 'er', 'Indi@@', 'a', 'and', 'J@@', 'ap@@', 'an', '&apos;s', 'pri@@', 'me', 'in', 'T@@', 'ok@@', 'i@@', 'o', '.', '</s>']
2025-05-03 12:07:46,268 - INFO - joeynmt.training - 	Source:     die Premierminister Indiens und Japans trafen sich in Tokio .
2025-05-03 12:07:46,268 - INFO - joeynmt.training - 	Reference:  India and Japan prime ministers meet in Tokyo
2025-05-03 12:07:46,268 - INFO - joeynmt.training - 	Hypothesis: the prime minister India and Japan &apos;s prime in Tokio .
2025-05-03 12:07:46,268 - INFO - joeynmt.training - Example #1
2025-05-03 12:07:46,269 - DEBUG - joeynmt.training - 	Tokenized source:     ['Indi@@', 'ens', 'neu@@', 'er', 'Pre@@', 'mi@@', 'er@@', 'minist@@', 'er', 'N@@', 'ar@@', 'end@@', 'ra', 'Mo@@', 'd@@', 'i', 'tri@@', 'fft', 'bei', 's@@', 'einem', 'ersten', 'wichti@@', 'gen', 'Aus@@', 'land@@', 's@@', 'bes@@', 'u@@', 'ch', 'seit', 's@@', 'einem', 'W@@', 'ah@@', 'l@@', 'si@@', 'e@@', 'g', 'im', 'Ma@@', 'i', 'seinen', 'j@@', 'ap@@', 'an@@', 'ischen', 'Am@@', 'ts@@', 'k@@', 'olle@@', 'gen', 'S@@', 'hin@@', 'z@@', 'o', 'A@@', 'be', 'in', 'T@@', 'ok@@', 'o', ',', 'um', 'wirtschaf@@', 'tliche', 'und', 'sicher@@', 'heits@@', 'politische', 'Be@@', 'zieh@@', 'ungen', 'zu', 'bes@@', 'pre@@', 'chen', '.']
2025-05-03 12:07:46,269 - DEBUG - joeynmt.training - 	Tokenized reference:  ['Indi@@', 'a', '&apos;s', 'new', 'pri@@', 'me', 'minist@@', 'er', ',', 'N@@', 'ar@@', 'end@@', 'ra', 'Mo@@', 'd@@', 'i', ',', 'is', 'me@@', 'eting', 'his', 'J@@', 'ap@@', 'an@@', 'ese', 'coun@@', 'ter@@', 'part', ',', 'S@@', 'hin@@', 'z@@', 'o', 'A@@', 'be', ',', 'in', 'T@@', 'ok@@', 'y@@', 'o', 'to', 'disc@@', 'uss', 'economic', 'and', 'security', 'ties', ',', 'on', 'his', 'first', 'major', 'fore@@', 'ign', 'visi@@', 't', 'since', 'w@@', 'inn@@', 'ing', 'Ma@@', 'y', '&apos;s', 'elec@@', 'tion', '.']
2025-05-03 12:07:46,269 - DEBUG - joeynmt.training - 	Tokenized hypothesis: ['Indi@@', 'a', '&apos;s', 'Pri@@', 'me', 'Minist@@', 'er', 'N@@', 'ar@@', 'end@@', 'ra', 'Mo@@', 'd@@', 'i', ',', 'in', 'the', 'first', 'important', 'ex@@', 'change', 'of', 'the', 'F@@', 'ren@@', 'ch', ',', 'the', 'first', 'important', 'ex@@', 'change', 'for', 'his', 'first', 'first', 'of', 'the', 'M@@', 'er@@', 'o', 'A@@', 'be', 'in', 'T@@', 'ok@@', 'o', ',', 'in', 'T@@', 'ok@@', 'o', 'A@@', 'be', 'in', 'T@@', 'ok@@', 'o', ',', 'and', 'saf@@', 'ety', 'political', 'rel@@', 'ations', '.', '</s>']
2025-05-03 12:07:46,269 - INFO - joeynmt.training - 	Source:     Indiens neuer Premierminister Narendra Modi trifft bei seinem ersten wichtigen Auslandsbesuch seit seinem Wahlsieg im Mai seinen japanischen Amtskollegen Shinzo Abe in Toko , um wirtschaftliche und sicherheitspolitische Beziehungen zu besprechen .
2025-05-03 12:07:46,269 - INFO - joeynmt.training - 	Reference:  India &apos;s new prime minister , Narendra Modi , is meeting his Japanese counterpart , Shinzo Abe , in Tokyo to discuss economic and security ties , on his first major foreign visit since winning May &apos;s election .
2025-05-03 12:07:46,269 - INFO - joeynmt.training - 	Hypothesis: India &apos;s Prime Minister Narendra Modi , in the first important exchange of the French , the first important exchange for his first first of the Mero Abe in Toko , in Toko Abe in Toko , and safety political relations .
2025-05-03 12:07:46,269 - INFO - joeynmt.training - Example #2
2025-05-03 12:07:46,269 - DEBUG - joeynmt.training - 	Tokenized source:     ['Herr', 'Mo@@', 'd@@', 'i', 'befindet', 'sich', 'auf', 'einer', 'fü@@', 'n@@', 'f@@', 'tä@@', 'gi@@', 'gen', 'Rei@@', 'se', 'nach', 'J@@', 'ap@@', 'an', ',', 'um', 'die', 'wirtschaf@@', 'tlichen', 'Be@@', 'zieh@@', 'ungen', 'mit', 'der', 'd@@', 'rit@@', 't@@', 'größ@@', 'ten', 'Wirtschafts@@', 'n@@', 'ation', 'der', 'Welt', 'zu', 'fes@@', 'tigen', '.']
2025-05-03 12:07:46,269 - DEBUG - joeynmt.training - 	Tokenized reference:  ['Mr', 'Mo@@', 'd@@', 'i', 'is', 'on', 'a', 'fi@@', 've', '@@@', '-@@', '@', 'day', 'tri@@', 'p', 'to', 'J@@', 'ap@@', 'an', 'to', 'streng@@', 'then', 'economic', 'ties', 'with', 'the', 'third', 'lar@@', 'ges@@', 't', 'econom@@', 'y', 'in', 'the', 'world', '.']
2025-05-03 12:07:46,269 - DEBUG - joeynmt.training - 	Tokenized hypothesis: ['Mr', 'Mo@@', 'd@@', 'i', 'is', 'one', 'of', 'the', 'fi@@', 'f@@', 'ty', 'of', 'the', 'world', '&apos;s', 'economic', 'rel@@', 'ations', 'with', 'the', 'third', 'lar@@', 'ges@@', 't', 'economic', 'rel@@', 'ations', 'with', 'the', 'third', 'lar@@', 'ges@@', 't', 'economic', 'rel@@', 'ations', '.', '</s>']
2025-05-03 12:07:46,269 - INFO - joeynmt.training - 	Source:     Herr Modi befindet sich auf einer fünftägigen Reise nach Japan , um die wirtschaftlichen Beziehungen mit der drittgrößten Wirtschaftsnation der Welt zu festigen .
2025-05-03 12:07:46,269 - INFO - joeynmt.training - 	Reference:  Mr Modi is on a five @-@ day trip to Japan to strengthen economic ties with the third largest economy in the world .
2025-05-03 12:07:46,270 - INFO - joeynmt.training - 	Hypothesis: Mr Modi is one of the fifty of the world &apos;s economic relations with the third largest economic relations with the third largest economic relations .
2025-05-03 12:07:46,270 - INFO - joeynmt.training - Example #3
2025-05-03 12:07:46,270 - DEBUG - joeynmt.training - 	Tokenized source:     ['P@@', 'län@@', 'e', 'für', 'eine', 'stärk@@', 'ere', 'k@@', 'ern@@', 'techn@@', 'ische', 'Zusammenarbeit', 'stehen', 'ganz', 'ob@@', 'en', 'auf', 'der', 'Tag@@', 'es@@', 'ordnung', '.']
2025-05-03 12:07:46,270 - DEBUG - joeynmt.training - 	Tokenized reference:  ['high', 'on', 'the', 'agen@@', 'da', 'are', 'pl@@', 'ans', 'for', 'gre@@', 'ater', 'nu@@', 'clear', 'c@@', 'o', '@@@', '-@@', '@', 'operation', '.']
2025-05-03 12:07:46,270 - DEBUG - joeynmt.training - 	Tokenized hypothesis: ['pl@@', 'ans', 'for', 'a', 'more', 'nu@@', 'clear', 'techn@@', 'ical', 'cooperation', ',', 'are', 'ob@@', 'vi@@', 'ously', 'on', 'the', 'agen@@', 'da', '.', '</s>']
2025-05-03 12:07:46,270 - INFO - joeynmt.training - 	Source:     Pläne für eine stärkere kerntechnische Zusammenarbeit stehen ganz oben auf der Tagesordnung .
2025-05-03 12:07:46,270 - INFO - joeynmt.training - 	Reference:  high on the agenda are plans for greater nuclear co @-@ operation .
2025-05-03 12:07:46,270 - INFO - joeynmt.training - 	Hypothesis: plans for a more nuclear technical cooperation , are obviously on the agenda .
2025-05-03 12:07:46,270 - INFO - joeynmt.training - Example #4
2025-05-03 12:07:46,270 - DEBUG - joeynmt.training - 	Tokenized source:     ['Berich@@', 'ten', 'zu@@', 'fol@@', 'ge', 'ho@@', 'fft', 'Indi@@', 'en', 'darüber', 'hinaus', 'auf', 'einen', 'Ver@@', 'trag', 'zur', 'Ver@@', 'tei@@', 'dig@@', 'ungs@@', 'zusammen@@', 'arbeit', 'zwischen', 'den', 'beiden', 'N@@', 'ationen', '.']
2025-05-03 12:07:46,270 - DEBUG - joeynmt.training - 	Tokenized reference:  ['Indi@@', 'a', 'is', 'also', 're@@', 'porte@@', 'dly', 'hop@@', 'ing', 'for', 'a', 'de@@', 'al', 'on', 'def@@', 'ence', 'c@@', 'oll@@', 'ab@@', 'or@@', 'ation', 'between', 'the', 'two', 'n@@', 'ations', '.']
2025-05-03 12:07:46,270 - DEBUG - joeynmt.training - 	Tokenized hypothesis: ['re@@', 'ports', ',', 'the', 'following', 'si@@', 'tes', 'of', 'the', 'two', 'N@@', 'ations', '.', '</s>']
2025-05-03 12:07:46,270 - INFO - joeynmt.training - 	Source:     Berichten zufolge hofft Indien darüber hinaus auf einen Vertrag zur Verteidigungszusammenarbeit zwischen den beiden Nationen .
2025-05-03 12:07:46,271 - INFO - joeynmt.training - 	Reference:  India is also reportedly hoping for a deal on defence collaboration between the two nations .
2025-05-03 12:07:46,271 - INFO - joeynmt.training - 	Hypothesis: reports , the following sites of the two Nations .
2025-05-03 12:07:51,718 - INFO - joeynmt.training - Epoch   4, Step:    15100, Batch Loss:     1.999381, Batch Acc: 0.488154, Tokens per Sec:    16478, Lr: 0.000300
2025-05-03 12:07:57,172 - INFO - joeynmt.training - Epoch   4, Step:    15200, Batch Loss:     1.752684, Batch Acc: 0.488776, Tokens per Sec:    16716, Lr: 0.000300
2025-05-03 12:08:02,572 - INFO - joeynmt.training - Epoch   4, Step:    15300, Batch Loss:     1.894287, Batch Acc: 0.482937, Tokens per Sec:    17133, Lr: 0.000300
2025-05-03 12:08:08,103 - INFO - joeynmt.training - Epoch   4, Step:    15400, Batch Loss:     1.965946, Batch Acc: 0.485791, Tokens per Sec:    16543, Lr: 0.000300
2025-05-03 12:08:13,488 - INFO - joeynmt.training - Epoch   4, Step:    15500, Batch Loss:     1.879966, Batch Acc: 0.486928, Tokens per Sec:    17203, Lr: 0.000300
2025-05-03 12:08:13,488 - INFO - joeynmt.prediction - Predicting 500 example(s)... (Greedy decoding with min_output_length=1, max_output_length=-1, return_prob='none', generate_unk=True, repetition_penalty=-1, no_repeat_ngram_size=-1)
2025-05-03 12:08:19,290 - INFO - joeynmt.prediction - Evaluation result (greedy) loss:   2.22, ppl:   9.18, acc:   0.43, generation: 5.7935[sec], evaluation: 0.0000[sec]
2025-05-03 12:08:19,372 - INFO - joeynmt.helpers - delete models/deen_transformer_pre/13000.ckpt
2025-05-03 12:08:19,376 - INFO - joeynmt.training - Example #0
2025-05-03 12:08:19,376 - DEBUG - joeynmt.training - 	Tokenized source:     ['die', 'Pre@@', 'mi@@', 'er@@', 'minist@@', 'er', 'Indi@@', 'ens', 'und', 'J@@', 'ap@@', 'ans', 'tra@@', 'fen', 'sich', 'in', 'T@@', 'ok@@', 'i@@', 'o', '.']
2025-05-03 12:08:19,376 - DEBUG - joeynmt.training - 	Tokenized reference:  ['Indi@@', 'a', 'and', 'J@@', 'ap@@', 'an', 'pri@@', 'me', 'minist@@', 'ers', 'me@@', 'et', 'in', 'T@@', 'ok@@', 'y@@', 'o']
2025-05-03 12:08:19,376 - DEBUG - joeynmt.training - 	Tokenized hypothesis: ['the', 'price', 'minist@@', 'er', 'Indi@@', 'a', 'and', 'J@@', 'ap@@', 'an', '&apos;s', 'pri@@', 'm@@', 'ari@@', 'ly', 'in', 'T@@', 'ok@@', 'i@@', 'o', '.', '</s>']
2025-05-03 12:08:19,378 - INFO - joeynmt.training - 	Source:     die Premierminister Indiens und Japans trafen sich in Tokio .
2025-05-03 12:08:19,378 - INFO - joeynmt.training - 	Reference:  India and Japan prime ministers meet in Tokyo
2025-05-03 12:08:19,378 - INFO - joeynmt.training - 	Hypothesis: the price minister India and Japan &apos;s primarily in Tokio .
2025-05-03 12:08:19,378 - INFO - joeynmt.training - Example #1
2025-05-03 12:08:19,378 - DEBUG - joeynmt.training - 	Tokenized source:     ['Indi@@', 'ens', 'neu@@', 'er', 'Pre@@', 'mi@@', 'er@@', 'minist@@', 'er', 'N@@', 'ar@@', 'end@@', 'ra', 'Mo@@', 'd@@', 'i', 'tri@@', 'fft', 'bei', 's@@', 'einem', 'ersten', 'wichti@@', 'gen', 'Aus@@', 'land@@', 's@@', 'bes@@', 'u@@', 'ch', 'seit', 's@@', 'einem', 'W@@', 'ah@@', 'l@@', 'si@@', 'e@@', 'g', 'im', 'Ma@@', 'i', 'seinen', 'j@@', 'ap@@', 'an@@', 'ischen', 'Am@@', 'ts@@', 'k@@', 'olle@@', 'gen', 'S@@', 'hin@@', 'z@@', 'o', 'A@@', 'be', 'in', 'T@@', 'ok@@', 'o', ',', 'um', 'wirtschaf@@', 'tliche', 'und', 'sicher@@', 'heits@@', 'politische', 'Be@@', 'zieh@@', 'ungen', 'zu', 'bes@@', 'pre@@', 'chen', '.']
2025-05-03 12:08:19,378 - DEBUG - joeynmt.training - 	Tokenized reference:  ['Indi@@', 'a', '&apos;s', 'new', 'pri@@', 'me', 'minist@@', 'er', ',', 'N@@', 'ar@@', 'end@@', 'ra', 'Mo@@', 'd@@', 'i', ',', 'is', 'me@@', 'eting', 'his', 'J@@', 'ap@@', 'an@@', 'ese', 'coun@@', 'ter@@', 'part', ',', 'S@@', 'hin@@', 'z@@', 'o', 'A@@', 'be', ',', 'in', 'T@@', 'ok@@', 'y@@', 'o', 'to', 'disc@@', 'uss', 'economic', 'and', 'security', 'ties', ',', 'on', 'his', 'first', 'major', 'fore@@', 'ign', 'visi@@', 't', 'since', 'w@@', 'inn@@', 'ing', 'Ma@@', 'y', '&apos;s', 'elec@@', 'tion', '.']
2025-05-03 12:08:19,378 - DEBUG - joeynmt.training - 	Tokenized hypothesis: ['Indi@@', 'a', '&apos;s', '&apos;s', '&apos;s', 'Pri@@', 'me', 'Minist@@', 'er', 'N@@', 'ar@@', 'end@@', 'ra', 'Mo@@', 'd@@', 'i', ',', 'the', 'first', 'important', 'fore@@', 'ign', ',', 'the', 'first', 'important', 'fore@@', 'ign', ',', 'the', 'first', 'important', 'fore@@', 'ign', ',', 'the', 'J@@', 'ap@@', 'an@@', 'ese', 'of', 'S@@', 'hin@@', 'z@@', 'o', 'A@@', 'be', 'in', 'T@@', 'ok@@', 'o', ',', 'to', 'economic', 'and', 'saf@@', 'ety', 'political', 'rel@@', 'ations', '.', '</s>']
2025-05-03 12:08:19,378 - INFO - joeynmt.training - 	Source:     Indiens neuer Premierminister Narendra Modi trifft bei seinem ersten wichtigen Auslandsbesuch seit seinem Wahlsieg im Mai seinen japanischen Amtskollegen Shinzo Abe in Toko , um wirtschaftliche und sicherheitspolitische Beziehungen zu besprechen .
2025-05-03 12:08:19,378 - INFO - joeynmt.training - 	Reference:  India &apos;s new prime minister , Narendra Modi , is meeting his Japanese counterpart , Shinzo Abe , in Tokyo to discuss economic and security ties , on his first major foreign visit since winning May &apos;s election .
2025-05-03 12:08:19,379 - INFO - joeynmt.training - 	Hypothesis: India &apos;s &apos;s &apos;s Prime Minister Narendra Modi , the first important foreign , the first important foreign , the first important foreign , the Japanese of Shinzo Abe in Toko , to economic and safety political relations .
2025-05-03 12:08:19,379 - INFO - joeynmt.training - Example #2
2025-05-03 12:08:19,379 - DEBUG - joeynmt.training - 	Tokenized source:     ['Herr', 'Mo@@', 'd@@', 'i', 'befindet', 'sich', 'auf', 'einer', 'fü@@', 'n@@', 'f@@', 'tä@@', 'gi@@', 'gen', 'Rei@@', 'se', 'nach', 'J@@', 'ap@@', 'an', ',', 'um', 'die', 'wirtschaf@@', 'tlichen', 'Be@@', 'zieh@@', 'ungen', 'mit', 'der', 'd@@', 'rit@@', 't@@', 'größ@@', 'ten', 'Wirtschafts@@', 'n@@', 'ation', 'der', 'Welt', 'zu', 'fes@@', 'tigen', '.']
2025-05-03 12:08:19,379 - DEBUG - joeynmt.training - 	Tokenized reference:  ['Mr', 'Mo@@', 'd@@', 'i', 'is', 'on', 'a', 'fi@@', 've', '@@@', '-@@', '@', 'day', 'tri@@', 'p', 'to', 'J@@', 'ap@@', 'an', 'to', 'streng@@', 'then', 'economic', 'ties', 'with', 'the', 'third', 'lar@@', 'ges@@', 't', 'econom@@', 'y', 'in', 'the', 'world', '.']
2025-05-03 12:08:19,379 - DEBUG - joeynmt.training - 	Tokenized hypothesis: ['Mr', 'Mo@@', 'd@@', 'i', 'is', 'on', 'a', 'fi@@', 'f@@', 'te@@', 'en', 'to', 'J@@', 'ap@@', 'an', 'to', 'J@@', 'ap@@', 'an', 'to', 'the', 'economic', 'rel@@', 'ations', 'with', 'the', 'third', 'lar@@', 'ges@@', 't', 'economic', 'rel@@', 'ations', 'of', 'the', 'world', '.', '</s>']
2025-05-03 12:08:19,379 - INFO - joeynmt.training - 	Source:     Herr Modi befindet sich auf einer fünftägigen Reise nach Japan , um die wirtschaftlichen Beziehungen mit der drittgrößten Wirtschaftsnation der Welt zu festigen .
2025-05-03 12:08:19,379 - INFO - joeynmt.training - 	Reference:  Mr Modi is on a five @-@ day trip to Japan to strengthen economic ties with the third largest economy in the world .
2025-05-03 12:08:19,379 - INFO - joeynmt.training - 	Hypothesis: Mr Modi is on a fifteen to Japan to Japan to the economic relations with the third largest economic relations of the world .
2025-05-03 12:08:19,379 - INFO - joeynmt.training - Example #3
2025-05-03 12:08:19,379 - DEBUG - joeynmt.training - 	Tokenized source:     ['P@@', 'län@@', 'e', 'für', 'eine', 'stärk@@', 'ere', 'k@@', 'ern@@', 'techn@@', 'ische', 'Zusammenarbeit', 'stehen', 'ganz', 'ob@@', 'en', 'auf', 'der', 'Tag@@', 'es@@', 'ordnung', '.']
2025-05-03 12:08:19,379 - DEBUG - joeynmt.training - 	Tokenized reference:  ['high', 'on', 'the', 'agen@@', 'da', 'are', 'pl@@', 'ans', 'for', 'gre@@', 'ater', 'nu@@', 'clear', 'c@@', 'o', '@@@', '-@@', '@', 'operation', '.']
2025-05-03 12:08:19,379 - DEBUG - joeynmt.training - 	Tokenized hypothesis: ['pl@@', 'ans', 'for', 'a', 'more', 'seri@@', 'ous', 'techn@@', 'ical', 'cooperation', 'are', 'all', 'of', 'the', 'agen@@', 'da', '.', '</s>']
2025-05-03 12:08:19,379 - INFO - joeynmt.training - 	Source:     Pläne für eine stärkere kerntechnische Zusammenarbeit stehen ganz oben auf der Tagesordnung .
2025-05-03 12:08:19,380 - INFO - joeynmt.training - 	Reference:  high on the agenda are plans for greater nuclear co @-@ operation .
2025-05-03 12:08:19,380 - INFO - joeynmt.training - 	Hypothesis: plans for a more serious technical cooperation are all of the agenda .
2025-05-03 12:08:19,380 - INFO - joeynmt.training - Example #4
2025-05-03 12:08:19,380 - DEBUG - joeynmt.training - 	Tokenized source:     ['Berich@@', 'ten', 'zu@@', 'fol@@', 'ge', 'ho@@', 'fft', 'Indi@@', 'en', 'darüber', 'hinaus', 'auf', 'einen', 'Ver@@', 'trag', 'zur', 'Ver@@', 'tei@@', 'dig@@', 'ungs@@', 'zusammen@@', 'arbeit', 'zwischen', 'den', 'beiden', 'N@@', 'ationen', '.']
2025-05-03 12:08:19,380 - DEBUG - joeynmt.training - 	Tokenized reference:  ['Indi@@', 'a', 'is', 'also', 're@@', 'porte@@', 'dly', 'hop@@', 'ing', 'for', 'a', 'de@@', 'al', 'on', 'def@@', 'ence', 'c@@', 'oll@@', 'ab@@', 'or@@', 'ation', 'between', 'the', 'two', 'n@@', 'ations', '.']
2025-05-03 12:08:19,380 - DEBUG - joeynmt.training - 	Tokenized hypothesis: ['re@@', 'ports', 'the', 'following', 'high@@', 'li@@', 'gh@@', 'ted', 'Indi@@', 'a', '&apos;s', 'con@@', 'tra@@', 'ct', 'on', 'def@@', 'ence', 'cooperation', 'between', 'the', 'two', 'N@@', 'ations', '.', '</s>']
2025-05-03 12:08:19,380 - INFO - joeynmt.training - 	Source:     Berichten zufolge hofft Indien darüber hinaus auf einen Vertrag zur Verteidigungszusammenarbeit zwischen den beiden Nationen .
2025-05-03 12:08:19,380 - INFO - joeynmt.training - 	Reference:  India is also reportedly hoping for a deal on defence collaboration between the two nations .
2025-05-03 12:08:19,380 - INFO - joeynmt.training - 	Hypothesis: reports the following highlighted India &apos;s contract on defence cooperation between the two Nations .
2025-05-03 12:08:24,808 - INFO - joeynmt.training - Epoch   4, Step:    15600, Batch Loss:     1.824144, Batch Acc: 0.487301, Tokens per Sec:    16553, Lr: 0.000300
2025-05-03 12:08:30,399 - INFO - joeynmt.training - Epoch   4, Step:    15700, Batch Loss:     1.844851, Batch Acc: 0.485544, Tokens per Sec:    16566, Lr: 0.000300
2025-05-03 12:08:35,727 - INFO - joeynmt.training - Epoch   4, Step:    15800, Batch Loss:     1.811353, Batch Acc: 0.489842, Tokens per Sec:    17231, Lr: 0.000300
2025-05-03 12:08:41,248 - INFO - joeynmt.training - Epoch   4, Step:    15900, Batch Loss:     1.913672, Batch Acc: 0.483736, Tokens per Sec:    16834, Lr: 0.000300
2025-05-03 12:08:46,759 - INFO - joeynmt.training - Epoch   4, Step:    16000, Batch Loss:     1.717698, Batch Acc: 0.485906, Tokens per Sec:    16749, Lr: 0.000300
2025-05-03 12:08:46,760 - INFO - joeynmt.prediction - Predicting 500 example(s)... (Greedy decoding with min_output_length=1, max_output_length=-1, return_prob='none', generate_unk=True, repetition_penalty=-1, no_repeat_ngram_size=-1)
2025-05-03 12:08:51,856 - INFO - joeynmt.prediction - Evaluation result (greedy) loss:   2.19, ppl:   8.92, acc:   0.43, generation: 5.0880[sec], evaluation: 0.0000[sec]
2025-05-03 12:08:51,856 - INFO - joeynmt.training - Hooray! New best validation result [ppl]!
2025-05-03 12:08:51,937 - INFO - joeynmt.helpers - delete models/deen_transformer_pre/13500.ckpt
2025-05-03 12:08:51,944 - INFO - joeynmt.training - Example #0
2025-05-03 12:08:51,944 - DEBUG - joeynmt.training - 	Tokenized source:     ['die', 'Pre@@', 'mi@@', 'er@@', 'minist@@', 'er', 'Indi@@', 'ens', 'und', 'J@@', 'ap@@', 'ans', 'tra@@', 'fen', 'sich', 'in', 'T@@', 'ok@@', 'i@@', 'o', '.']
2025-05-03 12:08:51,944 - DEBUG - joeynmt.training - 	Tokenized reference:  ['Indi@@', 'a', 'and', 'J@@', 'ap@@', 'an', 'pri@@', 'me', 'minist@@', 'ers', 'me@@', 'et', 'in', 'T@@', 'ok@@', 'y@@', 'o']
2025-05-03 12:08:51,944 - DEBUG - joeynmt.training - 	Tokenized hypothesis: ['Pri@@', 'me', 'Minist@@', 'er', 'Indi@@', 'a', 'and', 'J@@', 'ap@@', 'an', 'A@@', 'gre@@', 'ement', 'in', 'T@@', 'ok@@', 'i@@', 'o', '.', '</s>']
2025-05-03 12:08:51,944 - INFO - joeynmt.training - 	Source:     die Premierminister Indiens und Japans trafen sich in Tokio .
2025-05-03 12:08:51,944 - INFO - joeynmt.training - 	Reference:  India and Japan prime ministers meet in Tokyo
2025-05-03 12:08:51,944 - INFO - joeynmt.training - 	Hypothesis: Prime Minister India and Japan Agreement in Tokio .
2025-05-03 12:08:51,944 - INFO - joeynmt.training - Example #1
2025-05-03 12:08:51,944 - DEBUG - joeynmt.training - 	Tokenized source:     ['Indi@@', 'ens', 'neu@@', 'er', 'Pre@@', 'mi@@', 'er@@', 'minist@@', 'er', 'N@@', 'ar@@', 'end@@', 'ra', 'Mo@@', 'd@@', 'i', 'tri@@', 'fft', 'bei', 's@@', 'einem', 'ersten', 'wichti@@', 'gen', 'Aus@@', 'land@@', 's@@', 'bes@@', 'u@@', 'ch', 'seit', 's@@', 'einem', 'W@@', 'ah@@', 'l@@', 'si@@', 'e@@', 'g', 'im', 'Ma@@', 'i', 'seinen', 'j@@', 'ap@@', 'an@@', 'ischen', 'Am@@', 'ts@@', 'k@@', 'olle@@', 'gen', 'S@@', 'hin@@', 'z@@', 'o', 'A@@', 'be', 'in', 'T@@', 'ok@@', 'o', ',', 'um', 'wirtschaf@@', 'tliche', 'und', 'sicher@@', 'heits@@', 'politische', 'Be@@', 'zieh@@', 'ungen', 'zu', 'bes@@', 'pre@@', 'chen', '.']
2025-05-03 12:08:51,945 - DEBUG - joeynmt.training - 	Tokenized reference:  ['Indi@@', 'a', '&apos;s', 'new', 'pri@@', 'me', 'minist@@', 'er', ',', 'N@@', 'ar@@', 'end@@', 'ra', 'Mo@@', 'd@@', 'i', ',', 'is', 'me@@', 'eting', 'his', 'J@@', 'ap@@', 'an@@', 'ese', 'coun@@', 'ter@@', 'part', ',', 'S@@', 'hin@@', 'z@@', 'o', 'A@@', 'be', ',', 'in', 'T@@', 'ok@@', 'y@@', 'o', 'to', 'disc@@', 'uss', 'economic', 'and', 'security', 'ties', ',', 'on', 'his', 'first', 'major', 'fore@@', 'ign', 'visi@@', 't', 'since', 'w@@', 'inn@@', 'ing', 'Ma@@', 'y', '&apos;s', 'elec@@', 'tion', '.']
2025-05-03 12:08:51,945 - DEBUG - joeynmt.training - 	Tokenized hypothesis: ['Indi@@', 'a', '&apos;s', '&apos;s', 'lat@@', 'est', 'Pri@@', 'me', 'Minist@@', 'er', 'N@@', 'ar@@', 'end@@', 'ra', 'Mo@@', 'd@@', 'i', ',', 'in', 'his', 'first', 'important', 'ex@@', 'change', ',', 'since', 'his', 'first', 'important', 'ex@@', 'change', 'of', 'his', 'year', ',', 'the', 'J@@', 'ap@@', 'an@@', 'ese', 'S@@', 'hin@@', 'z@@', 'o', 'A@@', 'be', 'in', 'T@@', 'ok@@', 'o', ',', 'and', 'economic', 'and', 'saf@@', 'ety', '.', '</s>']
2025-05-03 12:08:51,945 - INFO - joeynmt.training - 	Source:     Indiens neuer Premierminister Narendra Modi trifft bei seinem ersten wichtigen Auslandsbesuch seit seinem Wahlsieg im Mai seinen japanischen Amtskollegen Shinzo Abe in Toko , um wirtschaftliche und sicherheitspolitische Beziehungen zu besprechen .
2025-05-03 12:08:51,945 - INFO - joeynmt.training - 	Reference:  India &apos;s new prime minister , Narendra Modi , is meeting his Japanese counterpart , Shinzo Abe , in Tokyo to discuss economic and security ties , on his first major foreign visit since winning May &apos;s election .
2025-05-03 12:08:51,945 - INFO - joeynmt.training - 	Hypothesis: India &apos;s &apos;s latest Prime Minister Narendra Modi , in his first important exchange , since his first important exchange of his year , the Japanese Shinzo Abe in Toko , and economic and safety .
2025-05-03 12:08:51,945 - INFO - joeynmt.training - Example #2
2025-05-03 12:08:51,945 - DEBUG - joeynmt.training - 	Tokenized source:     ['Herr', 'Mo@@', 'd@@', 'i', 'befindet', 'sich', 'auf', 'einer', 'fü@@', 'n@@', 'f@@', 'tä@@', 'gi@@', 'gen', 'Rei@@', 'se', 'nach', 'J@@', 'ap@@', 'an', ',', 'um', 'die', 'wirtschaf@@', 'tlichen', 'Be@@', 'zieh@@', 'ungen', 'mit', 'der', 'd@@', 'rit@@', 't@@', 'größ@@', 'ten', 'Wirtschafts@@', 'n@@', 'ation', 'der', 'Welt', 'zu', 'fes@@', 'tigen', '.']
2025-05-03 12:08:51,945 - DEBUG - joeynmt.training - 	Tokenized reference:  ['Mr', 'Mo@@', 'd@@', 'i', 'is', 'on', 'a', 'fi@@', 've', '@@@', '-@@', '@', 'day', 'tri@@', 'p', 'to', 'J@@', 'ap@@', 'an', 'to', 'streng@@', 'then', 'economic', 'ties', 'with', 'the', 'third', 'lar@@', 'ges@@', 't', 'econom@@', 'y', 'in', 'the', 'world', '.']
2025-05-03 12:08:51,945 - DEBUG - joeynmt.training - 	Tokenized hypothesis: ['Mr', 'Mo@@', 'd@@', 'i', 'is', 'one', 'of', 'the', 'fi@@', 'f@@', 'ty', 'of', 'a', 'fi@@', 'f@@', 'te@@', 'en', 'tri@@', 'p', 'to', 'J@@', 'ap@@', 'an', ',', 'to', 'the', 'economic', 'rel@@', 'ation@@', 'ship', 'with', 'the', 'third', 'lar@@', 'ges@@', 't', 'economic', 'rel@@', 'ations', '.', '</s>']
2025-05-03 12:08:51,945 - INFO - joeynmt.training - 	Source:     Herr Modi befindet sich auf einer fünftägigen Reise nach Japan , um die wirtschaftlichen Beziehungen mit der drittgrößten Wirtschaftsnation der Welt zu festigen .
2025-05-03 12:08:51,945 - INFO - joeynmt.training - 	Reference:  Mr Modi is on a five @-@ day trip to Japan to strengthen economic ties with the third largest economy in the world .
2025-05-03 12:08:51,945 - INFO - joeynmt.training - 	Hypothesis: Mr Modi is one of the fifty of a fifteen trip to Japan , to the economic relationship with the third largest economic relations .
2025-05-03 12:08:51,946 - INFO - joeynmt.training - Example #3
2025-05-03 12:08:51,946 - DEBUG - joeynmt.training - 	Tokenized source:     ['P@@', 'län@@', 'e', 'für', 'eine', 'stärk@@', 'ere', 'k@@', 'ern@@', 'techn@@', 'ische', 'Zusammenarbeit', 'stehen', 'ganz', 'ob@@', 'en', 'auf', 'der', 'Tag@@', 'es@@', 'ordnung', '.']
2025-05-03 12:08:51,946 - DEBUG - joeynmt.training - 	Tokenized reference:  ['high', 'on', 'the', 'agen@@', 'da', 'are', 'pl@@', 'ans', 'for', 'gre@@', 'ater', 'nu@@', 'clear', 'c@@', 'o', '@@@', '-@@', '@', 'operation', '.']
2025-05-03 12:08:51,946 - DEBUG - joeynmt.training - 	Tokenized hypothesis: ['pl@@', 'ans', 'for', 'a', 'more', 'more', 'seri@@', 'ous', 'techn@@', 'ical', 'cooperation', 'are', 'very', 'important', 'on', 'the', 'agen@@', 'da', '.', '</s>']
2025-05-03 12:08:51,946 - INFO - joeynmt.training - 	Source:     Pläne für eine stärkere kerntechnische Zusammenarbeit stehen ganz oben auf der Tagesordnung .
2025-05-03 12:08:51,946 - INFO - joeynmt.training - 	Reference:  high on the agenda are plans for greater nuclear co @-@ operation .
2025-05-03 12:08:51,946 - INFO - joeynmt.training - 	Hypothesis: plans for a more more serious technical cooperation are very important on the agenda .
2025-05-03 12:08:51,946 - INFO - joeynmt.training - Example #4
2025-05-03 12:08:51,946 - DEBUG - joeynmt.training - 	Tokenized source:     ['Berich@@', 'ten', 'zu@@', 'fol@@', 'ge', 'ho@@', 'fft', 'Indi@@', 'en', 'darüber', 'hinaus', 'auf', 'einen', 'Ver@@', 'trag', 'zur', 'Ver@@', 'tei@@', 'dig@@', 'ungs@@', 'zusammen@@', 'arbeit', 'zwischen', 'den', 'beiden', 'N@@', 'ationen', '.']
2025-05-03 12:08:51,946 - DEBUG - joeynmt.training - 	Tokenized reference:  ['Indi@@', 'a', 'is', 'also', 're@@', 'porte@@', 'dly', 'hop@@', 'ing', 'for', 'a', 'de@@', 'al', 'on', 'def@@', 'ence', 'c@@', 'oll@@', 'ab@@', 'or@@', 'ation', 'between', 'the', 'two', 'n@@', 'ations', '.']
2025-05-03 12:08:51,946 - DEBUG - joeynmt.training - 	Tokenized hypothesis: ['re@@', 'ports', 'the', 'same', ',', 'the', 'same', 'time', ',', 'the', 'con@@', 'tra@@', 'ct', 'of', 'the', 'work', 'of', 'the', 'two', 'N@@', 'ations', '.', '</s>']
2025-05-03 12:08:51,946 - INFO - joeynmt.training - 	Source:     Berichten zufolge hofft Indien darüber hinaus auf einen Vertrag zur Verteidigungszusammenarbeit zwischen den beiden Nationen .
2025-05-03 12:08:51,947 - INFO - joeynmt.training - 	Reference:  India is also reportedly hoping for a deal on defence collaboration between the two nations .
2025-05-03 12:08:51,947 - INFO - joeynmt.training - 	Hypothesis: reports the same , the same time , the contract of the work of the two Nations .
2025-05-03 12:08:57,358 - INFO - joeynmt.training - Epoch   4, Step:    16100, Batch Loss:     1.979736, Batch Acc: 0.487259, Tokens per Sec:    16652, Lr: 0.000300
2025-05-03 12:09:02,876 - INFO - joeynmt.training - Epoch   4, Step:    16200, Batch Loss:     1.910222, Batch Acc: 0.489816, Tokens per Sec:    16888, Lr: 0.000300
2025-05-03 12:09:06,328 - INFO - joeynmt.training - Epoch   4: total training loss 7776.21
2025-05-03 12:09:06,328 - INFO - joeynmt.training - EPOCH 5
2025-05-03 12:09:08,272 - INFO - joeynmt.training - Epoch   5, Step:    16300, Batch Loss:     1.838118, Batch Acc: 0.500578, Tokens per Sec:    16921, Lr: 0.000300
2025-05-03 12:09:13,624 - INFO - joeynmt.training - Epoch   5, Step:    16400, Batch Loss:     1.776693, Batch Acc: 0.507495, Tokens per Sec:    17165, Lr: 0.000300
2025-05-03 12:09:19,051 - INFO - joeynmt.training - Epoch   5, Step:    16500, Batch Loss:     1.961994, Batch Acc: 0.503950, Tokens per Sec:    17165, Lr: 0.000300
2025-05-03 12:09:19,051 - INFO - joeynmt.prediction - Predicting 500 example(s)... (Greedy decoding with min_output_length=1, max_output_length=-1, return_prob='none', generate_unk=True, repetition_penalty=-1, no_repeat_ngram_size=-1)
2025-05-03 12:09:24,462 - INFO - joeynmt.prediction - Evaluation result (greedy) loss:   2.20, ppl:   9.02, acc:   0.43, generation: 5.4015[sec], evaluation: 0.0000[sec]
2025-05-03 12:09:24,548 - INFO - joeynmt.helpers - delete models/deen_transformer_pre/14000.ckpt
2025-05-03 12:09:24,553 - INFO - joeynmt.training - Example #0
2025-05-03 12:09:24,553 - DEBUG - joeynmt.training - 	Tokenized source:     ['die', 'Pre@@', 'mi@@', 'er@@', 'minist@@', 'er', 'Indi@@', 'ens', 'und', 'J@@', 'ap@@', 'ans', 'tra@@', 'fen', 'sich', 'in', 'T@@', 'ok@@', 'i@@', 'o', '.']
2025-05-03 12:09:24,553 - DEBUG - joeynmt.training - 	Tokenized reference:  ['Indi@@', 'a', 'and', 'J@@', 'ap@@', 'an', 'pri@@', 'me', 'minist@@', 'ers', 'me@@', 'et', 'in', 'T@@', 'ok@@', 'y@@', 'o']
2025-05-03 12:09:24,553 - DEBUG - joeynmt.training - 	Tokenized hypothesis: ['the', 'Pri@@', 'me', 'Minist@@', 'er', 'Indi@@', 'a', 'and', 'J@@', 'ap@@', 'an', 'A@@', 'T@@', 'ok@@', 'i@@', 'o', '.', '</s>']
2025-05-03 12:09:24,554 - INFO - joeynmt.training - 	Source:     die Premierminister Indiens und Japans trafen sich in Tokio .
2025-05-03 12:09:24,554 - INFO - joeynmt.training - 	Reference:  India and Japan prime ministers meet in Tokyo
2025-05-03 12:09:24,554 - INFO - joeynmt.training - 	Hypothesis: the Prime Minister India and Japan ATokio .
2025-05-03 12:09:24,554 - INFO - joeynmt.training - Example #1
2025-05-03 12:09:24,554 - DEBUG - joeynmt.training - 	Tokenized source:     ['Indi@@', 'ens', 'neu@@', 'er', 'Pre@@', 'mi@@', 'er@@', 'minist@@', 'er', 'N@@', 'ar@@', 'end@@', 'ra', 'Mo@@', 'd@@', 'i', 'tri@@', 'fft', 'bei', 's@@', 'einem', 'ersten', 'wichti@@', 'gen', 'Aus@@', 'land@@', 's@@', 'bes@@', 'u@@', 'ch', 'seit', 's@@', 'einem', 'W@@', 'ah@@', 'l@@', 'si@@', 'e@@', 'g', 'im', 'Ma@@', 'i', 'seinen', 'j@@', 'ap@@', 'an@@', 'ischen', 'Am@@', 'ts@@', 'k@@', 'olle@@', 'gen', 'S@@', 'hin@@', 'z@@', 'o', 'A@@', 'be', 'in', 'T@@', 'ok@@', 'o', ',', 'um', 'wirtschaf@@', 'tliche', 'und', 'sicher@@', 'heits@@', 'politische', 'Be@@', 'zieh@@', 'ungen', 'zu', 'bes@@', 'pre@@', 'chen', '.']
2025-05-03 12:09:24,554 - DEBUG - joeynmt.training - 	Tokenized reference:  ['Indi@@', 'a', '&apos;s', 'new', 'pri@@', 'me', 'minist@@', 'er', ',', 'N@@', 'ar@@', 'end@@', 'ra', 'Mo@@', 'd@@', 'i', ',', 'is', 'me@@', 'eting', 'his', 'J@@', 'ap@@', 'an@@', 'ese', 'coun@@', 'ter@@', 'part', ',', 'S@@', 'hin@@', 'z@@', 'o', 'A@@', 'be', ',', 'in', 'T@@', 'ok@@', 'y@@', 'o', 'to', 'disc@@', 'uss', 'economic', 'and', 'security', 'ties', ',', 'on', 'his', 'first', 'major', 'fore@@', 'ign', 'visi@@', 't', 'since', 'w@@', 'inn@@', 'ing', 'Ma@@', 'y', '&apos;s', 'elec@@', 'tion', '.']
2025-05-03 12:09:24,554 - DEBUG - joeynmt.training - 	Tokenized hypothesis: ['Indi@@', 'a', '&apos;s', 'lat@@', 'est', 'Pri@@', 'me', 'Minist@@', 'er', 'N@@', 'ar@@', 'end@@', 'ra', 'Mo@@', 'd@@', 'i', ',', 'the', 'first', 'important', 'ex@@', 'change', 'of', 'the', 'S@@', 'hin@@', 'z@@', 'o', 'A@@', 'be', 'in', 'T@@', 'ok@@', 'o', ',', 'the', 'S@@', 'hin@@', 'z@@', 'o', 'A@@', 'be', 'in', 'T@@', 'ok@@', 'o', ',', 'and', 'the', 'S@@', 'hin@@', 'z@@', 'o', 'A@@', 'be', 'in', 'T@@', 'ok@@', 'o', ',', 'and', 'the', 'S@@', 'ec@@', 're@@', 't@@', 'ar@@', 'ge@@', 'ts', '.', '</s>']
2025-05-03 12:09:24,554 - INFO - joeynmt.training - 	Source:     Indiens neuer Premierminister Narendra Modi trifft bei seinem ersten wichtigen Auslandsbesuch seit seinem Wahlsieg im Mai seinen japanischen Amtskollegen Shinzo Abe in Toko , um wirtschaftliche und sicherheitspolitische Beziehungen zu besprechen .
2025-05-03 12:09:24,554 - INFO - joeynmt.training - 	Reference:  India &apos;s new prime minister , Narendra Modi , is meeting his Japanese counterpart , Shinzo Abe , in Tokyo to discuss economic and security ties , on his first major foreign visit since winning May &apos;s election .
2025-05-03 12:09:24,554 - INFO - joeynmt.training - 	Hypothesis: India &apos;s latest Prime Minister Narendra Modi , the first important exchange of the Shinzo Abe in Toko , the Shinzo Abe in Toko , and the Shinzo Abe in Toko , and the Secretargets .
2025-05-03 12:09:24,554 - INFO - joeynmt.training - Example #2
2025-05-03 12:09:24,555 - DEBUG - joeynmt.training - 	Tokenized source:     ['Herr', 'Mo@@', 'd@@', 'i', 'befindet', 'sich', 'auf', 'einer', 'fü@@', 'n@@', 'f@@', 'tä@@', 'gi@@', 'gen', 'Rei@@', 'se', 'nach', 'J@@', 'ap@@', 'an', ',', 'um', 'die', 'wirtschaf@@', 'tlichen', 'Be@@', 'zieh@@', 'ungen', 'mit', 'der', 'd@@', 'rit@@', 't@@', 'größ@@', 'ten', 'Wirtschafts@@', 'n@@', 'ation', 'der', 'Welt', 'zu', 'fes@@', 'tigen', '.']
2025-05-03 12:09:24,555 - DEBUG - joeynmt.training - 	Tokenized reference:  ['Mr', 'Mo@@', 'd@@', 'i', 'is', 'on', 'a', 'fi@@', 've', '@@@', '-@@', '@', 'day', 'tri@@', 'p', 'to', 'J@@', 'ap@@', 'an', 'to', 'streng@@', 'then', 'economic', 'ties', 'with', 'the', 'third', 'lar@@', 'ges@@', 't', 'econom@@', 'y', 'in', 'the', 'world', '.']
2025-05-03 12:09:24,555 - DEBUG - joeynmt.training - 	Tokenized hypothesis: ['Mr', 'Mo@@', 'd@@', 'i', 'is', 'one', 'of', 'the', 'fi@@', 'f@@', 'te@@', 'en', 'of', 'the', 'world', '&apos;s', 'economic', 'rel@@', 'ations', 'with', 'the', 'third', 'lar@@', 'ges@@', 't', 'economic', 'rel@@', 'ations', 'with', 'the', 'third', 'lar@@', 'ges@@', 't', 'economic', 'n@@', 'ation', 'of', 'the', 'world', '.', '</s>']
2025-05-03 12:09:24,555 - INFO - joeynmt.training - 	Source:     Herr Modi befindet sich auf einer fünftägigen Reise nach Japan , um die wirtschaftlichen Beziehungen mit der drittgrößten Wirtschaftsnation der Welt zu festigen .
2025-05-03 12:09:24,555 - INFO - joeynmt.training - 	Reference:  Mr Modi is on a five @-@ day trip to Japan to strengthen economic ties with the third largest economy in the world .
2025-05-03 12:09:24,555 - INFO - joeynmt.training - 	Hypothesis: Mr Modi is one of the fifteen of the world &apos;s economic relations with the third largest economic relations with the third largest economic nation of the world .
2025-05-03 12:09:24,555 - INFO - joeynmt.training - Example #3
2025-05-03 12:09:24,555 - DEBUG - joeynmt.training - 	Tokenized source:     ['P@@', 'län@@', 'e', 'für', 'eine', 'stärk@@', 'ere', 'k@@', 'ern@@', 'techn@@', 'ische', 'Zusammenarbeit', 'stehen', 'ganz', 'ob@@', 'en', 'auf', 'der', 'Tag@@', 'es@@', 'ordnung', '.']
2025-05-03 12:09:24,555 - DEBUG - joeynmt.training - 	Tokenized reference:  ['high', 'on', 'the', 'agen@@', 'da', 'are', 'pl@@', 'ans', 'for', 'gre@@', 'ater', 'nu@@', 'clear', 'c@@', 'o', '@@@', '-@@', '@', 'operation', '.']
2025-05-03 12:09:24,555 - DEBUG - joeynmt.training - 	Tokenized hypothesis: ['pl@@', 'ans', 'for', 'a', 'str@@', 'ong', 'nu@@', 'clear', 'techn@@', 'ical', 'cooperation', ',', 'is', 'qu@@', 'ite', 'ob@@', 'vi@@', 'ous', 'on', 'the', 'agen@@', 'da', '.', '</s>']
2025-05-03 12:09:24,555 - INFO - joeynmt.training - 	Source:     Pläne für eine stärkere kerntechnische Zusammenarbeit stehen ganz oben auf der Tagesordnung .
2025-05-03 12:09:24,555 - INFO - joeynmt.training - 	Reference:  high on the agenda are plans for greater nuclear co @-@ operation .
2025-05-03 12:09:24,555 - INFO - joeynmt.training - 	Hypothesis: plans for a strong nuclear technical cooperation , is quite obvious on the agenda .
2025-05-03 12:09:24,555 - INFO - joeynmt.training - Example #4
2025-05-03 12:09:24,556 - DEBUG - joeynmt.training - 	Tokenized source:     ['Berich@@', 'ten', 'zu@@', 'fol@@', 'ge', 'ho@@', 'fft', 'Indi@@', 'en', 'darüber', 'hinaus', 'auf', 'einen', 'Ver@@', 'trag', 'zur', 'Ver@@', 'tei@@', 'dig@@', 'ungs@@', 'zusammen@@', 'arbeit', 'zwischen', 'den', 'beiden', 'N@@', 'ationen', '.']
2025-05-03 12:09:24,556 - DEBUG - joeynmt.training - 	Tokenized reference:  ['Indi@@', 'a', 'is', 'also', 're@@', 'porte@@', 'dly', 'hop@@', 'ing', 'for', 'a', 'de@@', 'al', 'on', 'def@@', 'ence', 'c@@', 'oll@@', 'ab@@', 'or@@', 'ation', 'between', 'the', 'two', 'n@@', 'ations', '.']
2025-05-03 12:09:24,556 - DEBUG - joeynmt.training - 	Tokenized hypothesis: ['re@@', 'ports', ',', 'the', 'following', 'sign@@', 'ific@@', 'ant', 'Indi@@', 'a', 'is', 'also', 'on', 'a', 'Tre@@', 'aty', 'on', 'the', 'con@@', 'dem@@', 'n@@', 'ations', 'between', 'the', 'two', 'N@@', 'ations', '.', '</s>']
2025-05-03 12:09:24,556 - INFO - joeynmt.training - 	Source:     Berichten zufolge hofft Indien darüber hinaus auf einen Vertrag zur Verteidigungszusammenarbeit zwischen den beiden Nationen .
2025-05-03 12:09:24,556 - INFO - joeynmt.training - 	Reference:  India is also reportedly hoping for a deal on defence collaboration between the two nations .
2025-05-03 12:09:24,556 - INFO - joeynmt.training - 	Hypothesis: reports , the following significant India is also on a Treaty on the condemnations between the two Nations .
2025-05-03 12:09:30,041 - INFO - joeynmt.training - Epoch   5, Step:    16600, Batch Loss:     1.876116, Batch Acc: 0.500608, Tokens per Sec:    16362, Lr: 0.000300
2025-05-03 12:09:35,368 - INFO - joeynmt.training - Epoch   5, Step:    16700, Batch Loss:     1.931777, Batch Acc: 0.502481, Tokens per Sec:    17179, Lr: 0.000300
2025-05-03 12:09:40,938 - INFO - joeynmt.training - Epoch   5, Step:    16800, Batch Loss:     1.744546, Batch Acc: 0.503947, Tokens per Sec:    16740, Lr: 0.000300
2025-05-03 12:09:46,278 - INFO - joeynmt.training - Epoch   5, Step:    16900, Batch Loss:     1.792671, Batch Acc: 0.506158, Tokens per Sec:    17246, Lr: 0.000300
2025-05-03 12:09:51,917 - INFO - joeynmt.training - Epoch   5, Step:    17000, Batch Loss:     1.787073, Batch Acc: 0.497528, Tokens per Sec:    16751, Lr: 0.000300
2025-05-03 12:09:51,917 - INFO - joeynmt.prediction - Predicting 500 example(s)... (Greedy decoding with min_output_length=1, max_output_length=-1, return_prob='none', generate_unk=True, repetition_penalty=-1, no_repeat_ngram_size=-1)
2025-05-03 12:09:57,595 - INFO - joeynmt.prediction - Evaluation result (greedy) loss:   2.19, ppl:   8.94, acc:   0.43, generation: 5.6703[sec], evaluation: 0.0000[sec]
2025-05-03 12:09:57,676 - INFO - joeynmt.helpers - delete models/deen_transformer_pre/14500.ckpt
2025-05-03 12:09:57,681 - INFO - joeynmt.training - Example #0
2025-05-03 12:09:57,681 - DEBUG - joeynmt.training - 	Tokenized source:     ['die', 'Pre@@', 'mi@@', 'er@@', 'minist@@', 'er', 'Indi@@', 'ens', 'und', 'J@@', 'ap@@', 'ans', 'tra@@', 'fen', 'sich', 'in', 'T@@', 'ok@@', 'i@@', 'o', '.']
2025-05-03 12:09:57,681 - DEBUG - joeynmt.training - 	Tokenized reference:  ['Indi@@', 'a', 'and', 'J@@', 'ap@@', 'an', 'pri@@', 'me', 'minist@@', 'ers', 'me@@', 'et', 'in', 'T@@', 'ok@@', 'y@@', 'o']
2025-05-03 12:09:57,681 - DEBUG - joeynmt.training - 	Tokenized hypothesis: ['the', 'Pri@@', 'me', 'Minist@@', 'er', 'Indi@@', 'a', 'and', 'J@@', 'ap@@', 'an', 'Indi@@', 'a', 'and', 'J@@', 'ap@@', 'an', ',', 'in', 'T@@', 'ok@@', 'i@@', 'o', '.', '</s>']
2025-05-03 12:09:57,681 - INFO - joeynmt.training - 	Source:     die Premierminister Indiens und Japans trafen sich in Tokio .
2025-05-03 12:09:57,681 - INFO - joeynmt.training - 	Reference:  India and Japan prime ministers meet in Tokyo
2025-05-03 12:09:57,681 - INFO - joeynmt.training - 	Hypothesis: the Prime Minister India and Japan India and Japan , in Tokio .
2025-05-03 12:09:57,682 - INFO - joeynmt.training - Example #1
2025-05-03 12:09:57,682 - DEBUG - joeynmt.training - 	Tokenized source:     ['Indi@@', 'ens', 'neu@@', 'er', 'Pre@@', 'mi@@', 'er@@', 'minist@@', 'er', 'N@@', 'ar@@', 'end@@', 'ra', 'Mo@@', 'd@@', 'i', 'tri@@', 'fft', 'bei', 's@@', 'einem', 'ersten', 'wichti@@', 'gen', 'Aus@@', 'land@@', 's@@', 'bes@@', 'u@@', 'ch', 'seit', 's@@', 'einem', 'W@@', 'ah@@', 'l@@', 'si@@', 'e@@', 'g', 'im', 'Ma@@', 'i', 'seinen', 'j@@', 'ap@@', 'an@@', 'ischen', 'Am@@', 'ts@@', 'k@@', 'olle@@', 'gen', 'S@@', 'hin@@', 'z@@', 'o', 'A@@', 'be', 'in', 'T@@', 'ok@@', 'o', ',', 'um', 'wirtschaf@@', 'tliche', 'und', 'sicher@@', 'heits@@', 'politische', 'Be@@', 'zieh@@', 'ungen', 'zu', 'bes@@', 'pre@@', 'chen', '.']
2025-05-03 12:09:57,682 - DEBUG - joeynmt.training - 	Tokenized reference:  ['Indi@@', 'a', '&apos;s', 'new', 'pri@@', 'me', 'minist@@', 'er', ',', 'N@@', 'ar@@', 'end@@', 'ra', 'Mo@@', 'd@@', 'i', ',', 'is', 'me@@', 'eting', 'his', 'J@@', 'ap@@', 'an@@', 'ese', 'coun@@', 'ter@@', 'part', ',', 'S@@', 'hin@@', 'z@@', 'o', 'A@@', 'be', ',', 'in', 'T@@', 'ok@@', 'y@@', 'o', 'to', 'disc@@', 'uss', 'economic', 'and', 'security', 'ties', ',', 'on', 'his', 'first', 'major', 'fore@@', 'ign', 'visi@@', 't', 'since', 'w@@', 'inn@@', 'ing', 'Ma@@', 'y', '&apos;s', 'elec@@', 'tion', '.']
2025-05-03 12:09:57,682 - DEBUG - joeynmt.training - 	Tokenized hypothesis: ['Indi@@', 'a', ',', ',', 'N@@', 'ar@@', 'end@@', 'ra', 'Mo@@', 'd@@', 'i', '&apos;s', 'Pri@@', 'me', 'Minist@@', 'er', 'N@@', 'ar@@', 'end@@', 'ra', 'Mo@@', 'd@@', 'i', ',', 'in', 'the', 'first', 'important', 'ex@@', 'change', 'of', 'his', 'own', 'elec@@', 'tion', ',', 'and', 'the', 'S@@', 'hin@@', 'z@@', 'o', 'A@@', 'be', 'in', 'T@@', 'ok@@', 'o', ',', 'and', 'economic', 'and', 'security', 'political', 'rel@@', 'ations', '.', '</s>']
2025-05-03 12:09:57,682 - INFO - joeynmt.training - 	Source:     Indiens neuer Premierminister Narendra Modi trifft bei seinem ersten wichtigen Auslandsbesuch seit seinem Wahlsieg im Mai seinen japanischen Amtskollegen Shinzo Abe in Toko , um wirtschaftliche und sicherheitspolitische Beziehungen zu besprechen .
2025-05-03 12:09:57,682 - INFO - joeynmt.training - 	Reference:  India &apos;s new prime minister , Narendra Modi , is meeting his Japanese counterpart , Shinzo Abe , in Tokyo to discuss economic and security ties , on his first major foreign visit since winning May &apos;s election .
2025-05-03 12:09:57,682 - INFO - joeynmt.training - 	Hypothesis: India , , Narendra Modi &apos;s Prime Minister Narendra Modi , in the first important exchange of his own election , and the Shinzo Abe in Toko , and economic and security political relations .
2025-05-03 12:09:57,682 - INFO - joeynmt.training - Example #2
2025-05-03 12:09:57,682 - DEBUG - joeynmt.training - 	Tokenized source:     ['Herr', 'Mo@@', 'd@@', 'i', 'befindet', 'sich', 'auf', 'einer', 'fü@@', 'n@@', 'f@@', 'tä@@', 'gi@@', 'gen', 'Rei@@', 'se', 'nach', 'J@@', 'ap@@', 'an', ',', 'um', 'die', 'wirtschaf@@', 'tlichen', 'Be@@', 'zieh@@', 'ungen', 'mit', 'der', 'd@@', 'rit@@', 't@@', 'größ@@', 'ten', 'Wirtschafts@@', 'n@@', 'ation', 'der', 'Welt', 'zu', 'fes@@', 'tigen', '.']
2025-05-03 12:09:57,682 - DEBUG - joeynmt.training - 	Tokenized reference:  ['Mr', 'Mo@@', 'd@@', 'i', 'is', 'on', 'a', 'fi@@', 've', '@@@', '-@@', '@', 'day', 'tri@@', 'p', 'to', 'J@@', 'ap@@', 'an', 'to', 'streng@@', 'then', 'economic', 'ties', 'with', 'the', 'third', 'lar@@', 'ges@@', 't', 'econom@@', 'y', 'in', 'the', 'world', '.']
2025-05-03 12:09:57,682 - DEBUG - joeynmt.training - 	Tokenized hypothesis: ['Mr', 'Mo@@', 'un@@', 't', 'is', 'on', 'one', 'fi@@', 'f@@', 'te@@', 'en', 'to', 'J@@', 'ap@@', 'an', ',', 'to', 'the', 'economic', 'rel@@', 'ations', 'with', 'the', 'third', 'lar@@', 'ges@@', 't', 'economic', 'rel@@', 'ations', 'with', 'the', 'third', 'lar@@', 'ges@@', 't', 'economic', 'n@@', 'ation', 'of', 'the', 'world', '.', '</s>']
2025-05-03 12:09:57,683 - INFO - joeynmt.training - 	Source:     Herr Modi befindet sich auf einer fünftägigen Reise nach Japan , um die wirtschaftlichen Beziehungen mit der drittgrößten Wirtschaftsnation der Welt zu festigen .
2025-05-03 12:09:57,683 - INFO - joeynmt.training - 	Reference:  Mr Modi is on a five @-@ day trip to Japan to strengthen economic ties with the third largest economy in the world .
2025-05-03 12:09:57,683 - INFO - joeynmt.training - 	Hypothesis: Mr Mount is on one fifteen to Japan , to the economic relations with the third largest economic relations with the third largest economic nation of the world .
2025-05-03 12:09:57,683 - INFO - joeynmt.training - Example #3
2025-05-03 12:09:57,683 - DEBUG - joeynmt.training - 	Tokenized source:     ['P@@', 'län@@', 'e', 'für', 'eine', 'stärk@@', 'ere', 'k@@', 'ern@@', 'techn@@', 'ische', 'Zusammenarbeit', 'stehen', 'ganz', 'ob@@', 'en', 'auf', 'der', 'Tag@@', 'es@@', 'ordnung', '.']
2025-05-03 12:09:57,683 - DEBUG - joeynmt.training - 	Tokenized reference:  ['high', 'on', 'the', 'agen@@', 'da', 'are', 'pl@@', 'ans', 'for', 'gre@@', 'ater', 'nu@@', 'clear', 'c@@', 'o', '@@@', '-@@', '@', 'operation', '.']
2025-05-03 12:09:57,683 - DEBUG - joeynmt.training - 	Tokenized hypothesis: ['pl@@', 'ans', 'for', 'a', 'more', 'nu@@', 'clear', 'techn@@', 'ical', 'cooperation', ',', 'are', 'all', 'the', 'me@@', 'eting', 'of', 'the', 'agen@@', 'da', '.', '</s>']
2025-05-03 12:09:57,683 - INFO - joeynmt.training - 	Source:     Pläne für eine stärkere kerntechnische Zusammenarbeit stehen ganz oben auf der Tagesordnung .
2025-05-03 12:09:57,683 - INFO - joeynmt.training - 	Reference:  high on the agenda are plans for greater nuclear co @-@ operation .
2025-05-03 12:09:57,683 - INFO - joeynmt.training - 	Hypothesis: plans for a more nuclear technical cooperation , are all the meeting of the agenda .
2025-05-03 12:09:57,683 - INFO - joeynmt.training - Example #4
2025-05-03 12:09:57,683 - DEBUG - joeynmt.training - 	Tokenized source:     ['Berich@@', 'ten', 'zu@@', 'fol@@', 'ge', 'ho@@', 'fft', 'Indi@@', 'en', 'darüber', 'hinaus', 'auf', 'einen', 'Ver@@', 'trag', 'zur', 'Ver@@', 'tei@@', 'dig@@', 'ungs@@', 'zusammen@@', 'arbeit', 'zwischen', 'den', 'beiden', 'N@@', 'ationen', '.']
2025-05-03 12:09:57,683 - DEBUG - joeynmt.training - 	Tokenized reference:  ['Indi@@', 'a', 'is', 'also', 're@@', 'porte@@', 'dly', 'hop@@', 'ing', 'for', 'a', 'de@@', 'al', 'on', 'def@@', 'ence', 'c@@', 'oll@@', 'ab@@', 'or@@', 'ation', 'between', 'the', 'two', 'n@@', 'ations', '.']
2025-05-03 12:09:57,683 - DEBUG - joeynmt.training - 	Tokenized hypothesis: ['re@@', 'ports', ',', 'Indi@@', 'a', ',', 'is', 'also', 'the', 'con@@', 'tra@@', 'ct', 'on', 'the', 'con@@', 'tra@@', 'ct', 'between', 'both', 'N@@', 'ations', '.', '</s>']
2025-05-03 12:09:57,684 - INFO - joeynmt.training - 	Source:     Berichten zufolge hofft Indien darüber hinaus auf einen Vertrag zur Verteidigungszusammenarbeit zwischen den beiden Nationen .
2025-05-03 12:09:57,684 - INFO - joeynmt.training - 	Reference:  India is also reportedly hoping for a deal on defence collaboration between the two nations .
2025-05-03 12:09:57,684 - INFO - joeynmt.training - 	Hypothesis: reports , India , is also the contract on the contract between both Nations .
2025-05-03 12:10:03,373 - INFO - joeynmt.training - Epoch   5, Step:    17100, Batch Loss:     1.731895, Batch Acc: 0.499033, Tokens per Sec:    15746, Lr: 0.000300
2025-05-03 12:10:08,769 - INFO - joeynmt.training - Epoch   5, Step:    17200, Batch Loss:     1.893633, Batch Acc: 0.504353, Tokens per Sec:    16818, Lr: 0.000300
2025-05-03 12:10:14,274 - INFO - joeynmt.training - Epoch   5, Step:    17300, Batch Loss:     2.012268, Batch Acc: 0.500211, Tokens per Sec:    16777, Lr: 0.000300
2025-05-03 12:10:19,671 - INFO - joeynmt.training - Epoch   5, Step:    17400, Batch Loss:     2.283097, Batch Acc: 0.504598, Tokens per Sec:    16945, Lr: 0.000300
2025-05-03 12:10:25,187 - INFO - joeynmt.training - Epoch   5, Step:    17500, Batch Loss:     1.847209, Batch Acc: 0.501313, Tokens per Sec:    16914, Lr: 0.000300
2025-05-03 12:10:25,188 - INFO - joeynmt.prediction - Predicting 500 example(s)... (Greedy decoding with min_output_length=1, max_output_length=-1, return_prob='none', generate_unk=True, repetition_penalty=-1, no_repeat_ngram_size=-1)
2025-05-03 12:10:30,065 - INFO - joeynmt.prediction - Evaluation result (greedy) loss:   2.19, ppl:   8.89, acc:   0.43, generation: 4.8716[sec], evaluation: 0.0000[sec]
2025-05-03 12:10:30,066 - INFO - joeynmt.training - Hooray! New best validation result [ppl]!
2025-05-03 12:10:30,146 - INFO - joeynmt.helpers - delete models/deen_transformer_pre/15500.ckpt
2025-05-03 12:10:30,152 - INFO - joeynmt.training - Example #0
2025-05-03 12:10:30,152 - DEBUG - joeynmt.training - 	Tokenized source:     ['die', 'Pre@@', 'mi@@', 'er@@', 'minist@@', 'er', 'Indi@@', 'ens', 'und', 'J@@', 'ap@@', 'ans', 'tra@@', 'fen', 'sich', 'in', 'T@@', 'ok@@', 'i@@', 'o', '.']
2025-05-03 12:10:30,152 - DEBUG - joeynmt.training - 	Tokenized reference:  ['Indi@@', 'a', 'and', 'J@@', 'ap@@', 'an', 'pri@@', 'me', 'minist@@', 'ers', 'me@@', 'et', 'in', 'T@@', 'ok@@', 'y@@', 'o']
2025-05-03 12:10:30,152 - DEBUG - joeynmt.training - 	Tokenized hypothesis: ['the', 'Pri@@', 'me', 'Minist@@', 'er', 'Indi@@', 'a', 'and', 'J@@', 'ap@@', 'an', '&apos;s', 'Pri@@', 'me', 'Minist@@', 'er', 'Indi@@', 'a', 'and', 'J@@', 'ap@@', 'an', '.', '</s>']
2025-05-03 12:10:30,152 - INFO - joeynmt.training - 	Source:     die Premierminister Indiens und Japans trafen sich in Tokio .
2025-05-03 12:10:30,152 - INFO - joeynmt.training - 	Reference:  India and Japan prime ministers meet in Tokyo
2025-05-03 12:10:30,152 - INFO - joeynmt.training - 	Hypothesis: the Prime Minister India and Japan &apos;s Prime Minister India and Japan .
2025-05-03 12:10:30,152 - INFO - joeynmt.training - Example #1
2025-05-03 12:10:30,152 - DEBUG - joeynmt.training - 	Tokenized source:     ['Indi@@', 'ens', 'neu@@', 'er', 'Pre@@', 'mi@@', 'er@@', 'minist@@', 'er', 'N@@', 'ar@@', 'end@@', 'ra', 'Mo@@', 'd@@', 'i', 'tri@@', 'fft', 'bei', 's@@', 'einem', 'ersten', 'wichti@@', 'gen', 'Aus@@', 'land@@', 's@@', 'bes@@', 'u@@', 'ch', 'seit', 's@@', 'einem', 'W@@', 'ah@@', 'l@@', 'si@@', 'e@@', 'g', 'im', 'Ma@@', 'i', 'seinen', 'j@@', 'ap@@', 'an@@', 'ischen', 'Am@@', 'ts@@', 'k@@', 'olle@@', 'gen', 'S@@', 'hin@@', 'z@@', 'o', 'A@@', 'be', 'in', 'T@@', 'ok@@', 'o', ',', 'um', 'wirtschaf@@', 'tliche', 'und', 'sicher@@', 'heits@@', 'politische', 'Be@@', 'zieh@@', 'ungen', 'zu', 'bes@@', 'pre@@', 'chen', '.']
2025-05-03 12:10:30,153 - DEBUG - joeynmt.training - 	Tokenized reference:  ['Indi@@', 'a', '&apos;s', 'new', 'pri@@', 'me', 'minist@@', 'er', ',', 'N@@', 'ar@@', 'end@@', 'ra', 'Mo@@', 'd@@', 'i', ',', 'is', 'me@@', 'eting', 'his', 'J@@', 'ap@@', 'an@@', 'ese', 'coun@@', 'ter@@', 'part', ',', 'S@@', 'hin@@', 'z@@', 'o', 'A@@', 'be', ',', 'in', 'T@@', 'ok@@', 'y@@', 'o', 'to', 'disc@@', 'uss', 'economic', 'and', 'security', 'ties', ',', 'on', 'his', 'first', 'major', 'fore@@', 'ign', 'visi@@', 't', 'since', 'w@@', 'inn@@', 'ing', 'Ma@@', 'y', '&apos;s', 'elec@@', 'tion', '.']
2025-05-03 12:10:30,153 - DEBUG - joeynmt.training - 	Tokenized hypothesis: ['Indi@@', 'a', ',', 'N@@', 'ar@@', 'end@@', 'ra', 'Mo@@', 'd@@', 'i', ',', 'the', 'first', 'of', 'the', 'A@@', 'be', ',', 'in', 'the', 'first', 'of', 'the', 'F@@', 'ren@@', 'ch', 'of', 'his', 'elec@@', 't@@', 'or@@', 'al', 'colle@@', 'ge', ',', 'the', 'S@@', 'hin@@', 'z@@', 'o', 'A@@', 'be', 'A@@', 'in', 'T@@', 'ok@@', 'o', ',', 'and', 'the', 'S@@', 'hin@@', 'z@@', 'o', 'A@@', 'be', 'A@@', 'in', 'T@@', 'ok@@', 'o', ',', 'and', 'the', 'S@@', 'hin@@', 'z@@', 'o', ',', 'and', 'S@@', 'hin@@', 'z@@', 'o', ',', 'and', 'saf@@', 'ety', 'political', 'rel@@', 'ations', '.', '</s>']
2025-05-03 12:10:30,153 - INFO - joeynmt.training - 	Source:     Indiens neuer Premierminister Narendra Modi trifft bei seinem ersten wichtigen Auslandsbesuch seit seinem Wahlsieg im Mai seinen japanischen Amtskollegen Shinzo Abe in Toko , um wirtschaftliche und sicherheitspolitische Beziehungen zu besprechen .
2025-05-03 12:10:30,153 - INFO - joeynmt.training - 	Reference:  India &apos;s new prime minister , Narendra Modi , is meeting his Japanese counterpart , Shinzo Abe , in Tokyo to discuss economic and security ties , on his first major foreign visit since winning May &apos;s election .
2025-05-03 12:10:30,153 - INFO - joeynmt.training - 	Hypothesis: India , Narendra Modi , the first of the Abe , in the first of the French of his electoral college , the Shinzo Abe Ain Toko , and the Shinzo Abe Ain Toko , and the Shinzo , and Shinzo , and safety political relations .
2025-05-03 12:10:30,153 - INFO - joeynmt.training - Example #2
2025-05-03 12:10:30,153 - DEBUG - joeynmt.training - 	Tokenized source:     ['Herr', 'Mo@@', 'd@@', 'i', 'befindet', 'sich', 'auf', 'einer', 'fü@@', 'n@@', 'f@@', 'tä@@', 'gi@@', 'gen', 'Rei@@', 'se', 'nach', 'J@@', 'ap@@', 'an', ',', 'um', 'die', 'wirtschaf@@', 'tlichen', 'Be@@', 'zieh@@', 'ungen', 'mit', 'der', 'd@@', 'rit@@', 't@@', 'größ@@', 'ten', 'Wirtschafts@@', 'n@@', 'ation', 'der', 'Welt', 'zu', 'fes@@', 'tigen', '.']
2025-05-03 12:10:30,153 - DEBUG - joeynmt.training - 	Tokenized reference:  ['Mr', 'Mo@@', 'd@@', 'i', 'is', 'on', 'a', 'fi@@', 've', '@@@', '-@@', '@', 'day', 'tri@@', 'p', 'to', 'J@@', 'ap@@', 'an', 'to', 'streng@@', 'then', 'economic', 'ties', 'with', 'the', 'third', 'lar@@', 'ges@@', 't', 'econom@@', 'y', 'in', 'the', 'world', '.']
2025-05-03 12:10:30,153 - DEBUG - joeynmt.training - 	Tokenized hypothesis: ['Mr', 'Mo@@', 'd@@', 'i', 'is', 'on', 'a', 'fi@@', 'f@@', 'th', 'of', 'a', 'fi@@', 'f@@', 'th', 'of', 'j@@', 'ap@@', 'an', 'to', 'J@@', 'ap@@', 'an', 'to', 'the', 'third', 'lar@@', 'ges@@', 't', 'economic', 'n@@', 'ation', 'of', 'the', 'world', '.', '</s>']
2025-05-03 12:10:30,153 - INFO - joeynmt.training - 	Source:     Herr Modi befindet sich auf einer fünftägigen Reise nach Japan , um die wirtschaftlichen Beziehungen mit der drittgrößten Wirtschaftsnation der Welt zu festigen .
2025-05-03 12:10:30,153 - INFO - joeynmt.training - 	Reference:  Mr Modi is on a five @-@ day trip to Japan to strengthen economic ties with the third largest economy in the world .
2025-05-03 12:10:30,153 - INFO - joeynmt.training - 	Hypothesis: Mr Modi is on a fifth of a fifth of japan to Japan to the third largest economic nation of the world .
2025-05-03 12:10:30,153 - INFO - joeynmt.training - Example #3
2025-05-03 12:10:30,154 - DEBUG - joeynmt.training - 	Tokenized source:     ['P@@', 'län@@', 'e', 'für', 'eine', 'stärk@@', 'ere', 'k@@', 'ern@@', 'techn@@', 'ische', 'Zusammenarbeit', 'stehen', 'ganz', 'ob@@', 'en', 'auf', 'der', 'Tag@@', 'es@@', 'ordnung', '.']
2025-05-03 12:10:30,154 - DEBUG - joeynmt.training - 	Tokenized reference:  ['high', 'on', 'the', 'agen@@', 'da', 'are', 'pl@@', 'ans', 'for', 'gre@@', 'ater', 'nu@@', 'clear', 'c@@', 'o', '@@@', '-@@', '@', 'operation', '.']
2025-05-03 12:10:30,154 - DEBUG - joeynmt.training - 	Tokenized hypothesis: ['pl@@', 'ans', 'for', 'a', 'str@@', 'ong', 'nu@@', 'clear', 'techn@@', 'ical', 'cooperation', ',', 'is', 'the', 'agen@@', 'da', '.', '</s>']
2025-05-03 12:10:30,154 - INFO - joeynmt.training - 	Source:     Pläne für eine stärkere kerntechnische Zusammenarbeit stehen ganz oben auf der Tagesordnung .
2025-05-03 12:10:30,154 - INFO - joeynmt.training - 	Reference:  high on the agenda are plans for greater nuclear co @-@ operation .
2025-05-03 12:10:30,154 - INFO - joeynmt.training - 	Hypothesis: plans for a strong nuclear technical cooperation , is the agenda .
2025-05-03 12:10:30,154 - INFO - joeynmt.training - Example #4
2025-05-03 12:10:30,154 - DEBUG - joeynmt.training - 	Tokenized source:     ['Berich@@', 'ten', 'zu@@', 'fol@@', 'ge', 'ho@@', 'fft', 'Indi@@', 'en', 'darüber', 'hinaus', 'auf', 'einen', 'Ver@@', 'trag', 'zur', 'Ver@@', 'tei@@', 'dig@@', 'ungs@@', 'zusammen@@', 'arbeit', 'zwischen', 'den', 'beiden', 'N@@', 'ationen', '.']
2025-05-03 12:10:30,154 - DEBUG - joeynmt.training - 	Tokenized reference:  ['Indi@@', 'a', 'is', 'also', 're@@', 'porte@@', 'dly', 'hop@@', 'ing', 'for', 'a', 'de@@', 'al', 'on', 'def@@', 'ence', 'c@@', 'oll@@', 'ab@@', 'or@@', 'ation', 'between', 'the', 'two', 'n@@', 'ations', '.']
2025-05-03 12:10:30,154 - DEBUG - joeynmt.training - 	Tokenized hypothesis: ['re@@', 'ports', ',', 'the', 'following', 'high@@', 'li@@', 'gh@@', 'ting', 'of', 'the', 'work', 'on', 'the', 'gro@@', 'und', 'of', 'the', 'two', 'N@@', 'ations', '.', '</s>']
2025-05-03 12:10:30,154 - INFO - joeynmt.training - 	Source:     Berichten zufolge hofft Indien darüber hinaus auf einen Vertrag zur Verteidigungszusammenarbeit zwischen den beiden Nationen .
2025-05-03 12:10:30,154 - INFO - joeynmt.training - 	Reference:  India is also reportedly hoping for a deal on defence collaboration between the two nations .
2025-05-03 12:10:30,154 - INFO - joeynmt.training - 	Hypothesis: reports , the following highlighting of the work on the ground of the two Nations .
2025-05-03 12:10:35,653 - INFO - joeynmt.training - Epoch   5, Step:    17600, Batch Loss:     1.810484, Batch Acc: 0.504685, Tokens per Sec:    16201, Lr: 0.000300
2025-05-03 12:10:41,127 - INFO - joeynmt.training - Epoch   5, Step:    17700, Batch Loss:     1.953990, Batch Acc: 0.501373, Tokens per Sec:    16635, Lr: 0.000300
2025-05-03 12:10:46,513 - INFO - joeynmt.training - Epoch   5, Step:    17800, Batch Loss:     1.761733, Batch Acc: 0.499342, Tokens per Sec:    17215, Lr: 0.000300
2025-05-03 12:10:52,111 - INFO - joeynmt.training - Epoch   5, Step:    17900, Batch Loss:     1.725330, Batch Acc: 0.503586, Tokens per Sec:    16461, Lr: 0.000300
2025-05-03 12:10:57,520 - INFO - joeynmt.training - Epoch   5, Step:    18000, Batch Loss:     1.947327, Batch Acc: 0.505365, Tokens per Sec:    16955, Lr: 0.000300
2025-05-03 12:10:57,520 - INFO - joeynmt.prediction - Predicting 500 example(s)... (Greedy decoding with min_output_length=1, max_output_length=-1, return_prob='none', generate_unk=True, repetition_penalty=-1, no_repeat_ngram_size=-1)
2025-05-03 12:11:03,754 - INFO - joeynmt.prediction - Evaluation result (greedy) loss:   2.18, ppl:   8.88, acc:   0.43, generation: 6.2262[sec], evaluation: 0.0000[sec]
2025-05-03 12:11:03,754 - INFO - joeynmt.training - Hooray! New best validation result [ppl]!
2025-05-03 12:11:03,834 - INFO - joeynmt.helpers - delete models/deen_transformer_pre/15000.ckpt
2025-05-03 12:11:03,840 - INFO - joeynmt.training - Example #0
2025-05-03 12:11:03,841 - DEBUG - joeynmt.training - 	Tokenized source:     ['die', 'Pre@@', 'mi@@', 'er@@', 'minist@@', 'er', 'Indi@@', 'ens', 'und', 'J@@', 'ap@@', 'ans', 'tra@@', 'fen', 'sich', 'in', 'T@@', 'ok@@', 'i@@', 'o', '.']
2025-05-03 12:11:03,841 - DEBUG - joeynmt.training - 	Tokenized reference:  ['Indi@@', 'a', 'and', 'J@@', 'ap@@', 'an', 'pri@@', 'me', 'minist@@', 'ers', 'me@@', 'et', 'in', 'T@@', 'ok@@', 'y@@', 'o']
2025-05-03 12:11:03,841 - DEBUG - joeynmt.training - 	Tokenized hypothesis: ['the', 'Pri@@', 'me', 'Minist@@', 'er', 'Indi@@', 'a', 'and', 'J@@', 'ap@@', 'an', '&apos;s', 'Pri@@', 'me', 'Minist@@', 'er', 'Indi@@', 'a', 'and', 'J@@', 'ap@@', 'an', ',', 'in', 'T@@', 'ok@@', 'i@@', 'o', '.', '</s>']
2025-05-03 12:11:03,841 - INFO - joeynmt.training - 	Source:     die Premierminister Indiens und Japans trafen sich in Tokio .
2025-05-03 12:11:03,841 - INFO - joeynmt.training - 	Reference:  India and Japan prime ministers meet in Tokyo
2025-05-03 12:11:03,841 - INFO - joeynmt.training - 	Hypothesis: the Prime Minister India and Japan &apos;s Prime Minister India and Japan , in Tokio .
2025-05-03 12:11:03,841 - INFO - joeynmt.training - Example #1
2025-05-03 12:11:03,841 - DEBUG - joeynmt.training - 	Tokenized source:     ['Indi@@', 'ens', 'neu@@', 'er', 'Pre@@', 'mi@@', 'er@@', 'minist@@', 'er', 'N@@', 'ar@@', 'end@@', 'ra', 'Mo@@', 'd@@', 'i', 'tri@@', 'fft', 'bei', 's@@', 'einem', 'ersten', 'wichti@@', 'gen', 'Aus@@', 'land@@', 's@@', 'bes@@', 'u@@', 'ch', 'seit', 's@@', 'einem', 'W@@', 'ah@@', 'l@@', 'si@@', 'e@@', 'g', 'im', 'Ma@@', 'i', 'seinen', 'j@@', 'ap@@', 'an@@', 'ischen', 'Am@@', 'ts@@', 'k@@', 'olle@@', 'gen', 'S@@', 'hin@@', 'z@@', 'o', 'A@@', 'be', 'in', 'T@@', 'ok@@', 'o', ',', 'um', 'wirtschaf@@', 'tliche', 'und', 'sicher@@', 'heits@@', 'politische', 'Be@@', 'zieh@@', 'ungen', 'zu', 'bes@@', 'pre@@', 'chen', '.']
2025-05-03 12:11:03,841 - DEBUG - joeynmt.training - 	Tokenized reference:  ['Indi@@', 'a', '&apos;s', 'new', 'pri@@', 'me', 'minist@@', 'er', ',', 'N@@', 'ar@@', 'end@@', 'ra', 'Mo@@', 'd@@', 'i', ',', 'is', 'me@@', 'eting', 'his', 'J@@', 'ap@@', 'an@@', 'ese', 'coun@@', 'ter@@', 'part', ',', 'S@@', 'hin@@', 'z@@', 'o', 'A@@', 'be', ',', 'in', 'T@@', 'ok@@', 'y@@', 'o', 'to', 'disc@@', 'uss', 'economic', 'and', 'security', 'ties', ',', 'on', 'his', 'first', 'major', 'fore@@', 'ign', 'visi@@', 't', 'since', 'w@@', 'inn@@', 'ing', 'Ma@@', 'y', '&apos;s', 'elec@@', 'tion', '.']
2025-05-03 12:11:03,841 - DEBUG - joeynmt.training - 	Tokenized hypothesis: ['Indi@@', 'a', ',', 'N@@', 'ar@@', 'end@@', 'ra', 'Mo@@', 'd@@', 'i', '&apos;s', 'Pri@@', 'me', 'Minist@@', 'er', 'N@@', 'ar@@', 'end@@', 'ra', 'Mo@@', 'd@@', 'i', ',', 'the', 'first', 'important', 'ex@@', 'change', 'of', 'his', 'J@@', 'ap@@', 'an', 'S@@', 'hin@@', 'z@@', 'o', 'A@@', 'in', 'T@@', 'ok@@', 'o', ',', 'the', 'J@@', 'ap@@', 'an', 'S@@', 'hin@@', 'z@@', 'o', 'A@@', 'in', 'T@@', 'ok@@', 'o', ',', 'and', 'saf@@', 'ety', 'political', 'rel@@', 'ations', '.', '</s>']
2025-05-03 12:11:03,841 - INFO - joeynmt.training - 	Source:     Indiens neuer Premierminister Narendra Modi trifft bei seinem ersten wichtigen Auslandsbesuch seit seinem Wahlsieg im Mai seinen japanischen Amtskollegen Shinzo Abe in Toko , um wirtschaftliche und sicherheitspolitische Beziehungen zu besprechen .
2025-05-03 12:11:03,842 - INFO - joeynmt.training - 	Reference:  India &apos;s new prime minister , Narendra Modi , is meeting his Japanese counterpart , Shinzo Abe , in Tokyo to discuss economic and security ties , on his first major foreign visit since winning May &apos;s election .
2025-05-03 12:11:03,842 - INFO - joeynmt.training - 	Hypothesis: India , Narendra Modi &apos;s Prime Minister Narendra Modi , the first important exchange of his Japan Shinzo Ain Toko , the Japan Shinzo Ain Toko , and safety political relations .
2025-05-03 12:11:03,842 - INFO - joeynmt.training - Example #2
2025-05-03 12:11:03,842 - DEBUG - joeynmt.training - 	Tokenized source:     ['Herr', 'Mo@@', 'd@@', 'i', 'befindet', 'sich', 'auf', 'einer', 'fü@@', 'n@@', 'f@@', 'tä@@', 'gi@@', 'gen', 'Rei@@', 'se', 'nach', 'J@@', 'ap@@', 'an', ',', 'um', 'die', 'wirtschaf@@', 'tlichen', 'Be@@', 'zieh@@', 'ungen', 'mit', 'der', 'd@@', 'rit@@', 't@@', 'größ@@', 'ten', 'Wirtschafts@@', 'n@@', 'ation', 'der', 'Welt', 'zu', 'fes@@', 'tigen', '.']
2025-05-03 12:11:03,842 - DEBUG - joeynmt.training - 	Tokenized reference:  ['Mr', 'Mo@@', 'd@@', 'i', 'is', 'on', 'a', 'fi@@', 've', '@@@', '-@@', '@', 'day', 'tri@@', 'p', 'to', 'J@@', 'ap@@', 'an', 'to', 'streng@@', 'then', 'economic', 'ties', 'with', 'the', 'third', 'lar@@', 'ges@@', 't', 'econom@@', 'y', 'in', 'the', 'world', '.']
2025-05-03 12:11:03,842 - DEBUG - joeynmt.training - 	Tokenized hypothesis: ['Mr', 'Mo@@', 'd@@', 'i', 'is', 'on', 'a', 'fi@@', 'f@@', 'th', 'of', 'the', 'world', '&apos;s', 'economic', 'rel@@', 'ations', 'with', 'the', 'third', 'lar@@', 'ges@@', 't', 'economic', 'rel@@', 'ations', 'with', 'the', 'third', 'lar@@', 'ges@@', 't', 'economic', 'n@@', 'ation', 'of', 'the', 'world', '.', '</s>']
2025-05-03 12:11:03,842 - INFO - joeynmt.training - 	Source:     Herr Modi befindet sich auf einer fünftägigen Reise nach Japan , um die wirtschaftlichen Beziehungen mit der drittgrößten Wirtschaftsnation der Welt zu festigen .
2025-05-03 12:11:03,842 - INFO - joeynmt.training - 	Reference:  Mr Modi is on a five @-@ day trip to Japan to strengthen economic ties with the third largest economy in the world .
2025-05-03 12:11:03,842 - INFO - joeynmt.training - 	Hypothesis: Mr Modi is on a fifth of the world &apos;s economic relations with the third largest economic relations with the third largest economic nation of the world .
2025-05-03 12:11:03,842 - INFO - joeynmt.training - Example #3
2025-05-03 12:11:03,843 - DEBUG - joeynmt.training - 	Tokenized source:     ['P@@', 'län@@', 'e', 'für', 'eine', 'stärk@@', 'ere', 'k@@', 'ern@@', 'techn@@', 'ische', 'Zusammenarbeit', 'stehen', 'ganz', 'ob@@', 'en', 'auf', 'der', 'Tag@@', 'es@@', 'ordnung', '.']
2025-05-03 12:11:03,843 - DEBUG - joeynmt.training - 	Tokenized reference:  ['high', 'on', 'the', 'agen@@', 'da', 'are', 'pl@@', 'ans', 'for', 'gre@@', 'ater', 'nu@@', 'clear', 'c@@', 'o', '@@@', '-@@', '@', 'operation', '.']
2025-05-03 12:11:03,843 - DEBUG - joeynmt.training - 	Tokenized hypothesis: ['pl@@', 'ans', 'for', 'more', 'seri@@', 'ous', 'techn@@', 'ical', 'cooperation', 'are', 'qu@@', 'ite', 'ob@@', 'vi@@', 'ous', 'on', 'the', 'agen@@', 'da', '.', '</s>']
2025-05-03 12:11:03,843 - INFO - joeynmt.training - 	Source:     Pläne für eine stärkere kerntechnische Zusammenarbeit stehen ganz oben auf der Tagesordnung .
2025-05-03 12:11:03,843 - INFO - joeynmt.training - 	Reference:  high on the agenda are plans for greater nuclear co @-@ operation .
2025-05-03 12:11:03,843 - INFO - joeynmt.training - 	Hypothesis: plans for more serious technical cooperation are quite obvious on the agenda .
2025-05-03 12:11:03,843 - INFO - joeynmt.training - Example #4
2025-05-03 12:11:03,843 - DEBUG - joeynmt.training - 	Tokenized source:     ['Berich@@', 'ten', 'zu@@', 'fol@@', 'ge', 'ho@@', 'fft', 'Indi@@', 'en', 'darüber', 'hinaus', 'auf', 'einen', 'Ver@@', 'trag', 'zur', 'Ver@@', 'tei@@', 'dig@@', 'ungs@@', 'zusammen@@', 'arbeit', 'zwischen', 'den', 'beiden', 'N@@', 'ationen', '.']
2025-05-03 12:11:03,843 - DEBUG - joeynmt.training - 	Tokenized reference:  ['Indi@@', 'a', 'is', 'also', 're@@', 'porte@@', 'dly', 'hop@@', 'ing', 'for', 'a', 'de@@', 'al', 'on', 'def@@', 'ence', 'c@@', 'oll@@', 'ab@@', 'or@@', 'ation', 'between', 'the', 'two', 'n@@', 'ations', '.']
2025-05-03 12:11:03,843 - DEBUG - joeynmt.training - 	Tokenized hypothesis: ['the', 'following', 'the', 'following', 'the', 'fact', 'that', 'the', 'A@@', 'men@@', 'd@@', 'ment', 'is', 'also', 'the', 'con@@', 'stitu@@', 'tional', 'work', 'on', 'the', 'con@@', 'text', 'of', 'the', 'two', 'N@@', 'ations', '.', '</s>']
2025-05-03 12:11:03,843 - INFO - joeynmt.training - 	Source:     Berichten zufolge hofft Indien darüber hinaus auf einen Vertrag zur Verteidigungszusammenarbeit zwischen den beiden Nationen .
2025-05-03 12:11:03,843 - INFO - joeynmt.training - 	Reference:  India is also reportedly hoping for a deal on defence collaboration between the two nations .
2025-05-03 12:11:03,843 - INFO - joeynmt.training - 	Hypothesis: the following the following the fact that the Amendment is also the constitutional work on the context of the two Nations .
2025-05-03 12:11:09,314 - INFO - joeynmt.training - Epoch   5, Step:    18100, Batch Loss:     1.853655, Batch Acc: 0.498905, Tokens per Sec:    16427, Lr: 0.000300
2025-05-03 12:11:14,831 - INFO - joeynmt.training - Epoch   5, Step:    18200, Batch Loss:     1.807551, Batch Acc: 0.503557, Tokens per Sec:    16511, Lr: 0.000300
2025-05-03 12:11:20,235 - INFO - joeynmt.training - Epoch   5, Step:    18300, Batch Loss:     1.931514, Batch Acc: 0.495504, Tokens per Sec:    17082, Lr: 0.000300
2025-05-03 12:11:25,810 - INFO - joeynmt.training - Epoch   5, Step:    18400, Batch Loss:     2.080917, Batch Acc: 0.495362, Tokens per Sec:    16514, Lr: 0.000300
2025-05-03 12:11:31,174 - INFO - joeynmt.training - Epoch   5, Step:    18500, Batch Loss:     1.853751, Batch Acc: 0.496267, Tokens per Sec:    17380, Lr: 0.000300
2025-05-03 12:11:31,174 - INFO - joeynmt.prediction - Predicting 500 example(s)... (Greedy decoding with min_output_length=1, max_output_length=-1, return_prob='none', generate_unk=True, repetition_penalty=-1, no_repeat_ngram_size=-1)
2025-05-03 12:11:36,010 - INFO - joeynmt.prediction - Evaluation result (greedy) loss:   2.18, ppl:   8.85, acc:   0.43, generation: 4.8293[sec], evaluation: 0.0000[sec]
2025-05-03 12:11:36,011 - INFO - joeynmt.training - Hooray! New best validation result [ppl]!
2025-05-03 12:11:36,095 - INFO - joeynmt.helpers - delete models/deen_transformer_pre/16500.ckpt
2025-05-03 12:11:36,100 - INFO - joeynmt.training - Example #0
2025-05-03 12:11:36,100 - DEBUG - joeynmt.training - 	Tokenized source:     ['die', 'Pre@@', 'mi@@', 'er@@', 'minist@@', 'er', 'Indi@@', 'ens', 'und', 'J@@', 'ap@@', 'ans', 'tra@@', 'fen', 'sich', 'in', 'T@@', 'ok@@', 'i@@', 'o', '.']
2025-05-03 12:11:36,100 - DEBUG - joeynmt.training - 	Tokenized reference:  ['Indi@@', 'a', 'and', 'J@@', 'ap@@', 'an', 'pri@@', 'me', 'minist@@', 'ers', 'me@@', 'et', 'in', 'T@@', 'ok@@', 'y@@', 'o']
2025-05-03 12:11:36,100 - DEBUG - joeynmt.training - 	Tokenized hypothesis: ['Pri@@', 'me', 'Minist@@', 'er', 'Indi@@', 'a', 'and', 'J@@', 'ap@@', 'an', '&apos;s', 'Pri@@', 'me', 'Minist@@', 'er', 'of', 'T@@', 'ok@@', 'i@@', 'o', '.', '</s>']
2025-05-03 12:11:36,101 - INFO - joeynmt.training - 	Source:     die Premierminister Indiens und Japans trafen sich in Tokio .
2025-05-03 12:11:36,101 - INFO - joeynmt.training - 	Reference:  India and Japan prime ministers meet in Tokyo
2025-05-03 12:11:36,101 - INFO - joeynmt.training - 	Hypothesis: Prime Minister India and Japan &apos;s Prime Minister of Tokio .
2025-05-03 12:11:36,101 - INFO - joeynmt.training - Example #1
2025-05-03 12:11:36,101 - DEBUG - joeynmt.training - 	Tokenized source:     ['Indi@@', 'ens', 'neu@@', 'er', 'Pre@@', 'mi@@', 'er@@', 'minist@@', 'er', 'N@@', 'ar@@', 'end@@', 'ra', 'Mo@@', 'd@@', 'i', 'tri@@', 'fft', 'bei', 's@@', 'einem', 'ersten', 'wichti@@', 'gen', 'Aus@@', 'land@@', 's@@', 'bes@@', 'u@@', 'ch', 'seit', 's@@', 'einem', 'W@@', 'ah@@', 'l@@', 'si@@', 'e@@', 'g', 'im', 'Ma@@', 'i', 'seinen', 'j@@', 'ap@@', 'an@@', 'ischen', 'Am@@', 'ts@@', 'k@@', 'olle@@', 'gen', 'S@@', 'hin@@', 'z@@', 'o', 'A@@', 'be', 'in', 'T@@', 'ok@@', 'o', ',', 'um', 'wirtschaf@@', 'tliche', 'und', 'sicher@@', 'heits@@', 'politische', 'Be@@', 'zieh@@', 'ungen', 'zu', 'bes@@', 'pre@@', 'chen', '.']
2025-05-03 12:11:36,101 - DEBUG - joeynmt.training - 	Tokenized reference:  ['Indi@@', 'a', '&apos;s', 'new', 'pri@@', 'me', 'minist@@', 'er', ',', 'N@@', 'ar@@', 'end@@', 'ra', 'Mo@@', 'd@@', 'i', ',', 'is', 'me@@', 'eting', 'his', 'J@@', 'ap@@', 'an@@', 'ese', 'coun@@', 'ter@@', 'part', ',', 'S@@', 'hin@@', 'z@@', 'o', 'A@@', 'be', ',', 'in', 'T@@', 'ok@@', 'y@@', 'o', 'to', 'disc@@', 'uss', 'economic', 'and', 'security', 'ties', ',', 'on', 'his', 'first', 'major', 'fore@@', 'ign', 'visi@@', 't', 'since', 'w@@', 'inn@@', 'ing', 'Ma@@', 'y', '&apos;s', 'elec@@', 'tion', '.']
2025-05-03 12:11:36,101 - DEBUG - joeynmt.training - 	Tokenized hypothesis: ['Indi@@', 'a', 'new', 'Pri@@', 'me', 'Minist@@', 'er', 'N@@', 'ar@@', 'end@@', 'ra', 'Mo@@', 'd@@', 'i', ',', 'in', 'his', 'first', 'important', 'ex@@', 'change', ',', 'the', 'first', 'important', 'ex@@', 'change', 'of', 'the', 'S@@', 'h@@', 'on@@', 'oura@@', 'ble', ',', 'the', 'S@@', 'hin@@', 'z@@', 'o', 'A@@', 'be', 'in', 'T@@', 'ok@@', 'o', ',', 'and', 'the', 'S@@', 'hin@@', 'z@@', 'o', 'A@@', 'be', 'in', 'T@@', 'ok@@', 'o', ',', 'to', 'economic', 'and', 'saf@@', 'ety', 'political', 'rel@@', 'ations', '.', '</s>']
2025-05-03 12:11:36,101 - INFO - joeynmt.training - 	Source:     Indiens neuer Premierminister Narendra Modi trifft bei seinem ersten wichtigen Auslandsbesuch seit seinem Wahlsieg im Mai seinen japanischen Amtskollegen Shinzo Abe in Toko , um wirtschaftliche und sicherheitspolitische Beziehungen zu besprechen .
2025-05-03 12:11:36,101 - INFO - joeynmt.training - 	Reference:  India &apos;s new prime minister , Narendra Modi , is meeting his Japanese counterpart , Shinzo Abe , in Tokyo to discuss economic and security ties , on his first major foreign visit since winning May &apos;s election .
2025-05-03 12:11:36,101 - INFO - joeynmt.training - 	Hypothesis: India new Prime Minister Narendra Modi , in his first important exchange , the first important exchange of the Shonourable , the Shinzo Abe in Toko , and the Shinzo Abe in Toko , to economic and safety political relations .
2025-05-03 12:11:36,101 - INFO - joeynmt.training - Example #2
2025-05-03 12:11:36,102 - DEBUG - joeynmt.training - 	Tokenized source:     ['Herr', 'Mo@@', 'd@@', 'i', 'befindet', 'sich', 'auf', 'einer', 'fü@@', 'n@@', 'f@@', 'tä@@', 'gi@@', 'gen', 'Rei@@', 'se', 'nach', 'J@@', 'ap@@', 'an', ',', 'um', 'die', 'wirtschaf@@', 'tlichen', 'Be@@', 'zieh@@', 'ungen', 'mit', 'der', 'd@@', 'rit@@', 't@@', 'größ@@', 'ten', 'Wirtschafts@@', 'n@@', 'ation', 'der', 'Welt', 'zu', 'fes@@', 'tigen', '.']
2025-05-03 12:11:36,102 - DEBUG - joeynmt.training - 	Tokenized reference:  ['Mr', 'Mo@@', 'd@@', 'i', 'is', 'on', 'a', 'fi@@', 've', '@@@', '-@@', '@', 'day', 'tri@@', 'p', 'to', 'J@@', 'ap@@', 'an', 'to', 'streng@@', 'then', 'economic', 'ties', 'with', 'the', 'third', 'lar@@', 'ges@@', 't', 'econom@@', 'y', 'in', 'the', 'world', '.']
2025-05-03 12:11:36,102 - DEBUG - joeynmt.training - 	Tokenized hypothesis: ['Mr', 'Mo@@', 'd@@', 'i', 'is', 'located', 'on', 'one', 'fi@@', 'f@@', 'ty', 'of', 'the', 'world', '&apos;s', 'economic', 'rel@@', 'ations', 'with', 'the', 'third', 'lar@@', 'ges@@', 't', 'economic', 'rel@@', 'ations', 'with', 'the', 'third', 'lar@@', 'ges@@', 't', 'economic', 'n@@', 'ation', 'of', 'the', 'world', '.', '</s>']
2025-05-03 12:11:36,102 - INFO - joeynmt.training - 	Source:     Herr Modi befindet sich auf einer fünftägigen Reise nach Japan , um die wirtschaftlichen Beziehungen mit der drittgrößten Wirtschaftsnation der Welt zu festigen .
2025-05-03 12:11:36,102 - INFO - joeynmt.training - 	Reference:  Mr Modi is on a five @-@ day trip to Japan to strengthen economic ties with the third largest economy in the world .
2025-05-03 12:11:36,102 - INFO - joeynmt.training - 	Hypothesis: Mr Modi is located on one fifty of the world &apos;s economic relations with the third largest economic relations with the third largest economic nation of the world .
2025-05-03 12:11:36,102 - INFO - joeynmt.training - Example #3
2025-05-03 12:11:36,102 - DEBUG - joeynmt.training - 	Tokenized source:     ['P@@', 'län@@', 'e', 'für', 'eine', 'stärk@@', 'ere', 'k@@', 'ern@@', 'techn@@', 'ische', 'Zusammenarbeit', 'stehen', 'ganz', 'ob@@', 'en', 'auf', 'der', 'Tag@@', 'es@@', 'ordnung', '.']
2025-05-03 12:11:36,102 - DEBUG - joeynmt.training - 	Tokenized reference:  ['high', 'on', 'the', 'agen@@', 'da', 'are', 'pl@@', 'ans', 'for', 'gre@@', 'ater', 'nu@@', 'clear', 'c@@', 'o', '@@@', '-@@', '@', 'operation', '.']
2025-05-03 12:11:36,102 - DEBUG - joeynmt.training - 	Tokenized hypothesis: ['pl@@', 'ans', 'for', 'a', 'more', 'more', 'nu@@', 'clear', 'techn@@', 'ical', 'cooperation', ',', 'the', 'agen@@', 'da', 'is', 'qu@@', 'ite', 'clear', 'on', 'the', 'agen@@', 'da', '.', '</s>']
2025-05-03 12:11:36,102 - INFO - joeynmt.training - 	Source:     Pläne für eine stärkere kerntechnische Zusammenarbeit stehen ganz oben auf der Tagesordnung .
2025-05-03 12:11:36,102 - INFO - joeynmt.training - 	Reference:  high on the agenda are plans for greater nuclear co @-@ operation .
2025-05-03 12:11:36,102 - INFO - joeynmt.training - 	Hypothesis: plans for a more more nuclear technical cooperation , the agenda is quite clear on the agenda .
2025-05-03 12:11:36,102 - INFO - joeynmt.training - Example #4
2025-05-03 12:11:36,102 - DEBUG - joeynmt.training - 	Tokenized source:     ['Berich@@', 'ten', 'zu@@', 'fol@@', 'ge', 'ho@@', 'fft', 'Indi@@', 'en', 'darüber', 'hinaus', 'auf', 'einen', 'Ver@@', 'trag', 'zur', 'Ver@@', 'tei@@', 'dig@@', 'ungs@@', 'zusammen@@', 'arbeit', 'zwischen', 'den', 'beiden', 'N@@', 'ationen', '.']
2025-05-03 12:11:36,102 - DEBUG - joeynmt.training - 	Tokenized reference:  ['Indi@@', 'a', 'is', 'also', 're@@', 'porte@@', 'dly', 'hop@@', 'ing', 'for', 'a', 'de@@', 'al', 'on', 'def@@', 'ence', 'c@@', 'oll@@', 'ab@@', 'or@@', 'ation', 'between', 'the', 'two', 'n@@', 'ations', '.']
2025-05-03 12:11:36,102 - DEBUG - joeynmt.training - 	Tokenized hypothesis: ['the', 'following', ',', 'the', 'fact', 'of', 'the', 'S@@', 'ec@@', 'urity', 'will', 'be', 'also', 'inclu@@', 'ded', 'on', 'the', 'con@@', 'tra@@', 'ct', 'between', 'both', 'N@@', 'ations', '.', '</s>']
2025-05-03 12:11:36,102 - INFO - joeynmt.training - 	Source:     Berichten zufolge hofft Indien darüber hinaus auf einen Vertrag zur Verteidigungszusammenarbeit zwischen den beiden Nationen .
2025-05-03 12:11:36,102 - INFO - joeynmt.training - 	Reference:  India is also reportedly hoping for a deal on defence collaboration between the two nations .
2025-05-03 12:11:36,102 - INFO - joeynmt.training - 	Hypothesis: the following , the fact of the Security will be also included on the contract between both Nations .
2025-05-03 12:11:41,542 - INFO - joeynmt.training - Epoch   5, Step:    18600, Batch Loss:     1.714441, Batch Acc: 0.496195, Tokens per Sec:    16605, Lr: 0.000300
2025-05-03 12:11:47,092 - INFO - joeynmt.training - Epoch   5, Step:    18700, Batch Loss:     1.780584, Batch Acc: 0.499962, Tokens per Sec:    16393, Lr: 0.000300
2025-05-03 12:11:52,571 - INFO - joeynmt.training - Epoch   5, Step:    18800, Batch Loss:     1.790130, Batch Acc: 0.500890, Tokens per Sec:    16708, Lr: 0.000300
2025-05-03 12:11:58,097 - INFO - joeynmt.training - Epoch   5, Step:    18900, Batch Loss:     1.895117, Batch Acc: 0.495289, Tokens per Sec:    17036, Lr: 0.000300
2025-05-03 12:12:03,644 - INFO - joeynmt.training - Epoch   5, Step:    19000, Batch Loss:     1.762341, Batch Acc: 0.499591, Tokens per Sec:    16298, Lr: 0.000300
2025-05-03 12:12:03,644 - INFO - joeynmt.prediction - Predicting 500 example(s)... (Greedy decoding with min_output_length=1, max_output_length=-1, return_prob='none', generate_unk=True, repetition_penalty=-1, no_repeat_ngram_size=-1)
2025-05-03 12:12:09,535 - INFO - joeynmt.prediction - Evaluation result (greedy) loss:   2.17, ppl:   8.76, acc:   0.43, generation: 5.8837[sec], evaluation: 0.0000[sec]
2025-05-03 12:12:09,535 - INFO - joeynmt.training - Hooray! New best validation result [ppl]!
2025-05-03 12:12:09,614 - INFO - joeynmt.helpers - delete models/deen_transformer_pre/17000.ckpt
2025-05-03 12:12:09,619 - INFO - joeynmt.training - Example #0
2025-05-03 12:12:09,619 - DEBUG - joeynmt.training - 	Tokenized source:     ['die', 'Pre@@', 'mi@@', 'er@@', 'minist@@', 'er', 'Indi@@', 'ens', 'und', 'J@@', 'ap@@', 'ans', 'tra@@', 'fen', 'sich', 'in', 'T@@', 'ok@@', 'i@@', 'o', '.']
2025-05-03 12:12:09,619 - DEBUG - joeynmt.training - 	Tokenized reference:  ['Indi@@', 'a', 'and', 'J@@', 'ap@@', 'an', 'pri@@', 'me', 'minist@@', 'ers', 'me@@', 'et', 'in', 'T@@', 'ok@@', 'y@@', 'o']
2025-05-03 12:12:09,620 - DEBUG - joeynmt.training - 	Tokenized hypothesis: ['the', 'Pri@@', 'me', 'Minist@@', 'er', 'Indi@@', 'a', 'and', 'J@@', 'ap@@', 'an', ',', 'in', 'T@@', 'ok@@', 'i@@', 'o', '.', '</s>']
2025-05-03 12:12:09,620 - INFO - joeynmt.training - 	Source:     die Premierminister Indiens und Japans trafen sich in Tokio .
2025-05-03 12:12:09,620 - INFO - joeynmt.training - 	Reference:  India and Japan prime ministers meet in Tokyo
2025-05-03 12:12:09,620 - INFO - joeynmt.training - 	Hypothesis: the Prime Minister India and Japan , in Tokio .
2025-05-03 12:12:09,620 - INFO - joeynmt.training - Example #1
2025-05-03 12:12:09,621 - DEBUG - joeynmt.training - 	Tokenized source:     ['Indi@@', 'ens', 'neu@@', 'er', 'Pre@@', 'mi@@', 'er@@', 'minist@@', 'er', 'N@@', 'ar@@', 'end@@', 'ra', 'Mo@@', 'd@@', 'i', 'tri@@', 'fft', 'bei', 's@@', 'einem', 'ersten', 'wichti@@', 'gen', 'Aus@@', 'land@@', 's@@', 'bes@@', 'u@@', 'ch', 'seit', 's@@', 'einem', 'W@@', 'ah@@', 'l@@', 'si@@', 'e@@', 'g', 'im', 'Ma@@', 'i', 'seinen', 'j@@', 'ap@@', 'an@@', 'ischen', 'Am@@', 'ts@@', 'k@@', 'olle@@', 'gen', 'S@@', 'hin@@', 'z@@', 'o', 'A@@', 'be', 'in', 'T@@', 'ok@@', 'o', ',', 'um', 'wirtschaf@@', 'tliche', 'und', 'sicher@@', 'heits@@', 'politische', 'Be@@', 'zieh@@', 'ungen', 'zu', 'bes@@', 'pre@@', 'chen', '.']
2025-05-03 12:12:09,621 - DEBUG - joeynmt.training - 	Tokenized reference:  ['Indi@@', 'a', '&apos;s', 'new', 'pri@@', 'me', 'minist@@', 'er', ',', 'N@@', 'ar@@', 'end@@', 'ra', 'Mo@@', 'd@@', 'i', ',', 'is', 'me@@', 'eting', 'his', 'J@@', 'ap@@', 'an@@', 'ese', 'coun@@', 'ter@@', 'part', ',', 'S@@', 'hin@@', 'z@@', 'o', 'A@@', 'be', ',', 'in', 'T@@', 'ok@@', 'y@@', 'o', 'to', 'disc@@', 'uss', 'economic', 'and', 'security', 'ties', ',', 'on', 'his', 'first', 'major', 'fore@@', 'ign', 'visi@@', 't', 'since', 'w@@', 'inn@@', 'ing', 'Ma@@', 'y', '&apos;s', 'elec@@', 'tion', '.']
2025-05-03 12:12:09,621 - DEBUG - joeynmt.training - 	Tokenized hypothesis: ['Indi@@', 'a', '&apos;s', 'new', 'Pri@@', 'me', 'Minist@@', 'er', 'N@@', 'ar@@', 'end@@', 'ra', 'Mo@@', 'd@@', 'i', ',', 'the', 'first', 'important', 'ex@@', 'change', 'of', 'the', 'S@@', 'hin@@', 'z@@', 'o', 'A@@', 'be', 'in', 'T@@', 'ok@@', 'o', ',', 'in', 'the', 'M@@', 'il@@', 'an', 'A@@', 'be', 'in', 'T@@', 'ok@@', 'o', ',', 'in', 'T@@', 'ok@@', 'o', ',', 'in', 'T@@', 'ok@@', 'o', ',', 'in', 'the', 'M@@', 'ini@@', 'stry', 'of', 'A@@', 'be', 'in', 'T@@', 'ok@@', 'o', ',', 'in', 'T@@', 'ok@@', 'o', ',', 'and', 'the', 'S@@', 'h@@', 'or@@', 'n@@', 'y', '.', '</s>']
2025-05-03 12:12:09,621 - INFO - joeynmt.training - 	Source:     Indiens neuer Premierminister Narendra Modi trifft bei seinem ersten wichtigen Auslandsbesuch seit seinem Wahlsieg im Mai seinen japanischen Amtskollegen Shinzo Abe in Toko , um wirtschaftliche und sicherheitspolitische Beziehungen zu besprechen .
2025-05-03 12:12:09,621 - INFO - joeynmt.training - 	Reference:  India &apos;s new prime minister , Narendra Modi , is meeting his Japanese counterpart , Shinzo Abe , in Tokyo to discuss economic and security ties , on his first major foreign visit since winning May &apos;s election .
2025-05-03 12:12:09,621 - INFO - joeynmt.training - 	Hypothesis: India &apos;s new Prime Minister Narendra Modi , the first important exchange of the Shinzo Abe in Toko , in the Milan Abe in Toko , in Toko , in Toko , in the Ministry of Abe in Toko , in Toko , and the Shorny .
2025-05-03 12:12:09,621 - INFO - joeynmt.training - Example #2
2025-05-03 12:12:09,621 - DEBUG - joeynmt.training - 	Tokenized source:     ['Herr', 'Mo@@', 'd@@', 'i', 'befindet', 'sich', 'auf', 'einer', 'fü@@', 'n@@', 'f@@', 'tä@@', 'gi@@', 'gen', 'Rei@@', 'se', 'nach', 'J@@', 'ap@@', 'an', ',', 'um', 'die', 'wirtschaf@@', 'tlichen', 'Be@@', 'zieh@@', 'ungen', 'mit', 'der', 'd@@', 'rit@@', 't@@', 'größ@@', 'ten', 'Wirtschafts@@', 'n@@', 'ation', 'der', 'Welt', 'zu', 'fes@@', 'tigen', '.']
2025-05-03 12:12:09,621 - DEBUG - joeynmt.training - 	Tokenized reference:  ['Mr', 'Mo@@', 'd@@', 'i', 'is', 'on', 'a', 'fi@@', 've', '@@@', '-@@', '@', 'day', 'tri@@', 'p', 'to', 'J@@', 'ap@@', 'an', 'to', 'streng@@', 'then', 'economic', 'ties', 'with', 'the', 'third', 'lar@@', 'ges@@', 't', 'econom@@', 'y', 'in', 'the', 'world', '.']
2025-05-03 12:12:09,621 - DEBUG - joeynmt.training - 	Tokenized hypothesis: ['Mr', 'Mo@@', 'd@@', 'i', 'is', 'one', 'fi@@', 'f@@', 'ty', 'of', 'a', 'fi@@', 'f@@', 'ty', 'of', 'J@@', 'ap@@', 'an', ',', 'to', 'the', 'economic', 'rel@@', 'ations', 'with', 'the', 'third', 'lar@@', 'ges@@', 't', 'economic', 'rel@@', 'ations', '.', '</s>']
2025-05-03 12:12:09,621 - INFO - joeynmt.training - 	Source:     Herr Modi befindet sich auf einer fünftägigen Reise nach Japan , um die wirtschaftlichen Beziehungen mit der drittgrößten Wirtschaftsnation der Welt zu festigen .
2025-05-03 12:12:09,621 - INFO - joeynmt.training - 	Reference:  Mr Modi is on a five @-@ day trip to Japan to strengthen economic ties with the third largest economy in the world .
2025-05-03 12:12:09,621 - INFO - joeynmt.training - 	Hypothesis: Mr Modi is one fifty of a fifty of Japan , to the economic relations with the third largest economic relations .
2025-05-03 12:12:09,621 - INFO - joeynmt.training - Example #3
2025-05-03 12:12:09,621 - DEBUG - joeynmt.training - 	Tokenized source:     ['P@@', 'län@@', 'e', 'für', 'eine', 'stärk@@', 'ere', 'k@@', 'ern@@', 'techn@@', 'ische', 'Zusammenarbeit', 'stehen', 'ganz', 'ob@@', 'en', 'auf', 'der', 'Tag@@', 'es@@', 'ordnung', '.']
2025-05-03 12:12:09,621 - DEBUG - joeynmt.training - 	Tokenized reference:  ['high', 'on', 'the', 'agen@@', 'da', 'are', 'pl@@', 'ans', 'for', 'gre@@', 'ater', 'nu@@', 'clear', 'c@@', 'o', '@@@', '-@@', '@', 'operation', '.']
2025-05-03 12:12:09,621 - DEBUG - joeynmt.training - 	Tokenized hypothesis: ['the', 'pl@@', 'ans', 'for', 'a', 'str@@', 'ong', 'nu@@', 'clear', 'techn@@', 'ical', 'cooperation', 'is', 'qu@@', 'ite', 'ite', 'on', 'the', 'agen@@', 'da', '.', '</s>']
2025-05-03 12:12:09,621 - INFO - joeynmt.training - 	Source:     Pläne für eine stärkere kerntechnische Zusammenarbeit stehen ganz oben auf der Tagesordnung .
2025-05-03 12:12:09,621 - INFO - joeynmt.training - 	Reference:  high on the agenda are plans for greater nuclear co @-@ operation .
2025-05-03 12:12:09,622 - INFO - joeynmt.training - 	Hypothesis: the plans for a strong nuclear technical cooperation is quite ite on the agenda .
2025-05-03 12:12:09,622 - INFO - joeynmt.training - Example #4
2025-05-03 12:12:09,622 - DEBUG - joeynmt.training - 	Tokenized source:     ['Berich@@', 'ten', 'zu@@', 'fol@@', 'ge', 'ho@@', 'fft', 'Indi@@', 'en', 'darüber', 'hinaus', 'auf', 'einen', 'Ver@@', 'trag', 'zur', 'Ver@@', 'tei@@', 'dig@@', 'ungs@@', 'zusammen@@', 'arbeit', 'zwischen', 'den', 'beiden', 'N@@', 'ationen', '.']
2025-05-03 12:12:09,622 - DEBUG - joeynmt.training - 	Tokenized reference:  ['Indi@@', 'a', 'is', 'also', 're@@', 'porte@@', 'dly', 'hop@@', 'ing', 'for', 'a', 'de@@', 'al', 'on', 'def@@', 'ence', 'c@@', 'oll@@', 'ab@@', 'or@@', 'ation', 'between', 'the', 'two', 'n@@', 'ations', '.']
2025-05-03 12:12:09,622 - DEBUG - joeynmt.training - 	Tokenized hypothesis: ['the', 'following', 'high@@', 'est', 'Indi@@', 'a', ',', 'the', 'S@@', 'ec@@', 're@@', 't@@', 'ary', 'cooperation', 'between', 'the', 'two', 'N@@', 'ations', '.', '</s>']
2025-05-03 12:12:09,622 - INFO - joeynmt.training - 	Source:     Berichten zufolge hofft Indien darüber hinaus auf einen Vertrag zur Verteidigungszusammenarbeit zwischen den beiden Nationen .
2025-05-03 12:12:09,622 - INFO - joeynmt.training - 	Reference:  India is also reportedly hoping for a deal on defence collaboration between the two nations .
2025-05-03 12:12:09,622 - INFO - joeynmt.training - 	Hypothesis: the following highest India , the Secretary cooperation between the two Nations .
2025-05-03 12:12:15,157 - INFO - joeynmt.training - Epoch   5, Step:    19100, Batch Loss:     1.570245, Batch Acc: 0.501617, Tokens per Sec:    16220, Lr: 0.000300
2025-05-03 12:12:20,637 - INFO - joeynmt.training - Epoch   5, Step:    19200, Batch Loss:     1.626737, Batch Acc: 0.503323, Tokens per Sec:    16669, Lr: 0.000300
2025-05-03 12:12:26,176 - INFO - joeynmt.training - Epoch   5, Step:    19300, Batch Loss:     1.699758, Batch Acc: 0.500544, Tokens per Sec:    16427, Lr: 0.000300
2025-05-03 12:12:31,676 - INFO - joeynmt.training - Epoch   5, Step:    19400, Batch Loss:     1.987361, Batch Acc: 0.499346, Tokens per Sec:    16536, Lr: 0.000300
2025-05-03 12:12:37,190 - INFO - joeynmt.training - Epoch   5, Step:    19500, Batch Loss:     1.725368, Batch Acc: 0.501758, Tokens per Sec:    16760, Lr: 0.000300
2025-05-03 12:12:37,190 - INFO - joeynmt.prediction - Predicting 500 example(s)... (Greedy decoding with min_output_length=1, max_output_length=-1, return_prob='none', generate_unk=True, repetition_penalty=-1, no_repeat_ngram_size=-1)
2025-05-03 12:12:42,833 - INFO - joeynmt.prediction - Evaluation result (greedy) loss:   2.16, ppl:   8.64, acc:   0.44, generation: 5.6361[sec], evaluation: 0.0000[sec]
2025-05-03 12:12:42,834 - INFO - joeynmt.training - Hooray! New best validation result [ppl]!
2025-05-03 12:12:42,919 - INFO - joeynmt.helpers - delete models/deen_transformer_pre/16000.ckpt
2025-05-03 12:12:42,925 - INFO - joeynmt.training - Example #0
2025-05-03 12:12:42,925 - DEBUG - joeynmt.training - 	Tokenized source:     ['die', 'Pre@@', 'mi@@', 'er@@', 'minist@@', 'er', 'Indi@@', 'ens', 'und', 'J@@', 'ap@@', 'ans', 'tra@@', 'fen', 'sich', 'in', 'T@@', 'ok@@', 'i@@', 'o', '.']
2025-05-03 12:12:42,925 - DEBUG - joeynmt.training - 	Tokenized reference:  ['Indi@@', 'a', 'and', 'J@@', 'ap@@', 'an', 'pri@@', 'me', 'minist@@', 'ers', 'me@@', 'et', 'in', 'T@@', 'ok@@', 'y@@', 'o']
2025-05-03 12:12:42,925 - DEBUG - joeynmt.training - 	Tokenized hypothesis: ['the', 'Pri@@', 'me', 'Minist@@', 'er', 'Indi@@', 'a', 'and', 'J@@', 'ap@@', 'an', 'Indi@@', 'a', 'and', 'J@@', 'ap@@', 'an', '&apos;s', 'off@@', 'ice', '.', '</s>']
2025-05-03 12:12:42,925 - INFO - joeynmt.training - 	Source:     die Premierminister Indiens und Japans trafen sich in Tokio .
2025-05-03 12:12:42,925 - INFO - joeynmt.training - 	Reference:  India and Japan prime ministers meet in Tokyo
2025-05-03 12:12:42,926 - INFO - joeynmt.training - 	Hypothesis: the Prime Minister India and Japan India and Japan &apos;s office .
2025-05-03 12:12:42,926 - INFO - joeynmt.training - Example #1
2025-05-03 12:12:42,926 - DEBUG - joeynmt.training - 	Tokenized source:     ['Indi@@', 'ens', 'neu@@', 'er', 'Pre@@', 'mi@@', 'er@@', 'minist@@', 'er', 'N@@', 'ar@@', 'end@@', 'ra', 'Mo@@', 'd@@', 'i', 'tri@@', 'fft', 'bei', 's@@', 'einem', 'ersten', 'wichti@@', 'gen', 'Aus@@', 'land@@', 's@@', 'bes@@', 'u@@', 'ch', 'seit', 's@@', 'einem', 'W@@', 'ah@@', 'l@@', 'si@@', 'e@@', 'g', 'im', 'Ma@@', 'i', 'seinen', 'j@@', 'ap@@', 'an@@', 'ischen', 'Am@@', 'ts@@', 'k@@', 'olle@@', 'gen', 'S@@', 'hin@@', 'z@@', 'o', 'A@@', 'be', 'in', 'T@@', 'ok@@', 'o', ',', 'um', 'wirtschaf@@', 'tliche', 'und', 'sicher@@', 'heits@@', 'politische', 'Be@@', 'zieh@@', 'ungen', 'zu', 'bes@@', 'pre@@', 'chen', '.']
2025-05-03 12:12:42,926 - DEBUG - joeynmt.training - 	Tokenized reference:  ['Indi@@', 'a', '&apos;s', 'new', 'pri@@', 'me', 'minist@@', 'er', ',', 'N@@', 'ar@@', 'end@@', 'ra', 'Mo@@', 'd@@', 'i', ',', 'is', 'me@@', 'eting', 'his', 'J@@', 'ap@@', 'an@@', 'ese', 'coun@@', 'ter@@', 'part', ',', 'S@@', 'hin@@', 'z@@', 'o', 'A@@', 'be', ',', 'in', 'T@@', 'ok@@', 'y@@', 'o', 'to', 'disc@@', 'uss', 'economic', 'and', 'security', 'ties', ',', 'on', 'his', 'first', 'major', 'fore@@', 'ign', 'visi@@', 't', 'since', 'w@@', 'inn@@', 'ing', 'Ma@@', 'y', '&apos;s', 'elec@@', 'tion', '.']
2025-05-03 12:12:42,926 - DEBUG - joeynmt.training - 	Tokenized hypothesis: ['Indi@@', 'a', '&apos;s', 'new', 'Pri@@', 'me', 'Minist@@', 'er', 'N@@', 'ar@@', 'end@@', 'ra', 'Mo@@', 'd@@', 'i', 'Mo@@', 'd@@', 'i', '&apos;s', 'first', 'important', 'ex@@', 'change', 'in', 'M@@', 'ari@@', 'time', ',', 'since', 'his', 'elec@@', 't@@', 'or@@', 'al', 'colle@@', 'ge', 'colle@@', 'ge', 'S@@', 'hin@@', 'z@@', 'o', 'A@@', 'be', 'in', 'T@@', 'ok@@', 'o', ',', 'in', 'T@@', 'ok@@', 'o', ',', 'in', 'T@@', 'ok@@', 'o', ',', 'in', 'T@@', 'ok@@', 'o', ',', 'in', 'T@@', 'ok@@', 'o', ',', 'and', 'the', 'security', 'of', 'economic', 'and', 'saf@@', 'ety', '.', '</s>']
2025-05-03 12:12:42,926 - INFO - joeynmt.training - 	Source:     Indiens neuer Premierminister Narendra Modi trifft bei seinem ersten wichtigen Auslandsbesuch seit seinem Wahlsieg im Mai seinen japanischen Amtskollegen Shinzo Abe in Toko , um wirtschaftliche und sicherheitspolitische Beziehungen zu besprechen .
2025-05-03 12:12:42,926 - INFO - joeynmt.training - 	Reference:  India &apos;s new prime minister , Narendra Modi , is meeting his Japanese counterpart , Shinzo Abe , in Tokyo to discuss economic and security ties , on his first major foreign visit since winning May &apos;s election .
2025-05-03 12:12:42,926 - INFO - joeynmt.training - 	Hypothesis: India &apos;s new Prime Minister Narendra Modi Modi &apos;s first important exchange in Maritime , since his electoral college college Shinzo Abe in Toko , in Toko , in Toko , in Toko , in Toko , and the security of economic and safety .
2025-05-03 12:12:42,926 - INFO - joeynmt.training - Example #2
2025-05-03 12:12:42,926 - DEBUG - joeynmt.training - 	Tokenized source:     ['Herr', 'Mo@@', 'd@@', 'i', 'befindet', 'sich', 'auf', 'einer', 'fü@@', 'n@@', 'f@@', 'tä@@', 'gi@@', 'gen', 'Rei@@', 'se', 'nach', 'J@@', 'ap@@', 'an', ',', 'um', 'die', 'wirtschaf@@', 'tlichen', 'Be@@', 'zieh@@', 'ungen', 'mit', 'der', 'd@@', 'rit@@', 't@@', 'größ@@', 'ten', 'Wirtschafts@@', 'n@@', 'ation', 'der', 'Welt', 'zu', 'fes@@', 'tigen', '.']
2025-05-03 12:12:42,926 - DEBUG - joeynmt.training - 	Tokenized reference:  ['Mr', 'Mo@@', 'd@@', 'i', 'is', 'on', 'a', 'fi@@', 've', '@@@', '-@@', '@', 'day', 'tri@@', 'p', 'to', 'J@@', 'ap@@', 'an', 'to', 'streng@@', 'then', 'economic', 'ties', 'with', 'the', 'third', 'lar@@', 'ges@@', 't', 'econom@@', 'y', 'in', 'the', 'world', '.']
2025-05-03 12:12:42,926 - DEBUG - joeynmt.training - 	Tokenized hypothesis: ['Mr', 'Mo@@', 'd@@', 'i', 'is', 'on', 'a', 'fi@@', 'f@@', 'te@@', 'en', 'tri@@', 'p', 'to', 'J@@', 'ap@@', 'an', ',', 'in', 'order', 'to', 'be', 'a', 'fi@@', 'f@@', 'te@@', 'en', 'economic', 'rel@@', 'ations', 'with', 'the', 'third', 'lar@@', 'ges@@', 't', 'economic', 'rel@@', 'ations', 'with', 'the', 'world', '.', '</s>']
2025-05-03 12:12:42,927 - INFO - joeynmt.training - 	Source:     Herr Modi befindet sich auf einer fünftägigen Reise nach Japan , um die wirtschaftlichen Beziehungen mit der drittgrößten Wirtschaftsnation der Welt zu festigen .
2025-05-03 12:12:42,927 - INFO - joeynmt.training - 	Reference:  Mr Modi is on a five @-@ day trip to Japan to strengthen economic ties with the third largest economy in the world .
2025-05-03 12:12:42,927 - INFO - joeynmt.training - 	Hypothesis: Mr Modi is on a fifteen trip to Japan , in order to be a fifteen economic relations with the third largest economic relations with the world .
2025-05-03 12:12:42,927 - INFO - joeynmt.training - Example #3
2025-05-03 12:12:42,927 - DEBUG - joeynmt.training - 	Tokenized source:     ['P@@', 'län@@', 'e', 'für', 'eine', 'stärk@@', 'ere', 'k@@', 'ern@@', 'techn@@', 'ische', 'Zusammenarbeit', 'stehen', 'ganz', 'ob@@', 'en', 'auf', 'der', 'Tag@@', 'es@@', 'ordnung', '.']
2025-05-03 12:12:42,927 - DEBUG - joeynmt.training - 	Tokenized reference:  ['high', 'on', 'the', 'agen@@', 'da', 'are', 'pl@@', 'ans', 'for', 'gre@@', 'ater', 'nu@@', 'clear', 'c@@', 'o', '@@@', '-@@', '@', 'operation', '.']
2025-05-03 12:12:42,927 - DEBUG - joeynmt.training - 	Tokenized hypothesis: ['pl@@', 'ans', 'for', 'a', 'more', 'seri@@', 'ous', 'techn@@', 'ical', 'cooperation', 'is', 'qu@@', 'ite', 'ite', 'ite', 'on', 'the', 'agen@@', 'da', '.', '</s>']
2025-05-03 12:12:42,927 - INFO - joeynmt.training - 	Source:     Pläne für eine stärkere kerntechnische Zusammenarbeit stehen ganz oben auf der Tagesordnung .
2025-05-03 12:12:42,927 - INFO - joeynmt.training - 	Reference:  high on the agenda are plans for greater nuclear co @-@ operation .
2025-05-03 12:12:42,927 - INFO - joeynmt.training - 	Hypothesis: plans for a more serious technical cooperation is quite ite ite on the agenda .
2025-05-03 12:12:42,927 - INFO - joeynmt.training - Example #4
2025-05-03 12:12:42,928 - DEBUG - joeynmt.training - 	Tokenized source:     ['Berich@@', 'ten', 'zu@@', 'fol@@', 'ge', 'ho@@', 'fft', 'Indi@@', 'en', 'darüber', 'hinaus', 'auf', 'einen', 'Ver@@', 'trag', 'zur', 'Ver@@', 'tei@@', 'dig@@', 'ungs@@', 'zusammen@@', 'arbeit', 'zwischen', 'den', 'beiden', 'N@@', 'ationen', '.']
2025-05-03 12:12:42,928 - DEBUG - joeynmt.training - 	Tokenized reference:  ['Indi@@', 'a', 'is', 'also', 're@@', 'porte@@', 'dly', 'hop@@', 'ing', 'for', 'a', 'de@@', 'al', 'on', 'def@@', 'ence', 'c@@', 'oll@@', 'ab@@', 'or@@', 'ation', 'between', 'the', 'two', 'n@@', 'ations', '.']
2025-05-03 12:12:42,928 - DEBUG - joeynmt.training - 	Tokenized hypothesis: ['re@@', 'ports', ',', 'the', 'following', ',', 'Indi@@', 'a', 'is', 'also', 'the', 'case', 'of', 'a', 'con@@', 'text', 'on', 'def@@', 'ence', 'cooperation', 'between', 'the', 'two', 'N@@', 'ations', '.', '</s>']
2025-05-03 12:12:42,928 - INFO - joeynmt.training - 	Source:     Berichten zufolge hofft Indien darüber hinaus auf einen Vertrag zur Verteidigungszusammenarbeit zwischen den beiden Nationen .
2025-05-03 12:12:42,928 - INFO - joeynmt.training - 	Reference:  India is also reportedly hoping for a deal on defence collaboration between the two nations .
2025-05-03 12:12:42,928 - INFO - joeynmt.training - 	Hypothesis: reports , the following , India is also the case of a context on defence cooperation between the two Nations .
2025-05-03 12:12:48,459 - INFO - joeynmt.training - Epoch   5, Step:    19600, Batch Loss:     1.912279, Batch Acc: 0.502307, Tokens per Sec:    16416, Lr: 0.000300
2025-05-03 12:12:53,944 - INFO - joeynmt.training - Epoch   5, Step:    19700, Batch Loss:     1.878727, Batch Acc: 0.502421, Tokens per Sec:    17094, Lr: 0.000300
2025-05-03 12:12:59,575 - INFO - joeynmt.training - Epoch   5, Step:    19800, Batch Loss:     1.827494, Batch Acc: 0.499353, Tokens per Sec:    16322, Lr: 0.000300
2025-05-03 12:13:04,948 - INFO - joeynmt.training - Epoch   5, Step:    19900, Batch Loss:     1.711024, Batch Acc: 0.496996, Tokens per Sec:    17283, Lr: 0.000300
2025-05-03 12:13:10,514 - INFO - joeynmt.training - Epoch   5, Step:    20000, Batch Loss:     1.807584, Batch Acc: 0.505239, Tokens per Sec:    16582, Lr: 0.000300
2025-05-03 12:13:10,514 - INFO - joeynmt.prediction - Predicting 500 example(s)... (Greedy decoding with min_output_length=1, max_output_length=-1, return_prob='none', generate_unk=True, repetition_penalty=-1, no_repeat_ngram_size=-1)
2025-05-03 12:13:15,633 - INFO - joeynmt.prediction - Evaluation result (greedy) loss:   2.15, ppl:   8.61, acc:   0.44, generation: 5.1121[sec], evaluation: 0.0000[sec]
2025-05-03 12:13:15,633 - INFO - joeynmt.training - Hooray! New best validation result [ppl]!
2025-05-03 12:13:15,716 - INFO - joeynmt.helpers - delete models/deen_transformer_pre/17500.ckpt
2025-05-03 12:13:15,723 - INFO - joeynmt.training - Example #0
2025-05-03 12:13:15,723 - DEBUG - joeynmt.training - 	Tokenized source:     ['die', 'Pre@@', 'mi@@', 'er@@', 'minist@@', 'er', 'Indi@@', 'ens', 'und', 'J@@', 'ap@@', 'ans', 'tra@@', 'fen', 'sich', 'in', 'T@@', 'ok@@', 'i@@', 'o', '.']
2025-05-03 12:13:15,723 - DEBUG - joeynmt.training - 	Tokenized reference:  ['Indi@@', 'a', 'and', 'J@@', 'ap@@', 'an', 'pri@@', 'me', 'minist@@', 'ers', 'me@@', 'et', 'in', 'T@@', 'ok@@', 'y@@', 'o']
2025-05-03 12:13:15,723 - DEBUG - joeynmt.training - 	Tokenized hypothesis: ['Pri@@', 'me', 'Minist@@', 'er', 'Indi@@', 'a', 'and', 'J@@', 'ap@@', 'an', 'and', 'J@@', 'ap@@', 'an', '&apos;s', 'pri@@', 'me', 'in', 'T@@', 'ok@@', 'i@@', 'o', '.', '</s>']
2025-05-03 12:13:15,723 - INFO - joeynmt.training - 	Source:     die Premierminister Indiens und Japans trafen sich in Tokio .
2025-05-03 12:13:15,723 - INFO - joeynmt.training - 	Reference:  India and Japan prime ministers meet in Tokyo
2025-05-03 12:13:15,723 - INFO - joeynmt.training - 	Hypothesis: Prime Minister India and Japan and Japan &apos;s prime in Tokio .
2025-05-03 12:13:15,723 - INFO - joeynmt.training - Example #1
2025-05-03 12:13:15,724 - DEBUG - joeynmt.training - 	Tokenized source:     ['Indi@@', 'ens', 'neu@@', 'er', 'Pre@@', 'mi@@', 'er@@', 'minist@@', 'er', 'N@@', 'ar@@', 'end@@', 'ra', 'Mo@@', 'd@@', 'i', 'tri@@', 'fft', 'bei', 's@@', 'einem', 'ersten', 'wichti@@', 'gen', 'Aus@@', 'land@@', 's@@', 'bes@@', 'u@@', 'ch', 'seit', 's@@', 'einem', 'W@@', 'ah@@', 'l@@', 'si@@', 'e@@', 'g', 'im', 'Ma@@', 'i', 'seinen', 'j@@', 'ap@@', 'an@@', 'ischen', 'Am@@', 'ts@@', 'k@@', 'olle@@', 'gen', 'S@@', 'hin@@', 'z@@', 'o', 'A@@', 'be', 'in', 'T@@', 'ok@@', 'o', ',', 'um', 'wirtschaf@@', 'tliche', 'und', 'sicher@@', 'heits@@', 'politische', 'Be@@', 'zieh@@', 'ungen', 'zu', 'bes@@', 'pre@@', 'chen', '.']
2025-05-03 12:13:15,724 - DEBUG - joeynmt.training - 	Tokenized reference:  ['Indi@@', 'a', '&apos;s', 'new', 'pri@@', 'me', 'minist@@', 'er', ',', 'N@@', 'ar@@', 'end@@', 'ra', 'Mo@@', 'd@@', 'i', ',', 'is', 'me@@', 'eting', 'his', 'J@@', 'ap@@', 'an@@', 'ese', 'coun@@', 'ter@@', 'part', ',', 'S@@', 'hin@@', 'z@@', 'o', 'A@@', 'be', ',', 'in', 'T@@', 'ok@@', 'y@@', 'o', 'to', 'disc@@', 'uss', 'economic', 'and', 'security', 'ties', ',', 'on', 'his', 'first', 'major', 'fore@@', 'ign', 'visi@@', 't', 'since', 'w@@', 'inn@@', 'ing', 'Ma@@', 'y', '&apos;s', 'elec@@', 'tion', '.']
2025-05-03 12:13:15,724 - DEBUG - joeynmt.training - 	Tokenized hypothesis: ['Indi@@', 'a', '&apos;s', 'new', 'pri@@', 'me', 'minist@@', 'er', 'N@@', 'ar@@', 'end@@', 'ra', 'Mo@@', 'd@@', 'i', ',', 'S@@', 'hin@@', 'z@@', 'o', ',', 'the', 'first', 'important', 'ex@@', 'tern@@', 'al', 'land@@', 'sc@@', 'ap@@', 'e', ',', 'in', 'the', 'M@@', 'y', 'of', 'S@@', 'hin@@', 'z@@', 'o', 'A@@', 'be', 'A@@', 'in', 'T@@', 'ok@@', 'o', ',', 'in', 'T@@', 'ok@@', 'o', ',', 'and', 'the', 'S@@', 'hin@@', 'z@@', 'o', ',', 'the', 'S@@', 'hin@@', 'z@@', 'o', ',', 'and', 'saf@@', 'ety', 'political', 'rel@@', 'ations', '.', '</s>']
2025-05-03 12:13:15,724 - INFO - joeynmt.training - 	Source:     Indiens neuer Premierminister Narendra Modi trifft bei seinem ersten wichtigen Auslandsbesuch seit seinem Wahlsieg im Mai seinen japanischen Amtskollegen Shinzo Abe in Toko , um wirtschaftliche und sicherheitspolitische Beziehungen zu besprechen .
2025-05-03 12:13:15,724 - INFO - joeynmt.training - 	Reference:  India &apos;s new prime minister , Narendra Modi , is meeting his Japanese counterpart , Shinzo Abe , in Tokyo to discuss economic and security ties , on his first major foreign visit since winning May &apos;s election .
2025-05-03 12:13:15,724 - INFO - joeynmt.training - 	Hypothesis: India &apos;s new prime minister Narendra Modi , Shinzo , the first important external landscape , in the My of Shinzo Abe Ain Toko , in Toko , and the Shinzo , the Shinzo , and safety political relations .
2025-05-03 12:13:15,724 - INFO - joeynmt.training - Example #2
2025-05-03 12:13:15,724 - DEBUG - joeynmt.training - 	Tokenized source:     ['Herr', 'Mo@@', 'd@@', 'i', 'befindet', 'sich', 'auf', 'einer', 'fü@@', 'n@@', 'f@@', 'tä@@', 'gi@@', 'gen', 'Rei@@', 'se', 'nach', 'J@@', 'ap@@', 'an', ',', 'um', 'die', 'wirtschaf@@', 'tlichen', 'Be@@', 'zieh@@', 'ungen', 'mit', 'der', 'd@@', 'rit@@', 't@@', 'größ@@', 'ten', 'Wirtschafts@@', 'n@@', 'ation', 'der', 'Welt', 'zu', 'fes@@', 'tigen', '.']
2025-05-03 12:13:15,724 - DEBUG - joeynmt.training - 	Tokenized reference:  ['Mr', 'Mo@@', 'd@@', 'i', 'is', 'on', 'a', 'fi@@', 've', '@@@', '-@@', '@', 'day', 'tri@@', 'p', 'to', 'J@@', 'ap@@', 'an', 'to', 'streng@@', 'then', 'economic', 'ties', 'with', 'the', 'third', 'lar@@', 'ges@@', 't', 'econom@@', 'y', 'in', 'the', 'world', '.']
2025-05-03 12:13:15,724 - DEBUG - joeynmt.training - 	Tokenized hypothesis: ['Mr', 'Mo@@', 'd@@', 'i', 'is', 'based', 'on', 'a', 'fi@@', 'f@@', 'ty', 'of', 'fi@@', 'f@@', 'ty', 'to', 'J@@', 'ap@@', 'an', 'to', 'the', 'economic', 'rel@@', 'ations', 'with', 'the', 'third', 'lar@@', 'ges@@', 't', 'economic', 'n@@', 'ation', 'of', 'the', 'world', '.', '</s>']
2025-05-03 12:13:15,724 - INFO - joeynmt.training - 	Source:     Herr Modi befindet sich auf einer fünftägigen Reise nach Japan , um die wirtschaftlichen Beziehungen mit der drittgrößten Wirtschaftsnation der Welt zu festigen .
2025-05-03 12:13:15,724 - INFO - joeynmt.training - 	Reference:  Mr Modi is on a five @-@ day trip to Japan to strengthen economic ties with the third largest economy in the world .
2025-05-03 12:13:15,724 - INFO - joeynmt.training - 	Hypothesis: Mr Modi is based on a fifty of fifty to Japan to the economic relations with the third largest economic nation of the world .
2025-05-03 12:13:15,724 - INFO - joeynmt.training - Example #3
2025-05-03 12:13:15,725 - DEBUG - joeynmt.training - 	Tokenized source:     ['P@@', 'län@@', 'e', 'für', 'eine', 'stärk@@', 'ere', 'k@@', 'ern@@', 'techn@@', 'ische', 'Zusammenarbeit', 'stehen', 'ganz', 'ob@@', 'en', 'auf', 'der', 'Tag@@', 'es@@', 'ordnung', '.']
2025-05-03 12:13:15,725 - DEBUG - joeynmt.training - 	Tokenized reference:  ['high', 'on', 'the', 'agen@@', 'da', 'are', 'pl@@', 'ans', 'for', 'gre@@', 'ater', 'nu@@', 'clear', 'c@@', 'o', '@@@', '-@@', '@', 'operation', '.']
2025-05-03 12:13:15,725 - DEBUG - joeynmt.training - 	Tokenized hypothesis: ['P@@', 'ru@@', 'e', 'for', 'more', 'more', 'nu@@', 'clear', 'techn@@', 'ical', 'cooperation', 'are', 'very', 'very', 'ob@@', 'vi@@', 'ous', 'to', 'the', 'agen@@', 'da', '.', '</s>']
2025-05-03 12:13:15,725 - INFO - joeynmt.training - 	Source:     Pläne für eine stärkere kerntechnische Zusammenarbeit stehen ganz oben auf der Tagesordnung .
2025-05-03 12:13:15,725 - INFO - joeynmt.training - 	Reference:  high on the agenda are plans for greater nuclear co @-@ operation .
2025-05-03 12:13:15,725 - INFO - joeynmt.training - 	Hypothesis: Prue for more more nuclear technical cooperation are very very obvious to the agenda .
2025-05-03 12:13:15,725 - INFO - joeynmt.training - Example #4
2025-05-03 12:13:15,725 - DEBUG - joeynmt.training - 	Tokenized source:     ['Berich@@', 'ten', 'zu@@', 'fol@@', 'ge', 'ho@@', 'fft', 'Indi@@', 'en', 'darüber', 'hinaus', 'auf', 'einen', 'Ver@@', 'trag', 'zur', 'Ver@@', 'tei@@', 'dig@@', 'ungs@@', 'zusammen@@', 'arbeit', 'zwischen', 'den', 'beiden', 'N@@', 'ationen', '.']
2025-05-03 12:13:15,725 - DEBUG - joeynmt.training - 	Tokenized reference:  ['Indi@@', 'a', 'is', 'also', 're@@', 'porte@@', 'dly', 'hop@@', 'ing', 'for', 'a', 'de@@', 'al', 'on', 'def@@', 'ence', 'c@@', 'oll@@', 'ab@@', 'or@@', 'ation', 'between', 'the', 'two', 'n@@', 'ations', '.']
2025-05-03 12:13:15,725 - DEBUG - joeynmt.training - 	Tokenized hypothesis: ['re@@', 'ports', ',', 'the', 'following', 'high@@', 'light', 'of', 'Indi@@', 'a', 'is', 'also', 'on', 'a', 'con@@', 'dem@@', 'ning', 'cooperation', 'between', 'the', 'two', 'N@@', 'ations', '.', '</s>']
2025-05-03 12:13:15,725 - INFO - joeynmt.training - 	Source:     Berichten zufolge hofft Indien darüber hinaus auf einen Vertrag zur Verteidigungszusammenarbeit zwischen den beiden Nationen .
2025-05-03 12:13:15,726 - INFO - joeynmt.training - 	Reference:  India is also reportedly hoping for a deal on defence collaboration between the two nations .
2025-05-03 12:13:15,726 - INFO - joeynmt.training - 	Hypothesis: reports , the following highlight of India is also on a condemning cooperation between the two Nations .
2025-05-03 12:13:21,298 - INFO - joeynmt.training - Epoch   5, Step:    20100, Batch Loss:     1.761719, Batch Acc: 0.501939, Tokens per Sec:    16248, Lr: 0.000300
2025-05-03 12:13:26,697 - INFO - joeynmt.training - Epoch   5, Step:    20200, Batch Loss:     1.725242, Batch Acc: 0.506758, Tokens per Sec:    17104, Lr: 0.000300
2025-05-03 12:13:32,234 - INFO - joeynmt.training - Epoch   5, Step:    20300, Batch Loss:     1.877437, Batch Acc: 0.497094, Tokens per Sec:    16376, Lr: 0.000300
2025-05-03 12:13:33,844 - INFO - joeynmt.training - Epoch   5: total training loss 7472.12
2025-05-03 12:13:33,844 - INFO - joeynmt.training - EPOCH 6
2025-05-03 12:13:37,738 - INFO - joeynmt.training - Epoch   6, Step:    20400, Batch Loss:     2.019120, Batch Acc: 0.526008, Tokens per Sec:    16937, Lr: 0.000300
2025-05-03 12:13:43,083 - INFO - joeynmt.training - Epoch   6, Step:    20500, Batch Loss:     1.609156, Batch Acc: 0.522168, Tokens per Sec:    17129, Lr: 0.000300
2025-05-03 12:13:43,084 - INFO - joeynmt.prediction - Predicting 500 example(s)... (Greedy decoding with min_output_length=1, max_output_length=-1, return_prob='none', generate_unk=True, repetition_penalty=-1, no_repeat_ngram_size=-1)
2025-05-03 12:13:48,158 - INFO - joeynmt.prediction - Evaluation result (greedy) loss:   2.15, ppl:   8.62, acc:   0.44, generation: 5.0680[sec], evaluation: 0.0000[sec]
2025-05-03 12:13:48,396 - INFO - joeynmt.helpers - delete models/deen_transformer_pre/18000.ckpt
2025-05-03 12:13:48,402 - INFO - joeynmt.training - Example #0
2025-05-03 12:13:48,402 - DEBUG - joeynmt.training - 	Tokenized source:     ['die', 'Pre@@', 'mi@@', 'er@@', 'minist@@', 'er', 'Indi@@', 'ens', 'und', 'J@@', 'ap@@', 'ans', 'tra@@', 'fen', 'sich', 'in', 'T@@', 'ok@@', 'i@@', 'o', '.']
2025-05-03 12:13:48,402 - DEBUG - joeynmt.training - 	Tokenized reference:  ['Indi@@', 'a', 'and', 'J@@', 'ap@@', 'an', 'pri@@', 'me', 'minist@@', 'ers', 'me@@', 'et', 'in', 'T@@', 'ok@@', 'y@@', 'o']
2025-05-03 12:13:48,402 - DEBUG - joeynmt.training - 	Tokenized hypothesis: ['the', 'Pri@@', 'me', 'Minist@@', 'er', 'Indi@@', 'a', 'and', 'J@@', 'ap@@', 'ans', 'are', 'tra@@', 'ining', 'in', 'T@@', 'ok@@', 'i@@', 'o', '.', '</s>']
2025-05-03 12:13:48,402 - INFO - joeynmt.training - 	Source:     die Premierminister Indiens und Japans trafen sich in Tokio .
2025-05-03 12:13:48,402 - INFO - joeynmt.training - 	Reference:  India and Japan prime ministers meet in Tokyo
2025-05-03 12:13:48,403 - INFO - joeynmt.training - 	Hypothesis: the Prime Minister India and Japans are training in Tokio .
2025-05-03 12:13:48,403 - INFO - joeynmt.training - Example #1
2025-05-03 12:13:48,403 - DEBUG - joeynmt.training - 	Tokenized source:     ['Indi@@', 'ens', 'neu@@', 'er', 'Pre@@', 'mi@@', 'er@@', 'minist@@', 'er', 'N@@', 'ar@@', 'end@@', 'ra', 'Mo@@', 'd@@', 'i', 'tri@@', 'fft', 'bei', 's@@', 'einem', 'ersten', 'wichti@@', 'gen', 'Aus@@', 'land@@', 's@@', 'bes@@', 'u@@', 'ch', 'seit', 's@@', 'einem', 'W@@', 'ah@@', 'l@@', 'si@@', 'e@@', 'g', 'im', 'Ma@@', 'i', 'seinen', 'j@@', 'ap@@', 'an@@', 'ischen', 'Am@@', 'ts@@', 'k@@', 'olle@@', 'gen', 'S@@', 'hin@@', 'z@@', 'o', 'A@@', 'be', 'in', 'T@@', 'ok@@', 'o', ',', 'um', 'wirtschaf@@', 'tliche', 'und', 'sicher@@', 'heits@@', 'politische', 'Be@@', 'zieh@@', 'ungen', 'zu', 'bes@@', 'pre@@', 'chen', '.']
2025-05-03 12:13:48,403 - DEBUG - joeynmt.training - 	Tokenized reference:  ['Indi@@', 'a', '&apos;s', 'new', 'pri@@', 'me', 'minist@@', 'er', ',', 'N@@', 'ar@@', 'end@@', 'ra', 'Mo@@', 'd@@', 'i', ',', 'is', 'me@@', 'eting', 'his', 'J@@', 'ap@@', 'an@@', 'ese', 'coun@@', 'ter@@', 'part', ',', 'S@@', 'hin@@', 'z@@', 'o', 'A@@', 'be', ',', 'in', 'T@@', 'ok@@', 'y@@', 'o', 'to', 'disc@@', 'uss', 'economic', 'and', 'security', 'ties', ',', 'on', 'his', 'first', 'major', 'fore@@', 'ign', 'visi@@', 't', 'since', 'w@@', 'inn@@', 'ing', 'Ma@@', 'y', '&apos;s', 'elec@@', 'tion', '.']
2025-05-03 12:13:48,403 - DEBUG - joeynmt.training - 	Tokenized hypothesis: ['Indi@@', 'a', '&apos;s', 'new', 'Pri@@', 'me', 'Minist@@', 'er', 'N@@', 'ar@@', 'end@@', 'ra', 'Mo@@', 'd@@', 'i', '&apos;s', 'first', 'important', 'ex@@', 'change', 'in', 'the', 'first', 'important', 'fore@@', 'ign', 'langu@@', 'age', 'in', 'Ma@@', 'y', ',', 'his', 'J@@', 'ap@@', 'an@@', 'ese', 'S@@', 'hin@@', 'z@@', 'o', 'A@@', 'be', 'in', 'T@@', 'ok@@', 'o', ',', 'and', 'the', 'S@@', 'hin@@', 'z@@', 'o', 'A@@', 'be', 'in', 'T@@', 'ok@@', 'o', ',', 'and', 'the', 'S@@', 'hin@@', 'z@@', 'o', 'A@@', 'be', 'in', 'T@@', 'ok@@', 'o', '.', '</s>']
2025-05-03 12:13:48,403 - INFO - joeynmt.training - 	Source:     Indiens neuer Premierminister Narendra Modi trifft bei seinem ersten wichtigen Auslandsbesuch seit seinem Wahlsieg im Mai seinen japanischen Amtskollegen Shinzo Abe in Toko , um wirtschaftliche und sicherheitspolitische Beziehungen zu besprechen .
2025-05-03 12:13:48,403 - INFO - joeynmt.training - 	Reference:  India &apos;s new prime minister , Narendra Modi , is meeting his Japanese counterpart , Shinzo Abe , in Tokyo to discuss economic and security ties , on his first major foreign visit since winning May &apos;s election .
2025-05-03 12:13:48,403 - INFO - joeynmt.training - 	Hypothesis: India &apos;s new Prime Minister Narendra Modi &apos;s first important exchange in the first important foreign language in May , his Japanese Shinzo Abe in Toko , and the Shinzo Abe in Toko , and the Shinzo Abe in Toko .
2025-05-03 12:13:48,403 - INFO - joeynmt.training - Example #2
2025-05-03 12:13:48,403 - DEBUG - joeynmt.training - 	Tokenized source:     ['Herr', 'Mo@@', 'd@@', 'i', 'befindet', 'sich', 'auf', 'einer', 'fü@@', 'n@@', 'f@@', 'tä@@', 'gi@@', 'gen', 'Rei@@', 'se', 'nach', 'J@@', 'ap@@', 'an', ',', 'um', 'die', 'wirtschaf@@', 'tlichen', 'Be@@', 'zieh@@', 'ungen', 'mit', 'der', 'd@@', 'rit@@', 't@@', 'größ@@', 'ten', 'Wirtschafts@@', 'n@@', 'ation', 'der', 'Welt', 'zu', 'fes@@', 'tigen', '.']
2025-05-03 12:13:48,403 - DEBUG - joeynmt.training - 	Tokenized reference:  ['Mr', 'Mo@@', 'd@@', 'i', 'is', 'on', 'a', 'fi@@', 've', '@@@', '-@@', '@', 'day', 'tri@@', 'p', 'to', 'J@@', 'ap@@', 'an', 'to', 'streng@@', 'then', 'economic', 'ties', 'with', 'the', 'third', 'lar@@', 'ges@@', 't', 'econom@@', 'y', 'in', 'the', 'world', '.']
2025-05-03 12:13:48,404 - DEBUG - joeynmt.training - 	Tokenized hypothesis: ['Mr', 'Mo@@', 'd@@', 'i', 'is', 'located', 'on', 'a', 'fi@@', 'f@@', 'th', 'of', 'ad@@', 'di@@', 'tional', 'tra@@', 'v@@', 'el', 'to', 'J@@', 'ap@@', 'an', ',', 'to', 'economic', 'rel@@', 'ations', 'with', 'the', 'third', 'lar@@', 'ges@@', 't', 'economic', 'n@@', 'ation', '.', '</s>']
2025-05-03 12:13:48,404 - INFO - joeynmt.training - 	Source:     Herr Modi befindet sich auf einer fünftägigen Reise nach Japan , um die wirtschaftlichen Beziehungen mit der drittgrößten Wirtschaftsnation der Welt zu festigen .
2025-05-03 12:13:48,404 - INFO - joeynmt.training - 	Reference:  Mr Modi is on a five @-@ day trip to Japan to strengthen economic ties with the third largest economy in the world .
2025-05-03 12:13:48,404 - INFO - joeynmt.training - 	Hypothesis: Mr Modi is located on a fifth of additional travel to Japan , to economic relations with the third largest economic nation .
2025-05-03 12:13:48,404 - INFO - joeynmt.training - Example #3
2025-05-03 12:13:48,404 - DEBUG - joeynmt.training - 	Tokenized source:     ['P@@', 'län@@', 'e', 'für', 'eine', 'stärk@@', 'ere', 'k@@', 'ern@@', 'techn@@', 'ische', 'Zusammenarbeit', 'stehen', 'ganz', 'ob@@', 'en', 'auf', 'der', 'Tag@@', 'es@@', 'ordnung', '.']
2025-05-03 12:13:48,404 - DEBUG - joeynmt.training - 	Tokenized reference:  ['high', 'on', 'the', 'agen@@', 'da', 'are', 'pl@@', 'ans', 'for', 'gre@@', 'ater', 'nu@@', 'clear', 'c@@', 'o', '@@@', '-@@', '@', 'operation', '.']
2025-05-03 12:13:48,404 - DEBUG - joeynmt.training - 	Tokenized hypothesis: ['pl@@', 'ans', 'for', 'gre@@', 'ater', 'cooperation', ',', 'in', 'fact', ',', 'the', 'agen@@', 'da', 'is', 'very', 'ob@@', 'vi@@', 'ous', 'to', 'the', 'agen@@', 'da', '.', '</s>']
2025-05-03 12:13:48,404 - INFO - joeynmt.training - 	Source:     Pläne für eine stärkere kerntechnische Zusammenarbeit stehen ganz oben auf der Tagesordnung .
2025-05-03 12:13:48,404 - INFO - joeynmt.training - 	Reference:  high on the agenda are plans for greater nuclear co @-@ operation .
2025-05-03 12:13:48,404 - INFO - joeynmt.training - 	Hypothesis: plans for greater cooperation , in fact , the agenda is very obvious to the agenda .
2025-05-03 12:13:48,404 - INFO - joeynmt.training - Example #4
2025-05-03 12:13:48,405 - DEBUG - joeynmt.training - 	Tokenized source:     ['Berich@@', 'ten', 'zu@@', 'fol@@', 'ge', 'ho@@', 'fft', 'Indi@@', 'en', 'darüber', 'hinaus', 'auf', 'einen', 'Ver@@', 'trag', 'zur', 'Ver@@', 'tei@@', 'dig@@', 'ungs@@', 'zusammen@@', 'arbeit', 'zwischen', 'den', 'beiden', 'N@@', 'ationen', '.']
2025-05-03 12:13:48,405 - DEBUG - joeynmt.training - 	Tokenized reference:  ['Indi@@', 'a', 'is', 'also', 're@@', 'porte@@', 'dly', 'hop@@', 'ing', 'for', 'a', 'de@@', 'al', 'on', 'def@@', 'ence', 'c@@', 'oll@@', 'ab@@', 'or@@', 'ation', 'between', 'the', 'two', 'n@@', 'ations', '.']
2025-05-03 12:13:48,405 - DEBUG - joeynmt.training - 	Tokenized hypothesis: ['re@@', 'ports', ',', 'Indi@@', 'a', 'is', 'also', 'the', 'con@@', 'tra@@', 'ct', 'on', 'def@@', 'ence', 'cooperation', 'between', 'the', 'two', 'N@@', 'ations', '.', '</s>']
2025-05-03 12:13:48,405 - INFO - joeynmt.training - 	Source:     Berichten zufolge hofft Indien darüber hinaus auf einen Vertrag zur Verteidigungszusammenarbeit zwischen den beiden Nationen .
2025-05-03 12:13:48,405 - INFO - joeynmt.training - 	Reference:  India is also reportedly hoping for a deal on defence collaboration between the two nations .
2025-05-03 12:13:48,405 - INFO - joeynmt.training - 	Hypothesis: reports , India is also the contract on defence cooperation between the two Nations .
2025-05-03 12:13:53,873 - INFO - joeynmt.training - Epoch   6, Step:    20600, Batch Loss:     1.810151, Batch Acc: 0.523943, Tokens per Sec:    16205, Lr: 0.000300
2025-05-03 12:13:59,399 - INFO - joeynmt.training - Epoch   6, Step:    20700, Batch Loss:     1.500206, Batch Acc: 0.515024, Tokens per Sec:    16759, Lr: 0.000300
2025-05-03 12:14:04,798 - INFO - joeynmt.training - Epoch   6, Step:    20800, Batch Loss:     1.806806, Batch Acc: 0.518791, Tokens per Sec:    16881, Lr: 0.000300
2025-05-03 12:14:10,409 - INFO - joeynmt.training - Epoch   6, Step:    20900, Batch Loss:     1.767054, Batch Acc: 0.516896, Tokens per Sec:    16560, Lr: 0.000300
2025-05-03 12:14:15,878 - INFO - joeynmt.training - Epoch   6, Step:    21000, Batch Loss:     1.606122, Batch Acc: 0.522798, Tokens per Sec:    16948, Lr: 0.000300
2025-05-03 12:14:15,879 - INFO - joeynmt.prediction - Predicting 500 example(s)... (Greedy decoding with min_output_length=1, max_output_length=-1, return_prob='none', generate_unk=True, repetition_penalty=-1, no_repeat_ngram_size=-1)
2025-05-03 12:14:20,838 - INFO - joeynmt.prediction - Evaluation result (greedy) loss:   2.16, ppl:   8.67, acc:   0.44, generation: 4.9542[sec], evaluation: 0.0000[sec]
2025-05-03 12:14:20,921 - INFO - joeynmt.helpers - delete models/deen_transformer_pre/18500.ckpt
2025-05-03 12:14:20,927 - INFO - joeynmt.training - Example #0
2025-05-03 12:14:20,927 - DEBUG - joeynmt.training - 	Tokenized source:     ['die', 'Pre@@', 'mi@@', 'er@@', 'minist@@', 'er', 'Indi@@', 'ens', 'und', 'J@@', 'ap@@', 'ans', 'tra@@', 'fen', 'sich', 'in', 'T@@', 'ok@@', 'i@@', 'o', '.']
2025-05-03 12:14:20,927 - DEBUG - joeynmt.training - 	Tokenized reference:  ['Indi@@', 'a', 'and', 'J@@', 'ap@@', 'an', 'pri@@', 'me', 'minist@@', 'ers', 'me@@', 'et', 'in', 'T@@', 'ok@@', 'y@@', 'o']
2025-05-03 12:14:20,927 - DEBUG - joeynmt.training - 	Tokenized hypothesis: ['the', 'Pri@@', 'me', 'Minist@@', 'er', 'Indi@@', 'a', 'and', 'J@@', 'ap@@', 'an', 'is', 'in', 'T@@', 'ok@@', 'i@@', 'o', '.', '</s>']
2025-05-03 12:14:20,927 - INFO - joeynmt.training - 	Source:     die Premierminister Indiens und Japans trafen sich in Tokio .
2025-05-03 12:14:20,927 - INFO - joeynmt.training - 	Reference:  India and Japan prime ministers meet in Tokyo
2025-05-03 12:14:20,927 - INFO - joeynmt.training - 	Hypothesis: the Prime Minister India and Japan is in Tokio .
2025-05-03 12:14:20,927 - INFO - joeynmt.training - Example #1
2025-05-03 12:14:20,927 - DEBUG - joeynmt.training - 	Tokenized source:     ['Indi@@', 'ens', 'neu@@', 'er', 'Pre@@', 'mi@@', 'er@@', 'minist@@', 'er', 'N@@', 'ar@@', 'end@@', 'ra', 'Mo@@', 'd@@', 'i', 'tri@@', 'fft', 'bei', 's@@', 'einem', 'ersten', 'wichti@@', 'gen', 'Aus@@', 'land@@', 's@@', 'bes@@', 'u@@', 'ch', 'seit', 's@@', 'einem', 'W@@', 'ah@@', 'l@@', 'si@@', 'e@@', 'g', 'im', 'Ma@@', 'i', 'seinen', 'j@@', 'ap@@', 'an@@', 'ischen', 'Am@@', 'ts@@', 'k@@', 'olle@@', 'gen', 'S@@', 'hin@@', 'z@@', 'o', 'A@@', 'be', 'in', 'T@@', 'ok@@', 'o', ',', 'um', 'wirtschaf@@', 'tliche', 'und', 'sicher@@', 'heits@@', 'politische', 'Be@@', 'zieh@@', 'ungen', 'zu', 'bes@@', 'pre@@', 'chen', '.']
2025-05-03 12:14:20,928 - DEBUG - joeynmt.training - 	Tokenized reference:  ['Indi@@', 'a', '&apos;s', 'new', 'pri@@', 'me', 'minist@@', 'er', ',', 'N@@', 'ar@@', 'end@@', 'ra', 'Mo@@', 'd@@', 'i', ',', 'is', 'me@@', 'eting', 'his', 'J@@', 'ap@@', 'an@@', 'ese', 'coun@@', 'ter@@', 'part', ',', 'S@@', 'hin@@', 'z@@', 'o', 'A@@', 'be', ',', 'in', 'T@@', 'ok@@', 'y@@', 'o', 'to', 'disc@@', 'uss', 'economic', 'and', 'security', 'ties', ',', 'on', 'his', 'first', 'major', 'fore@@', 'ign', 'visi@@', 't', 'since', 'w@@', 'inn@@', 'ing', 'Ma@@', 'y', '&apos;s', 'elec@@', 'tion', '.']
2025-05-03 12:14:20,928 - DEBUG - joeynmt.training - 	Tokenized hypothesis: ['Indi@@', 'a', 'new', 'Pri@@', 'me', 'Minist@@', 'er', 'N@@', 'ar@@', 'end@@', 'ra', 'Mo@@', 'd@@', 'i', ',', 'the', 'first', 'important', 'ex@@', 'change', 'in', 'the', 'M@@', 'er@@', 'r@@', 'ors', ',', 'the', 'first', 'important', 'ex@@', 'change', 'for', 'his', 'first', 'important', 'ex@@', 'change', 'in', 'Ma@@', 'y', ',', 'S@@', 'hin@@', 'z@@', 'o', 'A@@', 'be', 'in', 'T@@', 'ok@@', 'o', ',', 'for', 'a', 'pro@@', 'per@@', 'ty', 'of', 'economic', 'and', 'saf@@', 'ety', 'political', 'rel@@', 'ations', '.', '</s>']
2025-05-03 12:14:20,928 - INFO - joeynmt.training - 	Source:     Indiens neuer Premierminister Narendra Modi trifft bei seinem ersten wichtigen Auslandsbesuch seit seinem Wahlsieg im Mai seinen japanischen Amtskollegen Shinzo Abe in Toko , um wirtschaftliche und sicherheitspolitische Beziehungen zu besprechen .
2025-05-03 12:14:20,928 - INFO - joeynmt.training - 	Reference:  India &apos;s new prime minister , Narendra Modi , is meeting his Japanese counterpart , Shinzo Abe , in Tokyo to discuss economic and security ties , on his first major foreign visit since winning May &apos;s election .
2025-05-03 12:14:20,928 - INFO - joeynmt.training - 	Hypothesis: India new Prime Minister Narendra Modi , the first important exchange in the Merrors , the first important exchange for his first important exchange in May , Shinzo Abe in Toko , for a property of economic and safety political relations .
2025-05-03 12:14:20,928 - INFO - joeynmt.training - Example #2
2025-05-03 12:14:20,928 - DEBUG - joeynmt.training - 	Tokenized source:     ['Herr', 'Mo@@', 'd@@', 'i', 'befindet', 'sich', 'auf', 'einer', 'fü@@', 'n@@', 'f@@', 'tä@@', 'gi@@', 'gen', 'Rei@@', 'se', 'nach', 'J@@', 'ap@@', 'an', ',', 'um', 'die', 'wirtschaf@@', 'tlichen', 'Be@@', 'zieh@@', 'ungen', 'mit', 'der', 'd@@', 'rit@@', 't@@', 'größ@@', 'ten', 'Wirtschafts@@', 'n@@', 'ation', 'der', 'Welt', 'zu', 'fes@@', 'tigen', '.']
2025-05-03 12:14:20,928 - DEBUG - joeynmt.training - 	Tokenized reference:  ['Mr', 'Mo@@', 'd@@', 'i', 'is', 'on', 'a', 'fi@@', 've', '@@@', '-@@', '@', 'day', 'tri@@', 'p', 'to', 'J@@', 'ap@@', 'an', 'to', 'streng@@', 'then', 'economic', 'ties', 'with', 'the', 'third', 'lar@@', 'ges@@', 't', 'econom@@', 'y', 'in', 'the', 'world', '.']
2025-05-03 12:14:20,928 - DEBUG - joeynmt.training - 	Tokenized hypothesis: ['Mr', 'Mo@@', 'd@@', 'i', 'is', 'located', 'on', 'a', 'fi@@', 'f@@', 'th', 'of', 'the', 'world', '&apos;s', 'economic', 'rel@@', 'ations', 'with', 'the', 'third', 'lar@@', 'ges@@', 't', 'economic', 'rel@@', 'ations', 'with', 'the', 'third', 'lar@@', 'ges@@', 't', 'economic', 'n@@', 'ation', '.', '</s>']
2025-05-03 12:14:20,928 - INFO - joeynmt.training - 	Source:     Herr Modi befindet sich auf einer fünftägigen Reise nach Japan , um die wirtschaftlichen Beziehungen mit der drittgrößten Wirtschaftsnation der Welt zu festigen .
2025-05-03 12:14:20,928 - INFO - joeynmt.training - 	Reference:  Mr Modi is on a five @-@ day trip to Japan to strengthen economic ties with the third largest economy in the world .
2025-05-03 12:14:20,928 - INFO - joeynmt.training - 	Hypothesis: Mr Modi is located on a fifth of the world &apos;s economic relations with the third largest economic relations with the third largest economic nation .
2025-05-03 12:14:20,928 - INFO - joeynmt.training - Example #3
2025-05-03 12:14:20,929 - DEBUG - joeynmt.training - 	Tokenized source:     ['P@@', 'län@@', 'e', 'für', 'eine', 'stärk@@', 'ere', 'k@@', 'ern@@', 'techn@@', 'ische', 'Zusammenarbeit', 'stehen', 'ganz', 'ob@@', 'en', 'auf', 'der', 'Tag@@', 'es@@', 'ordnung', '.']
2025-05-03 12:14:20,929 - DEBUG - joeynmt.training - 	Tokenized reference:  ['high', 'on', 'the', 'agen@@', 'da', 'are', 'pl@@', 'ans', 'for', 'gre@@', 'ater', 'nu@@', 'clear', 'c@@', 'o', '@@@', '-@@', '@', 'operation', '.']
2025-05-03 12:14:20,929 - DEBUG - joeynmt.training - 	Tokenized hypothesis: ['pl@@', 'ans', 'for', 'more', 'effective', 'techn@@', 'ical', 'cooperation', ',', 'the', 'agen@@', 'da', 'is', 'very', 'very', 'important', 'on', 'the', 'agen@@', 'da', '.', '</s>']
2025-05-03 12:14:20,929 - INFO - joeynmt.training - 	Source:     Pläne für eine stärkere kerntechnische Zusammenarbeit stehen ganz oben auf der Tagesordnung .
2025-05-03 12:14:20,929 - INFO - joeynmt.training - 	Reference:  high on the agenda are plans for greater nuclear co @-@ operation .
2025-05-03 12:14:20,929 - INFO - joeynmt.training - 	Hypothesis: plans for more effective technical cooperation , the agenda is very very important on the agenda .
2025-05-03 12:14:20,929 - INFO - joeynmt.training - Example #4
2025-05-03 12:14:20,929 - DEBUG - joeynmt.training - 	Tokenized source:     ['Berich@@', 'ten', 'zu@@', 'fol@@', 'ge', 'ho@@', 'fft', 'Indi@@', 'en', 'darüber', 'hinaus', 'auf', 'einen', 'Ver@@', 'trag', 'zur', 'Ver@@', 'tei@@', 'dig@@', 'ungs@@', 'zusammen@@', 'arbeit', 'zwischen', 'den', 'beiden', 'N@@', 'ationen', '.']
2025-05-03 12:14:20,929 - DEBUG - joeynmt.training - 	Tokenized reference:  ['Indi@@', 'a', 'is', 'also', 're@@', 'porte@@', 'dly', 'hop@@', 'ing', 'for', 'a', 'de@@', 'al', 'on', 'def@@', 'ence', 'c@@', 'oll@@', 'ab@@', 'or@@', 'ation', 'between', 'the', 'two', 'n@@', 'ations', '.']
2025-05-03 12:14:20,929 - DEBUG - joeynmt.training - 	Tokenized hypothesis: ['the', 'following', 'high@@', 'ly', 'indi@@', 'c@@', 'ate', 'that', 'Indi@@', 'a', 'is', 'also', 'the', 'con@@', 'tra@@', 'ct', 'between', 'the', 'two', 'N@@', 'ations', '.', '</s>']
2025-05-03 12:14:20,929 - INFO - joeynmt.training - 	Source:     Berichten zufolge hofft Indien darüber hinaus auf einen Vertrag zur Verteidigungszusammenarbeit zwischen den beiden Nationen .
2025-05-03 12:14:20,929 - INFO - joeynmt.training - 	Reference:  India is also reportedly hoping for a deal on defence collaboration between the two nations .
2025-05-03 12:14:20,929 - INFO - joeynmt.training - 	Hypothesis: the following highly indicate that India is also the contract between the two Nations .
2025-05-03 12:14:26,335 - INFO - joeynmt.training - Epoch   6, Step:    21100, Batch Loss:     1.779797, Batch Acc: 0.519003, Tokens per Sec:    16388, Lr: 0.000300
2025-05-03 12:14:31,785 - INFO - joeynmt.training - Epoch   6, Step:    21200, Batch Loss:     1.960693, Batch Acc: 0.513086, Tokens per Sec:    16914, Lr: 0.000300
2025-05-03 12:14:37,181 - INFO - joeynmt.training - Epoch   6, Step:    21300, Batch Loss:     1.883143, Batch Acc: 0.516193, Tokens per Sec:    17266, Lr: 0.000300
2025-05-03 12:14:42,854 - INFO - joeynmt.training - Epoch   6, Step:    21400, Batch Loss:     1.718374, Batch Acc: 0.516009, Tokens per Sec:    16001, Lr: 0.000300
2025-05-03 12:14:48,432 - INFO - joeynmt.training - Epoch   6, Step:    21500, Batch Loss:     1.697607, Batch Acc: 0.517782, Tokens per Sec:    16407, Lr: 0.000300
2025-05-03 12:14:48,433 - INFO - joeynmt.prediction - Predicting 500 example(s)... (Greedy decoding with min_output_length=1, max_output_length=-1, return_prob='none', generate_unk=True, repetition_penalty=-1, no_repeat_ngram_size=-1)
2025-05-03 12:14:53,706 - INFO - joeynmt.prediction - Evaluation result (greedy) loss:   2.15, ppl:   8.59, acc:   0.44, generation: 5.2670[sec], evaluation: 0.0000[sec]
2025-05-03 12:14:53,707 - INFO - joeynmt.training - Hooray! New best validation result [ppl]!
2025-05-03 12:14:53,787 - INFO - joeynmt.helpers - delete models/deen_transformer_pre/19000.ckpt
2025-05-03 12:14:53,794 - INFO - joeynmt.training - Example #0
2025-05-03 12:14:53,794 - DEBUG - joeynmt.training - 	Tokenized source:     ['die', 'Pre@@', 'mi@@', 'er@@', 'minist@@', 'er', 'Indi@@', 'ens', 'und', 'J@@', 'ap@@', 'ans', 'tra@@', 'fen', 'sich', 'in', 'T@@', 'ok@@', 'i@@', 'o', '.']
2025-05-03 12:14:53,794 - DEBUG - joeynmt.training - 	Tokenized reference:  ['Indi@@', 'a', 'and', 'J@@', 'ap@@', 'an', 'pri@@', 'me', 'minist@@', 'ers', 'me@@', 'et', 'in', 'T@@', 'ok@@', 'y@@', 'o']
2025-05-03 12:14:53,794 - DEBUG - joeynmt.training - 	Tokenized hypothesis: ['the', 'Pri@@', 'me', 'Minist@@', 'er', 'Indi@@', 'a', 'and', 'J@@', 'ap@@', 'an', 'are', 'con@@', 'st@@', 'ant', 'to', 'T@@', 'ok@@', 'i@@', 'o', '.', '</s>']
2025-05-03 12:14:53,795 - INFO - joeynmt.training - 	Source:     die Premierminister Indiens und Japans trafen sich in Tokio .
2025-05-03 12:14:53,795 - INFO - joeynmt.training - 	Reference:  India and Japan prime ministers meet in Tokyo
2025-05-03 12:14:53,795 - INFO - joeynmt.training - 	Hypothesis: the Prime Minister India and Japan are constant to Tokio .
2025-05-03 12:14:53,795 - INFO - joeynmt.training - Example #1
2025-05-03 12:14:53,795 - DEBUG - joeynmt.training - 	Tokenized source:     ['Indi@@', 'ens', 'neu@@', 'er', 'Pre@@', 'mi@@', 'er@@', 'minist@@', 'er', 'N@@', 'ar@@', 'end@@', 'ra', 'Mo@@', 'd@@', 'i', 'tri@@', 'fft', 'bei', 's@@', 'einem', 'ersten', 'wichti@@', 'gen', 'Aus@@', 'land@@', 's@@', 'bes@@', 'u@@', 'ch', 'seit', 's@@', 'einem', 'W@@', 'ah@@', 'l@@', 'si@@', 'e@@', 'g', 'im', 'Ma@@', 'i', 'seinen', 'j@@', 'ap@@', 'an@@', 'ischen', 'Am@@', 'ts@@', 'k@@', 'olle@@', 'gen', 'S@@', 'hin@@', 'z@@', 'o', 'A@@', 'be', 'in', 'T@@', 'ok@@', 'o', ',', 'um', 'wirtschaf@@', 'tliche', 'und', 'sicher@@', 'heits@@', 'politische', 'Be@@', 'zieh@@', 'ungen', 'zu', 'bes@@', 'pre@@', 'chen', '.']
2025-05-03 12:14:53,795 - DEBUG - joeynmt.training - 	Tokenized reference:  ['Indi@@', 'a', '&apos;s', 'new', 'pri@@', 'me', 'minist@@', 'er', ',', 'N@@', 'ar@@', 'end@@', 'ra', 'Mo@@', 'd@@', 'i', ',', 'is', 'me@@', 'eting', 'his', 'J@@', 'ap@@', 'an@@', 'ese', 'coun@@', 'ter@@', 'part', ',', 'S@@', 'hin@@', 'z@@', 'o', 'A@@', 'be', ',', 'in', 'T@@', 'ok@@', 'y@@', 'o', 'to', 'disc@@', 'uss', 'economic', 'and', 'security', 'ties', ',', 'on', 'his', 'first', 'major', 'fore@@', 'ign', 'visi@@', 't', 'since', 'w@@', 'inn@@', 'ing', 'Ma@@', 'y', '&apos;s', 'elec@@', 'tion', '.']
2025-05-03 12:14:53,795 - DEBUG - joeynmt.training - 	Tokenized hypothesis: ['Indi@@', 'a', '&apos;s', 'new', 'Pri@@', 'me', 'Minist@@', 'er', 'N@@', 'ar@@', 'end@@', 'ra', 'Mo@@', 'd@@', 'i', ',', 'in', 'his', 'first', 'important', 'ex@@', 'change', ',', 'in', 'the', 'M@@', 'ini@@', 'stry', 'of', 'S@@', 'hin@@', 'z@@', 'o', 'A@@', 'be', 'in', 'T@@', 'ok@@', 'o', ',', 'the', 'J@@', 'ap@@', 'an', 'S@@', 'hin@@', 'z@@', 'o', 'A@@', 'be', 'in', 'T@@', 'ok@@', 'o', ',', 'and', 'the', 'con@@', 'sequ@@', 'ences', '.', '</s>']
2025-05-03 12:14:53,795 - INFO - joeynmt.training - 	Source:     Indiens neuer Premierminister Narendra Modi trifft bei seinem ersten wichtigen Auslandsbesuch seit seinem Wahlsieg im Mai seinen japanischen Amtskollegen Shinzo Abe in Toko , um wirtschaftliche und sicherheitspolitische Beziehungen zu besprechen .
2025-05-03 12:14:53,795 - INFO - joeynmt.training - 	Reference:  India &apos;s new prime minister , Narendra Modi , is meeting his Japanese counterpart , Shinzo Abe , in Tokyo to discuss economic and security ties , on his first major foreign visit since winning May &apos;s election .
2025-05-03 12:14:53,795 - INFO - joeynmt.training - 	Hypothesis: India &apos;s new Prime Minister Narendra Modi , in his first important exchange , in the Ministry of Shinzo Abe in Toko , the Japan Shinzo Abe in Toko , and the consequences .
2025-05-03 12:14:53,795 - INFO - joeynmt.training - Example #2
2025-05-03 12:14:53,795 - DEBUG - joeynmt.training - 	Tokenized source:     ['Herr', 'Mo@@', 'd@@', 'i', 'befindet', 'sich', 'auf', 'einer', 'fü@@', 'n@@', 'f@@', 'tä@@', 'gi@@', 'gen', 'Rei@@', 'se', 'nach', 'J@@', 'ap@@', 'an', ',', 'um', 'die', 'wirtschaf@@', 'tlichen', 'Be@@', 'zieh@@', 'ungen', 'mit', 'der', 'd@@', 'rit@@', 't@@', 'größ@@', 'ten', 'Wirtschafts@@', 'n@@', 'ation', 'der', 'Welt', 'zu', 'fes@@', 'tigen', '.']
2025-05-03 12:14:53,795 - DEBUG - joeynmt.training - 	Tokenized reference:  ['Mr', 'Mo@@', 'd@@', 'i', 'is', 'on', 'a', 'fi@@', 've', '@@@', '-@@', '@', 'day', 'tri@@', 'p', 'to', 'J@@', 'ap@@', 'an', 'to', 'streng@@', 'then', 'economic', 'ties', 'with', 'the', 'third', 'lar@@', 'ges@@', 't', 'econom@@', 'y', 'in', 'the', 'world', '.']
2025-05-03 12:14:53,795 - DEBUG - joeynmt.training - 	Tokenized hypothesis: ['Mr', 'Mo@@', 'd@@', 'i', 'is', 'on', 'a', 'fi@@', 'f@@', 'te@@', 'en', 'number', 'of', 'yo@@', 'ung', 'people', 'to', 'J@@', 'ap@@', 'an', ',', 'to', 'the', 'economic', 'rel@@', 'ations', 'with', 'the', 'third', 'lar@@', 'ges@@', 't', 'economic', 'n@@', 'ation', '.', '</s>']
2025-05-03 12:14:53,795 - INFO - joeynmt.training - 	Source:     Herr Modi befindet sich auf einer fünftägigen Reise nach Japan , um die wirtschaftlichen Beziehungen mit der drittgrößten Wirtschaftsnation der Welt zu festigen .
2025-05-03 12:14:53,796 - INFO - joeynmt.training - 	Reference:  Mr Modi is on a five @-@ day trip to Japan to strengthen economic ties with the third largest economy in the world .
2025-05-03 12:14:53,796 - INFO - joeynmt.training - 	Hypothesis: Mr Modi is on a fifteen number of young people to Japan , to the economic relations with the third largest economic nation .
2025-05-03 12:14:53,796 - INFO - joeynmt.training - Example #3
2025-05-03 12:14:53,796 - DEBUG - joeynmt.training - 	Tokenized source:     ['P@@', 'län@@', 'e', 'für', 'eine', 'stärk@@', 'ere', 'k@@', 'ern@@', 'techn@@', 'ische', 'Zusammenarbeit', 'stehen', 'ganz', 'ob@@', 'en', 'auf', 'der', 'Tag@@', 'es@@', 'ordnung', '.']
2025-05-03 12:14:53,796 - DEBUG - joeynmt.training - 	Tokenized reference:  ['high', 'on', 'the', 'agen@@', 'da', 'are', 'pl@@', 'ans', 'for', 'gre@@', 'ater', 'nu@@', 'clear', 'c@@', 'o', '@@@', '-@@', '@', 'operation', '.']
2025-05-03 12:14:53,796 - DEBUG - joeynmt.training - 	Tokenized hypothesis: ['pl@@', 'ans', 'for', 'a', 'more', 'nu@@', 'clear', 'techn@@', 'ical', 'cooperation', 'is', 'qu@@', 'ite', 'ri@@', 'gh@@', 'tly', 'on', 'the', 'agen@@', 'da', '.', '</s>']
2025-05-03 12:14:53,796 - INFO - joeynmt.training - 	Source:     Pläne für eine stärkere kerntechnische Zusammenarbeit stehen ganz oben auf der Tagesordnung .
2025-05-03 12:14:53,796 - INFO - joeynmt.training - 	Reference:  high on the agenda are plans for greater nuclear co @-@ operation .
2025-05-03 12:14:53,796 - INFO - joeynmt.training - 	Hypothesis: plans for a more nuclear technical cooperation is quite rightly on the agenda .
2025-05-03 12:14:53,796 - INFO - joeynmt.training - Example #4
2025-05-03 12:14:53,796 - DEBUG - joeynmt.training - 	Tokenized source:     ['Berich@@', 'ten', 'zu@@', 'fol@@', 'ge', 'ho@@', 'fft', 'Indi@@', 'en', 'darüber', 'hinaus', 'auf', 'einen', 'Ver@@', 'trag', 'zur', 'Ver@@', 'tei@@', 'dig@@', 'ungs@@', 'zusammen@@', 'arbeit', 'zwischen', 'den', 'beiden', 'N@@', 'ationen', '.']
2025-05-03 12:14:53,796 - DEBUG - joeynmt.training - 	Tokenized reference:  ['Indi@@', 'a', 'is', 'also', 're@@', 'porte@@', 'dly', 'hop@@', 'ing', 'for', 'a', 'de@@', 'al', 'on', 'def@@', 'ence', 'c@@', 'oll@@', 'ab@@', 'or@@', 'ation', 'between', 'the', 'two', 'n@@', 'ations', '.']
2025-05-03 12:14:53,797 - DEBUG - joeynmt.training - 	Tokenized hypothesis: ['re@@', 'ports', ',', 'the', 'following', 'high@@', 'li@@', 'ghts', 'of', 'the', 'same', ',', 'the', 'con@@', 'tra@@', 'ct', 'cooperation', 'between', 'the', 'two', 'N@@', 'ations', '.', '</s>']
2025-05-03 12:14:53,797 - INFO - joeynmt.training - 	Source:     Berichten zufolge hofft Indien darüber hinaus auf einen Vertrag zur Verteidigungszusammenarbeit zwischen den beiden Nationen .
2025-05-03 12:14:53,797 - INFO - joeynmt.training - 	Reference:  India is also reportedly hoping for a deal on defence collaboration between the two nations .
2025-05-03 12:14:53,797 - INFO - joeynmt.training - 	Hypothesis: reports , the following highlights of the same , the contract cooperation between the two Nations .
2025-05-03 12:14:59,256 - INFO - joeynmt.training - Epoch   6, Step:    21600, Batch Loss:     1.775749, Batch Acc: 0.509831, Tokens per Sec:    16170, Lr: 0.000300
2025-05-03 12:15:04,746 - INFO - joeynmt.training - Epoch   6, Step:    21700, Batch Loss:     1.815961, Batch Acc: 0.519289, Tokens per Sec:    16552, Lr: 0.000300
2025-05-03 12:15:10,164 - INFO - joeynmt.training - Epoch   6, Step:    21800, Batch Loss:     1.772022, Batch Acc: 0.511820, Tokens per Sec:    17004, Lr: 0.000300
2025-05-03 12:15:15,640 - INFO - joeynmt.training - Epoch   6, Step:    21900, Batch Loss:     1.922952, Batch Acc: 0.513626, Tokens per Sec:    16987, Lr: 0.000300
2025-05-03 12:15:21,186 - INFO - joeynmt.training - Epoch   6, Step:    22000, Batch Loss:     1.612851, Batch Acc: 0.512607, Tokens per Sec:    16363, Lr: 0.000300
2025-05-03 12:15:21,186 - INFO - joeynmt.prediction - Predicting 500 example(s)... (Greedy decoding with min_output_length=1, max_output_length=-1, return_prob='none', generate_unk=True, repetition_penalty=-1, no_repeat_ngram_size=-1)
2025-05-03 12:15:26,413 - INFO - joeynmt.prediction - Evaluation result (greedy) loss:   2.14, ppl:   8.54, acc:   0.45, generation: 5.2194[sec], evaluation: 0.0000[sec]
2025-05-03 12:15:26,414 - INFO - joeynmt.training - Hooray! New best validation result [ppl]!
2025-05-03 12:15:26,495 - INFO - joeynmt.helpers - delete models/deen_transformer_pre/21000.ckpt
2025-05-03 12:15:26,500 - INFO - joeynmt.training - Example #0
2025-05-03 12:15:26,501 - DEBUG - joeynmt.training - 	Tokenized source:     ['die', 'Pre@@', 'mi@@', 'er@@', 'minist@@', 'er', 'Indi@@', 'ens', 'und', 'J@@', 'ap@@', 'ans', 'tra@@', 'fen', 'sich', 'in', 'T@@', 'ok@@', 'i@@', 'o', '.']
2025-05-03 12:15:26,501 - DEBUG - joeynmt.training - 	Tokenized reference:  ['Indi@@', 'a', 'and', 'J@@', 'ap@@', 'an', 'pri@@', 'me', 'minist@@', 'ers', 'me@@', 'et', 'in', 'T@@', 'ok@@', 'y@@', 'o']
2025-05-03 12:15:26,501 - DEBUG - joeynmt.training - 	Tokenized hypothesis: ['Pri@@', 'me', 'Minist@@', 'er', 'Indi@@', 'a', 'and', 'J@@', 'ap@@', 'an', 'Indi@@', 'a', 'and', 'J@@', 'ap@@', 'an', '&apos;s', '&apos;s', 'Pri@@', 'me', 'Minist@@', 'er', 'of', 'Indi@@', 'a', 'and', 'J@@', 'ap@@', 'an', '.', '</s>']
2025-05-03 12:15:26,501 - INFO - joeynmt.training - 	Source:     die Premierminister Indiens und Japans trafen sich in Tokio .
2025-05-03 12:15:26,501 - INFO - joeynmt.training - 	Reference:  India and Japan prime ministers meet in Tokyo
2025-05-03 12:15:26,501 - INFO - joeynmt.training - 	Hypothesis: Prime Minister India and Japan India and Japan &apos;s &apos;s Prime Minister of India and Japan .
2025-05-03 12:15:26,501 - INFO - joeynmt.training - Example #1
2025-05-03 12:15:26,501 - DEBUG - joeynmt.training - 	Tokenized source:     ['Indi@@', 'ens', 'neu@@', 'er', 'Pre@@', 'mi@@', 'er@@', 'minist@@', 'er', 'N@@', 'ar@@', 'end@@', 'ra', 'Mo@@', 'd@@', 'i', 'tri@@', 'fft', 'bei', 's@@', 'einem', 'ersten', 'wichti@@', 'gen', 'Aus@@', 'land@@', 's@@', 'bes@@', 'u@@', 'ch', 'seit', 's@@', 'einem', 'W@@', 'ah@@', 'l@@', 'si@@', 'e@@', 'g', 'im', 'Ma@@', 'i', 'seinen', 'j@@', 'ap@@', 'an@@', 'ischen', 'Am@@', 'ts@@', 'k@@', 'olle@@', 'gen', 'S@@', 'hin@@', 'z@@', 'o', 'A@@', 'be', 'in', 'T@@', 'ok@@', 'o', ',', 'um', 'wirtschaf@@', 'tliche', 'und', 'sicher@@', 'heits@@', 'politische', 'Be@@', 'zieh@@', 'ungen', 'zu', 'bes@@', 'pre@@', 'chen', '.']
2025-05-03 12:15:26,501 - DEBUG - joeynmt.training - 	Tokenized reference:  ['Indi@@', 'a', '&apos;s', 'new', 'pri@@', 'me', 'minist@@', 'er', ',', 'N@@', 'ar@@', 'end@@', 'ra', 'Mo@@', 'd@@', 'i', ',', 'is', 'me@@', 'eting', 'his', 'J@@', 'ap@@', 'an@@', 'ese', 'coun@@', 'ter@@', 'part', ',', 'S@@', 'hin@@', 'z@@', 'o', 'A@@', 'be', ',', 'in', 'T@@', 'ok@@', 'y@@', 'o', 'to', 'disc@@', 'uss', 'economic', 'and', 'security', 'ties', ',', 'on', 'his', 'first', 'major', 'fore@@', 'ign', 'visi@@', 't', 'since', 'w@@', 'inn@@', 'ing', 'Ma@@', 'y', '&apos;s', 'elec@@', 'tion', '.']
2025-05-03 12:15:26,501 - DEBUG - joeynmt.training - 	Tokenized hypothesis: ['Indi@@', 'a', '&apos;s', 'new', 'Pri@@', 'me', 'Minist@@', 'er', 'N@@', 'ar@@', 'end@@', 'ra', 'Mo@@', 'd@@', 'i', '&apos;s', 'Ne@@', 'ther@@', 'land@@', 's', ',', 'S@@', 'hin@@', 'z@@', 'o', 'A@@', 'be', 'in', 'T@@', 'ok@@', 'o', ',', 'in', 'Ma@@', 'y', 'his', 'J@@', 'ap@@', 'an', 'M@@', 'il@@', 'an', 'M@@', 'em@@', 'i', 'C@@', 'olle@@', 'ge', 'S@@', 'hin@@', 'z@@', 'o', 'A@@', 'be', 'T@@', 'ok@@', 'o', ',', 'to', 'the', 'economic', 'and', 'saf@@', 'ety', 'political', 'rel@@', 'ations', '.', '</s>']
2025-05-03 12:15:26,502 - INFO - joeynmt.training - 	Source:     Indiens neuer Premierminister Narendra Modi trifft bei seinem ersten wichtigen Auslandsbesuch seit seinem Wahlsieg im Mai seinen japanischen Amtskollegen Shinzo Abe in Toko , um wirtschaftliche und sicherheitspolitische Beziehungen zu besprechen .
2025-05-03 12:15:26,502 - INFO - joeynmt.training - 	Reference:  India &apos;s new prime minister , Narendra Modi , is meeting his Japanese counterpart , Shinzo Abe , in Tokyo to discuss economic and security ties , on his first major foreign visit since winning May &apos;s election .
2025-05-03 12:15:26,502 - INFO - joeynmt.training - 	Hypothesis: India &apos;s new Prime Minister Narendra Modi &apos;s Netherlands , Shinzo Abe in Toko , in May his Japan Milan Memi College Shinzo Abe Toko , to the economic and safety political relations .
2025-05-03 12:15:26,502 - INFO - joeynmt.training - Example #2
2025-05-03 12:15:26,502 - DEBUG - joeynmt.training - 	Tokenized source:     ['Herr', 'Mo@@', 'd@@', 'i', 'befindet', 'sich', 'auf', 'einer', 'fü@@', 'n@@', 'f@@', 'tä@@', 'gi@@', 'gen', 'Rei@@', 'se', 'nach', 'J@@', 'ap@@', 'an', ',', 'um', 'die', 'wirtschaf@@', 'tlichen', 'Be@@', 'zieh@@', 'ungen', 'mit', 'der', 'd@@', 'rit@@', 't@@', 'größ@@', 'ten', 'Wirtschafts@@', 'n@@', 'ation', 'der', 'Welt', 'zu', 'fes@@', 'tigen', '.']
2025-05-03 12:15:26,502 - DEBUG - joeynmt.training - 	Tokenized reference:  ['Mr', 'Mo@@', 'd@@', 'i', 'is', 'on', 'a', 'fi@@', 've', '@@@', '-@@', '@', 'day', 'tri@@', 'p', 'to', 'J@@', 'ap@@', 'an', 'to', 'streng@@', 'then', 'economic', 'ties', 'with', 'the', 'third', 'lar@@', 'ges@@', 't', 'econom@@', 'y', 'in', 'the', 'world', '.']
2025-05-03 12:15:26,502 - DEBUG - joeynmt.training - 	Tokenized hypothesis: ['Mr', 'Mo@@', 'd@@', 'i', 'is', 'on', 'a', 'fi@@', 'f@@', 'ty', 'of', 'the', 'world', '&apos;s', 'economic', 'rel@@', 'ations', 'with', 'the', 'third', 'lar@@', 'ges@@', 't', 'economic', 'rel@@', 'ations', 'with', 'the', 'third', 'lar@@', 'ges@@', 't', 'economic', 'rel@@', 'ations', 'with', 'the', 'third', 'lar@@', 'ges@@', 't', 'economic', 'n@@', 'ation', 'of', 'the', 'world', '.', '</s>']
2025-05-03 12:15:26,502 - INFO - joeynmt.training - 	Source:     Herr Modi befindet sich auf einer fünftägigen Reise nach Japan , um die wirtschaftlichen Beziehungen mit der drittgrößten Wirtschaftsnation der Welt zu festigen .
2025-05-03 12:15:26,502 - INFO - joeynmt.training - 	Reference:  Mr Modi is on a five @-@ day trip to Japan to strengthen economic ties with the third largest economy in the world .
2025-05-03 12:15:26,502 - INFO - joeynmt.training - 	Hypothesis: Mr Modi is on a fifty of the world &apos;s economic relations with the third largest economic relations with the third largest economic relations with the third largest economic nation of the world .
2025-05-03 12:15:26,502 - INFO - joeynmt.training - Example #3
2025-05-03 12:15:26,502 - DEBUG - joeynmt.training - 	Tokenized source:     ['P@@', 'län@@', 'e', 'für', 'eine', 'stärk@@', 'ere', 'k@@', 'ern@@', 'techn@@', 'ische', 'Zusammenarbeit', 'stehen', 'ganz', 'ob@@', 'en', 'auf', 'der', 'Tag@@', 'es@@', 'ordnung', '.']
2025-05-03 12:15:26,502 - DEBUG - joeynmt.training - 	Tokenized reference:  ['high', 'on', 'the', 'agen@@', 'da', 'are', 'pl@@', 'ans', 'for', 'gre@@', 'ater', 'nu@@', 'clear', 'c@@', 'o', '@@@', '-@@', '@', 'operation', '.']
2025-05-03 12:15:26,503 - DEBUG - joeynmt.training - 	Tokenized hypothesis: ['pl@@', 'ans', 'for', 'gre@@', 'ater', 'nu@@', 'clear', 'techn@@', 'ical', 'cooperation', 'are', 'enti@@', 't@@', 'led', 'to', 'the', 'agen@@', 'da', '.', '</s>']
2025-05-03 12:15:26,503 - INFO - joeynmt.training - 	Source:     Pläne für eine stärkere kerntechnische Zusammenarbeit stehen ganz oben auf der Tagesordnung .
2025-05-03 12:15:26,503 - INFO - joeynmt.training - 	Reference:  high on the agenda are plans for greater nuclear co @-@ operation .
2025-05-03 12:15:26,503 - INFO - joeynmt.training - 	Hypothesis: plans for greater nuclear technical cooperation are entitled to the agenda .
2025-05-03 12:15:26,503 - INFO - joeynmt.training - Example #4
2025-05-03 12:15:26,503 - DEBUG - joeynmt.training - 	Tokenized source:     ['Berich@@', 'ten', 'zu@@', 'fol@@', 'ge', 'ho@@', 'fft', 'Indi@@', 'en', 'darüber', 'hinaus', 'auf', 'einen', 'Ver@@', 'trag', 'zur', 'Ver@@', 'tei@@', 'dig@@', 'ungs@@', 'zusammen@@', 'arbeit', 'zwischen', 'den', 'beiden', 'N@@', 'ationen', '.']
2025-05-03 12:15:26,503 - DEBUG - joeynmt.training - 	Tokenized reference:  ['Indi@@', 'a', 'is', 'also', 're@@', 'porte@@', 'dly', 'hop@@', 'ing', 'for', 'a', 'de@@', 'al', 'on', 'def@@', 'ence', 'c@@', 'oll@@', 'ab@@', 'or@@', 'ation', 'between', 'the', 'two', 'n@@', 'ations', '.']
2025-05-03 12:15:26,503 - DEBUG - joeynmt.training - 	Tokenized hypothesis: ['re@@', 'ports', ',', 'the', 'following', 'sign@@', 'ific@@', 'ance', 'of', 'the', 'following', 'a', 'con@@', 'tra@@', 'ct', 'cooperation', 'between', 'the', 'two', 'N@@', 'ations', '.', '</s>']
2025-05-03 12:15:26,503 - INFO - joeynmt.training - 	Source:     Berichten zufolge hofft Indien darüber hinaus auf einen Vertrag zur Verteidigungszusammenarbeit zwischen den beiden Nationen .
2025-05-03 12:15:26,503 - INFO - joeynmt.training - 	Reference:  India is also reportedly hoping for a deal on defence collaboration between the two nations .
2025-05-03 12:15:26,503 - INFO - joeynmt.training - 	Hypothesis: reports , the following significance of the following a contract cooperation between the two Nations .
2025-05-03 12:15:32,004 - INFO - joeynmt.training - Epoch   6, Step:    22100, Batch Loss:     1.680511, Batch Acc: 0.510616, Tokens per Sec:    16320, Lr: 0.000300
2025-05-03 12:15:37,317 - INFO - joeynmt.training - Epoch   6, Step:    22200, Batch Loss:     1.889784, Batch Acc: 0.513984, Tokens per Sec:    17327, Lr: 0.000300
2025-05-03 12:15:42,781 - INFO - joeynmt.training - Epoch   6, Step:    22300, Batch Loss:     1.840198, Batch Acc: 0.507585, Tokens per Sec:    17060, Lr: 0.000300
2025-05-03 12:15:48,271 - INFO - joeynmt.training - Epoch   6, Step:    22400, Batch Loss:     2.079433, Batch Acc: 0.511329, Tokens per Sec:    16570, Lr: 0.000300
2025-05-03 12:15:53,686 - INFO - joeynmt.training - Epoch   6, Step:    22500, Batch Loss:     1.912307, Batch Acc: 0.509089, Tokens per Sec:    17139, Lr: 0.000300
2025-05-03 12:15:53,686 - INFO - joeynmt.prediction - Predicting 500 example(s)... (Greedy decoding with min_output_length=1, max_output_length=-1, return_prob='none', generate_unk=True, repetition_penalty=-1, no_repeat_ngram_size=-1)
2025-05-03 12:15:59,311 - INFO - joeynmt.prediction - Evaluation result (greedy) loss:   2.15, ppl:   8.59, acc:   0.44, generation: 5.6161[sec], evaluation: 0.0000[sec]
2025-05-03 12:15:59,395 - INFO - joeynmt.helpers - delete models/deen_transformer_pre/19500.ckpt
2025-05-03 12:15:59,400 - INFO - joeynmt.training - Example #0
2025-05-03 12:15:59,400 - DEBUG - joeynmt.training - 	Tokenized source:     ['die', 'Pre@@', 'mi@@', 'er@@', 'minist@@', 'er', 'Indi@@', 'ens', 'und', 'J@@', 'ap@@', 'ans', 'tra@@', 'fen', 'sich', 'in', 'T@@', 'ok@@', 'i@@', 'o', '.']
2025-05-03 12:15:59,400 - DEBUG - joeynmt.training - 	Tokenized reference:  ['Indi@@', 'a', 'and', 'J@@', 'ap@@', 'an', 'pri@@', 'me', 'minist@@', 'ers', 'me@@', 'et', 'in', 'T@@', 'ok@@', 'y@@', 'o']
2025-05-03 12:15:59,400 - DEBUG - joeynmt.training - 	Tokenized hypothesis: ['the', 'Pri@@', 'me', 'Minist@@', 'er', 'Indi@@', 'a', 'and', 'J@@', 'ap@@', 'an', '.', '</s>']
2025-05-03 12:15:59,400 - INFO - joeynmt.training - 	Source:     die Premierminister Indiens und Japans trafen sich in Tokio .
2025-05-03 12:15:59,400 - INFO - joeynmt.training - 	Reference:  India and Japan prime ministers meet in Tokyo
2025-05-03 12:15:59,400 - INFO - joeynmt.training - 	Hypothesis: the Prime Minister India and Japan .
2025-05-03 12:15:59,401 - INFO - joeynmt.training - Example #1
2025-05-03 12:15:59,401 - DEBUG - joeynmt.training - 	Tokenized source:     ['Indi@@', 'ens', 'neu@@', 'er', 'Pre@@', 'mi@@', 'er@@', 'minist@@', 'er', 'N@@', 'ar@@', 'end@@', 'ra', 'Mo@@', 'd@@', 'i', 'tri@@', 'fft', 'bei', 's@@', 'einem', 'ersten', 'wichti@@', 'gen', 'Aus@@', 'land@@', 's@@', 'bes@@', 'u@@', 'ch', 'seit', 's@@', 'einem', 'W@@', 'ah@@', 'l@@', 'si@@', 'e@@', 'g', 'im', 'Ma@@', 'i', 'seinen', 'j@@', 'ap@@', 'an@@', 'ischen', 'Am@@', 'ts@@', 'k@@', 'olle@@', 'gen', 'S@@', 'hin@@', 'z@@', 'o', 'A@@', 'be', 'in', 'T@@', 'ok@@', 'o', ',', 'um', 'wirtschaf@@', 'tliche', 'und', 'sicher@@', 'heits@@', 'politische', 'Be@@', 'zieh@@', 'ungen', 'zu', 'bes@@', 'pre@@', 'chen', '.']
2025-05-03 12:15:59,401 - DEBUG - joeynmt.training - 	Tokenized reference:  ['Indi@@', 'a', '&apos;s', 'new', 'pri@@', 'me', 'minist@@', 'er', ',', 'N@@', 'ar@@', 'end@@', 'ra', 'Mo@@', 'd@@', 'i', ',', 'is', 'me@@', 'eting', 'his', 'J@@', 'ap@@', 'an@@', 'ese', 'coun@@', 'ter@@', 'part', ',', 'S@@', 'hin@@', 'z@@', 'o', 'A@@', 'be', ',', 'in', 'T@@', 'ok@@', 'y@@', 'o', 'to', 'disc@@', 'uss', 'economic', 'and', 'security', 'ties', ',', 'on', 'his', 'first', 'major', 'fore@@', 'ign', 'visi@@', 't', 'since', 'w@@', 'inn@@', 'ing', 'Ma@@', 'y', '&apos;s', 'elec@@', 'tion', '.']
2025-05-03 12:15:59,401 - DEBUG - joeynmt.training - 	Tokenized hypothesis: ['Indi@@', 'a', 'new', 'Pri@@', 'me', 'Minist@@', 'er', 'N@@', 'ar@@', 'end@@', 'ra', 'Mo@@', 'd@@', 'i', ',', 'the', 'first', 'important', 'fore@@', 'ign', ',', 'the', 'first', 'important', 'fore@@', 'ign', ',', 'for', 'his', 'first', 'time', ',', 'the', 'J@@', 'ap@@', 'an@@', 'ese', 'S@@', 'hin@@', 'z@@', 'o', 'A@@', 'be', 'in', 'T@@', 'ok@@', 'o', ',', 'and', 'saf@@', 'ety', 'political', 'rel@@', 'ations', 'with', 'regard', 'to', 'the', 'economic', 'and', 'saf@@', 'ety', 'political', 'rel@@', 'ations', '.', '</s>']
2025-05-03 12:15:59,401 - INFO - joeynmt.training - 	Source:     Indiens neuer Premierminister Narendra Modi trifft bei seinem ersten wichtigen Auslandsbesuch seit seinem Wahlsieg im Mai seinen japanischen Amtskollegen Shinzo Abe in Toko , um wirtschaftliche und sicherheitspolitische Beziehungen zu besprechen .
2025-05-03 12:15:59,401 - INFO - joeynmt.training - 	Reference:  India &apos;s new prime minister , Narendra Modi , is meeting his Japanese counterpart , Shinzo Abe , in Tokyo to discuss economic and security ties , on his first major foreign visit since winning May &apos;s election .
2025-05-03 12:15:59,401 - INFO - joeynmt.training - 	Hypothesis: India new Prime Minister Narendra Modi , the first important foreign , the first important foreign , for his first time , the Japanese Shinzo Abe in Toko , and safety political relations with regard to the economic and safety political relations .
2025-05-03 12:15:59,401 - INFO - joeynmt.training - Example #2
2025-05-03 12:15:59,401 - DEBUG - joeynmt.training - 	Tokenized source:     ['Herr', 'Mo@@', 'd@@', 'i', 'befindet', 'sich', 'auf', 'einer', 'fü@@', 'n@@', 'f@@', 'tä@@', 'gi@@', 'gen', 'Rei@@', 'se', 'nach', 'J@@', 'ap@@', 'an', ',', 'um', 'die', 'wirtschaf@@', 'tlichen', 'Be@@', 'zieh@@', 'ungen', 'mit', 'der', 'd@@', 'rit@@', 't@@', 'größ@@', 'ten', 'Wirtschafts@@', 'n@@', 'ation', 'der', 'Welt', 'zu', 'fes@@', 'tigen', '.']
2025-05-03 12:15:59,401 - DEBUG - joeynmt.training - 	Tokenized reference:  ['Mr', 'Mo@@', 'd@@', 'i', 'is', 'on', 'a', 'fi@@', 've', '@@@', '-@@', '@', 'day', 'tri@@', 'p', 'to', 'J@@', 'ap@@', 'an', 'to', 'streng@@', 'then', 'economic', 'ties', 'with', 'the', 'third', 'lar@@', 'ges@@', 't', 'econom@@', 'y', 'in', 'the', 'world', '.']
2025-05-03 12:15:59,401 - DEBUG - joeynmt.training - 	Tokenized hypothesis: ['Mr', 'Mo@@', 'd@@', 'i', 'is', 'on', 'a', 'fi@@', 'f@@', 'th', 'of', 'a', 'fi@@', 'f@@', 'ty', 'of', 'J@@', 'ap@@', 'an', ',', 'to', 'order', 'economic', 'rel@@', 'ations', 'with', 'the', 'third', 'lar@@', 'ges@@', 't', 'economic', 'rel@@', 'ations', '.', '</s>']
2025-05-03 12:15:59,402 - INFO - joeynmt.training - 	Source:     Herr Modi befindet sich auf einer fünftägigen Reise nach Japan , um die wirtschaftlichen Beziehungen mit der drittgrößten Wirtschaftsnation der Welt zu festigen .
2025-05-03 12:15:59,402 - INFO - joeynmt.training - 	Reference:  Mr Modi is on a five @-@ day trip to Japan to strengthen economic ties with the third largest economy in the world .
2025-05-03 12:15:59,402 - INFO - joeynmt.training - 	Hypothesis: Mr Modi is on a fifth of a fifty of Japan , to order economic relations with the third largest economic relations .
2025-05-03 12:15:59,402 - INFO - joeynmt.training - Example #3
2025-05-03 12:15:59,402 - DEBUG - joeynmt.training - 	Tokenized source:     ['P@@', 'län@@', 'e', 'für', 'eine', 'stärk@@', 'ere', 'k@@', 'ern@@', 'techn@@', 'ische', 'Zusammenarbeit', 'stehen', 'ganz', 'ob@@', 'en', 'auf', 'der', 'Tag@@', 'es@@', 'ordnung', '.']
2025-05-03 12:15:59,402 - DEBUG - joeynmt.training - 	Tokenized reference:  ['high', 'on', 'the', 'agen@@', 'da', 'are', 'pl@@', 'ans', 'for', 'gre@@', 'ater', 'nu@@', 'clear', 'c@@', 'o', '@@@', '-@@', '@', 'operation', '.']
2025-05-03 12:15:59,402 - DEBUG - joeynmt.training - 	Tokenized hypothesis: ['pl@@', 'ans', 'for', 'more', 'more', 'nu@@', 'clear', 'techn@@', 'ical', 'cooperation', 'are', 'enti@@', 't@@', 'led', 'to', 'the', 'agen@@', 'da', '.', '</s>']
2025-05-03 12:15:59,402 - INFO - joeynmt.training - 	Source:     Pläne für eine stärkere kerntechnische Zusammenarbeit stehen ganz oben auf der Tagesordnung .
2025-05-03 12:15:59,402 - INFO - joeynmt.training - 	Reference:  high on the agenda are plans for greater nuclear co @-@ operation .
2025-05-03 12:15:59,402 - INFO - joeynmt.training - 	Hypothesis: plans for more more nuclear technical cooperation are entitled to the agenda .
2025-05-03 12:15:59,402 - INFO - joeynmt.training - Example #4
2025-05-03 12:15:59,402 - DEBUG - joeynmt.training - 	Tokenized source:     ['Berich@@', 'ten', 'zu@@', 'fol@@', 'ge', 'ho@@', 'fft', 'Indi@@', 'en', 'darüber', 'hinaus', 'auf', 'einen', 'Ver@@', 'trag', 'zur', 'Ver@@', 'tei@@', 'dig@@', 'ungs@@', 'zusammen@@', 'arbeit', 'zwischen', 'den', 'beiden', 'N@@', 'ationen', '.']
2025-05-03 12:15:59,402 - DEBUG - joeynmt.training - 	Tokenized reference:  ['Indi@@', 'a', 'is', 'also', 're@@', 'porte@@', 'dly', 'hop@@', 'ing', 'for', 'a', 'de@@', 'al', 'on', 'def@@', 'ence', 'c@@', 'oll@@', 'ab@@', 'or@@', 'ation', 'between', 'the', 'two', 'n@@', 'ations', '.']
2025-05-03 12:15:59,402 - DEBUG - joeynmt.training - 	Tokenized hypothesis: ['re@@', 'ports', ',', 'the', 'high@@', 'est', 'Indi@@', 'a', 'is', 'also', 'the', 'case', 'of', 'a', 'Tre@@', 'aty', 'on', 'the', 'dra@@', 'ft', 'cooperation', 'between', 'the', 'two', 'N@@', 'ations', '.', '</s>']
2025-05-03 12:15:59,403 - INFO - joeynmt.training - 	Source:     Berichten zufolge hofft Indien darüber hinaus auf einen Vertrag zur Verteidigungszusammenarbeit zwischen den beiden Nationen .
2025-05-03 12:15:59,403 - INFO - joeynmt.training - 	Reference:  India is also reportedly hoping for a deal on defence collaboration between the two nations .
2025-05-03 12:15:59,403 - INFO - joeynmt.training - 	Hypothesis: reports , the highest India is also the case of a Treaty on the draft cooperation between the two Nations .
2025-05-03 12:16:04,956 - INFO - joeynmt.training - Epoch   6, Step:    22600, Batch Loss:     1.721006, Batch Acc: 0.508120, Tokens per Sec:    16222, Lr: 0.000300
2025-05-03 12:16:10,474 - INFO - joeynmt.training - Epoch   6, Step:    22700, Batch Loss:     1.878941, Batch Acc: 0.510823, Tokens per Sec:    16569, Lr: 0.000300
2025-05-03 12:16:15,872 - INFO - joeynmt.training - Epoch   6, Step:    22800, Batch Loss:     1.858307, Batch Acc: 0.512986, Tokens per Sec:    16962, Lr: 0.000300
2025-05-03 12:16:21,262 - INFO - joeynmt.training - Epoch   6, Step:    22900, Batch Loss:     1.850021, Batch Acc: 0.513139, Tokens per Sec:    17272, Lr: 0.000300
2025-05-03 12:16:26,660 - INFO - joeynmt.training - Epoch   6, Step:    23000, Batch Loss:     1.661490, Batch Acc: 0.510752, Tokens per Sec:    16927, Lr: 0.000300
2025-05-03 12:16:26,661 - INFO - joeynmt.prediction - Predicting 500 example(s)... (Greedy decoding with min_output_length=1, max_output_length=-1, return_prob='none', generate_unk=True, repetition_penalty=-1, no_repeat_ngram_size=-1)
2025-05-03 12:16:31,945 - INFO - joeynmt.prediction - Evaluation result (greedy) loss:   2.14, ppl:   8.49, acc:   0.45, generation: 5.2774[sec], evaluation: 0.0000[sec]
2025-05-03 12:16:31,946 - INFO - joeynmt.training - Hooray! New best validation result [ppl]!
2025-05-03 12:16:32,029 - INFO - joeynmt.helpers - delete models/deen_transformer_pre/20500.ckpt
2025-05-03 12:16:32,035 - INFO - joeynmt.training - Example #0
2025-05-03 12:16:32,036 - DEBUG - joeynmt.training - 	Tokenized source:     ['die', 'Pre@@', 'mi@@', 'er@@', 'minist@@', 'er', 'Indi@@', 'ens', 'und', 'J@@', 'ap@@', 'ans', 'tra@@', 'fen', 'sich', 'in', 'T@@', 'ok@@', 'i@@', 'o', '.']
2025-05-03 12:16:32,036 - DEBUG - joeynmt.training - 	Tokenized reference:  ['Indi@@', 'a', 'and', 'J@@', 'ap@@', 'an', 'pri@@', 'me', 'minist@@', 'ers', 'me@@', 'et', 'in', 'T@@', 'ok@@', 'y@@', 'o']
2025-05-03 12:16:32,036 - DEBUG - joeynmt.training - 	Tokenized hypothesis: ['the', 'Pri@@', 'me', 'Minist@@', 'er', 'Indi@@', 'a', 'and', 'J@@', 'ap@@', 'an', ',', 'in', 'T@@', 'ok@@', 'i@@', 'o', '.', '</s>']
2025-05-03 12:16:32,036 - INFO - joeynmt.training - 	Source:     die Premierminister Indiens und Japans trafen sich in Tokio .
2025-05-03 12:16:32,036 - INFO - joeynmt.training - 	Reference:  India and Japan prime ministers meet in Tokyo
2025-05-03 12:16:32,036 - INFO - joeynmt.training - 	Hypothesis: the Prime Minister India and Japan , in Tokio .
2025-05-03 12:16:32,036 - INFO - joeynmt.training - Example #1
2025-05-03 12:16:32,036 - DEBUG - joeynmt.training - 	Tokenized source:     ['Indi@@', 'ens', 'neu@@', 'er', 'Pre@@', 'mi@@', 'er@@', 'minist@@', 'er', 'N@@', 'ar@@', 'end@@', 'ra', 'Mo@@', 'd@@', 'i', 'tri@@', 'fft', 'bei', 's@@', 'einem', 'ersten', 'wichti@@', 'gen', 'Aus@@', 'land@@', 's@@', 'bes@@', 'u@@', 'ch', 'seit', 's@@', 'einem', 'W@@', 'ah@@', 'l@@', 'si@@', 'e@@', 'g', 'im', 'Ma@@', 'i', 'seinen', 'j@@', 'ap@@', 'an@@', 'ischen', 'Am@@', 'ts@@', 'k@@', 'olle@@', 'gen', 'S@@', 'hin@@', 'z@@', 'o', 'A@@', 'be', 'in', 'T@@', 'ok@@', 'o', ',', 'um', 'wirtschaf@@', 'tliche', 'und', 'sicher@@', 'heits@@', 'politische', 'Be@@', 'zieh@@', 'ungen', 'zu', 'bes@@', 'pre@@', 'chen', '.']
2025-05-03 12:16:32,036 - DEBUG - joeynmt.training - 	Tokenized reference:  ['Indi@@', 'a', '&apos;s', 'new', 'pri@@', 'me', 'minist@@', 'er', ',', 'N@@', 'ar@@', 'end@@', 'ra', 'Mo@@', 'd@@', 'i', ',', 'is', 'me@@', 'eting', 'his', 'J@@', 'ap@@', 'an@@', 'ese', 'coun@@', 'ter@@', 'part', ',', 'S@@', 'hin@@', 'z@@', 'o', 'A@@', 'be', ',', 'in', 'T@@', 'ok@@', 'y@@', 'o', 'to', 'disc@@', 'uss', 'economic', 'and', 'security', 'ties', ',', 'on', 'his', 'first', 'major', 'fore@@', 'ign', 'visi@@', 't', 'since', 'w@@', 'inn@@', 'ing', 'Ma@@', 'y', '&apos;s', 'elec@@', 'tion', '.']
2025-05-03 12:16:32,036 - DEBUG - joeynmt.training - 	Tokenized hypothesis: ['Indi@@', 'a', '&apos;s', 'lat@@', 'est', 'Pri@@', 'me', 'Minist@@', 'er', 'N@@', 'ar@@', 'end@@', 'ra', 'Mo@@', 'd@@', 'i', ',', 'in', 'his', 'first', 'important', 'ex@@', 'change', 'of', 'the', 'S@@', 'hin@@', 'z@@', 'o', 'A@@', 'be', 'in', 'T@@', 'ok@@', 'o', ',', 'and', 'the', 'S@@', 'hin@@', 'z@@', 'o', 'A@@', 'be', 'in', 'T@@', 'ok@@', 'o', ',', 'for', 'economic', 'and', 'saf@@', 'ety', 'political', 'rel@@', 'ations', '.', '</s>']
2025-05-03 12:16:32,036 - INFO - joeynmt.training - 	Source:     Indiens neuer Premierminister Narendra Modi trifft bei seinem ersten wichtigen Auslandsbesuch seit seinem Wahlsieg im Mai seinen japanischen Amtskollegen Shinzo Abe in Toko , um wirtschaftliche und sicherheitspolitische Beziehungen zu besprechen .
2025-05-03 12:16:32,037 - INFO - joeynmt.training - 	Reference:  India &apos;s new prime minister , Narendra Modi , is meeting his Japanese counterpart , Shinzo Abe , in Tokyo to discuss economic and security ties , on his first major foreign visit since winning May &apos;s election .
2025-05-03 12:16:32,037 - INFO - joeynmt.training - 	Hypothesis: India &apos;s latest Prime Minister Narendra Modi , in his first important exchange of the Shinzo Abe in Toko , and the Shinzo Abe in Toko , for economic and safety political relations .
2025-05-03 12:16:32,037 - INFO - joeynmt.training - Example #2
2025-05-03 12:16:32,037 - DEBUG - joeynmt.training - 	Tokenized source:     ['Herr', 'Mo@@', 'd@@', 'i', 'befindet', 'sich', 'auf', 'einer', 'fü@@', 'n@@', 'f@@', 'tä@@', 'gi@@', 'gen', 'Rei@@', 'se', 'nach', 'J@@', 'ap@@', 'an', ',', 'um', 'die', 'wirtschaf@@', 'tlichen', 'Be@@', 'zieh@@', 'ungen', 'mit', 'der', 'd@@', 'rit@@', 't@@', 'größ@@', 'ten', 'Wirtschafts@@', 'n@@', 'ation', 'der', 'Welt', 'zu', 'fes@@', 'tigen', '.']
2025-05-03 12:16:32,037 - DEBUG - joeynmt.training - 	Tokenized reference:  ['Mr', 'Mo@@', 'd@@', 'i', 'is', 'on', 'a', 'fi@@', 've', '@@@', '-@@', '@', 'day', 'tri@@', 'p', 'to', 'J@@', 'ap@@', 'an', 'to', 'streng@@', 'then', 'economic', 'ties', 'with', 'the', 'third', 'lar@@', 'ges@@', 't', 'econom@@', 'y', 'in', 'the', 'world', '.']
2025-05-03 12:16:32,037 - DEBUG - joeynmt.training - 	Tokenized hypothesis: ['Mr', 'Mo@@', 'd@@', 'i', 'is', 'based', 'on', 'a', 'fi@@', 'f@@', 'th', 'of', 'a', 'fi@@', 'f@@', 'th', 'of', 'J@@', 'ap@@', 'an', 'to', 'the', 'world', '&apos;s', 'economic', 'rel@@', 'ations', 'with', 'the', 'third', 'lar@@', 'ges@@', 't', 'economic', 'rel@@', 'ations', '.', '</s>']
2025-05-03 12:16:32,037 - INFO - joeynmt.training - 	Source:     Herr Modi befindet sich auf einer fünftägigen Reise nach Japan , um die wirtschaftlichen Beziehungen mit der drittgrößten Wirtschaftsnation der Welt zu festigen .
2025-05-03 12:16:32,037 - INFO - joeynmt.training - 	Reference:  Mr Modi is on a five @-@ day trip to Japan to strengthen economic ties with the third largest economy in the world .
2025-05-03 12:16:32,037 - INFO - joeynmt.training - 	Hypothesis: Mr Modi is based on a fifth of a fifth of Japan to the world &apos;s economic relations with the third largest economic relations .
2025-05-03 12:16:32,037 - INFO - joeynmt.training - Example #3
2025-05-03 12:16:32,037 - DEBUG - joeynmt.training - 	Tokenized source:     ['P@@', 'län@@', 'e', 'für', 'eine', 'stärk@@', 'ere', 'k@@', 'ern@@', 'techn@@', 'ische', 'Zusammenarbeit', 'stehen', 'ganz', 'ob@@', 'en', 'auf', 'der', 'Tag@@', 'es@@', 'ordnung', '.']
2025-05-03 12:16:32,037 - DEBUG - joeynmt.training - 	Tokenized reference:  ['high', 'on', 'the', 'agen@@', 'da', 'are', 'pl@@', 'ans', 'for', 'gre@@', 'ater', 'nu@@', 'clear', 'c@@', 'o', '@@@', '-@@', '@', 'operation', '.']
2025-05-03 12:16:32,037 - DEBUG - joeynmt.training - 	Tokenized hypothesis: ['pl@@', 'ans', 'for', 'a', 'str@@', 'ong', 'nu@@', 'clear', 'techn@@', 'ical', 'cooperation', 'is', 'very', 'very', 'ob@@', 'vi@@', 'ous', 'on', 'the', 'agen@@', 'da', '.', '</s>']
2025-05-03 12:16:32,038 - INFO - joeynmt.training - 	Source:     Pläne für eine stärkere kerntechnische Zusammenarbeit stehen ganz oben auf der Tagesordnung .
2025-05-03 12:16:32,038 - INFO - joeynmt.training - 	Reference:  high on the agenda are plans for greater nuclear co @-@ operation .
2025-05-03 12:16:32,038 - INFO - joeynmt.training - 	Hypothesis: plans for a strong nuclear technical cooperation is very very obvious on the agenda .
2025-05-03 12:16:32,038 - INFO - joeynmt.training - Example #4
2025-05-03 12:16:32,038 - DEBUG - joeynmt.training - 	Tokenized source:     ['Berich@@', 'ten', 'zu@@', 'fol@@', 'ge', 'ho@@', 'fft', 'Indi@@', 'en', 'darüber', 'hinaus', 'auf', 'einen', 'Ver@@', 'trag', 'zur', 'Ver@@', 'tei@@', 'dig@@', 'ungs@@', 'zusammen@@', 'arbeit', 'zwischen', 'den', 'beiden', 'N@@', 'ationen', '.']
2025-05-03 12:16:32,038 - DEBUG - joeynmt.training - 	Tokenized reference:  ['Indi@@', 'a', 'is', 'also', 're@@', 'porte@@', 'dly', 'hop@@', 'ing', 'for', 'a', 'de@@', 'al', 'on', 'def@@', 'ence', 'c@@', 'oll@@', 'ab@@', 'or@@', 'ation', 'between', 'the', 'two', 'n@@', 'ations', '.']
2025-05-03 12:16:32,038 - DEBUG - joeynmt.training - 	Tokenized hypothesis: ['re@@', 'ports', ',', 'the', 'following', 'high@@', 'est', 'Indi@@', 'a', '&apos;s', 'con@@', 'tra@@', 'ct', 'on', 'def@@', 'ence', 'cooperation', 'between', 'both', 'N@@', 'ations', '.', '</s>']
2025-05-03 12:16:32,038 - INFO - joeynmt.training - 	Source:     Berichten zufolge hofft Indien darüber hinaus auf einen Vertrag zur Verteidigungszusammenarbeit zwischen den beiden Nationen .
2025-05-03 12:16:32,038 - INFO - joeynmt.training - 	Reference:  India is also reportedly hoping for a deal on defence collaboration between the two nations .
2025-05-03 12:16:32,038 - INFO - joeynmt.training - 	Hypothesis: reports , the following highest India &apos;s contract on defence cooperation between both Nations .
2025-05-03 12:16:37,478 - INFO - joeynmt.training - Epoch   6, Step:    23100, Batch Loss:     1.901143, Batch Acc: 0.513166, Tokens per Sec:    16708, Lr: 0.000300
2025-05-03 12:16:43,008 - INFO - joeynmt.training - Epoch   6, Step:    23200, Batch Loss:     1.899418, Batch Acc: 0.514468, Tokens per Sec:    16866, Lr: 0.000300
2025-05-03 12:16:48,360 - INFO - joeynmt.training - Epoch   6, Step:    23300, Batch Loss:     1.919904, Batch Acc: 0.513615, Tokens per Sec:    16962, Lr: 0.000300
2025-05-03 12:16:53,974 - INFO - joeynmt.training - Epoch   6, Step:    23400, Batch Loss:     1.817251, Batch Acc: 0.507036, Tokens per Sec:    16026, Lr: 0.000300
2025-05-03 12:16:59,409 - INFO - joeynmt.training - Epoch   6, Step:    23500, Batch Loss:     1.772126, Batch Acc: 0.513823, Tokens per Sec:    17014, Lr: 0.000300
2025-05-03 12:16:59,409 - INFO - joeynmt.prediction - Predicting 500 example(s)... (Greedy decoding with min_output_length=1, max_output_length=-1, return_prob='none', generate_unk=True, repetition_penalty=-1, no_repeat_ngram_size=-1)
2025-05-03 12:17:04,657 - INFO - joeynmt.prediction - Evaluation result (greedy) loss:   2.13, ppl:   8.44, acc:   0.45, generation: 5.2406[sec], evaluation: 0.0000[sec]
2025-05-03 12:17:04,657 - INFO - joeynmt.training - Hooray! New best validation result [ppl]!
2025-05-03 12:17:04,739 - INFO - joeynmt.helpers - delete models/deen_transformer_pre/20000.ckpt
2025-05-03 12:17:04,745 - INFO - joeynmt.training - Example #0
2025-05-03 12:17:04,746 - DEBUG - joeynmt.training - 	Tokenized source:     ['die', 'Pre@@', 'mi@@', 'er@@', 'minist@@', 'er', 'Indi@@', 'ens', 'und', 'J@@', 'ap@@', 'ans', 'tra@@', 'fen', 'sich', 'in', 'T@@', 'ok@@', 'i@@', 'o', '.']
2025-05-03 12:17:04,746 - DEBUG - joeynmt.training - 	Tokenized reference:  ['Indi@@', 'a', 'and', 'J@@', 'ap@@', 'an', 'pri@@', 'me', 'minist@@', 'ers', 'me@@', 'et', 'in', 'T@@', 'ok@@', 'y@@', 'o']
2025-05-03 12:17:04,746 - DEBUG - joeynmt.training - 	Tokenized hypothesis: ['the', 'Pri@@', 'me', 'Minist@@', 'er', 'Indi@@', 'a', 'and', 'J@@', 'ap@@', 'an', 'are', 'tra@@', 'ff@@', 'i@@', 'o', '.', '</s>']
2025-05-03 12:17:04,746 - INFO - joeynmt.training - 	Source:     die Premierminister Indiens und Japans trafen sich in Tokio .
2025-05-03 12:17:04,746 - INFO - joeynmt.training - 	Reference:  India and Japan prime ministers meet in Tokyo
2025-05-03 12:17:04,746 - INFO - joeynmt.training - 	Hypothesis: the Prime Minister India and Japan are traffio .
2025-05-03 12:17:04,746 - INFO - joeynmt.training - Example #1
2025-05-03 12:17:04,746 - DEBUG - joeynmt.training - 	Tokenized source:     ['Indi@@', 'ens', 'neu@@', 'er', 'Pre@@', 'mi@@', 'er@@', 'minist@@', 'er', 'N@@', 'ar@@', 'end@@', 'ra', 'Mo@@', 'd@@', 'i', 'tri@@', 'fft', 'bei', 's@@', 'einem', 'ersten', 'wichti@@', 'gen', 'Aus@@', 'land@@', 's@@', 'bes@@', 'u@@', 'ch', 'seit', 's@@', 'einem', 'W@@', 'ah@@', 'l@@', 'si@@', 'e@@', 'g', 'im', 'Ma@@', 'i', 'seinen', 'j@@', 'ap@@', 'an@@', 'ischen', 'Am@@', 'ts@@', 'k@@', 'olle@@', 'gen', 'S@@', 'hin@@', 'z@@', 'o', 'A@@', 'be', 'in', 'T@@', 'ok@@', 'o', ',', 'um', 'wirtschaf@@', 'tliche', 'und', 'sicher@@', 'heits@@', 'politische', 'Be@@', 'zieh@@', 'ungen', 'zu', 'bes@@', 'pre@@', 'chen', '.']
2025-05-03 12:17:04,746 - DEBUG - joeynmt.training - 	Tokenized reference:  ['Indi@@', 'a', '&apos;s', 'new', 'pri@@', 'me', 'minist@@', 'er', ',', 'N@@', 'ar@@', 'end@@', 'ra', 'Mo@@', 'd@@', 'i', ',', 'is', 'me@@', 'eting', 'his', 'J@@', 'ap@@', 'an@@', 'ese', 'coun@@', 'ter@@', 'part', ',', 'S@@', 'hin@@', 'z@@', 'o', 'A@@', 'be', ',', 'in', 'T@@', 'ok@@', 'y@@', 'o', 'to', 'disc@@', 'uss', 'economic', 'and', 'security', 'ties', ',', 'on', 'his', 'first', 'major', 'fore@@', 'ign', 'visi@@', 't', 'since', 'w@@', 'inn@@', 'ing', 'Ma@@', 'y', '&apos;s', 'elec@@', 'tion', '.']
2025-05-03 12:17:04,746 - DEBUG - joeynmt.training - 	Tokenized hypothesis: ['Indi@@', 'a', '&apos;s', 'Pri@@', 'me', 'Minist@@', 'er', 'N@@', 'ar@@', 'end@@', 'ra', 'Mo@@', 'd@@', 'i', ',', 'the', 'first', 'important', 'ex@@', 'tern@@', 'al', ',', 'the', 'S@@', 'hin@@', 'z@@', 'o', 'A@@', 'be', 'in', 'T@@', 'ok@@', 'o', ',', 'for', 'his', 'elec@@', 't@@', 'or@@', 'al', 'colle@@', 'ge', 'S@@', 'hin@@', 'z@@', 'o', 'A@@', 'be', 'in', 'T@@', 'ok@@', 'o', ',', 'for', 'the', 'economic', 'and', 'security', 'political', 'rel@@', 'ations', '.', '</s>']
2025-05-03 12:17:04,747 - INFO - joeynmt.training - 	Source:     Indiens neuer Premierminister Narendra Modi trifft bei seinem ersten wichtigen Auslandsbesuch seit seinem Wahlsieg im Mai seinen japanischen Amtskollegen Shinzo Abe in Toko , um wirtschaftliche und sicherheitspolitische Beziehungen zu besprechen .
2025-05-03 12:17:04,747 - INFO - joeynmt.training - 	Reference:  India &apos;s new prime minister , Narendra Modi , is meeting his Japanese counterpart , Shinzo Abe , in Tokyo to discuss economic and security ties , on his first major foreign visit since winning May &apos;s election .
2025-05-03 12:17:04,747 - INFO - joeynmt.training - 	Hypothesis: India &apos;s Prime Minister Narendra Modi , the first important external , the Shinzo Abe in Toko , for his electoral college Shinzo Abe in Toko , for the economic and security political relations .
2025-05-03 12:17:04,747 - INFO - joeynmt.training - Example #2
2025-05-03 12:17:04,747 - DEBUG - joeynmt.training - 	Tokenized source:     ['Herr', 'Mo@@', 'd@@', 'i', 'befindet', 'sich', 'auf', 'einer', 'fü@@', 'n@@', 'f@@', 'tä@@', 'gi@@', 'gen', 'Rei@@', 'se', 'nach', 'J@@', 'ap@@', 'an', ',', 'um', 'die', 'wirtschaf@@', 'tlichen', 'Be@@', 'zieh@@', 'ungen', 'mit', 'der', 'd@@', 'rit@@', 't@@', 'größ@@', 'ten', 'Wirtschafts@@', 'n@@', 'ation', 'der', 'Welt', 'zu', 'fes@@', 'tigen', '.']
2025-05-03 12:17:04,747 - DEBUG - joeynmt.training - 	Tokenized reference:  ['Mr', 'Mo@@', 'd@@', 'i', 'is', 'on', 'a', 'fi@@', 've', '@@@', '-@@', '@', 'day', 'tri@@', 'p', 'to', 'J@@', 'ap@@', 'an', 'to', 'streng@@', 'then', 'economic', 'ties', 'with', 'the', 'third', 'lar@@', 'ges@@', 't', 'econom@@', 'y', 'in', 'the', 'world', '.']
2025-05-03 12:17:04,747 - DEBUG - joeynmt.training - 	Tokenized hypothesis: ['Mr', 'Mo@@', 'd@@', 'i', 'is', 'on', 'a', 'fi@@', 'f@@', 'ty', 'of', 'fi@@', 'f@@', 'ty', 'to', 'J@@', 'ap@@', 'an', 'to', 'the', 'world', '&apos;s', 'economic', 'rel@@', 'ation@@', 'ship', 'with', 'the', 'third', 'lar@@', 'ges@@', 't', 'economic', 'n@@', 'ation', 'of', 'the', 'world', '.', '</s>']
2025-05-03 12:17:04,747 - INFO - joeynmt.training - 	Source:     Herr Modi befindet sich auf einer fünftägigen Reise nach Japan , um die wirtschaftlichen Beziehungen mit der drittgrößten Wirtschaftsnation der Welt zu festigen .
2025-05-03 12:17:04,747 - INFO - joeynmt.training - 	Reference:  Mr Modi is on a five @-@ day trip to Japan to strengthen economic ties with the third largest economy in the world .
2025-05-03 12:17:04,747 - INFO - joeynmt.training - 	Hypothesis: Mr Modi is on a fifty of fifty to Japan to the world &apos;s economic relationship with the third largest economic nation of the world .
2025-05-03 12:17:04,747 - INFO - joeynmt.training - Example #3
2025-05-03 12:17:04,747 - DEBUG - joeynmt.training - 	Tokenized source:     ['P@@', 'län@@', 'e', 'für', 'eine', 'stärk@@', 'ere', 'k@@', 'ern@@', 'techn@@', 'ische', 'Zusammenarbeit', 'stehen', 'ganz', 'ob@@', 'en', 'auf', 'der', 'Tag@@', 'es@@', 'ordnung', '.']
2025-05-03 12:17:04,748 - DEBUG - joeynmt.training - 	Tokenized reference:  ['high', 'on', 'the', 'agen@@', 'da', 'are', 'pl@@', 'ans', 'for', 'gre@@', 'ater', 'nu@@', 'clear', 'c@@', 'o', '@@@', '-@@', '@', 'operation', '.']
2025-05-03 12:17:04,748 - DEBUG - joeynmt.training - 	Tokenized hypothesis: ['pl@@', 'ans', 'for', 'a', 'more', 'nu@@', 'clear', 'techn@@', 'ical', 'cooperation', ',', 'we', 'are', 'very', 'ob@@', 'vi@@', 'ous', 'on', 'the', 'agen@@', 'da', '.', '</s>']
2025-05-03 12:17:04,748 - INFO - joeynmt.training - 	Source:     Pläne für eine stärkere kerntechnische Zusammenarbeit stehen ganz oben auf der Tagesordnung .
2025-05-03 12:17:04,748 - INFO - joeynmt.training - 	Reference:  high on the agenda are plans for greater nuclear co @-@ operation .
2025-05-03 12:17:04,748 - INFO - joeynmt.training - 	Hypothesis: plans for a more nuclear technical cooperation , we are very obvious on the agenda .
2025-05-03 12:17:04,748 - INFO - joeynmt.training - Example #4
2025-05-03 12:17:04,748 - DEBUG - joeynmt.training - 	Tokenized source:     ['Berich@@', 'ten', 'zu@@', 'fol@@', 'ge', 'ho@@', 'fft', 'Indi@@', 'en', 'darüber', 'hinaus', 'auf', 'einen', 'Ver@@', 'trag', 'zur', 'Ver@@', 'tei@@', 'dig@@', 'ungs@@', 'zusammen@@', 'arbeit', 'zwischen', 'den', 'beiden', 'N@@', 'ationen', '.']
2025-05-03 12:17:04,748 - DEBUG - joeynmt.training - 	Tokenized reference:  ['Indi@@', 'a', 'is', 'also', 're@@', 'porte@@', 'dly', 'hop@@', 'ing', 'for', 'a', 'de@@', 'al', 'on', 'def@@', 'ence', 'c@@', 'oll@@', 'ab@@', 'or@@', 'ation', 'between', 'the', 'two', 'n@@', 'ations', '.']
2025-05-03 12:17:04,748 - DEBUG - joeynmt.training - 	Tokenized hypothesis: ['re@@', 'ports', ',', 'the', 'high@@', 'est', 'Indi@@', 'a', 'is', 'also', 'the', 'intro@@', 'duc@@', 'tion', 'of', 'a', 'con@@', 'dem@@', 'n@@', 'ation', 'between', 'both', 'N@@', 'ations', '.', '</s>']
2025-05-03 12:17:04,748 - INFO - joeynmt.training - 	Source:     Berichten zufolge hofft Indien darüber hinaus auf einen Vertrag zur Verteidigungszusammenarbeit zwischen den beiden Nationen .
2025-05-03 12:17:04,748 - INFO - joeynmt.training - 	Reference:  India is also reportedly hoping for a deal on defence collaboration between the two nations .
2025-05-03 12:17:04,748 - INFO - joeynmt.training - 	Hypothesis: reports , the highest India is also the introduction of a condemnation between both Nations .
2025-05-03 12:17:10,195 - INFO - joeynmt.training - Epoch   6, Step:    23600, Batch Loss:     1.981251, Batch Acc: 0.515871, Tokens per Sec:    16571, Lr: 0.000300
2025-05-03 12:17:15,763 - INFO - joeynmt.training - Epoch   6, Step:    23700, Batch Loss:     1.824005, Batch Acc: 0.509909, Tokens per Sec:    16621, Lr: 0.000300
2025-05-03 12:17:21,137 - INFO - joeynmt.training - Epoch   6, Step:    23800, Batch Loss:     1.984137, Batch Acc: 0.514332, Tokens per Sec:    17163, Lr: 0.000300
2025-05-03 12:17:26,640 - INFO - joeynmt.training - Epoch   6, Step:    23900, Batch Loss:     1.641667, Batch Acc: 0.514568, Tokens per Sec:    16721, Lr: 0.000300
2025-05-03 12:17:32,120 - INFO - joeynmt.training - Epoch   6, Step:    24000, Batch Loss:     1.806928, Batch Acc: 0.513596, Tokens per Sec:    16733, Lr: 0.000300
2025-05-03 12:17:32,120 - INFO - joeynmt.prediction - Predicting 500 example(s)... (Greedy decoding with min_output_length=1, max_output_length=-1, return_prob='none', generate_unk=True, repetition_penalty=-1, no_repeat_ngram_size=-1)
2025-05-03 12:17:37,043 - INFO - joeynmt.prediction - Evaluation result (greedy) loss:   2.13, ppl:   8.41, acc:   0.44, generation: 4.9158[sec], evaluation: 0.0000[sec]
2025-05-03 12:17:37,044 - INFO - joeynmt.training - Hooray! New best validation result [ppl]!
2025-05-03 12:17:37,127 - INFO - joeynmt.helpers - delete models/deen_transformer_pre/21500.ckpt
2025-05-03 12:17:37,133 - INFO - joeynmt.training - Example #0
2025-05-03 12:17:37,133 - DEBUG - joeynmt.training - 	Tokenized source:     ['die', 'Pre@@', 'mi@@', 'er@@', 'minist@@', 'er', 'Indi@@', 'ens', 'und', 'J@@', 'ap@@', 'ans', 'tra@@', 'fen', 'sich', 'in', 'T@@', 'ok@@', 'i@@', 'o', '.']
2025-05-03 12:17:37,133 - DEBUG - joeynmt.training - 	Tokenized reference:  ['Indi@@', 'a', 'and', 'J@@', 'ap@@', 'an', 'pri@@', 'me', 'minist@@', 'ers', 'me@@', 'et', 'in', 'T@@', 'ok@@', 'y@@', 'o']
2025-05-03 12:17:37,133 - DEBUG - joeynmt.training - 	Tokenized hypothesis: ['the', 'Pri@@', 'me', 'Minist@@', 'er', 'Indi@@', 'a', 'and', 'J@@', 'ap@@', 'an', '&apos;s', 'm@@', 'ember', 'of', 'T@@', 'ok@@', 'y@@', 'o', '.', '</s>']
2025-05-03 12:17:37,133 - INFO - joeynmt.training - 	Source:     die Premierminister Indiens und Japans trafen sich in Tokio .
2025-05-03 12:17:37,134 - INFO - joeynmt.training - 	Reference:  India and Japan prime ministers meet in Tokyo
2025-05-03 12:17:37,134 - INFO - joeynmt.training - 	Hypothesis: the Prime Minister India and Japan &apos;s member of Tokyo .
2025-05-03 12:17:37,134 - INFO - joeynmt.training - Example #1
2025-05-03 12:17:37,134 - DEBUG - joeynmt.training - 	Tokenized source:     ['Indi@@', 'ens', 'neu@@', 'er', 'Pre@@', 'mi@@', 'er@@', 'minist@@', 'er', 'N@@', 'ar@@', 'end@@', 'ra', 'Mo@@', 'd@@', 'i', 'tri@@', 'fft', 'bei', 's@@', 'einem', 'ersten', 'wichti@@', 'gen', 'Aus@@', 'land@@', 's@@', 'bes@@', 'u@@', 'ch', 'seit', 's@@', 'einem', 'W@@', 'ah@@', 'l@@', 'si@@', 'e@@', 'g', 'im', 'Ma@@', 'i', 'seinen', 'j@@', 'ap@@', 'an@@', 'ischen', 'Am@@', 'ts@@', 'k@@', 'olle@@', 'gen', 'S@@', 'hin@@', 'z@@', 'o', 'A@@', 'be', 'in', 'T@@', 'ok@@', 'o', ',', 'um', 'wirtschaf@@', 'tliche', 'und', 'sicher@@', 'heits@@', 'politische', 'Be@@', 'zieh@@', 'ungen', 'zu', 'bes@@', 'pre@@', 'chen', '.']
2025-05-03 12:17:37,134 - DEBUG - joeynmt.training - 	Tokenized reference:  ['Indi@@', 'a', '&apos;s', 'new', 'pri@@', 'me', 'minist@@', 'er', ',', 'N@@', 'ar@@', 'end@@', 'ra', 'Mo@@', 'd@@', 'i', ',', 'is', 'me@@', 'eting', 'his', 'J@@', 'ap@@', 'an@@', 'ese', 'coun@@', 'ter@@', 'part', ',', 'S@@', 'hin@@', 'z@@', 'o', 'A@@', 'be', ',', 'in', 'T@@', 'ok@@', 'y@@', 'o', 'to', 'disc@@', 'uss', 'economic', 'and', 'security', 'ties', ',', 'on', 'his', 'first', 'major', 'fore@@', 'ign', 'visi@@', 't', 'since', 'w@@', 'inn@@', 'ing', 'Ma@@', 'y', '&apos;s', 'elec@@', 'tion', '.']
2025-05-03 12:17:37,134 - DEBUG - joeynmt.training - 	Tokenized hypothesis: ['Indi@@', 'a', '&apos;s', 'new', 'Pri@@', 'me', 'Minist@@', 'er', 'N@@', 'ar@@', 'end@@', 'ra', 'Mo@@', 'd@@', 'i', ',', 'in', 'the', 'first', 'important', 'ex@@', 'er@@', 'c@@', 'ise', 'for', 'his', 'first', 'important', 'ex@@', 'tern@@', 'al', ',', 'S@@', 'hin@@', 'z@@', 'o', 'A@@', 'be', 'in', 'T@@', 'ok@@', 'o', ',', 'for', 'his', 'first', 'important', 'ex@@', 'er@@', 'c@@', 'ise', ',', 'S@@', 'hin@@', 'z@@', 'o', 'A@@', 'be', 'in', 'T@@', 'ok@@', 'o', ',', 'and', 'S@@', 'ec@@', 'urity', 'political', 'rel@@', 'ations', '.', '</s>']
2025-05-03 12:17:37,134 - INFO - joeynmt.training - 	Source:     Indiens neuer Premierminister Narendra Modi trifft bei seinem ersten wichtigen Auslandsbesuch seit seinem Wahlsieg im Mai seinen japanischen Amtskollegen Shinzo Abe in Toko , um wirtschaftliche und sicherheitspolitische Beziehungen zu besprechen .
2025-05-03 12:17:37,134 - INFO - joeynmt.training - 	Reference:  India &apos;s new prime minister , Narendra Modi , is meeting his Japanese counterpart , Shinzo Abe , in Tokyo to discuss economic and security ties , on his first major foreign visit since winning May &apos;s election .
2025-05-03 12:17:37,134 - INFO - joeynmt.training - 	Hypothesis: India &apos;s new Prime Minister Narendra Modi , in the first important exercise for his first important external , Shinzo Abe in Toko , for his first important exercise , Shinzo Abe in Toko , and Security political relations .
2025-05-03 12:17:37,134 - INFO - joeynmt.training - Example #2
2025-05-03 12:17:37,134 - DEBUG - joeynmt.training - 	Tokenized source:     ['Herr', 'Mo@@', 'd@@', 'i', 'befindet', 'sich', 'auf', 'einer', 'fü@@', 'n@@', 'f@@', 'tä@@', 'gi@@', 'gen', 'Rei@@', 'se', 'nach', 'J@@', 'ap@@', 'an', ',', 'um', 'die', 'wirtschaf@@', 'tlichen', 'Be@@', 'zieh@@', 'ungen', 'mit', 'der', 'd@@', 'rit@@', 't@@', 'größ@@', 'ten', 'Wirtschafts@@', 'n@@', 'ation', 'der', 'Welt', 'zu', 'fes@@', 'tigen', '.']
2025-05-03 12:17:37,134 - DEBUG - joeynmt.training - 	Tokenized reference:  ['Mr', 'Mo@@', 'd@@', 'i', 'is', 'on', 'a', 'fi@@', 've', '@@@', '-@@', '@', 'day', 'tri@@', 'p', 'to', 'J@@', 'ap@@', 'an', 'to', 'streng@@', 'then', 'economic', 'ties', 'with', 'the', 'third', 'lar@@', 'ges@@', 't', 'econom@@', 'y', 'in', 'the', 'world', '.']
2025-05-03 12:17:37,135 - DEBUG - joeynmt.training - 	Tokenized hypothesis: ['Mr', 'Mo@@', 'd@@', 'i', 'is', 'on', 'a', 'fi@@', 'f@@', 'ty', 'of', 'fi@@', 'f@@', 'ty', 'tri@@', 'p', 'to', 'J@@', 'ap@@', 'an', ',', 'to', 'the', 'economic', 'rel@@', 'ations', 'with', 'the', 'third', 'lar@@', 'ges@@', 't', 'economic', 'rel@@', 'ations', '.', '</s>']
2025-05-03 12:17:37,135 - INFO - joeynmt.training - 	Source:     Herr Modi befindet sich auf einer fünftägigen Reise nach Japan , um die wirtschaftlichen Beziehungen mit der drittgrößten Wirtschaftsnation der Welt zu festigen .
2025-05-03 12:17:37,135 - INFO - joeynmt.training - 	Reference:  Mr Modi is on a five @-@ day trip to Japan to strengthen economic ties with the third largest economy in the world .
2025-05-03 12:17:37,135 - INFO - joeynmt.training - 	Hypothesis: Mr Modi is on a fifty of fifty trip to Japan , to the economic relations with the third largest economic relations .
2025-05-03 12:17:37,135 - INFO - joeynmt.training - Example #3
2025-05-03 12:17:37,135 - DEBUG - joeynmt.training - 	Tokenized source:     ['P@@', 'län@@', 'e', 'für', 'eine', 'stärk@@', 'ere', 'k@@', 'ern@@', 'techn@@', 'ische', 'Zusammenarbeit', 'stehen', 'ganz', 'ob@@', 'en', 'auf', 'der', 'Tag@@', 'es@@', 'ordnung', '.']
2025-05-03 12:17:37,135 - DEBUG - joeynmt.training - 	Tokenized reference:  ['high', 'on', 'the', 'agen@@', 'da', 'are', 'pl@@', 'ans', 'for', 'gre@@', 'ater', 'nu@@', 'clear', 'c@@', 'o', '@@@', '-@@', '@', 'operation', '.']
2025-05-03 12:17:37,135 - DEBUG - joeynmt.training - 	Tokenized hypothesis: ['pl@@', 'ans', 'for', 'more', 'more', 'nu@@', 'clear', 'techn@@', 'ical', 'cooperation', ',', 'which', 'is', 'very', 'ob@@', 'vi@@', 'ously', 'on', 'the', 'agen@@', 'da', '.', '</s>']
2025-05-03 12:17:37,135 - INFO - joeynmt.training - 	Source:     Pläne für eine stärkere kerntechnische Zusammenarbeit stehen ganz oben auf der Tagesordnung .
2025-05-03 12:17:37,135 - INFO - joeynmt.training - 	Reference:  high on the agenda are plans for greater nuclear co @-@ operation .
2025-05-03 12:17:37,135 - INFO - joeynmt.training - 	Hypothesis: plans for more more nuclear technical cooperation , which is very obviously on the agenda .
2025-05-03 12:17:37,135 - INFO - joeynmt.training - Example #4
2025-05-03 12:17:37,135 - DEBUG - joeynmt.training - 	Tokenized source:     ['Berich@@', 'ten', 'zu@@', 'fol@@', 'ge', 'ho@@', 'fft', 'Indi@@', 'en', 'darüber', 'hinaus', 'auf', 'einen', 'Ver@@', 'trag', 'zur', 'Ver@@', 'tei@@', 'dig@@', 'ungs@@', 'zusammen@@', 'arbeit', 'zwischen', 'den', 'beiden', 'N@@', 'ationen', '.']
2025-05-03 12:17:37,135 - DEBUG - joeynmt.training - 	Tokenized reference:  ['Indi@@', 'a', 'is', 'also', 're@@', 'porte@@', 'dly', 'hop@@', 'ing', 'for', 'a', 'de@@', 'al', 'on', 'def@@', 'ence', 'c@@', 'oll@@', 'ab@@', 'or@@', 'ation', 'between', 'the', 'two', 'n@@', 'ations', '.']
2025-05-03 12:17:37,135 - DEBUG - joeynmt.training - 	Tokenized hypothesis: ['re@@', 'ports', ',', 'the', 'following', 'high@@', 'ly', 'Indi@@', 'a', '&apos;s', 'con@@', 'tra@@', 'ct', 'on', 'def@@', 'ence', 'cooperation', 'between', 'the', 'two', 'N@@', 'ations', '.', '</s>']
2025-05-03 12:17:37,135 - INFO - joeynmt.training - 	Source:     Berichten zufolge hofft Indien darüber hinaus auf einen Vertrag zur Verteidigungszusammenarbeit zwischen den beiden Nationen .
2025-05-03 12:17:37,135 - INFO - joeynmt.training - 	Reference:  India is also reportedly hoping for a deal on defence collaboration between the two nations .
2025-05-03 12:17:37,135 - INFO - joeynmt.training - 	Hypothesis: reports , the following highly India &apos;s contract on defence cooperation between the two Nations .
2025-05-03 12:17:42,713 - INFO - joeynmt.training - Epoch   6, Step:    24100, Batch Loss:     2.034699, Batch Acc: 0.507840, Tokens per Sec:    16198, Lr: 0.000300
2025-05-03 12:17:48,193 - INFO - joeynmt.training - Epoch   6, Step:    24200, Batch Loss:     1.697890, Batch Acc: 0.516500, Tokens per Sec:    16760, Lr: 0.000300
2025-05-03 12:17:53,695 - INFO - joeynmt.training - Epoch   6, Step:    24300, Batch Loss:     1.779239, Batch Acc: 0.515414, Tokens per Sec:    16890, Lr: 0.000300
2025-05-03 12:17:58,938 - INFO - joeynmt.training - Epoch   6: total training loss 7261.71
2025-05-03 12:17:58,938 - INFO - joeynmt.training - EPOCH 7
2025-05-03 12:17:59,105 - INFO - joeynmt.training - Epoch   7, Step:    24400, Batch Loss:     1.746959, Batch Acc: 0.540673, Tokens per Sec:    18270, Lr: 0.000300
2025-05-03 12:18:04,807 - INFO - joeynmt.training - Epoch   7, Step:    24500, Batch Loss:     1.603263, Batch Acc: 0.536498, Tokens per Sec:    16285, Lr: 0.000300
2025-05-03 12:18:04,807 - INFO - joeynmt.prediction - Predicting 500 example(s)... (Greedy decoding with min_output_length=1, max_output_length=-1, return_prob='none', generate_unk=True, repetition_penalty=-1, no_repeat_ngram_size=-1)
2025-05-03 12:18:09,797 - INFO - joeynmt.prediction - Evaluation result (greedy) loss:   2.13, ppl:   8.41, acc:   0.45, generation: 4.9841[sec], evaluation: 0.0000[sec]
2025-05-03 12:18:09,797 - INFO - joeynmt.training - Hooray! New best validation result [ppl]!
2025-05-03 12:18:09,885 - INFO - joeynmt.helpers - delete models/deen_transformer_pre/22500.ckpt
2025-05-03 12:18:09,891 - INFO - joeynmt.training - Example #0
2025-05-03 12:18:09,891 - DEBUG - joeynmt.training - 	Tokenized source:     ['die', 'Pre@@', 'mi@@', 'er@@', 'minist@@', 'er', 'Indi@@', 'ens', 'und', 'J@@', 'ap@@', 'ans', 'tra@@', 'fen', 'sich', 'in', 'T@@', 'ok@@', 'i@@', 'o', '.']
2025-05-03 12:18:09,891 - DEBUG - joeynmt.training - 	Tokenized reference:  ['Indi@@', 'a', 'and', 'J@@', 'ap@@', 'an', 'pri@@', 'me', 'minist@@', 'ers', 'me@@', 'et', 'in', 'T@@', 'ok@@', 'y@@', 'o']
2025-05-03 12:18:09,891 - DEBUG - joeynmt.training - 	Tokenized hypothesis: ['the', 'Pri@@', 'me', 'Minist@@', 'er', 'Indi@@', 'a', 'and', 'J@@', 'ap@@', 'an', '&apos;s', 'Pri@@', 'me', 'Minist@@', 'er', 'of', 'Indi@@', 'a', '.', '</s>']
2025-05-03 12:18:09,891 - INFO - joeynmt.training - 	Source:     die Premierminister Indiens und Japans trafen sich in Tokio .
2025-05-03 12:18:09,891 - INFO - joeynmt.training - 	Reference:  India and Japan prime ministers meet in Tokyo
2025-05-03 12:18:09,891 - INFO - joeynmt.training - 	Hypothesis: the Prime Minister India and Japan &apos;s Prime Minister of India .
2025-05-03 12:18:09,891 - INFO - joeynmt.training - Example #1
2025-05-03 12:18:09,892 - DEBUG - joeynmt.training - 	Tokenized source:     ['Indi@@', 'ens', 'neu@@', 'er', 'Pre@@', 'mi@@', 'er@@', 'minist@@', 'er', 'N@@', 'ar@@', 'end@@', 'ra', 'Mo@@', 'd@@', 'i', 'tri@@', 'fft', 'bei', 's@@', 'einem', 'ersten', 'wichti@@', 'gen', 'Aus@@', 'land@@', 's@@', 'bes@@', 'u@@', 'ch', 'seit', 's@@', 'einem', 'W@@', 'ah@@', 'l@@', 'si@@', 'e@@', 'g', 'im', 'Ma@@', 'i', 'seinen', 'j@@', 'ap@@', 'an@@', 'ischen', 'Am@@', 'ts@@', 'k@@', 'olle@@', 'gen', 'S@@', 'hin@@', 'z@@', 'o', 'A@@', 'be', 'in', 'T@@', 'ok@@', 'o', ',', 'um', 'wirtschaf@@', 'tliche', 'und', 'sicher@@', 'heits@@', 'politische', 'Be@@', 'zieh@@', 'ungen', 'zu', 'bes@@', 'pre@@', 'chen', '.']
2025-05-03 12:18:09,892 - DEBUG - joeynmt.training - 	Tokenized reference:  ['Indi@@', 'a', '&apos;s', 'new', 'pri@@', 'me', 'minist@@', 'er', ',', 'N@@', 'ar@@', 'end@@', 'ra', 'Mo@@', 'd@@', 'i', ',', 'is', 'me@@', 'eting', 'his', 'J@@', 'ap@@', 'an@@', 'ese', 'coun@@', 'ter@@', 'part', ',', 'S@@', 'hin@@', 'z@@', 'o', 'A@@', 'be', ',', 'in', 'T@@', 'ok@@', 'y@@', 'o', 'to', 'disc@@', 'uss', 'economic', 'and', 'security', 'ties', ',', 'on', 'his', 'first', 'major', 'fore@@', 'ign', 'visi@@', 't', 'since', 'w@@', 'inn@@', 'ing', 'Ma@@', 'y', '&apos;s', 'elec@@', 'tion', '.']
2025-05-03 12:18:09,892 - DEBUG - joeynmt.training - 	Tokenized hypothesis: ['Indi@@', 'a', '&apos;s', '&apos;s', 'Pri@@', 'me', 'Minist@@', 'er', 'N@@', 'ar@@', 'end@@', 'ra', 'Mo@@', 'd@@', 'i', 'Mo@@', 'd@@', 'i', ',', 'in', 'the', 'first', 'important', 'ex@@', 'change', 'of', 'the', 'European', 'C@@', 'olle@@', 'ge', 'A@@', 'be', 'in', 'T@@', 'ok@@', 'o', ',', 'for', 'the', 'S@@', 'hin@@', 'z@@', 'o', 'A@@', 'be', 'in', 'T@@', 'ok@@', 'o', ',', 'to', 'economic', 'and', 'saf@@', 'ety', 'political', 'rel@@', 'ations', '.', '</s>']
2025-05-03 12:18:09,892 - INFO - joeynmt.training - 	Source:     Indiens neuer Premierminister Narendra Modi trifft bei seinem ersten wichtigen Auslandsbesuch seit seinem Wahlsieg im Mai seinen japanischen Amtskollegen Shinzo Abe in Toko , um wirtschaftliche und sicherheitspolitische Beziehungen zu besprechen .
2025-05-03 12:18:09,892 - INFO - joeynmt.training - 	Reference:  India &apos;s new prime minister , Narendra Modi , is meeting his Japanese counterpart , Shinzo Abe , in Tokyo to discuss economic and security ties , on his first major foreign visit since winning May &apos;s election .
2025-05-03 12:18:09,892 - INFO - joeynmt.training - 	Hypothesis: India &apos;s &apos;s Prime Minister Narendra Modi Modi , in the first important exchange of the European College Abe in Toko , for the Shinzo Abe in Toko , to economic and safety political relations .
2025-05-03 12:18:09,892 - INFO - joeynmt.training - Example #2
2025-05-03 12:18:09,892 - DEBUG - joeynmt.training - 	Tokenized source:     ['Herr', 'Mo@@', 'd@@', 'i', 'befindet', 'sich', 'auf', 'einer', 'fü@@', 'n@@', 'f@@', 'tä@@', 'gi@@', 'gen', 'Rei@@', 'se', 'nach', 'J@@', 'ap@@', 'an', ',', 'um', 'die', 'wirtschaf@@', 'tlichen', 'Be@@', 'zieh@@', 'ungen', 'mit', 'der', 'd@@', 'rit@@', 't@@', 'größ@@', 'ten', 'Wirtschafts@@', 'n@@', 'ation', 'der', 'Welt', 'zu', 'fes@@', 'tigen', '.']
2025-05-03 12:18:09,892 - DEBUG - joeynmt.training - 	Tokenized reference:  ['Mr', 'Mo@@', 'd@@', 'i', 'is', 'on', 'a', 'fi@@', 've', '@@@', '-@@', '@', 'day', 'tri@@', 'p', 'to', 'J@@', 'ap@@', 'an', 'to', 'streng@@', 'then', 'economic', 'ties', 'with', 'the', 'third', 'lar@@', 'ges@@', 't', 'econom@@', 'y', 'in', 'the', 'world', '.']
2025-05-03 12:18:09,892 - DEBUG - joeynmt.training - 	Tokenized hypothesis: ['Mr', 'Mo@@', 'd@@', 'i', 'is', 'on', 'a', 'fi@@', 'f@@', 'ty', 'of', 'a', 'fi@@', 'f@@', 'ty', 'of', 'the', 'world', '&apos;s', 'economic', 'rel@@', 'ations', 'with', 'the', 'third', 'lar@@', 'ges@@', 't', 'economic', 'rel@@', 'ations', '.', '</s>']
2025-05-03 12:18:09,893 - INFO - joeynmt.training - 	Source:     Herr Modi befindet sich auf einer fünftägigen Reise nach Japan , um die wirtschaftlichen Beziehungen mit der drittgrößten Wirtschaftsnation der Welt zu festigen .
2025-05-03 12:18:09,893 - INFO - joeynmt.training - 	Reference:  Mr Modi is on a five @-@ day trip to Japan to strengthen economic ties with the third largest economy in the world .
2025-05-03 12:18:09,893 - INFO - joeynmt.training - 	Hypothesis: Mr Modi is on a fifty of a fifty of the world &apos;s economic relations with the third largest economic relations .
2025-05-03 12:18:09,893 - INFO - joeynmt.training - Example #3
2025-05-03 12:18:09,893 - DEBUG - joeynmt.training - 	Tokenized source:     ['P@@', 'län@@', 'e', 'für', 'eine', 'stärk@@', 'ere', 'k@@', 'ern@@', 'techn@@', 'ische', 'Zusammenarbeit', 'stehen', 'ganz', 'ob@@', 'en', 'auf', 'der', 'Tag@@', 'es@@', 'ordnung', '.']
2025-05-03 12:18:09,893 - DEBUG - joeynmt.training - 	Tokenized reference:  ['high', 'on', 'the', 'agen@@', 'da', 'are', 'pl@@', 'ans', 'for', 'gre@@', 'ater', 'nu@@', 'clear', 'c@@', 'o', '@@@', '-@@', '@', 'operation', '.']
2025-05-03 12:18:09,893 - DEBUG - joeynmt.training - 	Tokenized hypothesis: ['pl@@', 'ans', 'for', 'more', 'more', 'nu@@', 'clear', 'techn@@', 'ical', 'cooperation', 'is', 'very', 'ob@@', 'vi@@', 'ously', 'on', 'the', 'agen@@', 'da', '.', '</s>']
2025-05-03 12:18:09,893 - INFO - joeynmt.training - 	Source:     Pläne für eine stärkere kerntechnische Zusammenarbeit stehen ganz oben auf der Tagesordnung .
2025-05-03 12:18:09,893 - INFO - joeynmt.training - 	Reference:  high on the agenda are plans for greater nuclear co @-@ operation .
2025-05-03 12:18:09,893 - INFO - joeynmt.training - 	Hypothesis: plans for more more nuclear technical cooperation is very obviously on the agenda .
2025-05-03 12:18:09,893 - INFO - joeynmt.training - Example #4
2025-05-03 12:18:09,893 - DEBUG - joeynmt.training - 	Tokenized source:     ['Berich@@', 'ten', 'zu@@', 'fol@@', 'ge', 'ho@@', 'fft', 'Indi@@', 'en', 'darüber', 'hinaus', 'auf', 'einen', 'Ver@@', 'trag', 'zur', 'Ver@@', 'tei@@', 'dig@@', 'ungs@@', 'zusammen@@', 'arbeit', 'zwischen', 'den', 'beiden', 'N@@', 'ationen', '.']
2025-05-03 12:18:09,893 - DEBUG - joeynmt.training - 	Tokenized reference:  ['Indi@@', 'a', 'is', 'also', 're@@', 'porte@@', 'dly', 'hop@@', 'ing', 'for', 'a', 'de@@', 'al', 'on', 'def@@', 'ence', 'c@@', 'oll@@', 'ab@@', 'or@@', 'ation', 'between', 'the', 'two', 'n@@', 'ations', '.']
2025-05-03 12:18:09,893 - DEBUG - joeynmt.training - 	Tokenized hypothesis: ['re@@', 'ports', ',', 'in', 'ad@@', 'dition', ',', 'Indi@@', 'a', 'is', 'also', 'the', 'Tre@@', 'aty', 'on', 'def@@', 'ence', 'cooperation', 'between', 'the', 'two', 'N@@', 'ations', '.', '</s>']
2025-05-03 12:18:09,894 - INFO - joeynmt.training - 	Source:     Berichten zufolge hofft Indien darüber hinaus auf einen Vertrag zur Verteidigungszusammenarbeit zwischen den beiden Nationen .
2025-05-03 12:18:09,894 - INFO - joeynmt.training - 	Reference:  India is also reportedly hoping for a deal on defence collaboration between the two nations .
2025-05-03 12:18:09,894 - INFO - joeynmt.training - 	Hypothesis: reports , in addition , India is also the Treaty on defence cooperation between the two Nations .
2025-05-03 12:18:15,483 - INFO - joeynmt.training - Epoch   7, Step:    24600, Batch Loss:     1.923936, Batch Acc: 0.536640, Tokens per Sec:    15801, Lr: 0.000300
2025-05-03 12:18:20,916 - INFO - joeynmt.training - Epoch   7, Step:    24700, Batch Loss:     1.599456, Batch Acc: 0.529012, Tokens per Sec:    17391, Lr: 0.000300
2025-05-03 12:18:26,514 - INFO - joeynmt.training - Epoch   7, Step:    24800, Batch Loss:     1.736628, Batch Acc: 0.527947, Tokens per Sec:    16367, Lr: 0.000300
2025-05-03 12:18:31,995 - INFO - joeynmt.training - Epoch   7, Step:    24900, Batch Loss:     1.915066, Batch Acc: 0.524815, Tokens per Sec:    16746, Lr: 0.000300
2025-05-03 12:18:37,446 - INFO - joeynmt.training - Epoch   7, Step:    25000, Batch Loss:     1.938587, Batch Acc: 0.519921, Tokens per Sec:    16611, Lr: 0.000300
2025-05-03 12:18:37,446 - INFO - joeynmt.prediction - Predicting 500 example(s)... (Greedy decoding with min_output_length=1, max_output_length=-1, return_prob='none', generate_unk=True, repetition_penalty=-1, no_repeat_ngram_size=-1)
2025-05-03 12:18:42,759 - INFO - joeynmt.prediction - Evaluation result (greedy) loss:   2.13, ppl:   8.41, acc:   0.45, generation: 5.3053[sec], evaluation: 0.0000[sec]
2025-05-03 12:18:42,838 - INFO - joeynmt.helpers - delete models/deen_transformer_pre/22000.ckpt
2025-05-03 12:18:42,844 - INFO - joeynmt.training - Example #0
2025-05-03 12:18:42,844 - DEBUG - joeynmt.training - 	Tokenized source:     ['die', 'Pre@@', 'mi@@', 'er@@', 'minist@@', 'er', 'Indi@@', 'ens', 'und', 'J@@', 'ap@@', 'ans', 'tra@@', 'fen', 'sich', 'in', 'T@@', 'ok@@', 'i@@', 'o', '.']
2025-05-03 12:18:42,845 - DEBUG - joeynmt.training - 	Tokenized reference:  ['Indi@@', 'a', 'and', 'J@@', 'ap@@', 'an', 'pri@@', 'me', 'minist@@', 'ers', 'me@@', 'et', 'in', 'T@@', 'ok@@', 'y@@', 'o']
2025-05-03 12:18:42,845 - DEBUG - joeynmt.training - 	Tokenized hypothesis: ['the', 'Pri@@', 'me', 'Minist@@', 'er', 'Indi@@', 'a', 'and', 'J@@', 'ap@@', 'an', 'is', 'in', 'T@@', 'ok@@', 'i@@', 'o', '.', '</s>']
2025-05-03 12:18:42,845 - INFO - joeynmt.training - 	Source:     die Premierminister Indiens und Japans trafen sich in Tokio .
2025-05-03 12:18:42,845 - INFO - joeynmt.training - 	Reference:  India and Japan prime ministers meet in Tokyo
2025-05-03 12:18:42,845 - INFO - joeynmt.training - 	Hypothesis: the Prime Minister India and Japan is in Tokio .
2025-05-03 12:18:42,845 - INFO - joeynmt.training - Example #1
2025-05-03 12:18:42,845 - DEBUG - joeynmt.training - 	Tokenized source:     ['Indi@@', 'ens', 'neu@@', 'er', 'Pre@@', 'mi@@', 'er@@', 'minist@@', 'er', 'N@@', 'ar@@', 'end@@', 'ra', 'Mo@@', 'd@@', 'i', 'tri@@', 'fft', 'bei', 's@@', 'einem', 'ersten', 'wichti@@', 'gen', 'Aus@@', 'land@@', 's@@', 'bes@@', 'u@@', 'ch', 'seit', 's@@', 'einem', 'W@@', 'ah@@', 'l@@', 'si@@', 'e@@', 'g', 'im', 'Ma@@', 'i', 'seinen', 'j@@', 'ap@@', 'an@@', 'ischen', 'Am@@', 'ts@@', 'k@@', 'olle@@', 'gen', 'S@@', 'hin@@', 'z@@', 'o', 'A@@', 'be', 'in', 'T@@', 'ok@@', 'o', ',', 'um', 'wirtschaf@@', 'tliche', 'und', 'sicher@@', 'heits@@', 'politische', 'Be@@', 'zieh@@', 'ungen', 'zu', 'bes@@', 'pre@@', 'chen', '.']
2025-05-03 12:18:42,845 - DEBUG - joeynmt.training - 	Tokenized reference:  ['Indi@@', 'a', '&apos;s', 'new', 'pri@@', 'me', 'minist@@', 'er', ',', 'N@@', 'ar@@', 'end@@', 'ra', 'Mo@@', 'd@@', 'i', ',', 'is', 'me@@', 'eting', 'his', 'J@@', 'ap@@', 'an@@', 'ese', 'coun@@', 'ter@@', 'part', ',', 'S@@', 'hin@@', 'z@@', 'o', 'A@@', 'be', ',', 'in', 'T@@', 'ok@@', 'y@@', 'o', 'to', 'disc@@', 'uss', 'economic', 'and', 'security', 'ties', ',', 'on', 'his', 'first', 'major', 'fore@@', 'ign', 'visi@@', 't', 'since', 'w@@', 'inn@@', 'ing', 'Ma@@', 'y', '&apos;s', 'elec@@', 'tion', '.']
2025-05-03 12:18:42,845 - DEBUG - joeynmt.training - 	Tokenized hypothesis: ['Indi@@', 'a', '&apos;s', 'new', 'Pri@@', 'me', 'Minist@@', 'er', 'N@@', 'ar@@', 'end@@', 'ra', 'Mo@@', 'd@@', 'i', ',', 'in', 'the', 'first', 'important', 'ex@@', 'tern@@', 'al', 'land@@', 'sc@@', 'ap@@', 'e', ',', 'the', 'S@@', 'hin@@', 'z@@', 'o', 'A@@', 'be', 'in', 'T@@', 'ok@@', 'o', ',', 'the', 'J@@', 'ap@@', 'an', 'O@@', 'm@@', 'bud@@', 's@@', 'man', '&apos;s', 'J@@', 'ap@@', 'an', 'H@@', 'um@@', 'an', 'Ri@@', 'ghts', ',', 'S@@', 'hin@@', 'z@@', 'o', 'A@@', 'be', 'in', 'T@@', 'ok@@', 'o', ',', 'and', 'S@@', 'ec@@', 're@@', 't@@', 'ar@@', 'get', 'to', 'the', 'economic', 'and', 'security', 'political', 'rel@@', 'ations', '.', '</s>']
2025-05-03 12:18:42,845 - INFO - joeynmt.training - 	Source:     Indiens neuer Premierminister Narendra Modi trifft bei seinem ersten wichtigen Auslandsbesuch seit seinem Wahlsieg im Mai seinen japanischen Amtskollegen Shinzo Abe in Toko , um wirtschaftliche und sicherheitspolitische Beziehungen zu besprechen .
2025-05-03 12:18:42,845 - INFO - joeynmt.training - 	Reference:  India &apos;s new prime minister , Narendra Modi , is meeting his Japanese counterpart , Shinzo Abe , in Tokyo to discuss economic and security ties , on his first major foreign visit since winning May &apos;s election .
2025-05-03 12:18:42,846 - INFO - joeynmt.training - 	Hypothesis: India &apos;s new Prime Minister Narendra Modi , in the first important external landscape , the Shinzo Abe in Toko , the Japan Ombudsman &apos;s Japan Human Rights , Shinzo Abe in Toko , and Secretarget to the economic and security political relations .
2025-05-03 12:18:42,846 - INFO - joeynmt.training - Example #2
2025-05-03 12:18:42,846 - DEBUG - joeynmt.training - 	Tokenized source:     ['Herr', 'Mo@@', 'd@@', 'i', 'befindet', 'sich', 'auf', 'einer', 'fü@@', 'n@@', 'f@@', 'tä@@', 'gi@@', 'gen', 'Rei@@', 'se', 'nach', 'J@@', 'ap@@', 'an', ',', 'um', 'die', 'wirtschaf@@', 'tlichen', 'Be@@', 'zieh@@', 'ungen', 'mit', 'der', 'd@@', 'rit@@', 't@@', 'größ@@', 'ten', 'Wirtschafts@@', 'n@@', 'ation', 'der', 'Welt', 'zu', 'fes@@', 'tigen', '.']
2025-05-03 12:18:42,846 - DEBUG - joeynmt.training - 	Tokenized reference:  ['Mr', 'Mo@@', 'd@@', 'i', 'is', 'on', 'a', 'fi@@', 've', '@@@', '-@@', '@', 'day', 'tri@@', 'p', 'to', 'J@@', 'ap@@', 'an', 'to', 'streng@@', 'then', 'economic', 'ties', 'with', 'the', 'third', 'lar@@', 'ges@@', 't', 'econom@@', 'y', 'in', 'the', 'world', '.']
2025-05-03 12:18:42,846 - DEBUG - joeynmt.training - 	Tokenized hypothesis: ['Mr', 'Mo@@', 'd@@', 'i', 'is', 'on', 'a', 'fi@@', 'f@@', 'th', 'of', 'a', 'fi@@', 'f@@', 'th', 'b@@', 'ig@@', 'ges@@', 't', 'tra@@', 'ff@@', 'ic', 'in', 'order', 'to', 'f@@', 'ran@@', 't', 'economic', 'rel@@', 'ations', '.', '</s>']
2025-05-03 12:18:42,846 - INFO - joeynmt.training - 	Source:     Herr Modi befindet sich auf einer fünftägigen Reise nach Japan , um die wirtschaftlichen Beziehungen mit der drittgrößten Wirtschaftsnation der Welt zu festigen .
2025-05-03 12:18:42,847 - INFO - joeynmt.training - 	Reference:  Mr Modi is on a five @-@ day trip to Japan to strengthen economic ties with the third largest economy in the world .
2025-05-03 12:18:42,847 - INFO - joeynmt.training - 	Hypothesis: Mr Modi is on a fifth of a fifth biggest traffic in order to frant economic relations .
2025-05-03 12:18:42,847 - INFO - joeynmt.training - Example #3
2025-05-03 12:18:42,847 - DEBUG - joeynmt.training - 	Tokenized source:     ['P@@', 'län@@', 'e', 'für', 'eine', 'stärk@@', 'ere', 'k@@', 'ern@@', 'techn@@', 'ische', 'Zusammenarbeit', 'stehen', 'ganz', 'ob@@', 'en', 'auf', 'der', 'Tag@@', 'es@@', 'ordnung', '.']
2025-05-03 12:18:42,847 - DEBUG - joeynmt.training - 	Tokenized reference:  ['high', 'on', 'the', 'agen@@', 'da', 'are', 'pl@@', 'ans', 'for', 'gre@@', 'ater', 'nu@@', 'clear', 'c@@', 'o', '@@@', '-@@', '@', 'operation', '.']
2025-05-03 12:18:42,847 - DEBUG - joeynmt.training - 	Tokenized hypothesis: ['pl@@', 'ans', 'for', 'more', 'more', 'nu@@', 'clear', 'techn@@', 'ical', 'cooperation', 'is', 'enti@@', 're@@', 'ly', 'on', 'the', 'agen@@', 'da', '.', '</s>']
2025-05-03 12:18:42,847 - INFO - joeynmt.training - 	Source:     Pläne für eine stärkere kerntechnische Zusammenarbeit stehen ganz oben auf der Tagesordnung .
2025-05-03 12:18:42,847 - INFO - joeynmt.training - 	Reference:  high on the agenda are plans for greater nuclear co @-@ operation .
2025-05-03 12:18:42,847 - INFO - joeynmt.training - 	Hypothesis: plans for more more nuclear technical cooperation is entirely on the agenda .
2025-05-03 12:18:42,847 - INFO - joeynmt.training - Example #4
2025-05-03 12:18:42,847 - DEBUG - joeynmt.training - 	Tokenized source:     ['Berich@@', 'ten', 'zu@@', 'fol@@', 'ge', 'ho@@', 'fft', 'Indi@@', 'en', 'darüber', 'hinaus', 'auf', 'einen', 'Ver@@', 'trag', 'zur', 'Ver@@', 'tei@@', 'dig@@', 'ungs@@', 'zusammen@@', 'arbeit', 'zwischen', 'den', 'beiden', 'N@@', 'ationen', '.']
2025-05-03 12:18:42,847 - DEBUG - joeynmt.training - 	Tokenized reference:  ['Indi@@', 'a', 'is', 'also', 're@@', 'porte@@', 'dly', 'hop@@', 'ing', 'for', 'a', 'de@@', 'al', 'on', 'def@@', 'ence', 'c@@', 'oll@@', 'ab@@', 'or@@', 'ation', 'between', 'the', 'two', 'n@@', 'ations', '.']
2025-05-03 12:18:42,847 - DEBUG - joeynmt.training - 	Tokenized hypothesis: ['the', 'following', 'high@@', 'est', 'Indi@@', 'a', 'is', 'the', 'same', 'on', 'the', 'basis', 'of', 'the', 'propos@@', 'ed', 'rel@@', 'ation@@', 'ship', 'between', 'the', 'two', 'N@@', 'ations', '.', '</s>']
2025-05-03 12:18:42,847 - INFO - joeynmt.training - 	Source:     Berichten zufolge hofft Indien darüber hinaus auf einen Vertrag zur Verteidigungszusammenarbeit zwischen den beiden Nationen .
2025-05-03 12:18:42,847 - INFO - joeynmt.training - 	Reference:  India is also reportedly hoping for a deal on defence collaboration between the two nations .
2025-05-03 12:18:42,847 - INFO - joeynmt.training - 	Hypothesis: the following highest India is the same on the basis of the proposed relationship between the two Nations .
2025-05-03 12:18:48,377 - INFO - joeynmt.training - Epoch   7, Step:    25100, Batch Loss:     1.713944, Batch Acc: 0.524016, Tokens per Sec:    16271, Lr: 0.000300
2025-05-03 12:18:53,875 - INFO - joeynmt.training - Epoch   7, Step:    25200, Batch Loss:     1.709797, Batch Acc: 0.529752, Tokens per Sec:    16750, Lr: 0.000300
2025-05-03 12:18:59,368 - INFO - joeynmt.training - Epoch   7, Step:    25300, Batch Loss:     1.865431, Batch Acc: 0.523288, Tokens per Sec:    16877, Lr: 0.000300
2025-05-03 12:19:04,932 - INFO - joeynmt.training - Epoch   7, Step:    25400, Batch Loss:     1.607288, Batch Acc: 0.529406, Tokens per Sec:    16359, Lr: 0.000300
2025-05-03 12:19:10,391 - INFO - joeynmt.training - Epoch   7, Step:    25500, Batch Loss:     1.753785, Batch Acc: 0.524371, Tokens per Sec:    16893, Lr: 0.000300
2025-05-03 12:19:10,391 - INFO - joeynmt.prediction - Predicting 500 example(s)... (Greedy decoding with min_output_length=1, max_output_length=-1, return_prob='none', generate_unk=True, repetition_penalty=-1, no_repeat_ngram_size=-1)
2025-05-03 12:19:15,495 - INFO - joeynmt.prediction - Evaluation result (greedy) loss:   2.14, ppl:   8.46, acc:   0.45, generation: 5.0983[sec], evaluation: 0.0000[sec]
2025-05-03 12:19:15,574 - INFO - joeynmt.helpers - delete models/deen_transformer_pre/23000.ckpt
2025-05-03 12:19:15,581 - INFO - joeynmt.training - Example #0
2025-05-03 12:19:15,581 - DEBUG - joeynmt.training - 	Tokenized source:     ['die', 'Pre@@', 'mi@@', 'er@@', 'minist@@', 'er', 'Indi@@', 'ens', 'und', 'J@@', 'ap@@', 'ans', 'tra@@', 'fen', 'sich', 'in', 'T@@', 'ok@@', 'i@@', 'o', '.']
2025-05-03 12:19:15,581 - DEBUG - joeynmt.training - 	Tokenized reference:  ['Indi@@', 'a', 'and', 'J@@', 'ap@@', 'an', 'pri@@', 'me', 'minist@@', 'ers', 'me@@', 'et', 'in', 'T@@', 'ok@@', 'y@@', 'o']
2025-05-03 12:19:15,581 - DEBUG - joeynmt.training - 	Tokenized hypothesis: ['the', 'Pri@@', 'me', 'Minist@@', 'er', 'Indi@@', 'a', 'and', 'J@@', 'ap@@', 'an', ',', 'in', 'T@@', 'ok@@', 'i@@', 'o', '.', '</s>']
2025-05-03 12:19:15,581 - INFO - joeynmt.training - 	Source:     die Premierminister Indiens und Japans trafen sich in Tokio .
2025-05-03 12:19:15,581 - INFO - joeynmt.training - 	Reference:  India and Japan prime ministers meet in Tokyo
2025-05-03 12:19:15,582 - INFO - joeynmt.training - 	Hypothesis: the Prime Minister India and Japan , in Tokio .
2025-05-03 12:19:15,582 - INFO - joeynmt.training - Example #1
2025-05-03 12:19:15,582 - DEBUG - joeynmt.training - 	Tokenized source:     ['Indi@@', 'ens', 'neu@@', 'er', 'Pre@@', 'mi@@', 'er@@', 'minist@@', 'er', 'N@@', 'ar@@', 'end@@', 'ra', 'Mo@@', 'd@@', 'i', 'tri@@', 'fft', 'bei', 's@@', 'einem', 'ersten', 'wichti@@', 'gen', 'Aus@@', 'land@@', 's@@', 'bes@@', 'u@@', 'ch', 'seit', 's@@', 'einem', 'W@@', 'ah@@', 'l@@', 'si@@', 'e@@', 'g', 'im', 'Ma@@', 'i', 'seinen', 'j@@', 'ap@@', 'an@@', 'ischen', 'Am@@', 'ts@@', 'k@@', 'olle@@', 'gen', 'S@@', 'hin@@', 'z@@', 'o', 'A@@', 'be', 'in', 'T@@', 'ok@@', 'o', ',', 'um', 'wirtschaf@@', 'tliche', 'und', 'sicher@@', 'heits@@', 'politische', 'Be@@', 'zieh@@', 'ungen', 'zu', 'bes@@', 'pre@@', 'chen', '.']
2025-05-03 12:19:15,582 - DEBUG - joeynmt.training - 	Tokenized reference:  ['Indi@@', 'a', '&apos;s', 'new', 'pri@@', 'me', 'minist@@', 'er', ',', 'N@@', 'ar@@', 'end@@', 'ra', 'Mo@@', 'd@@', 'i', ',', 'is', 'me@@', 'eting', 'his', 'J@@', 'ap@@', 'an@@', 'ese', 'coun@@', 'ter@@', 'part', ',', 'S@@', 'hin@@', 'z@@', 'o', 'A@@', 'be', ',', 'in', 'T@@', 'ok@@', 'y@@', 'o', 'to', 'disc@@', 'uss', 'economic', 'and', 'security', 'ties', ',', 'on', 'his', 'first', 'major', 'fore@@', 'ign', 'visi@@', 't', 'since', 'w@@', 'inn@@', 'ing', 'Ma@@', 'y', '&apos;s', 'elec@@', 'tion', '.']
2025-05-03 12:19:15,582 - DEBUG - joeynmt.training - 	Tokenized hypothesis: ['Indi@@', 'a', ',', 'N@@', 'ar@@', 'end@@', 'ra', 'Mo@@', 'd@@', 'i', ',', 'the', 'first', 'of', 'all', ',', 'the', 'first', 'important', 'ex@@', 'tern@@', 'al', 'land@@', 'sc@@', 'ap@@', 'e', ',', 'since', 'its', 'elec@@', 't@@', 'or@@', 'al', 'c@@', 'y@@', 'c@@', 'le', ',', 'the', 'S@@', 'hin@@', 'z@@', 'o', 'A@@', 'be', 'in', 'T@@', 'ok@@', 'o', ',', 'in', 'T@@', 'ok@@', 'o', ',', 'in', 'T@@', 'ok@@', 'o', ',', 'in', 'T@@', 'ok@@', 'o', ',', 'in', 'T@@', 'ok@@', 'o', ',', 'in', 'T@@', 'ok@@', 'o', ',', 'in', 'T@@', 'ok@@', 'o', ',', 'in', 'T@@', 'ok@@', 'o', ',', 'for', 'the', 'first', 'time', '.', '</s>']
2025-05-03 12:19:15,582 - INFO - joeynmt.training - 	Source:     Indiens neuer Premierminister Narendra Modi trifft bei seinem ersten wichtigen Auslandsbesuch seit seinem Wahlsieg im Mai seinen japanischen Amtskollegen Shinzo Abe in Toko , um wirtschaftliche und sicherheitspolitische Beziehungen zu besprechen .
2025-05-03 12:19:15,582 - INFO - joeynmt.training - 	Reference:  India &apos;s new prime minister , Narendra Modi , is meeting his Japanese counterpart , Shinzo Abe , in Tokyo to discuss economic and security ties , on his first major foreign visit since winning May &apos;s election .
2025-05-03 12:19:15,582 - INFO - joeynmt.training - 	Hypothesis: India , Narendra Modi , the first of all , the first important external landscape , since its electoral cycle , the Shinzo Abe in Toko , in Toko , in Toko , in Toko , in Toko , in Toko , in Toko , in Toko , for the first time .
2025-05-03 12:19:15,582 - INFO - joeynmt.training - Example #2
2025-05-03 12:19:15,582 - DEBUG - joeynmt.training - 	Tokenized source:     ['Herr', 'Mo@@', 'd@@', 'i', 'befindet', 'sich', 'auf', 'einer', 'fü@@', 'n@@', 'f@@', 'tä@@', 'gi@@', 'gen', 'Rei@@', 'se', 'nach', 'J@@', 'ap@@', 'an', ',', 'um', 'die', 'wirtschaf@@', 'tlichen', 'Be@@', 'zieh@@', 'ungen', 'mit', 'der', 'd@@', 'rit@@', 't@@', 'größ@@', 'ten', 'Wirtschafts@@', 'n@@', 'ation', 'der', 'Welt', 'zu', 'fes@@', 'tigen', '.']
2025-05-03 12:19:15,583 - DEBUG - joeynmt.training - 	Tokenized reference:  ['Mr', 'Mo@@', 'd@@', 'i', 'is', 'on', 'a', 'fi@@', 've', '@@@', '-@@', '@', 'day', 'tri@@', 'p', 'to', 'J@@', 'ap@@', 'an', 'to', 'streng@@', 'then', 'economic', 'ties', 'with', 'the', 'third', 'lar@@', 'ges@@', 't', 'econom@@', 'y', 'in', 'the', 'world', '.']
2025-05-03 12:19:15,583 - DEBUG - joeynmt.training - 	Tokenized hypothesis: ['Mr', 'Mo@@', 'd@@', 'i', 'is', 'on', 'a', 'fi@@', 'f@@', 'ty', 'of', 'fi@@', 'f@@', 'ty', 'j@@', 'ap@@', 'an', 'to', 'the', 'economic', 'rel@@', 'ations', 'with', 'the', 'third', 'lar@@', 'ges@@', 't', 'economic', 'rel@@', 'ations', '.', '</s>']
2025-05-03 12:19:15,583 - INFO - joeynmt.training - 	Source:     Herr Modi befindet sich auf einer fünftägigen Reise nach Japan , um die wirtschaftlichen Beziehungen mit der drittgrößten Wirtschaftsnation der Welt zu festigen .
2025-05-03 12:19:15,583 - INFO - joeynmt.training - 	Reference:  Mr Modi is on a five @-@ day trip to Japan to strengthen economic ties with the third largest economy in the world .
2025-05-03 12:19:15,583 - INFO - joeynmt.training - 	Hypothesis: Mr Modi is on a fifty of fifty japan to the economic relations with the third largest economic relations .
2025-05-03 12:19:15,583 - INFO - joeynmt.training - Example #3
2025-05-03 12:19:15,583 - DEBUG - joeynmt.training - 	Tokenized source:     ['P@@', 'län@@', 'e', 'für', 'eine', 'stärk@@', 'ere', 'k@@', 'ern@@', 'techn@@', 'ische', 'Zusammenarbeit', 'stehen', 'ganz', 'ob@@', 'en', 'auf', 'der', 'Tag@@', 'es@@', 'ordnung', '.']
2025-05-03 12:19:15,583 - DEBUG - joeynmt.training - 	Tokenized reference:  ['high', 'on', 'the', 'agen@@', 'da', 'are', 'pl@@', 'ans', 'for', 'gre@@', 'ater', 'nu@@', 'clear', 'c@@', 'o', '@@@', '-@@', '@', 'operation', '.']
2025-05-03 12:19:15,583 - DEBUG - joeynmt.training - 	Tokenized hypothesis: ['P@@', 'ru@@', 'e', 'for', 'gre@@', 'ater', 'cooperation', ',', 'the', 'same', 'techn@@', 'ical', 'cooperation', 'is', 'enti@@', 're@@', 'ly', 'on', 'the', 'agen@@', 'da', '.', '</s>']
2025-05-03 12:19:15,583 - INFO - joeynmt.training - 	Source:     Pläne für eine stärkere kerntechnische Zusammenarbeit stehen ganz oben auf der Tagesordnung .
2025-05-03 12:19:15,583 - INFO - joeynmt.training - 	Reference:  high on the agenda are plans for greater nuclear co @-@ operation .
2025-05-03 12:19:15,583 - INFO - joeynmt.training - 	Hypothesis: Prue for greater cooperation , the same technical cooperation is entirely on the agenda .
2025-05-03 12:19:15,583 - INFO - joeynmt.training - Example #4
2025-05-03 12:19:15,584 - DEBUG - joeynmt.training - 	Tokenized source:     ['Berich@@', 'ten', 'zu@@', 'fol@@', 'ge', 'ho@@', 'fft', 'Indi@@', 'en', 'darüber', 'hinaus', 'auf', 'einen', 'Ver@@', 'trag', 'zur', 'Ver@@', 'tei@@', 'dig@@', 'ungs@@', 'zusammen@@', 'arbeit', 'zwischen', 'den', 'beiden', 'N@@', 'ationen', '.']
2025-05-03 12:19:15,584 - DEBUG - joeynmt.training - 	Tokenized reference:  ['Indi@@', 'a', 'is', 'also', 're@@', 'porte@@', 'dly', 'hop@@', 'ing', 'for', 'a', 'de@@', 'al', 'on', 'def@@', 'ence', 'c@@', 'oll@@', 'ab@@', 'or@@', 'ation', 'between', 'the', 'two', 'n@@', 'ations', '.']
2025-05-03 12:19:15,584 - DEBUG - joeynmt.training - 	Tokenized hypothesis: ['re@@', 'ports', ',', 'in', 'ad@@', 'dition', ',', 'Indi@@', 'a', 'is', 'also', 'the', 'fact', 'that', 'the', 'two', 'N@@', 'ations', '.', '</s>']
2025-05-03 12:19:15,584 - INFO - joeynmt.training - 	Source:     Berichten zufolge hofft Indien darüber hinaus auf einen Vertrag zur Verteidigungszusammenarbeit zwischen den beiden Nationen .
2025-05-03 12:19:15,584 - INFO - joeynmt.training - 	Reference:  India is also reportedly hoping for a deal on defence collaboration between the two nations .
2025-05-03 12:19:15,584 - INFO - joeynmt.training - 	Hypothesis: reports , in addition , India is also the fact that the two Nations .
2025-05-03 12:19:20,999 - INFO - joeynmt.training - Epoch   7, Step:    25600, Batch Loss:     1.757486, Batch Acc: 0.520447, Tokens per Sec:    17012, Lr: 0.000300
2025-05-03 12:19:26,582 - INFO - joeynmt.training - Epoch   7, Step:    25700, Batch Loss:     1.678738, Batch Acc: 0.520061, Tokens per Sec:    16435, Lr: 0.000300
2025-05-03 12:19:31,930 - INFO - joeynmt.training - Epoch   7, Step:    25800, Batch Loss:     1.542093, Batch Acc: 0.527506, Tokens per Sec:    17022, Lr: 0.000300
2025-05-03 12:19:37,570 - INFO - joeynmt.training - Epoch   7, Step:    25900, Batch Loss:     1.925768, Batch Acc: 0.532707, Tokens per Sec:    16144, Lr: 0.000300
2025-05-03 12:19:42,926 - INFO - joeynmt.training - Epoch   7, Step:    26000, Batch Loss:     1.901763, Batch Acc: 0.521527, Tokens per Sec:    17196, Lr: 0.000300
2025-05-03 12:19:42,926 - INFO - joeynmt.prediction - Predicting 500 example(s)... (Greedy decoding with min_output_length=1, max_output_length=-1, return_prob='none', generate_unk=True, repetition_penalty=-1, no_repeat_ngram_size=-1)
2025-05-03 12:19:48,808 - INFO - joeynmt.prediction - Evaluation result (greedy) loss:   2.12, ppl:   8.35, acc:   0.45, generation: 5.8741[sec], evaluation: 0.0000[sec]
2025-05-03 12:19:48,808 - INFO - joeynmt.training - Hooray! New best validation result [ppl]!
2025-05-03 12:19:48,893 - INFO - joeynmt.helpers - delete models/deen_transformer_pre/25500.ckpt
2025-05-03 12:19:48,900 - INFO - joeynmt.training - Example #0
2025-05-03 12:19:48,900 - DEBUG - joeynmt.training - 	Tokenized source:     ['die', 'Pre@@', 'mi@@', 'er@@', 'minist@@', 'er', 'Indi@@', 'ens', 'und', 'J@@', 'ap@@', 'ans', 'tra@@', 'fen', 'sich', 'in', 'T@@', 'ok@@', 'i@@', 'o', '.']
2025-05-03 12:19:48,900 - DEBUG - joeynmt.training - 	Tokenized reference:  ['Indi@@', 'a', 'and', 'J@@', 'ap@@', 'an', 'pri@@', 'me', 'minist@@', 'ers', 'me@@', 'et', 'in', 'T@@', 'ok@@', 'y@@', 'o']
2025-05-03 12:19:48,901 - DEBUG - joeynmt.training - 	Tokenized hypothesis: ['the', 'Pri@@', 'me', 'Minist@@', 'er', 'Indi@@', 'a', 'and', 'J@@', 'ap@@', 'an', '&apos;s', 'pri@@', 'me', 'of', 'Indi@@', 'a', 'and', 'J@@', 'ap@@', 'an', '&apos;s', 't@@', 'ent', '.', '</s>']
2025-05-03 12:19:48,901 - INFO - joeynmt.training - 	Source:     die Premierminister Indiens und Japans trafen sich in Tokio .
2025-05-03 12:19:48,901 - INFO - joeynmt.training - 	Reference:  India and Japan prime ministers meet in Tokyo
2025-05-03 12:19:48,901 - INFO - joeynmt.training - 	Hypothesis: the Prime Minister India and Japan &apos;s prime of India and Japan &apos;s tent .
2025-05-03 12:19:48,901 - INFO - joeynmt.training - Example #1
2025-05-03 12:19:48,901 - DEBUG - joeynmt.training - 	Tokenized source:     ['Indi@@', 'ens', 'neu@@', 'er', 'Pre@@', 'mi@@', 'er@@', 'minist@@', 'er', 'N@@', 'ar@@', 'end@@', 'ra', 'Mo@@', 'd@@', 'i', 'tri@@', 'fft', 'bei', 's@@', 'einem', 'ersten', 'wichti@@', 'gen', 'Aus@@', 'land@@', 's@@', 'bes@@', 'u@@', 'ch', 'seit', 's@@', 'einem', 'W@@', 'ah@@', 'l@@', 'si@@', 'e@@', 'g', 'im', 'Ma@@', 'i', 'seinen', 'j@@', 'ap@@', 'an@@', 'ischen', 'Am@@', 'ts@@', 'k@@', 'olle@@', 'gen', 'S@@', 'hin@@', 'z@@', 'o', 'A@@', 'be', 'in', 'T@@', 'ok@@', 'o', ',', 'um', 'wirtschaf@@', 'tliche', 'und', 'sicher@@', 'heits@@', 'politische', 'Be@@', 'zieh@@', 'ungen', 'zu', 'bes@@', 'pre@@', 'chen', '.']
2025-05-03 12:19:48,901 - DEBUG - joeynmt.training - 	Tokenized reference:  ['Indi@@', 'a', '&apos;s', 'new', 'pri@@', 'me', 'minist@@', 'er', ',', 'N@@', 'ar@@', 'end@@', 'ra', 'Mo@@', 'd@@', 'i', ',', 'is', 'me@@', 'eting', 'his', 'J@@', 'ap@@', 'an@@', 'ese', 'coun@@', 'ter@@', 'part', ',', 'S@@', 'hin@@', 'z@@', 'o', 'A@@', 'be', ',', 'in', 'T@@', 'ok@@', 'y@@', 'o', 'to', 'disc@@', 'uss', 'economic', 'and', 'security', 'ties', ',', 'on', 'his', 'first', 'major', 'fore@@', 'ign', 'visi@@', 't', 'since', 'w@@', 'inn@@', 'ing', 'Ma@@', 'y', '&apos;s', 'elec@@', 'tion', '.']
2025-05-03 12:19:48,901 - DEBUG - joeynmt.training - 	Tokenized hypothesis: ['Indi@@', 'a', '&apos;s', 'new', 'Pri@@', 'me', 'Minist@@', 'er', 'N@@', 'ar@@', 'end@@', 'ra', 'Mo@@', 'd@@', 'i', 'is', 'de@@', 'alt', 'with', 'his', 'first', 'important', 'ex@@', 'tern@@', 'al', ',', 'since', 'his', 'elec@@', 't@@', 'or@@', 'al', 'c@@', 'amp@@', 'a@@', 'ign', ',', 'S@@', 'hin@@', 'z@@', 'o', 'A@@', 'be', 'in', 'T@@', 'ok@@', 'o', ',', 'in', 'T@@', 'ok@@', 'o', ',', 'in', 'T@@', 'ok@@', 'o', ',', 'in', 'T@@', 'ok@@', 'o', ',', 'in', 'T@@', 'ok@@', 'o', ',', 'in', 'T@@', 'ok@@', 'o', ',', 'for', 'the', 'first', 'important', 'fore@@', 'ign', 'and', 'saf@@', 'ety', 'of', 'political', 'rel@@', 'ations', '.', '</s>']
2025-05-03 12:19:48,902 - INFO - joeynmt.training - 	Source:     Indiens neuer Premierminister Narendra Modi trifft bei seinem ersten wichtigen Auslandsbesuch seit seinem Wahlsieg im Mai seinen japanischen Amtskollegen Shinzo Abe in Toko , um wirtschaftliche und sicherheitspolitische Beziehungen zu besprechen .
2025-05-03 12:19:48,902 - INFO - joeynmt.training - 	Reference:  India &apos;s new prime minister , Narendra Modi , is meeting his Japanese counterpart , Shinzo Abe , in Tokyo to discuss economic and security ties , on his first major foreign visit since winning May &apos;s election .
2025-05-03 12:19:48,902 - INFO - joeynmt.training - 	Hypothesis: India &apos;s new Prime Minister Narendra Modi is dealt with his first important external , since his electoral campaign , Shinzo Abe in Toko , in Toko , in Toko , in Toko , in Toko , in Toko , for the first important foreign and safety of political relations .
2025-05-03 12:19:48,902 - INFO - joeynmt.training - Example #2
2025-05-03 12:19:48,902 - DEBUG - joeynmt.training - 	Tokenized source:     ['Herr', 'Mo@@', 'd@@', 'i', 'befindet', 'sich', 'auf', 'einer', 'fü@@', 'n@@', 'f@@', 'tä@@', 'gi@@', 'gen', 'Rei@@', 'se', 'nach', 'J@@', 'ap@@', 'an', ',', 'um', 'die', 'wirtschaf@@', 'tlichen', 'Be@@', 'zieh@@', 'ungen', 'mit', 'der', 'd@@', 'rit@@', 't@@', 'größ@@', 'ten', 'Wirtschafts@@', 'n@@', 'ation', 'der', 'Welt', 'zu', 'fes@@', 'tigen', '.']
2025-05-03 12:19:48,902 - DEBUG - joeynmt.training - 	Tokenized reference:  ['Mr', 'Mo@@', 'd@@', 'i', 'is', 'on', 'a', 'fi@@', 've', '@@@', '-@@', '@', 'day', 'tri@@', 'p', 'to', 'J@@', 'ap@@', 'an', 'to', 'streng@@', 'then', 'economic', 'ties', 'with', 'the', 'third', 'lar@@', 'ges@@', 't', 'econom@@', 'y', 'in', 'the', 'world', '.']
2025-05-03 12:19:48,902 - DEBUG - joeynmt.training - 	Tokenized hypothesis: ['Mr', 'Mo@@', 'd@@', 'i', 'is', 'on', 'a', 'fi@@', 'f@@', 'te@@', 'en', 'tri@@', 'p', 'to', 'J@@', 'ap@@', 'an', 'to', 'the', 'economic', 'rel@@', 'ation@@', 'ship', 'with', 'the', 'third', 'lar@@', 'ges@@', 't', 'economic', 'rel@@', 'ation@@', 'ship', 'with', 'the', 'third', 'lar@@', 'ges@@', 't', 'economic', 'n@@', 'ation', 'of', 'the', 'world', '.', '</s>']
2025-05-03 12:19:48,902 - INFO - joeynmt.training - 	Source:     Herr Modi befindet sich auf einer fünftägigen Reise nach Japan , um die wirtschaftlichen Beziehungen mit der drittgrößten Wirtschaftsnation der Welt zu festigen .
2025-05-03 12:19:48,902 - INFO - joeynmt.training - 	Reference:  Mr Modi is on a five @-@ day trip to Japan to strengthen economic ties with the third largest economy in the world .
2025-05-03 12:19:48,902 - INFO - joeynmt.training - 	Hypothesis: Mr Modi is on a fifteen trip to Japan to the economic relationship with the third largest economic relationship with the third largest economic nation of the world .
2025-05-03 12:19:48,902 - INFO - joeynmt.training - Example #3
2025-05-03 12:19:48,902 - DEBUG - joeynmt.training - 	Tokenized source:     ['P@@', 'län@@', 'e', 'für', 'eine', 'stärk@@', 'ere', 'k@@', 'ern@@', 'techn@@', 'ische', 'Zusammenarbeit', 'stehen', 'ganz', 'ob@@', 'en', 'auf', 'der', 'Tag@@', 'es@@', 'ordnung', '.']
2025-05-03 12:19:48,902 - DEBUG - joeynmt.training - 	Tokenized reference:  ['high', 'on', 'the', 'agen@@', 'da', 'are', 'pl@@', 'ans', 'for', 'gre@@', 'ater', 'nu@@', 'clear', 'c@@', 'o', '@@@', '-@@', '@', 'operation', '.']
2025-05-03 12:19:48,902 - DEBUG - joeynmt.training - 	Tokenized hypothesis: ['pl@@', 'ans', 'for', 'more', 'k@@', 'er@@', 'ne@@', 'l', 'techn@@', 'ical', 'cooperation', 'is', 'qu@@', 'ite', 'ob@@', 'vi@@', 'ous', 'on', 'the', 'agen@@', 'da', '.', '</s>']
2025-05-03 12:19:48,902 - INFO - joeynmt.training - 	Source:     Pläne für eine stärkere kerntechnische Zusammenarbeit stehen ganz oben auf der Tagesordnung .
2025-05-03 12:19:48,903 - INFO - joeynmt.training - 	Reference:  high on the agenda are plans for greater nuclear co @-@ operation .
2025-05-03 12:19:48,903 - INFO - joeynmt.training - 	Hypothesis: plans for more kernel technical cooperation is quite obvious on the agenda .
2025-05-03 12:19:48,903 - INFO - joeynmt.training - Example #4
2025-05-03 12:19:48,903 - DEBUG - joeynmt.training - 	Tokenized source:     ['Berich@@', 'ten', 'zu@@', 'fol@@', 'ge', 'ho@@', 'fft', 'Indi@@', 'en', 'darüber', 'hinaus', 'auf', 'einen', 'Ver@@', 'trag', 'zur', 'Ver@@', 'tei@@', 'dig@@', 'ungs@@', 'zusammen@@', 'arbeit', 'zwischen', 'den', 'beiden', 'N@@', 'ationen', '.']
2025-05-03 12:19:48,903 - DEBUG - joeynmt.training - 	Tokenized reference:  ['Indi@@', 'a', 'is', 'also', 're@@', 'porte@@', 'dly', 'hop@@', 'ing', 'for', 'a', 'de@@', 'al', 'on', 'def@@', 'ence', 'c@@', 'oll@@', 'ab@@', 'or@@', 'ation', 'between', 'the', 'two', 'n@@', 'ations', '.']
2025-05-03 12:19:48,903 - DEBUG - joeynmt.training - 	Tokenized hypothesis: ['re@@', 'ports', ',', 'the', 'following', 'high@@', 'li@@', 'ghts', 'of', 'the', 'propos@@', 'als', 'of', 'def@@', 'ence', 'cooperation', 'between', 'the', 'two', 'n@@', 'ations', '.', '</s>']
2025-05-03 12:19:48,903 - INFO - joeynmt.training - 	Source:     Berichten zufolge hofft Indien darüber hinaus auf einen Vertrag zur Verteidigungszusammenarbeit zwischen den beiden Nationen .
2025-05-03 12:19:48,903 - INFO - joeynmt.training - 	Reference:  India is also reportedly hoping for a deal on defence collaboration between the two nations .
2025-05-03 12:19:48,903 - INFO - joeynmt.training - 	Hypothesis: reports , the following highlights of the proposals of defence cooperation between the two nations .
2025-05-03 12:19:54,316 - INFO - joeynmt.training - Epoch   7, Step:    26100, Batch Loss:     1.817629, Batch Acc: 0.521346, Tokens per Sec:    16827, Lr: 0.000300
2025-05-03 12:20:00,014 - INFO - joeynmt.training - Epoch   7, Step:    26200, Batch Loss:     1.658494, Batch Acc: 0.519575, Tokens per Sec:    15951, Lr: 0.000300
2025-05-03 12:20:05,406 - INFO - joeynmt.training - Epoch   7, Step:    26300, Batch Loss:     1.682524, Batch Acc: 0.528933, Tokens per Sec:    17013, Lr: 0.000300
2025-05-03 12:20:10,930 - INFO - joeynmt.training - Epoch   7, Step:    26400, Batch Loss:     1.893093, Batch Acc: 0.526366, Tokens per Sec:    16738, Lr: 0.000300
2025-05-03 12:20:16,367 - INFO - joeynmt.training - Epoch   7, Step:    26500, Batch Loss:     1.939670, Batch Acc: 0.524425, Tokens per Sec:    16808, Lr: 0.000300
2025-05-03 12:20:16,368 - INFO - joeynmt.prediction - Predicting 500 example(s)... (Greedy decoding with min_output_length=1, max_output_length=-1, return_prob='none', generate_unk=True, repetition_penalty=-1, no_repeat_ngram_size=-1)
2025-05-03 12:20:21,809 - INFO - joeynmt.prediction - Evaluation result (greedy) loss:   2.12, ppl:   8.36, acc:   0.45, generation: 5.4344[sec], evaluation: 0.0000[sec]
2025-05-03 12:20:21,897 - INFO - joeynmt.helpers - delete models/deen_transformer_pre/23500.ckpt
2025-05-03 12:20:21,903 - INFO - joeynmt.training - Example #0
2025-05-03 12:20:21,903 - DEBUG - joeynmt.training - 	Tokenized source:     ['die', 'Pre@@', 'mi@@', 'er@@', 'minist@@', 'er', 'Indi@@', 'ens', 'und', 'J@@', 'ap@@', 'ans', 'tra@@', 'fen', 'sich', 'in', 'T@@', 'ok@@', 'i@@', 'o', '.']
2025-05-03 12:20:21,903 - DEBUG - joeynmt.training - 	Tokenized reference:  ['Indi@@', 'a', 'and', 'J@@', 'ap@@', 'an', 'pri@@', 'me', 'minist@@', 'ers', 'me@@', 'et', 'in', 'T@@', 'ok@@', 'y@@', 'o']
2025-05-03 12:20:21,903 - DEBUG - joeynmt.training - 	Tokenized hypothesis: ['the', 'Pri@@', 'me', 'Minist@@', 'er', 'of', 'Indi@@', 'a', 'and', 'J@@', 'ap@@', 'an', '&apos;s', 'f@@', 'ron@@', 't', 'of', 'T@@', 'ok@@', 'i@@', 'o', '.', '</s>']
2025-05-03 12:20:21,903 - INFO - joeynmt.training - 	Source:     die Premierminister Indiens und Japans trafen sich in Tokio .
2025-05-03 12:20:21,903 - INFO - joeynmt.training - 	Reference:  India and Japan prime ministers meet in Tokyo
2025-05-03 12:20:21,903 - INFO - joeynmt.training - 	Hypothesis: the Prime Minister of India and Japan &apos;s front of Tokio .
2025-05-03 12:20:21,903 - INFO - joeynmt.training - Example #1
2025-05-03 12:20:21,903 - DEBUG - joeynmt.training - 	Tokenized source:     ['Indi@@', 'ens', 'neu@@', 'er', 'Pre@@', 'mi@@', 'er@@', 'minist@@', 'er', 'N@@', 'ar@@', 'end@@', 'ra', 'Mo@@', 'd@@', 'i', 'tri@@', 'fft', 'bei', 's@@', 'einem', 'ersten', 'wichti@@', 'gen', 'Aus@@', 'land@@', 's@@', 'bes@@', 'u@@', 'ch', 'seit', 's@@', 'einem', 'W@@', 'ah@@', 'l@@', 'si@@', 'e@@', 'g', 'im', 'Ma@@', 'i', 'seinen', 'j@@', 'ap@@', 'an@@', 'ischen', 'Am@@', 'ts@@', 'k@@', 'olle@@', 'gen', 'S@@', 'hin@@', 'z@@', 'o', 'A@@', 'be', 'in', 'T@@', 'ok@@', 'o', ',', 'um', 'wirtschaf@@', 'tliche', 'und', 'sicher@@', 'heits@@', 'politische', 'Be@@', 'zieh@@', 'ungen', 'zu', 'bes@@', 'pre@@', 'chen', '.']
2025-05-03 12:20:21,903 - DEBUG - joeynmt.training - 	Tokenized reference:  ['Indi@@', 'a', '&apos;s', 'new', 'pri@@', 'me', 'minist@@', 'er', ',', 'N@@', 'ar@@', 'end@@', 'ra', 'Mo@@', 'd@@', 'i', ',', 'is', 'me@@', 'eting', 'his', 'J@@', 'ap@@', 'an@@', 'ese', 'coun@@', 'ter@@', 'part', ',', 'S@@', 'hin@@', 'z@@', 'o', 'A@@', 'be', ',', 'in', 'T@@', 'ok@@', 'y@@', 'o', 'to', 'disc@@', 'uss', 'economic', 'and', 'security', 'ties', ',', 'on', 'his', 'first', 'major', 'fore@@', 'ign', 'visi@@', 't', 'since', 'w@@', 'inn@@', 'ing', 'Ma@@', 'y', '&apos;s', 'elec@@', 'tion', '.']
2025-05-03 12:20:21,903 - DEBUG - joeynmt.training - 	Tokenized hypothesis: ['Indi@@', 'a', '&apos;s', 'new', 'Pri@@', 'me', 'Minist@@', 'er', 'N@@', 'ar@@', 'end@@', 'ra', 'Mo@@', 'd@@', 'i', ',', 'in', 'the', 'first', 'of', 'fore@@', 'ign', 'visi@@', 'tors', ',', 'the', 'S@@', 'hin@@', 'z@@', 'o', 'A@@', 'be', 'in', 'T@@', 'ok@@', 'o', ',', 'in', 'the', 'Ma@@', 'y', ',', 'and', 'S@@', 'hin@@', 'z@@', 'o', 'A@@', 'be', 'in', 'T@@', 'ok@@', 'o', ',', 'in', 'the', 'T@@', 'ok@@', 'o', ',', 'in', 'the', 'economic', 'and', 'security', 'policy', 'rel@@', 'ations', '.', '</s>']
2025-05-03 12:20:21,904 - INFO - joeynmt.training - 	Source:     Indiens neuer Premierminister Narendra Modi trifft bei seinem ersten wichtigen Auslandsbesuch seit seinem Wahlsieg im Mai seinen japanischen Amtskollegen Shinzo Abe in Toko , um wirtschaftliche und sicherheitspolitische Beziehungen zu besprechen .
2025-05-03 12:20:21,904 - INFO - joeynmt.training - 	Reference:  India &apos;s new prime minister , Narendra Modi , is meeting his Japanese counterpart , Shinzo Abe , in Tokyo to discuss economic and security ties , on his first major foreign visit since winning May &apos;s election .
2025-05-03 12:20:21,904 - INFO - joeynmt.training - 	Hypothesis: India &apos;s new Prime Minister Narendra Modi , in the first of foreign visitors , the Shinzo Abe in Toko , in the May , and Shinzo Abe in Toko , in the Toko , in the economic and security policy relations .
2025-05-03 12:20:21,904 - INFO - joeynmt.training - Example #2
2025-05-03 12:20:21,904 - DEBUG - joeynmt.training - 	Tokenized source:     ['Herr', 'Mo@@', 'd@@', 'i', 'befindet', 'sich', 'auf', 'einer', 'fü@@', 'n@@', 'f@@', 'tä@@', 'gi@@', 'gen', 'Rei@@', 'se', 'nach', 'J@@', 'ap@@', 'an', ',', 'um', 'die', 'wirtschaf@@', 'tlichen', 'Be@@', 'zieh@@', 'ungen', 'mit', 'der', 'd@@', 'rit@@', 't@@', 'größ@@', 'ten', 'Wirtschafts@@', 'n@@', 'ation', 'der', 'Welt', 'zu', 'fes@@', 'tigen', '.']
2025-05-03 12:20:21,904 - DEBUG - joeynmt.training - 	Tokenized reference:  ['Mr', 'Mo@@', 'd@@', 'i', 'is', 'on', 'a', 'fi@@', 've', '@@@', '-@@', '@', 'day', 'tri@@', 'p', 'to', 'J@@', 'ap@@', 'an', 'to', 'streng@@', 'then', 'economic', 'ties', 'with', 'the', 'third', 'lar@@', 'ges@@', 't', 'econom@@', 'y', 'in', 'the', 'world', '.']
2025-05-03 12:20:21,904 - DEBUG - joeynmt.training - 	Tokenized hypothesis: ['Mr', 'Mo@@', 'd@@', 'i', 'is', 'on', 'a', 'fi@@', 'f@@', 'ty', 'of', 'a', 'fi@@', 'f@@', 'ty', 'of', 'J@@', 'ap@@', 'an', 'to', 'the', 'economic', 'rel@@', 'ations', 'with', 'the', 'third', 'lar@@', 'ges@@', 't', 'economic', 'n@@', 'ation', 'of', 'the', 'world', '.', '</s>']
2025-05-03 12:20:21,904 - INFO - joeynmt.training - 	Source:     Herr Modi befindet sich auf einer fünftägigen Reise nach Japan , um die wirtschaftlichen Beziehungen mit der drittgrößten Wirtschaftsnation der Welt zu festigen .
2025-05-03 12:20:21,904 - INFO - joeynmt.training - 	Reference:  Mr Modi is on a five @-@ day trip to Japan to strengthen economic ties with the third largest economy in the world .
2025-05-03 12:20:21,904 - INFO - joeynmt.training - 	Hypothesis: Mr Modi is on a fifty of a fifty of Japan to the economic relations with the third largest economic nation of the world .
2025-05-03 12:20:21,904 - INFO - joeynmt.training - Example #3
2025-05-03 12:20:21,905 - DEBUG - joeynmt.training - 	Tokenized source:     ['P@@', 'län@@', 'e', 'für', 'eine', 'stärk@@', 'ere', 'k@@', 'ern@@', 'techn@@', 'ische', 'Zusammenarbeit', 'stehen', 'ganz', 'ob@@', 'en', 'auf', 'der', 'Tag@@', 'es@@', 'ordnung', '.']
2025-05-03 12:20:21,905 - DEBUG - joeynmt.training - 	Tokenized reference:  ['high', 'on', 'the', 'agen@@', 'da', 'are', 'pl@@', 'ans', 'for', 'gre@@', 'ater', 'nu@@', 'clear', 'c@@', 'o', '@@@', '-@@', '@', 'operation', '.']
2025-05-03 12:20:21,905 - DEBUG - joeynmt.training - 	Tokenized hypothesis: ['pl@@', 'ans', 'for', 'more', 'techn@@', 'ical', 'cooperation', ',', 'are', 'qu@@', 'ite', 'ob@@', 'vi@@', 'ous', 'on', 'the', 'agen@@', 'da', '.', '</s>']
2025-05-03 12:20:21,905 - INFO - joeynmt.training - 	Source:     Pläne für eine stärkere kerntechnische Zusammenarbeit stehen ganz oben auf der Tagesordnung .
2025-05-03 12:20:21,905 - INFO - joeynmt.training - 	Reference:  high on the agenda are plans for greater nuclear co @-@ operation .
2025-05-03 12:20:21,905 - INFO - joeynmt.training - 	Hypothesis: plans for more technical cooperation , are quite obvious on the agenda .
2025-05-03 12:20:21,905 - INFO - joeynmt.training - Example #4
2025-05-03 12:20:21,906 - DEBUG - joeynmt.training - 	Tokenized source:     ['Berich@@', 'ten', 'zu@@', 'fol@@', 'ge', 'ho@@', 'fft', 'Indi@@', 'en', 'darüber', 'hinaus', 'auf', 'einen', 'Ver@@', 'trag', 'zur', 'Ver@@', 'tei@@', 'dig@@', 'ungs@@', 'zusammen@@', 'arbeit', 'zwischen', 'den', 'beiden', 'N@@', 'ationen', '.']
2025-05-03 12:20:21,906 - DEBUG - joeynmt.training - 	Tokenized reference:  ['Indi@@', 'a', 'is', 'also', 're@@', 'porte@@', 'dly', 'hop@@', 'ing', 'for', 'a', 'de@@', 'al', 'on', 'def@@', 'ence', 'c@@', 'oll@@', 'ab@@', 'or@@', 'ation', 'between', 'the', 'two', 'n@@', 'ations', '.']
2025-05-03 12:20:21,906 - DEBUG - joeynmt.training - 	Tokenized hypothesis: ['the', 're@@', 'ports', ',', 'the', 'following', ',', 'the', 'eff@@', 'orts', 'of', 'the', 'con@@', 'text', 'of', 'the', 'jo@@', 'b', 'between', 'the', 'two', 'N@@', 'ations', '.', '</s>']
2025-05-03 12:20:21,906 - INFO - joeynmt.training - 	Source:     Berichten zufolge hofft Indien darüber hinaus auf einen Vertrag zur Verteidigungszusammenarbeit zwischen den beiden Nationen .
2025-05-03 12:20:21,906 - INFO - joeynmt.training - 	Reference:  India is also reportedly hoping for a deal on defence collaboration between the two nations .
2025-05-03 12:20:21,906 - INFO - joeynmt.training - 	Hypothesis: the reports , the following , the efforts of the context of the job between the two Nations .
2025-05-03 12:20:27,378 - INFO - joeynmt.training - Epoch   7, Step:    26600, Batch Loss:     1.905563, Batch Acc: 0.520313, Tokens per Sec:    16657, Lr: 0.000300
2025-05-03 12:20:32,795 - INFO - joeynmt.training - Epoch   7, Step:    26700, Batch Loss:     1.786063, Batch Acc: 0.527379, Tokens per Sec:    16870, Lr: 0.000300
2025-05-03 12:20:38,375 - INFO - joeynmt.training - Epoch   7, Step:    26800, Batch Loss:     1.781435, Batch Acc: 0.520423, Tokens per Sec:    16623, Lr: 0.000300
2025-05-03 12:20:43,743 - INFO - joeynmt.training - Epoch   7, Step:    26900, Batch Loss:     1.796600, Batch Acc: 0.518891, Tokens per Sec:    17277, Lr: 0.000300
2025-05-03 12:20:49,391 - INFO - joeynmt.training - Epoch   7, Step:    27000, Batch Loss:     1.590058, Batch Acc: 0.525108, Tokens per Sec:    16112, Lr: 0.000300
2025-05-03 12:20:49,391 - INFO - joeynmt.prediction - Predicting 500 example(s)... (Greedy decoding with min_output_length=1, max_output_length=-1, return_prob='none', generate_unk=True, repetition_penalty=-1, no_repeat_ngram_size=-1)
2025-05-03 12:20:54,481 - INFO - joeynmt.prediction - Evaluation result (greedy) loss:   2.13, ppl:   8.38, acc:   0.45, generation: 5.0818[sec], evaluation: 0.0000[sec]
2025-05-03 12:20:54,558 - INFO - joeynmt.helpers - delete models/deen_transformer_pre/24000.ckpt
2025-05-03 12:20:54,564 - INFO - joeynmt.training - Example #0
2025-05-03 12:20:54,564 - DEBUG - joeynmt.training - 	Tokenized source:     ['die', 'Pre@@', 'mi@@', 'er@@', 'minist@@', 'er', 'Indi@@', 'ens', 'und', 'J@@', 'ap@@', 'ans', 'tra@@', 'fen', 'sich', 'in', 'T@@', 'ok@@', 'i@@', 'o', '.']
2025-05-03 12:20:54,564 - DEBUG - joeynmt.training - 	Tokenized reference:  ['Indi@@', 'a', 'and', 'J@@', 'ap@@', 'an', 'pri@@', 'me', 'minist@@', 'ers', 'me@@', 'et', 'in', 'T@@', 'ok@@', 'y@@', 'o']
2025-05-03 12:20:54,564 - DEBUG - joeynmt.training - 	Tokenized hypothesis: ['the', 'Pri@@', 'me', 'Minist@@', 'er', 'Indi@@', 'a', 'and', 'J@@', 'ap@@', 'an', 'is', 'a', 'm@@', 'ember', 'of', 'T@@', 'ok@@', 'i@@', 'o', '.', '</s>']
2025-05-03 12:20:54,564 - INFO - joeynmt.training - 	Source:     die Premierminister Indiens und Japans trafen sich in Tokio .
2025-05-03 12:20:54,564 - INFO - joeynmt.training - 	Reference:  India and Japan prime ministers meet in Tokyo
2025-05-03 12:20:54,564 - INFO - joeynmt.training - 	Hypothesis: the Prime Minister India and Japan is a member of Tokio .
2025-05-03 12:20:54,564 - INFO - joeynmt.training - Example #1
2025-05-03 12:20:54,564 - DEBUG - joeynmt.training - 	Tokenized source:     ['Indi@@', 'ens', 'neu@@', 'er', 'Pre@@', 'mi@@', 'er@@', 'minist@@', 'er', 'N@@', 'ar@@', 'end@@', 'ra', 'Mo@@', 'd@@', 'i', 'tri@@', 'fft', 'bei', 's@@', 'einem', 'ersten', 'wichti@@', 'gen', 'Aus@@', 'land@@', 's@@', 'bes@@', 'u@@', 'ch', 'seit', 's@@', 'einem', 'W@@', 'ah@@', 'l@@', 'si@@', 'e@@', 'g', 'im', 'Ma@@', 'i', 'seinen', 'j@@', 'ap@@', 'an@@', 'ischen', 'Am@@', 'ts@@', 'k@@', 'olle@@', 'gen', 'S@@', 'hin@@', 'z@@', 'o', 'A@@', 'be', 'in', 'T@@', 'ok@@', 'o', ',', 'um', 'wirtschaf@@', 'tliche', 'und', 'sicher@@', 'heits@@', 'politische', 'Be@@', 'zieh@@', 'ungen', 'zu', 'bes@@', 'pre@@', 'chen', '.']
2025-05-03 12:20:54,564 - DEBUG - joeynmt.training - 	Tokenized reference:  ['Indi@@', 'a', '&apos;s', 'new', 'pri@@', 'me', 'minist@@', 'er', ',', 'N@@', 'ar@@', 'end@@', 'ra', 'Mo@@', 'd@@', 'i', ',', 'is', 'me@@', 'eting', 'his', 'J@@', 'ap@@', 'an@@', 'ese', 'coun@@', 'ter@@', 'part', ',', 'S@@', 'hin@@', 'z@@', 'o', 'A@@', 'be', ',', 'in', 'T@@', 'ok@@', 'y@@', 'o', 'to', 'disc@@', 'uss', 'economic', 'and', 'security', 'ties', ',', 'on', 'his', 'first', 'major', 'fore@@', 'ign', 'visi@@', 't', 'since', 'w@@', 'inn@@', 'ing', 'Ma@@', 'y', '&apos;s', 'elec@@', 'tion', '.']
2025-05-03 12:20:54,564 - DEBUG - joeynmt.training - 	Tokenized hypothesis: ['Indi@@', 'a', '&apos;s', 'new', 'Pri@@', 'me', 'Minist@@', 'er', 'N@@', 'ar@@', 'end@@', 'ra', 'Mo@@', 'd@@', 'i', ',', 'in', 'his', 'first', 'important', 'fore@@', 'ign', 'and', 'the', 'S@@', 'hin@@', 'z@@', 'o', 'A@@', 'be', 'in', 'T@@', 'ok@@', 'o', ',', 'in', 'Ma@@', 'y', 'his', 'J@@', 'ap@@', 'an@@', 'ese', 'A@@', 'be', 'in', 'T@@', 'ok@@', 'o', ',', 'for', 'example', ',', 'the', 'economic', 'and', 'security', 'policy', 'rel@@', 'ations', '.', '</s>']
2025-05-03 12:20:54,565 - INFO - joeynmt.training - 	Source:     Indiens neuer Premierminister Narendra Modi trifft bei seinem ersten wichtigen Auslandsbesuch seit seinem Wahlsieg im Mai seinen japanischen Amtskollegen Shinzo Abe in Toko , um wirtschaftliche und sicherheitspolitische Beziehungen zu besprechen .
2025-05-03 12:20:54,565 - INFO - joeynmt.training - 	Reference:  India &apos;s new prime minister , Narendra Modi , is meeting his Japanese counterpart , Shinzo Abe , in Tokyo to discuss economic and security ties , on his first major foreign visit since winning May &apos;s election .
2025-05-03 12:20:54,565 - INFO - joeynmt.training - 	Hypothesis: India &apos;s new Prime Minister Narendra Modi , in his first important foreign and the Shinzo Abe in Toko , in May his Japanese Abe in Toko , for example , the economic and security policy relations .
2025-05-03 12:20:54,565 - INFO - joeynmt.training - Example #2
2025-05-03 12:20:54,565 - DEBUG - joeynmt.training - 	Tokenized source:     ['Herr', 'Mo@@', 'd@@', 'i', 'befindet', 'sich', 'auf', 'einer', 'fü@@', 'n@@', 'f@@', 'tä@@', 'gi@@', 'gen', 'Rei@@', 'se', 'nach', 'J@@', 'ap@@', 'an', ',', 'um', 'die', 'wirtschaf@@', 'tlichen', 'Be@@', 'zieh@@', 'ungen', 'mit', 'der', 'd@@', 'rit@@', 't@@', 'größ@@', 'ten', 'Wirtschafts@@', 'n@@', 'ation', 'der', 'Welt', 'zu', 'fes@@', 'tigen', '.']
2025-05-03 12:20:54,565 - DEBUG - joeynmt.training - 	Tokenized reference:  ['Mr', 'Mo@@', 'd@@', 'i', 'is', 'on', 'a', 'fi@@', 've', '@@@', '-@@', '@', 'day', 'tri@@', 'p', 'to', 'J@@', 'ap@@', 'an', 'to', 'streng@@', 'then', 'economic', 'ties', 'with', 'the', 'third', 'lar@@', 'ges@@', 't', 'econom@@', 'y', 'in', 'the', 'world', '.']
2025-05-03 12:20:54,565 - DEBUG - joeynmt.training - 	Tokenized hypothesis: ['Mr', 'Mo@@', 'd@@', 'i', 'is', 'on', 'a', 'fi@@', 'f@@', 'th', 'of', 'fi@@', 'f@@', 'th', 'of', 'J@@', 'ap@@', 'an', 'to', 'the', 'economic', 'rel@@', 'ations', 'with', 'the', 'third', 'lar@@', 'ges@@', 't', 'economic', 'n@@', 'ation', 'of', 'the', 'world', '.', '</s>']
2025-05-03 12:20:54,565 - INFO - joeynmt.training - 	Source:     Herr Modi befindet sich auf einer fünftägigen Reise nach Japan , um die wirtschaftlichen Beziehungen mit der drittgrößten Wirtschaftsnation der Welt zu festigen .
2025-05-03 12:20:54,565 - INFO - joeynmt.training - 	Reference:  Mr Modi is on a five @-@ day trip to Japan to strengthen economic ties with the third largest economy in the world .
2025-05-03 12:20:54,565 - INFO - joeynmt.training - 	Hypothesis: Mr Modi is on a fifth of fifth of Japan to the economic relations with the third largest economic nation of the world .
2025-05-03 12:20:54,565 - INFO - joeynmt.training - Example #3
2025-05-03 12:20:54,566 - DEBUG - joeynmt.training - 	Tokenized source:     ['P@@', 'län@@', 'e', 'für', 'eine', 'stärk@@', 'ere', 'k@@', 'ern@@', 'techn@@', 'ische', 'Zusammenarbeit', 'stehen', 'ganz', 'ob@@', 'en', 'auf', 'der', 'Tag@@', 'es@@', 'ordnung', '.']
2025-05-03 12:20:54,566 - DEBUG - joeynmt.training - 	Tokenized reference:  ['high', 'on', 'the', 'agen@@', 'da', 'are', 'pl@@', 'ans', 'for', 'gre@@', 'ater', 'nu@@', 'clear', 'c@@', 'o', '@@@', '-@@', '@', 'operation', '.']
2025-05-03 12:20:54,566 - DEBUG - joeynmt.training - 	Tokenized hypothesis: ['pl@@', 'ans', 'for', 'more', 'more', 'seri@@', 'ous', 'techn@@', 'ical', 'cooperation', 'are', 'enti@@', 're@@', 'ly', 'on', 'the', 'agen@@', 'da', '.', '</s>']
2025-05-03 12:20:54,566 - INFO - joeynmt.training - 	Source:     Pläne für eine stärkere kerntechnische Zusammenarbeit stehen ganz oben auf der Tagesordnung .
2025-05-03 12:20:54,566 - INFO - joeynmt.training - 	Reference:  high on the agenda are plans for greater nuclear co @-@ operation .
2025-05-03 12:20:54,566 - INFO - joeynmt.training - 	Hypothesis: plans for more more serious technical cooperation are entirely on the agenda .
2025-05-03 12:20:54,566 - INFO - joeynmt.training - Example #4
2025-05-03 12:20:54,566 - DEBUG - joeynmt.training - 	Tokenized source:     ['Berich@@', 'ten', 'zu@@', 'fol@@', 'ge', 'ho@@', 'fft', 'Indi@@', 'en', 'darüber', 'hinaus', 'auf', 'einen', 'Ver@@', 'trag', 'zur', 'Ver@@', 'tei@@', 'dig@@', 'ungs@@', 'zusammen@@', 'arbeit', 'zwischen', 'den', 'beiden', 'N@@', 'ationen', '.']
2025-05-03 12:20:54,566 - DEBUG - joeynmt.training - 	Tokenized reference:  ['Indi@@', 'a', 'is', 'also', 're@@', 'porte@@', 'dly', 'hop@@', 'ing', 'for', 'a', 'de@@', 'al', 'on', 'def@@', 'ence', 'c@@', 'oll@@', 'ab@@', 'or@@', 'ation', 'between', 'the', 'two', 'n@@', 'ations', '.']
2025-05-03 12:20:54,566 - DEBUG - joeynmt.training - 	Tokenized hypothesis: ['re@@', 'ports', ',', 'the', 'high@@', 'li@@', 'gh@@', 'ted', 'Indi@@', 'a', '&apos;s', 'con@@', 'tra@@', 'ct', 'on', 'def@@', 'ence', 'cooperation', 'between', 'the', 'two', 'N@@', 'ations', '.', '</s>']
2025-05-03 12:20:54,566 - INFO - joeynmt.training - 	Source:     Berichten zufolge hofft Indien darüber hinaus auf einen Vertrag zur Verteidigungszusammenarbeit zwischen den beiden Nationen .
2025-05-03 12:20:54,566 - INFO - joeynmt.training - 	Reference:  India is also reportedly hoping for a deal on defence collaboration between the two nations .
2025-05-03 12:20:54,566 - INFO - joeynmt.training - 	Hypothesis: reports , the highlighted India &apos;s contract on defence cooperation between the two Nations .
2025-05-03 12:21:00,197 - INFO - joeynmt.training - Epoch   7, Step:    27100, Batch Loss:     1.544168, Batch Acc: 0.525917, Tokens per Sec:    16263, Lr: 0.000300
2025-05-03 12:21:05,611 - INFO - joeynmt.training - Epoch   7, Step:    27200, Batch Loss:     1.952993, Batch Acc: 0.513011, Tokens per Sec:    17085, Lr: 0.000300
2025-05-03 12:21:11,149 - INFO - joeynmt.training - Epoch   7, Step:    27300, Batch Loss:     1.726508, Batch Acc: 0.523074, Tokens per Sec:    16520, Lr: 0.000300
2025-05-03 12:21:16,688 - INFO - joeynmt.training - Epoch   7, Step:    27400, Batch Loss:     1.908286, Batch Acc: 0.525620, Tokens per Sec:    16599, Lr: 0.000300
2025-05-03 12:21:22,260 - INFO - joeynmt.training - Epoch   7, Step:    27500, Batch Loss:     1.912181, Batch Acc: 0.519708, Tokens per Sec:    16666, Lr: 0.000300
2025-05-03 12:21:22,260 - INFO - joeynmt.prediction - Predicting 500 example(s)... (Greedy decoding with min_output_length=1, max_output_length=-1, return_prob='none', generate_unk=True, repetition_penalty=-1, no_repeat_ngram_size=-1)
2025-05-03 12:21:27,162 - INFO - joeynmt.prediction - Evaluation result (greedy) loss:   2.11, ppl:   8.28, acc:   0.45, generation: 4.8956[sec], evaluation: 0.0000[sec]
2025-05-03 12:21:27,162 - INFO - joeynmt.training - Hooray! New best validation result [ppl]!
2025-05-03 12:21:27,246 - INFO - joeynmt.helpers - delete models/deen_transformer_pre/25000.ckpt
2025-05-03 12:21:27,252 - INFO - joeynmt.training - Example #0
2025-05-03 12:21:27,252 - DEBUG - joeynmt.training - 	Tokenized source:     ['die', 'Pre@@', 'mi@@', 'er@@', 'minist@@', 'er', 'Indi@@', 'ens', 'und', 'J@@', 'ap@@', 'ans', 'tra@@', 'fen', 'sich', 'in', 'T@@', 'ok@@', 'i@@', 'o', '.']
2025-05-03 12:21:27,252 - DEBUG - joeynmt.training - 	Tokenized reference:  ['Indi@@', 'a', 'and', 'J@@', 'ap@@', 'an', 'pri@@', 'me', 'minist@@', 'ers', 'me@@', 'et', 'in', 'T@@', 'ok@@', 'y@@', 'o']
2025-05-03 12:21:27,252 - DEBUG - joeynmt.training - 	Tokenized hypothesis: ['the', 'Pri@@', 'me', 'Minist@@', 'er', 'Indi@@', 'a', 'and', 'J@@', 'ap@@', 'an', 'are', 'tra@@', 'ff@@', 'i@@', 'o', '.', '</s>']
2025-05-03 12:21:27,253 - INFO - joeynmt.training - 	Source:     die Premierminister Indiens und Japans trafen sich in Tokio .
2025-05-03 12:21:27,253 - INFO - joeynmt.training - 	Reference:  India and Japan prime ministers meet in Tokyo
2025-05-03 12:21:27,253 - INFO - joeynmt.training - 	Hypothesis: the Prime Minister India and Japan are traffio .
2025-05-03 12:21:27,253 - INFO - joeynmt.training - Example #1
2025-05-03 12:21:27,253 - DEBUG - joeynmt.training - 	Tokenized source:     ['Indi@@', 'ens', 'neu@@', 'er', 'Pre@@', 'mi@@', 'er@@', 'minist@@', 'er', 'N@@', 'ar@@', 'end@@', 'ra', 'Mo@@', 'd@@', 'i', 'tri@@', 'fft', 'bei', 's@@', 'einem', 'ersten', 'wichti@@', 'gen', 'Aus@@', 'land@@', 's@@', 'bes@@', 'u@@', 'ch', 'seit', 's@@', 'einem', 'W@@', 'ah@@', 'l@@', 'si@@', 'e@@', 'g', 'im', 'Ma@@', 'i', 'seinen', 'j@@', 'ap@@', 'an@@', 'ischen', 'Am@@', 'ts@@', 'k@@', 'olle@@', 'gen', 'S@@', 'hin@@', 'z@@', 'o', 'A@@', 'be', 'in', 'T@@', 'ok@@', 'o', ',', 'um', 'wirtschaf@@', 'tliche', 'und', 'sicher@@', 'heits@@', 'politische', 'Be@@', 'zieh@@', 'ungen', 'zu', 'bes@@', 'pre@@', 'chen', '.']
2025-05-03 12:21:27,253 - DEBUG - joeynmt.training - 	Tokenized reference:  ['Indi@@', 'a', '&apos;s', 'new', 'pri@@', 'me', 'minist@@', 'er', ',', 'N@@', 'ar@@', 'end@@', 'ra', 'Mo@@', 'd@@', 'i', ',', 'is', 'me@@', 'eting', 'his', 'J@@', 'ap@@', 'an@@', 'ese', 'coun@@', 'ter@@', 'part', ',', 'S@@', 'hin@@', 'z@@', 'o', 'A@@', 'be', ',', 'in', 'T@@', 'ok@@', 'y@@', 'o', 'to', 'disc@@', 'uss', 'economic', 'and', 'security', 'ties', ',', 'on', 'his', 'first', 'major', 'fore@@', 'ign', 'visi@@', 't', 'since', 'w@@', 'inn@@', 'ing', 'Ma@@', 'y', '&apos;s', 'elec@@', 'tion', '.']
2025-05-03 12:21:27,253 - DEBUG - joeynmt.training - 	Tokenized hypothesis: ['Indi@@', 'a', '&apos;s', 'new', 'Pri@@', 'me', 'Minist@@', 'er', 'N@@', 'ar@@', 'end@@', 'ra', 'Mo@@', 'd@@', 'i', ',', 'in', 'his', 'first', 'important', 'fore@@', 'ign', ',', 'S@@', 'hin@@', 'z@@', 'o', 'A@@', 'be', 'in', 'T@@', 'ok@@', 'o', ',', 'in', 'T@@', 'ok@@', 'o', ',', 'in', 'T@@', 'ok@@', 'o', ',', 'in', 'T@@', 'ok@@', 'o', ',', 'in', 'the', 'M@@', 'ini@@', 'stry', 'of', 'E@@', 'duc@@', 'ation', 'and', 'S@@', 'hin@@', 'z@@', 'o', 'A@@', 'be', 'in', 'T@@', 'ok@@', 'o', ',', 'for', 'economic', 'and', 'security', 'policy', 'rel@@', 'ations', '.', '</s>']
2025-05-03 12:21:27,253 - INFO - joeynmt.training - 	Source:     Indiens neuer Premierminister Narendra Modi trifft bei seinem ersten wichtigen Auslandsbesuch seit seinem Wahlsieg im Mai seinen japanischen Amtskollegen Shinzo Abe in Toko , um wirtschaftliche und sicherheitspolitische Beziehungen zu besprechen .
2025-05-03 12:21:27,253 - INFO - joeynmt.training - 	Reference:  India &apos;s new prime minister , Narendra Modi , is meeting his Japanese counterpart , Shinzo Abe , in Tokyo to discuss economic and security ties , on his first major foreign visit since winning May &apos;s election .
2025-05-03 12:21:27,254 - INFO - joeynmt.training - 	Hypothesis: India &apos;s new Prime Minister Narendra Modi , in his first important foreign , Shinzo Abe in Toko , in Toko , in Toko , in Toko , in the Ministry of Education and Shinzo Abe in Toko , for economic and security policy relations .
2025-05-03 12:21:27,254 - INFO - joeynmt.training - Example #2
2025-05-03 12:21:27,254 - DEBUG - joeynmt.training - 	Tokenized source:     ['Herr', 'Mo@@', 'd@@', 'i', 'befindet', 'sich', 'auf', 'einer', 'fü@@', 'n@@', 'f@@', 'tä@@', 'gi@@', 'gen', 'Rei@@', 'se', 'nach', 'J@@', 'ap@@', 'an', ',', 'um', 'die', 'wirtschaf@@', 'tlichen', 'Be@@', 'zieh@@', 'ungen', 'mit', 'der', 'd@@', 'rit@@', 't@@', 'größ@@', 'ten', 'Wirtschafts@@', 'n@@', 'ation', 'der', 'Welt', 'zu', 'fes@@', 'tigen', '.']
2025-05-03 12:21:27,254 - DEBUG - joeynmt.training - 	Tokenized reference:  ['Mr', 'Mo@@', 'd@@', 'i', 'is', 'on', 'a', 'fi@@', 've', '@@@', '-@@', '@', 'day', 'tri@@', 'p', 'to', 'J@@', 'ap@@', 'an', 'to', 'streng@@', 'then', 'economic', 'ties', 'with', 'the', 'third', 'lar@@', 'ges@@', 't', 'econom@@', 'y', 'in', 'the', 'world', '.']
2025-05-03 12:21:27,254 - DEBUG - joeynmt.training - 	Tokenized hypothesis: ['Mr', 'Mo@@', 'd@@', 'i', 'is', 'on', 'a', 'fi@@', 'f@@', 'ty', 'of', 'a', 'fi@@', 'f@@', 'ty', 'of', 'J@@', 'ap@@', 'an', 'to', 'the', 'third', 'lar@@', 'ges@@', 't', 'economic', 'rel@@', 'ations', 'with', 'the', 'third', 'lar@@', 'ges@@', 't', 'economic', 'n@@', 'ation', 'of', 'the', 'world', '.', '</s>']
2025-05-03 12:21:27,254 - INFO - joeynmt.training - 	Source:     Herr Modi befindet sich auf einer fünftägigen Reise nach Japan , um die wirtschaftlichen Beziehungen mit der drittgrößten Wirtschaftsnation der Welt zu festigen .
2025-05-03 12:21:27,254 - INFO - joeynmt.training - 	Reference:  Mr Modi is on a five @-@ day trip to Japan to strengthen economic ties with the third largest economy in the world .
2025-05-03 12:21:27,254 - INFO - joeynmt.training - 	Hypothesis: Mr Modi is on a fifty of a fifty of Japan to the third largest economic relations with the third largest economic nation of the world .
2025-05-03 12:21:27,254 - INFO - joeynmt.training - Example #3
2025-05-03 12:21:27,254 - DEBUG - joeynmt.training - 	Tokenized source:     ['P@@', 'län@@', 'e', 'für', 'eine', 'stärk@@', 'ere', 'k@@', 'ern@@', 'techn@@', 'ische', 'Zusammenarbeit', 'stehen', 'ganz', 'ob@@', 'en', 'auf', 'der', 'Tag@@', 'es@@', 'ordnung', '.']
2025-05-03 12:21:27,254 - DEBUG - joeynmt.training - 	Tokenized reference:  ['high', 'on', 'the', 'agen@@', 'da', 'are', 'pl@@', 'ans', 'for', 'gre@@', 'ater', 'nu@@', 'clear', 'c@@', 'o', '@@@', '-@@', '@', 'operation', '.']
2025-05-03 12:21:27,254 - DEBUG - joeynmt.training - 	Tokenized hypothesis: ['pl@@', 'ans', 'for', 'gre@@', 'ater', 'co@@', '-@@', 'nu@@', 'clear', 'techn@@', 'ical', 'cooperation', 'are', 'enti@@', 't@@', 'led', 'to', 'the', 'agen@@', 'da', '.', '</s>']
2025-05-03 12:21:27,255 - INFO - joeynmt.training - 	Source:     Pläne für eine stärkere kerntechnische Zusammenarbeit stehen ganz oben auf der Tagesordnung .
2025-05-03 12:21:27,255 - INFO - joeynmt.training - 	Reference:  high on the agenda are plans for greater nuclear co @-@ operation .
2025-05-03 12:21:27,255 - INFO - joeynmt.training - 	Hypothesis: plans for greater co-nuclear technical cooperation are entitled to the agenda .
2025-05-03 12:21:27,255 - INFO - joeynmt.training - Example #4
2025-05-03 12:21:27,255 - DEBUG - joeynmt.training - 	Tokenized source:     ['Berich@@', 'ten', 'zu@@', 'fol@@', 'ge', 'ho@@', 'fft', 'Indi@@', 'en', 'darüber', 'hinaus', 'auf', 'einen', 'Ver@@', 'trag', 'zur', 'Ver@@', 'tei@@', 'dig@@', 'ungs@@', 'zusammen@@', 'arbeit', 'zwischen', 'den', 'beiden', 'N@@', 'ationen', '.']
2025-05-03 12:21:27,255 - DEBUG - joeynmt.training - 	Tokenized reference:  ['Indi@@', 'a', 'is', 'also', 're@@', 'porte@@', 'dly', 'hop@@', 'ing', 'for', 'a', 'de@@', 'al', 'on', 'def@@', 'ence', 'c@@', 'oll@@', 'ab@@', 'or@@', 'ation', 'between', 'the', 'two', 'n@@', 'ations', '.']
2025-05-03 12:21:27,255 - DEBUG - joeynmt.training - 	Tokenized hypothesis: ['re@@', 'ports', ',', 'the', 're@@', 'ports', 'of', 'the', 'same', ',', 'the', 'agreement', 'on', 'def@@', 'ence', 'cooperation', 'between', 'the', 'two', 'N@@', 'ations', '.', '</s>']
2025-05-03 12:21:27,255 - INFO - joeynmt.training - 	Source:     Berichten zufolge hofft Indien darüber hinaus auf einen Vertrag zur Verteidigungszusammenarbeit zwischen den beiden Nationen .
2025-05-03 12:21:27,255 - INFO - joeynmt.training - 	Reference:  India is also reportedly hoping for a deal on defence collaboration between the two nations .
2025-05-03 12:21:27,255 - INFO - joeynmt.training - 	Hypothesis: reports , the reports of the same , the agreement on defence cooperation between the two Nations .
2025-05-03 12:21:32,774 - INFO - joeynmt.training - Epoch   7, Step:    27600, Batch Loss:     1.771442, Batch Acc: 0.527908, Tokens per Sec:    16370, Lr: 0.000300
2025-05-03 12:21:38,283 - INFO - joeynmt.training - Epoch   7, Step:    27700, Batch Loss:     1.736896, Batch Acc: 0.527720, Tokens per Sec:    16612, Lr: 0.000300
2025-05-03 12:21:43,769 - INFO - joeynmt.training - Epoch   7, Step:    27800, Batch Loss:     2.113453, Batch Acc: 0.518813, Tokens per Sec:    16821, Lr: 0.000300
2025-05-03 12:21:49,556 - INFO - joeynmt.training - Epoch   7, Step:    27900, Batch Loss:     1.781454, Batch Acc: 0.525733, Tokens per Sec:    15918, Lr: 0.000300
2025-05-03 12:21:54,960 - INFO - joeynmt.training - Epoch   7, Step:    28000, Batch Loss:     1.815363, Batch Acc: 0.522113, Tokens per Sec:    16907, Lr: 0.000300
2025-05-03 12:21:54,960 - INFO - joeynmt.prediction - Predicting 500 example(s)... (Greedy decoding with min_output_length=1, max_output_length=-1, return_prob='none', generate_unk=True, repetition_penalty=-1, no_repeat_ngram_size=-1)
2025-05-03 12:22:00,616 - INFO - joeynmt.prediction - Evaluation result (greedy) loss:   2.11, ppl:   8.22, acc:   0.46, generation: 5.6481[sec], evaluation: 0.0000[sec]
2025-05-03 12:22:00,616 - INFO - joeynmt.training - Hooray! New best validation result [ppl]!
2025-05-03 12:22:00,699 - INFO - joeynmt.helpers - delete models/deen_transformer_pre/24500.ckpt
2025-05-03 12:22:00,705 - INFO - joeynmt.training - Example #0
2025-05-03 12:22:00,705 - DEBUG - joeynmt.training - 	Tokenized source:     ['die', 'Pre@@', 'mi@@', 'er@@', 'minist@@', 'er', 'Indi@@', 'ens', 'und', 'J@@', 'ap@@', 'ans', 'tra@@', 'fen', 'sich', 'in', 'T@@', 'ok@@', 'i@@', 'o', '.']
2025-05-03 12:22:00,705 - DEBUG - joeynmt.training - 	Tokenized reference:  ['Indi@@', 'a', 'and', 'J@@', 'ap@@', 'an', 'pri@@', 'me', 'minist@@', 'ers', 'me@@', 'et', 'in', 'T@@', 'ok@@', 'y@@', 'o']
2025-05-03 12:22:00,705 - DEBUG - joeynmt.training - 	Tokenized hypothesis: ['the', 'Pri@@', 'me', 'Minist@@', 'er', 'Indi@@', 'a', 'and', 'J@@', 'ap@@', 'ans', 'are', 'tra@@', 'v@@', 'ell@@', 'ing', 'in', 'T@@', 'ok@@', 'i@@', 'o', '.', '</s>']
2025-05-03 12:22:00,705 - INFO - joeynmt.training - 	Source:     die Premierminister Indiens und Japans trafen sich in Tokio .
2025-05-03 12:22:00,705 - INFO - joeynmt.training - 	Reference:  India and Japan prime ministers meet in Tokyo
2025-05-03 12:22:00,706 - INFO - joeynmt.training - 	Hypothesis: the Prime Minister India and Japans are travelling in Tokio .
2025-05-03 12:22:00,706 - INFO - joeynmt.training - Example #1
2025-05-03 12:22:00,706 - DEBUG - joeynmt.training - 	Tokenized source:     ['Indi@@', 'ens', 'neu@@', 'er', 'Pre@@', 'mi@@', 'er@@', 'minist@@', 'er', 'N@@', 'ar@@', 'end@@', 'ra', 'Mo@@', 'd@@', 'i', 'tri@@', 'fft', 'bei', 's@@', 'einem', 'ersten', 'wichti@@', 'gen', 'Aus@@', 'land@@', 's@@', 'bes@@', 'u@@', 'ch', 'seit', 's@@', 'einem', 'W@@', 'ah@@', 'l@@', 'si@@', 'e@@', 'g', 'im', 'Ma@@', 'i', 'seinen', 'j@@', 'ap@@', 'an@@', 'ischen', 'Am@@', 'ts@@', 'k@@', 'olle@@', 'gen', 'S@@', 'hin@@', 'z@@', 'o', 'A@@', 'be', 'in', 'T@@', 'ok@@', 'o', ',', 'um', 'wirtschaf@@', 'tliche', 'und', 'sicher@@', 'heits@@', 'politische', 'Be@@', 'zieh@@', 'ungen', 'zu', 'bes@@', 'pre@@', 'chen', '.']
2025-05-03 12:22:00,706 - DEBUG - joeynmt.training - 	Tokenized reference:  ['Indi@@', 'a', '&apos;s', 'new', 'pri@@', 'me', 'minist@@', 'er', ',', 'N@@', 'ar@@', 'end@@', 'ra', 'Mo@@', 'd@@', 'i', ',', 'is', 'me@@', 'eting', 'his', 'J@@', 'ap@@', 'an@@', 'ese', 'coun@@', 'ter@@', 'part', ',', 'S@@', 'hin@@', 'z@@', 'o', 'A@@', 'be', ',', 'in', 'T@@', 'ok@@', 'y@@', 'o', 'to', 'disc@@', 'uss', 'economic', 'and', 'security', 'ties', ',', 'on', 'his', 'first', 'major', 'fore@@', 'ign', 'visi@@', 't', 'since', 'w@@', 'inn@@', 'ing', 'Ma@@', 'y', '&apos;s', 'elec@@', 'tion', '.']
2025-05-03 12:22:00,706 - DEBUG - joeynmt.training - 	Tokenized hypothesis: ['Indi@@', 'a', '&apos;s', '&apos;s', 'Pri@@', 'me', 'Minist@@', 'er', 'N@@', 'ar@@', 'end@@', 'ra', 'Mo@@', 'd@@', 'i', ',', 'in', 'his', 'first', 'important', 'fore@@', 'ign', 'A@@', 'ff@@', 'air@@', 's', ',', 'for', 'his', 'first', 'first', 'important', 'ex@@', 'er@@', 'c@@', 'ise', ',', 'S@@', 'hin@@', 'z@@', 'o', 'A@@', 'be', 'in', 'T@@', 'ok@@', 'o', ',', 'to', 're@@', 'present', 'its', 'economic', 'and', 'security', 'political', 'rel@@', 'ations', '.', '</s>']
2025-05-03 12:22:00,706 - INFO - joeynmt.training - 	Source:     Indiens neuer Premierminister Narendra Modi trifft bei seinem ersten wichtigen Auslandsbesuch seit seinem Wahlsieg im Mai seinen japanischen Amtskollegen Shinzo Abe in Toko , um wirtschaftliche und sicherheitspolitische Beziehungen zu besprechen .
2025-05-03 12:22:00,706 - INFO - joeynmt.training - 	Reference:  India &apos;s new prime minister , Narendra Modi , is meeting his Japanese counterpart , Shinzo Abe , in Tokyo to discuss economic and security ties , on his first major foreign visit since winning May &apos;s election .
2025-05-03 12:22:00,706 - INFO - joeynmt.training - 	Hypothesis: India &apos;s &apos;s Prime Minister Narendra Modi , in his first important foreign Affairs , for his first first important exercise , Shinzo Abe in Toko , to represent its economic and security political relations .
2025-05-03 12:22:00,706 - INFO - joeynmt.training - Example #2
2025-05-03 12:22:00,706 - DEBUG - joeynmt.training - 	Tokenized source:     ['Herr', 'Mo@@', 'd@@', 'i', 'befindet', 'sich', 'auf', 'einer', 'fü@@', 'n@@', 'f@@', 'tä@@', 'gi@@', 'gen', 'Rei@@', 'se', 'nach', 'J@@', 'ap@@', 'an', ',', 'um', 'die', 'wirtschaf@@', 'tlichen', 'Be@@', 'zieh@@', 'ungen', 'mit', 'der', 'd@@', 'rit@@', 't@@', 'größ@@', 'ten', 'Wirtschafts@@', 'n@@', 'ation', 'der', 'Welt', 'zu', 'fes@@', 'tigen', '.']
2025-05-03 12:22:00,706 - DEBUG - joeynmt.training - 	Tokenized reference:  ['Mr', 'Mo@@', 'd@@', 'i', 'is', 'on', 'a', 'fi@@', 've', '@@@', '-@@', '@', 'day', 'tri@@', 'p', 'to', 'J@@', 'ap@@', 'an', 'to', 'streng@@', 'then', 'economic', 'ties', 'with', 'the', 'third', 'lar@@', 'ges@@', 't', 'econom@@', 'y', 'in', 'the', 'world', '.']
2025-05-03 12:22:00,706 - DEBUG - joeynmt.training - 	Tokenized hypothesis: ['Mr', 'Mo@@', 'd@@', 'i', 'is', 'on', 'a', 'fi@@', 'f@@', 'ty', 'of', 'a', 'fi@@', 'f@@', 'ty', 'of', 'J@@', 'ap@@', 'an', ',', 'to', 'the', 'economic', 'rel@@', 'ations', 'with', 'the', 'third', 'lar@@', 'ges@@', 't', 'economic', 'n@@', 'ation', 'of', 'the', 'world', '&apos;s', 'economic', 'n@@', 'ation', 'of', 'the', 'world', '.', '</s>']
2025-05-03 12:22:00,707 - INFO - joeynmt.training - 	Source:     Herr Modi befindet sich auf einer fünftägigen Reise nach Japan , um die wirtschaftlichen Beziehungen mit der drittgrößten Wirtschaftsnation der Welt zu festigen .
2025-05-03 12:22:00,707 - INFO - joeynmt.training - 	Reference:  Mr Modi is on a five @-@ day trip to Japan to strengthen economic ties with the third largest economy in the world .
2025-05-03 12:22:00,707 - INFO - joeynmt.training - 	Hypothesis: Mr Modi is on a fifty of a fifty of Japan , to the economic relations with the third largest economic nation of the world &apos;s economic nation of the world .
2025-05-03 12:22:00,707 - INFO - joeynmt.training - Example #3
2025-05-03 12:22:00,707 - DEBUG - joeynmt.training - 	Tokenized source:     ['P@@', 'län@@', 'e', 'für', 'eine', 'stärk@@', 'ere', 'k@@', 'ern@@', 'techn@@', 'ische', 'Zusammenarbeit', 'stehen', 'ganz', 'ob@@', 'en', 'auf', 'der', 'Tag@@', 'es@@', 'ordnung', '.']
2025-05-03 12:22:00,707 - DEBUG - joeynmt.training - 	Tokenized reference:  ['high', 'on', 'the', 'agen@@', 'da', 'are', 'pl@@', 'ans', 'for', 'gre@@', 'ater', 'nu@@', 'clear', 'c@@', 'o', '@@@', '-@@', '@', 'operation', '.']
2025-05-03 12:22:00,707 - DEBUG - joeynmt.training - 	Tokenized hypothesis: ['P@@', 'l@@', 'lan@@', 'e', 'for', 'more', 'nu@@', 'clear', 'techn@@', 'ical', 'cooperation', 'are', 'very', 'ob@@', 'vi@@', 'ously', 'on', 'the', 'agen@@', 'da', '.', '</s>']
2025-05-03 12:22:00,707 - INFO - joeynmt.training - 	Source:     Pläne für eine stärkere kerntechnische Zusammenarbeit stehen ganz oben auf der Tagesordnung .
2025-05-03 12:22:00,707 - INFO - joeynmt.training - 	Reference:  high on the agenda are plans for greater nuclear co @-@ operation .
2025-05-03 12:22:00,707 - INFO - joeynmt.training - 	Hypothesis: Pllane for more nuclear technical cooperation are very obviously on the agenda .
2025-05-03 12:22:00,707 - INFO - joeynmt.training - Example #4
2025-05-03 12:22:00,707 - DEBUG - joeynmt.training - 	Tokenized source:     ['Berich@@', 'ten', 'zu@@', 'fol@@', 'ge', 'ho@@', 'fft', 'Indi@@', 'en', 'darüber', 'hinaus', 'auf', 'einen', 'Ver@@', 'trag', 'zur', 'Ver@@', 'tei@@', 'dig@@', 'ungs@@', 'zusammen@@', 'arbeit', 'zwischen', 'den', 'beiden', 'N@@', 'ationen', '.']
2025-05-03 12:22:00,707 - DEBUG - joeynmt.training - 	Tokenized reference:  ['Indi@@', 'a', 'is', 'also', 're@@', 'porte@@', 'dly', 'hop@@', 'ing', 'for', 'a', 'de@@', 'al', 'on', 'def@@', 'ence', 'c@@', 'oll@@', 'ab@@', 'or@@', 'ation', 'between', 'the', 'two', 'n@@', 'ations', '.']
2025-05-03 12:22:00,707 - DEBUG - joeynmt.training - 	Tokenized hypothesis: ['re@@', 'ports', ',', 'Indi@@', 'a', 'is', 'also', 'the', 'inten@@', 'tion', 'of', 'the', 'con@@', 'tra@@', 'ct', 'between', 'the', 'two', 'N@@', 'ations', '.', '</s>']
2025-05-03 12:22:00,708 - INFO - joeynmt.training - 	Source:     Berichten zufolge hofft Indien darüber hinaus auf einen Vertrag zur Verteidigungszusammenarbeit zwischen den beiden Nationen .
2025-05-03 12:22:00,708 - INFO - joeynmt.training - 	Reference:  India is also reportedly hoping for a deal on defence collaboration between the two nations .
2025-05-03 12:22:00,708 - INFO - joeynmt.training - 	Hypothesis: reports , India is also the intention of the contract between the two Nations .
2025-05-03 12:22:06,138 - INFO - joeynmt.training - Epoch   7, Step:    28100, Batch Loss:     1.685636, Batch Acc: 0.522563, Tokens per Sec:    16649, Lr: 0.000300
2025-05-03 12:22:11,681 - INFO - joeynmt.training - Epoch   7, Step:    28200, Batch Loss:     1.785053, Batch Acc: 0.525876, Tokens per Sec:    16705, Lr: 0.000300
2025-05-03 12:22:17,093 - INFO - joeynmt.training - Epoch   7, Step:    28300, Batch Loss:     1.772585, Batch Acc: 0.525356, Tokens per Sec:    17017, Lr: 0.000300
2025-05-03 12:22:22,529 - INFO - joeynmt.training - Epoch   7, Step:    28400, Batch Loss:     1.738127, Batch Acc: 0.519600, Tokens per Sec:    17076, Lr: 0.000300
2025-05-03 12:22:25,661 - INFO - joeynmt.training - Epoch   7: total training loss 7074.31
2025-05-03 12:22:25,661 - INFO - joeynmt.training - EPOCH 8
2025-05-03 12:22:27,912 - INFO - joeynmt.training - Epoch   8, Step:    28500, Batch Loss:     1.804696, Batch Acc: 0.533605, Tokens per Sec:    16598, Lr: 0.000300
2025-05-03 12:22:27,913 - INFO - joeynmt.prediction - Predicting 500 example(s)... (Greedy decoding with min_output_length=1, max_output_length=-1, return_prob='none', generate_unk=True, repetition_penalty=-1, no_repeat_ngram_size=-1)
2025-05-03 12:22:33,523 - INFO - joeynmt.prediction - Evaluation result (greedy) loss:   2.10, ppl:   8.20, acc:   0.46, generation: 5.6038[sec], evaluation: 0.0000[sec]
2025-05-03 12:22:33,523 - INFO - joeynmt.training - Hooray! New best validation result [ppl]!
2025-05-03 12:22:33,602 - INFO - joeynmt.helpers - delete models/deen_transformer_pre/27000.ckpt
2025-05-03 12:22:33,608 - INFO - joeynmt.training - Example #0
2025-05-03 12:22:33,608 - DEBUG - joeynmt.training - 	Tokenized source:     ['die', 'Pre@@', 'mi@@', 'er@@', 'minist@@', 'er', 'Indi@@', 'ens', 'und', 'J@@', 'ap@@', 'ans', 'tra@@', 'fen', 'sich', 'in', 'T@@', 'ok@@', 'i@@', 'o', '.']
2025-05-03 12:22:33,608 - DEBUG - joeynmt.training - 	Tokenized reference:  ['Indi@@', 'a', 'and', 'J@@', 'ap@@', 'an', 'pri@@', 'me', 'minist@@', 'ers', 'me@@', 'et', 'in', 'T@@', 'ok@@', 'y@@', 'o']
2025-05-03 12:22:33,608 - DEBUG - joeynmt.training - 	Tokenized hypothesis: ['the', 'Pri@@', 'me', 'Minist@@', 'er', 'Indi@@', 'a', 'and', 'J@@', 'ap@@', 'an', '&apos;s', 'pri@@', 'me', 'minist@@', 'er', 'in', 'T@@', 'ok@@', 'i@@', 'o', '.', '</s>']
2025-05-03 12:22:33,608 - INFO - joeynmt.training - 	Source:     die Premierminister Indiens und Japans trafen sich in Tokio .
2025-05-03 12:22:33,608 - INFO - joeynmt.training - 	Reference:  India and Japan prime ministers meet in Tokyo
2025-05-03 12:22:33,608 - INFO - joeynmt.training - 	Hypothesis: the Prime Minister India and Japan &apos;s prime minister in Tokio .
2025-05-03 12:22:33,608 - INFO - joeynmt.training - Example #1
2025-05-03 12:22:33,608 - DEBUG - joeynmt.training - 	Tokenized source:     ['Indi@@', 'ens', 'neu@@', 'er', 'Pre@@', 'mi@@', 'er@@', 'minist@@', 'er', 'N@@', 'ar@@', 'end@@', 'ra', 'Mo@@', 'd@@', 'i', 'tri@@', 'fft', 'bei', 's@@', 'einem', 'ersten', 'wichti@@', 'gen', 'Aus@@', 'land@@', 's@@', 'bes@@', 'u@@', 'ch', 'seit', 's@@', 'einem', 'W@@', 'ah@@', 'l@@', 'si@@', 'e@@', 'g', 'im', 'Ma@@', 'i', 'seinen', 'j@@', 'ap@@', 'an@@', 'ischen', 'Am@@', 'ts@@', 'k@@', 'olle@@', 'gen', 'S@@', 'hin@@', 'z@@', 'o', 'A@@', 'be', 'in', 'T@@', 'ok@@', 'o', ',', 'um', 'wirtschaf@@', 'tliche', 'und', 'sicher@@', 'heits@@', 'politische', 'Be@@', 'zieh@@', 'ungen', 'zu', 'bes@@', 'pre@@', 'chen', '.']
2025-05-03 12:22:33,608 - DEBUG - joeynmt.training - 	Tokenized reference:  ['Indi@@', 'a', '&apos;s', 'new', 'pri@@', 'me', 'minist@@', 'er', ',', 'N@@', 'ar@@', 'end@@', 'ra', 'Mo@@', 'd@@', 'i', ',', 'is', 'me@@', 'eting', 'his', 'J@@', 'ap@@', 'an@@', 'ese', 'coun@@', 'ter@@', 'part', ',', 'S@@', 'hin@@', 'z@@', 'o', 'A@@', 'be', ',', 'in', 'T@@', 'ok@@', 'y@@', 'o', 'to', 'disc@@', 'uss', 'economic', 'and', 'security', 'ties', ',', 'on', 'his', 'first', 'major', 'fore@@', 'ign', 'visi@@', 't', 'since', 'w@@', 'inn@@', 'ing', 'Ma@@', 'y', '&apos;s', 'elec@@', 'tion', '.']
2025-05-03 12:22:33,608 - DEBUG - joeynmt.training - 	Tokenized hypothesis: ['Indi@@', 'a', '&apos;s', '&apos;s', '&apos;s', 'pri@@', 'me', 'minist@@', 'er', 'N@@', 'ar@@', 'end@@', 'ra', 'Mo@@', 'd@@', 'i', ',', 'in', 'his', 'first', 'important', 'fore@@', 'ign', ',', 'the', 'S@@', 'hin@@', 'z@@', 'o', 'A@@', 'be', ',', 'and', 'the', 'S@@', 'hin@@', 'z@@', 'o', 'A@@', 'be', ',', 'S@@', 'hin@@', 'z@@', 'o', 'A@@', 'be', 'in', 'T@@', 'ok@@', 'o', ',', 'to', 'the', 'economic', 'and', 'saf@@', 'ety', 'political', 'rel@@', 'ations', '.', '</s>']
2025-05-03 12:22:33,609 - INFO - joeynmt.training - 	Source:     Indiens neuer Premierminister Narendra Modi trifft bei seinem ersten wichtigen Auslandsbesuch seit seinem Wahlsieg im Mai seinen japanischen Amtskollegen Shinzo Abe in Toko , um wirtschaftliche und sicherheitspolitische Beziehungen zu besprechen .
2025-05-03 12:22:33,609 - INFO - joeynmt.training - 	Reference:  India &apos;s new prime minister , Narendra Modi , is meeting his Japanese counterpart , Shinzo Abe , in Tokyo to discuss economic and security ties , on his first major foreign visit since winning May &apos;s election .
2025-05-03 12:22:33,609 - INFO - joeynmt.training - 	Hypothesis: India &apos;s &apos;s &apos;s prime minister Narendra Modi , in his first important foreign , the Shinzo Abe , and the Shinzo Abe , Shinzo Abe in Toko , to the economic and safety political relations .
2025-05-03 12:22:33,609 - INFO - joeynmt.training - Example #2
2025-05-03 12:22:33,609 - DEBUG - joeynmt.training - 	Tokenized source:     ['Herr', 'Mo@@', 'd@@', 'i', 'befindet', 'sich', 'auf', 'einer', 'fü@@', 'n@@', 'f@@', 'tä@@', 'gi@@', 'gen', 'Rei@@', 'se', 'nach', 'J@@', 'ap@@', 'an', ',', 'um', 'die', 'wirtschaf@@', 'tlichen', 'Be@@', 'zieh@@', 'ungen', 'mit', 'der', 'd@@', 'rit@@', 't@@', 'größ@@', 'ten', 'Wirtschafts@@', 'n@@', 'ation', 'der', 'Welt', 'zu', 'fes@@', 'tigen', '.']
2025-05-03 12:22:33,609 - DEBUG - joeynmt.training - 	Tokenized reference:  ['Mr', 'Mo@@', 'd@@', 'i', 'is', 'on', 'a', 'fi@@', 've', '@@@', '-@@', '@', 'day', 'tri@@', 'p', 'to', 'J@@', 'ap@@', 'an', 'to', 'streng@@', 'then', 'economic', 'ties', 'with', 'the', 'third', 'lar@@', 'ges@@', 't', 'econom@@', 'y', 'in', 'the', 'world', '.']
2025-05-03 12:22:33,609 - DEBUG - joeynmt.training - 	Tokenized hypothesis: ['Mr', 'Mo@@', 'd@@', 'i', 'is', 'on', 'a', 'fi@@', 'f@@', 'ty', 'of', 'a', 'fi@@', 'f@@', 'ty', 'of', 'J@@', 'ap@@', 'an', 'to', 'the', 'economic', 'rel@@', 'ations', 'with', 'the', 'third', 'lar@@', 'ges@@', 't', 'economic', 'rel@@', 'ations', '.', '</s>']
2025-05-03 12:22:33,609 - INFO - joeynmt.training - 	Source:     Herr Modi befindet sich auf einer fünftägigen Reise nach Japan , um die wirtschaftlichen Beziehungen mit der drittgrößten Wirtschaftsnation der Welt zu festigen .
2025-05-03 12:22:33,609 - INFO - joeynmt.training - 	Reference:  Mr Modi is on a five @-@ day trip to Japan to strengthen economic ties with the third largest economy in the world .
2025-05-03 12:22:33,609 - INFO - joeynmt.training - 	Hypothesis: Mr Modi is on a fifty of a fifty of Japan to the economic relations with the third largest economic relations .
2025-05-03 12:22:33,609 - INFO - joeynmt.training - Example #3
2025-05-03 12:22:33,609 - DEBUG - joeynmt.training - 	Tokenized source:     ['P@@', 'län@@', 'e', 'für', 'eine', 'stärk@@', 'ere', 'k@@', 'ern@@', 'techn@@', 'ische', 'Zusammenarbeit', 'stehen', 'ganz', 'ob@@', 'en', 'auf', 'der', 'Tag@@', 'es@@', 'ordnung', '.']
2025-05-03 12:22:33,609 - DEBUG - joeynmt.training - 	Tokenized reference:  ['high', 'on', 'the', 'agen@@', 'da', 'are', 'pl@@', 'ans', 'for', 'gre@@', 'ater', 'nu@@', 'clear', 'c@@', 'o', '@@@', '-@@', '@', 'operation', '.']
2025-05-03 12:22:33,609 - DEBUG - joeynmt.training - 	Tokenized hypothesis: ['pl@@', 'ans', 'for', 'gre@@', 'ater', 'cooperation', ',', 'there', 'is', 'a', 'str@@', 'on@@', 'ger', 'techn@@', 'ical', 'cooperation', 'is', 'very', 'e@@', 'as@@', 'y', 'to', 'the', 'agen@@', 'da', '.', '</s>']
2025-05-03 12:22:33,610 - INFO - joeynmt.training - 	Source:     Pläne für eine stärkere kerntechnische Zusammenarbeit stehen ganz oben auf der Tagesordnung .
2025-05-03 12:22:33,610 - INFO - joeynmt.training - 	Reference:  high on the agenda are plans for greater nuclear co @-@ operation .
2025-05-03 12:22:33,610 - INFO - joeynmt.training - 	Hypothesis: plans for greater cooperation , there is a stronger technical cooperation is very easy to the agenda .
2025-05-03 12:22:33,610 - INFO - joeynmt.training - Example #4
2025-05-03 12:22:33,610 - DEBUG - joeynmt.training - 	Tokenized source:     ['Berich@@', 'ten', 'zu@@', 'fol@@', 'ge', 'ho@@', 'fft', 'Indi@@', 'en', 'darüber', 'hinaus', 'auf', 'einen', 'Ver@@', 'trag', 'zur', 'Ver@@', 'tei@@', 'dig@@', 'ungs@@', 'zusammen@@', 'arbeit', 'zwischen', 'den', 'beiden', 'N@@', 'ationen', '.']
2025-05-03 12:22:33,610 - DEBUG - joeynmt.training - 	Tokenized reference:  ['Indi@@', 'a', 'is', 'also', 're@@', 'porte@@', 'dly', 'hop@@', 'ing', 'for', 'a', 'de@@', 'al', 'on', 'def@@', 'ence', 'c@@', 'oll@@', 'ab@@', 'or@@', 'ation', 'between', 'the', 'two', 'n@@', 'ations', '.']
2025-05-03 12:22:33,610 - DEBUG - joeynmt.training - 	Tokenized hypothesis: ['re@@', 'ports', 'are', 'being', ',', 'in', 'the', 'case', 'of', 'the', 'propos@@', 'als', 'on', 'def@@', 'ence', 'cooperation', 'between', 'the', 'two', 'n@@', 'ations', '.', '</s>']
2025-05-03 12:22:33,610 - INFO - joeynmt.training - 	Source:     Berichten zufolge hofft Indien darüber hinaus auf einen Vertrag zur Verteidigungszusammenarbeit zwischen den beiden Nationen .
2025-05-03 12:22:33,610 - INFO - joeynmt.training - 	Reference:  India is also reportedly hoping for a deal on defence collaboration between the two nations .
2025-05-03 12:22:33,610 - INFO - joeynmt.training - 	Hypothesis: reports are being , in the case of the proposals on defence cooperation between the two nations .
2025-05-03 12:22:38,975 - INFO - joeynmt.training - Epoch   8, Step:    28600, Batch Loss:     1.816397, Batch Acc: 0.547404, Tokens per Sec:    16750, Lr: 0.000300
2025-05-03 12:22:44,552 - INFO - joeynmt.training - Epoch   8, Step:    28700, Batch Loss:     1.561041, Batch Acc: 0.534945, Tokens per Sec:    16540, Lr: 0.000300
2025-05-03 12:22:49,983 - INFO - joeynmt.training - Epoch   8, Step:    28800, Batch Loss:     1.411829, Batch Acc: 0.540706, Tokens per Sec:    16964, Lr: 0.000300
2025-05-03 12:22:55,468 - INFO - joeynmt.training - Epoch   8, Step:    28900, Batch Loss:     1.945215, Batch Acc: 0.539072, Tokens per Sec:    17137, Lr: 0.000300
2025-05-03 12:23:00,931 - INFO - joeynmt.training - Epoch   8, Step:    29000, Batch Loss:     1.675911, Batch Acc: 0.533972, Tokens per Sec:    16860, Lr: 0.000300
2025-05-03 12:23:00,931 - INFO - joeynmt.prediction - Predicting 500 example(s)... (Greedy decoding with min_output_length=1, max_output_length=-1, return_prob='none', generate_unk=True, repetition_penalty=-1, no_repeat_ngram_size=-1)
2025-05-03 12:23:07,693 - INFO - joeynmt.prediction - Evaluation result (greedy) loss:   2.11, ppl:   8.26, acc:   0.46, generation: 6.7529[sec], evaluation: 0.0000[sec]
2025-05-03 12:23:07,778 - INFO - joeynmt.helpers - delete models/deen_transformer_pre/26500.ckpt
2025-05-03 12:23:07,784 - INFO - joeynmt.training - Example #0
2025-05-03 12:23:07,784 - DEBUG - joeynmt.training - 	Tokenized source:     ['die', 'Pre@@', 'mi@@', 'er@@', 'minist@@', 'er', 'Indi@@', 'ens', 'und', 'J@@', 'ap@@', 'ans', 'tra@@', 'fen', 'sich', 'in', 'T@@', 'ok@@', 'i@@', 'o', '.']
2025-05-03 12:23:07,784 - DEBUG - joeynmt.training - 	Tokenized reference:  ['Indi@@', 'a', 'and', 'J@@', 'ap@@', 'an', 'pri@@', 'me', 'minist@@', 'ers', 'me@@', 'et', 'in', 'T@@', 'ok@@', 'y@@', 'o']
2025-05-03 12:23:07,784 - DEBUG - joeynmt.training - 	Tokenized hypothesis: ['the', 'Pri@@', 'me', 'Minist@@', 'er', 'Indi@@', 'a', 'and', 'J@@', 'ap@@', 'ans', 'are', 'tra@@', 'v@@', 'ell@@', 'ing', 'in', 'T@@', 'ok@@', 'i@@', 'o', '.', '</s>']
2025-05-03 12:23:07,784 - INFO - joeynmt.training - 	Source:     die Premierminister Indiens und Japans trafen sich in Tokio .
2025-05-03 12:23:07,785 - INFO - joeynmt.training - 	Reference:  India and Japan prime ministers meet in Tokyo
2025-05-03 12:23:07,785 - INFO - joeynmt.training - 	Hypothesis: the Prime Minister India and Japans are travelling in Tokio .
2025-05-03 12:23:07,785 - INFO - joeynmt.training - Example #1
2025-05-03 12:23:07,785 - DEBUG - joeynmt.training - 	Tokenized source:     ['Indi@@', 'ens', 'neu@@', 'er', 'Pre@@', 'mi@@', 'er@@', 'minist@@', 'er', 'N@@', 'ar@@', 'end@@', 'ra', 'Mo@@', 'd@@', 'i', 'tri@@', 'fft', 'bei', 's@@', 'einem', 'ersten', 'wichti@@', 'gen', 'Aus@@', 'land@@', 's@@', 'bes@@', 'u@@', 'ch', 'seit', 's@@', 'einem', 'W@@', 'ah@@', 'l@@', 'si@@', 'e@@', 'g', 'im', 'Ma@@', 'i', 'seinen', 'j@@', 'ap@@', 'an@@', 'ischen', 'Am@@', 'ts@@', 'k@@', 'olle@@', 'gen', 'S@@', 'hin@@', 'z@@', 'o', 'A@@', 'be', 'in', 'T@@', 'ok@@', 'o', ',', 'um', 'wirtschaf@@', 'tliche', 'und', 'sicher@@', 'heits@@', 'politische', 'Be@@', 'zieh@@', 'ungen', 'zu', 'bes@@', 'pre@@', 'chen', '.']
2025-05-03 12:23:07,785 - DEBUG - joeynmt.training - 	Tokenized reference:  ['Indi@@', 'a', '&apos;s', 'new', 'pri@@', 'me', 'minist@@', 'er', ',', 'N@@', 'ar@@', 'end@@', 'ra', 'Mo@@', 'd@@', 'i', ',', 'is', 'me@@', 'eting', 'his', 'J@@', 'ap@@', 'an@@', 'ese', 'coun@@', 'ter@@', 'part', ',', 'S@@', 'hin@@', 'z@@', 'o', 'A@@', 'be', ',', 'in', 'T@@', 'ok@@', 'y@@', 'o', 'to', 'disc@@', 'uss', 'economic', 'and', 'security', 'ties', ',', 'on', 'his', 'first', 'major', 'fore@@', 'ign', 'visi@@', 't', 'since', 'w@@', 'inn@@', 'ing', 'Ma@@', 'y', '&apos;s', 'elec@@', 'tion', '.']
2025-05-03 12:23:07,785 - DEBUG - joeynmt.training - 	Tokenized hypothesis: ['Indi@@', 'a', '&apos;s', 'new', 'Pri@@', 'me', 'Minist@@', 'er', 'N@@', 'ar@@', 'end@@', 'ra', 'Mo@@', 'd@@', 'i', ',', 'in', 'the', 'first', 'important', 'fore@@', 'ign', 'land@@', 'sc@@', 'ap@@', 'es', 'of', 'the', 'M@@', 'ini@@', 'stry', 'of', 'S@@', 'hin@@', 'z@@', 'o', 'A@@', 'be', 'his', 'J@@', 'ap@@', 'an', '&apos;s', '&apos;s', 'colle@@', 'ag@@', 'ue', 'S@@', 'hin@@', 'z@@', 'o', 'A@@', 'be', 'in', 'T@@', 'ok@@', 'o', ',', 'in', 'T@@', 'ok@@', 'o', ',', 'in', 'the', 'T@@', 'ok@@', 'o', ',', 'in', 'the', 'T@@', 'ok@@', 'o', ',', 'and', 'S@@', 'hin@@', 'z@@', 'o', 'A@@', 'be', '.', '</s>']
2025-05-03 12:23:07,785 - INFO - joeynmt.training - 	Source:     Indiens neuer Premierminister Narendra Modi trifft bei seinem ersten wichtigen Auslandsbesuch seit seinem Wahlsieg im Mai seinen japanischen Amtskollegen Shinzo Abe in Toko , um wirtschaftliche und sicherheitspolitische Beziehungen zu besprechen .
2025-05-03 12:23:07,785 - INFO - joeynmt.training - 	Reference:  India &apos;s new prime minister , Narendra Modi , is meeting his Japanese counterpart , Shinzo Abe , in Tokyo to discuss economic and security ties , on his first major foreign visit since winning May &apos;s election .
2025-05-03 12:23:07,785 - INFO - joeynmt.training - 	Hypothesis: India &apos;s new Prime Minister Narendra Modi , in the first important foreign landscapes of the Ministry of Shinzo Abe his Japan &apos;s &apos;s colleague Shinzo Abe in Toko , in Toko , in the Toko , in the Toko , and Shinzo Abe .
2025-05-03 12:23:07,785 - INFO - joeynmt.training - Example #2
2025-05-03 12:23:07,785 - DEBUG - joeynmt.training - 	Tokenized source:     ['Herr', 'Mo@@', 'd@@', 'i', 'befindet', 'sich', 'auf', 'einer', 'fü@@', 'n@@', 'f@@', 'tä@@', 'gi@@', 'gen', 'Rei@@', 'se', 'nach', 'J@@', 'ap@@', 'an', ',', 'um', 'die', 'wirtschaf@@', 'tlichen', 'Be@@', 'zieh@@', 'ungen', 'mit', 'der', 'd@@', 'rit@@', 't@@', 'größ@@', 'ten', 'Wirtschafts@@', 'n@@', 'ation', 'der', 'Welt', 'zu', 'fes@@', 'tigen', '.']
2025-05-03 12:23:07,786 - DEBUG - joeynmt.training - 	Tokenized reference:  ['Mr', 'Mo@@', 'd@@', 'i', 'is', 'on', 'a', 'fi@@', 've', '@@@', '-@@', '@', 'day', 'tri@@', 'p', 'to', 'J@@', 'ap@@', 'an', 'to', 'streng@@', 'then', 'economic', 'ties', 'with', 'the', 'third', 'lar@@', 'ges@@', 't', 'econom@@', 'y', 'in', 'the', 'world', '.']
2025-05-03 12:23:07,786 - DEBUG - joeynmt.training - 	Tokenized hypothesis: ['Mr', 'Mo@@', 'd@@', 'i', 'is', 'on', 'a', 'fi@@', 'f@@', 'th', 'of', 'a', 'fi@@', 'f@@', 'th', 'of', 'J@@', 'ap@@', 'an', 'to', 'the', 'economic', 'rel@@', 'ations', 'with', 'the', 'third', 'lar@@', 'ges@@', 't', 'economic', 'n@@', 'ation', 'of', 'the', 'world', '&apos;s', 'economic', 'n@@', 'ation', 'of', 'the', 'world', '&apos;s', 'economic', 'n@@', 'ation', 'of', 'the', 'world', '.', '</s>']
2025-05-03 12:23:07,786 - INFO - joeynmt.training - 	Source:     Herr Modi befindet sich auf einer fünftägigen Reise nach Japan , um die wirtschaftlichen Beziehungen mit der drittgrößten Wirtschaftsnation der Welt zu festigen .
2025-05-03 12:23:07,786 - INFO - joeynmt.training - 	Reference:  Mr Modi is on a five @-@ day trip to Japan to strengthen economic ties with the third largest economy in the world .
2025-05-03 12:23:07,786 - INFO - joeynmt.training - 	Hypothesis: Mr Modi is on a fifth of a fifth of Japan to the economic relations with the third largest economic nation of the world &apos;s economic nation of the world &apos;s economic nation of the world .
2025-05-03 12:23:07,786 - INFO - joeynmt.training - Example #3
2025-05-03 12:23:07,786 - DEBUG - joeynmt.training - 	Tokenized source:     ['P@@', 'län@@', 'e', 'für', 'eine', 'stärk@@', 'ere', 'k@@', 'ern@@', 'techn@@', 'ische', 'Zusammenarbeit', 'stehen', 'ganz', 'ob@@', 'en', 'auf', 'der', 'Tag@@', 'es@@', 'ordnung', '.']
2025-05-03 12:23:07,786 - DEBUG - joeynmt.training - 	Tokenized reference:  ['high', 'on', 'the', 'agen@@', 'da', 'are', 'pl@@', 'ans', 'for', 'gre@@', 'ater', 'nu@@', 'clear', 'c@@', 'o', '@@@', '-@@', '@', 'operation', '.']
2025-05-03 12:23:07,786 - DEBUG - joeynmt.training - 	Tokenized hypothesis: ['pl@@', 'ans', 'for', 'more', 'more', 'nu@@', 'clear', 'techn@@', 'ical', 'cooperation', 'are', 'enti@@', 're@@', 'ly', 'on', 'the', 'agen@@', 'da', '.', '</s>']
2025-05-03 12:23:07,786 - INFO - joeynmt.training - 	Source:     Pläne für eine stärkere kerntechnische Zusammenarbeit stehen ganz oben auf der Tagesordnung .
2025-05-03 12:23:07,786 - INFO - joeynmt.training - 	Reference:  high on the agenda are plans for greater nuclear co @-@ operation .
2025-05-03 12:23:07,786 - INFO - joeynmt.training - 	Hypothesis: plans for more more nuclear technical cooperation are entirely on the agenda .
2025-05-03 12:23:07,786 - INFO - joeynmt.training - Example #4
2025-05-03 12:23:07,787 - DEBUG - joeynmt.training - 	Tokenized source:     ['Berich@@', 'ten', 'zu@@', 'fol@@', 'ge', 'ho@@', 'fft', 'Indi@@', 'en', 'darüber', 'hinaus', 'auf', 'einen', 'Ver@@', 'trag', 'zur', 'Ver@@', 'tei@@', 'dig@@', 'ungs@@', 'zusammen@@', 'arbeit', 'zwischen', 'den', 'beiden', 'N@@', 'ationen', '.']
2025-05-03 12:23:07,787 - DEBUG - joeynmt.training - 	Tokenized reference:  ['Indi@@', 'a', 'is', 'also', 're@@', 'porte@@', 'dly', 'hop@@', 'ing', 'for', 'a', 'de@@', 'al', 'on', 'def@@', 'ence', 'c@@', 'oll@@', 'ab@@', 'or@@', 'ation', 'between', 'the', 'two', 'n@@', 'ations', '.']
2025-05-03 12:23:07,787 - DEBUG - joeynmt.training - 	Tokenized hypothesis: ['re@@', 'ports', ',', 'the', 'st@@', 'ep@@', 's', 'of', 'the', 'same', ',', 'the', 'Member', 'States', 'is', 'to', 'be', 'able', 'to', 'def@@', 'ence', 'cooperation', 'between', 'the', 'two', 'n@@', 'ations', '.', '</s>']
2025-05-03 12:23:07,787 - INFO - joeynmt.training - 	Source:     Berichten zufolge hofft Indien darüber hinaus auf einen Vertrag zur Verteidigungszusammenarbeit zwischen den beiden Nationen .
2025-05-03 12:23:07,787 - INFO - joeynmt.training - 	Reference:  India is also reportedly hoping for a deal on defence collaboration between the two nations .
2025-05-03 12:23:07,787 - INFO - joeynmt.training - 	Hypothesis: reports , the steps of the same , the Member States is to be able to defence cooperation between the two nations .
2025-05-03 12:23:13,182 - INFO - joeynmt.training - Epoch   8, Step:    29100, Batch Loss:     1.941605, Batch Acc: 0.528475, Tokens per Sec:    16923, Lr: 0.000300
2025-05-03 12:23:18,689 - INFO - joeynmt.training - Epoch   8, Step:    29200, Batch Loss:     1.603507, Batch Acc: 0.541004, Tokens per Sec:    16496, Lr: 0.000300
2025-05-03 12:23:24,164 - INFO - joeynmt.training - Epoch   8, Step:    29300, Batch Loss:     1.535061, Batch Acc: 0.537139, Tokens per Sec:    16860, Lr: 0.000300
2025-05-03 12:23:29,586 - INFO - joeynmt.training - Epoch   8, Step:    29400, Batch Loss:     1.516850, Batch Acc: 0.530575, Tokens per Sec:    16888, Lr: 0.000300
2025-05-03 12:23:35,014 - INFO - joeynmt.training - Epoch   8, Step:    29500, Batch Loss:     1.723840, Batch Acc: 0.532918, Tokens per Sec:    16960, Lr: 0.000300
2025-05-03 12:23:35,015 - INFO - joeynmt.prediction - Predicting 500 example(s)... (Greedy decoding with min_output_length=1, max_output_length=-1, return_prob='none', generate_unk=True, repetition_penalty=-1, no_repeat_ngram_size=-1)
2025-05-03 12:23:40,982 - INFO - joeynmt.prediction - Evaluation result (greedy) loss:   2.11, ppl:   8.25, acc:   0.45, generation: 5.9607[sec], evaluation: 0.0000[sec]
2025-05-03 12:23:41,061 - INFO - joeynmt.helpers - delete models/deen_transformer_pre/26000.ckpt
2025-05-03 12:23:41,067 - INFO - joeynmt.training - Example #0
2025-05-03 12:23:41,067 - DEBUG - joeynmt.training - 	Tokenized source:     ['die', 'Pre@@', 'mi@@', 'er@@', 'minist@@', 'er', 'Indi@@', 'ens', 'und', 'J@@', 'ap@@', 'ans', 'tra@@', 'fen', 'sich', 'in', 'T@@', 'ok@@', 'i@@', 'o', '.']
2025-05-03 12:23:41,067 - DEBUG - joeynmt.training - 	Tokenized reference:  ['Indi@@', 'a', 'and', 'J@@', 'ap@@', 'an', 'pri@@', 'me', 'minist@@', 'ers', 'me@@', 'et', 'in', 'T@@', 'ok@@', 'y@@', 'o']
2025-05-03 12:23:41,067 - DEBUG - joeynmt.training - 	Tokenized hypothesis: ['Pri@@', 'me', 'Minist@@', 'er', 'Indi@@', 'a', 'and', 'J@@', 'ap@@', 'an', ',', 'in', 'T@@', 'ok@@', 'i@@', 'o', '.', '</s>']
2025-05-03 12:23:41,067 - INFO - joeynmt.training - 	Source:     die Premierminister Indiens und Japans trafen sich in Tokio .
2025-05-03 12:23:41,067 - INFO - joeynmt.training - 	Reference:  India and Japan prime ministers meet in Tokyo
2025-05-03 12:23:41,068 - INFO - joeynmt.training - 	Hypothesis: Prime Minister India and Japan , in Tokio .
2025-05-03 12:23:41,068 - INFO - joeynmt.training - Example #1
2025-05-03 12:23:41,068 - DEBUG - joeynmt.training - 	Tokenized source:     ['Indi@@', 'ens', 'neu@@', 'er', 'Pre@@', 'mi@@', 'er@@', 'minist@@', 'er', 'N@@', 'ar@@', 'end@@', 'ra', 'Mo@@', 'd@@', 'i', 'tri@@', 'fft', 'bei', 's@@', 'einem', 'ersten', 'wichti@@', 'gen', 'Aus@@', 'land@@', 's@@', 'bes@@', 'u@@', 'ch', 'seit', 's@@', 'einem', 'W@@', 'ah@@', 'l@@', 'si@@', 'e@@', 'g', 'im', 'Ma@@', 'i', 'seinen', 'j@@', 'ap@@', 'an@@', 'ischen', 'Am@@', 'ts@@', 'k@@', 'olle@@', 'gen', 'S@@', 'hin@@', 'z@@', 'o', 'A@@', 'be', 'in', 'T@@', 'ok@@', 'o', ',', 'um', 'wirtschaf@@', 'tliche', 'und', 'sicher@@', 'heits@@', 'politische', 'Be@@', 'zieh@@', 'ungen', 'zu', 'bes@@', 'pre@@', 'chen', '.']
2025-05-03 12:23:41,068 - DEBUG - joeynmt.training - 	Tokenized reference:  ['Indi@@', 'a', '&apos;s', 'new', 'pri@@', 'me', 'minist@@', 'er', ',', 'N@@', 'ar@@', 'end@@', 'ra', 'Mo@@', 'd@@', 'i', ',', 'is', 'me@@', 'eting', 'his', 'J@@', 'ap@@', 'an@@', 'ese', 'coun@@', 'ter@@', 'part', ',', 'S@@', 'hin@@', 'z@@', 'o', 'A@@', 'be', ',', 'in', 'T@@', 'ok@@', 'y@@', 'o', 'to', 'disc@@', 'uss', 'economic', 'and', 'security', 'ties', ',', 'on', 'his', 'first', 'major', 'fore@@', 'ign', 'visi@@', 't', 'since', 'w@@', 'inn@@', 'ing', 'Ma@@', 'y', '&apos;s', 'elec@@', 'tion', '.']
2025-05-03 12:23:41,068 - DEBUG - joeynmt.training - 	Tokenized hypothesis: ['Indi@@', 'a', '&apos;s', 'new', 'Pri@@', 'me', 'Minist@@', 'er', 'N@@', 'ar@@', 'end@@', 'ra', 'Mo@@', 'd@@', 'i', ',', 'in', 'his', 'first', 'important', 'fore@@', 'ign', 'land@@', 'sc@@', 'ap@@', 'e', ',', 'since', 'his', 'elec@@', 't@@', 'or@@', 'al', 'pre@@', 'mi@@', 'er', 'S@@', 'hin@@', 'z@@', 'o', 'A@@', 'be', 'in', 'T@@', 'ok@@', 'o', ',', 'to', 're@@', '-@@', 'establi@@', 'sh', 'economic', 'and', 'security', 'rel@@', 'ations', '.', '</s>']
2025-05-03 12:23:41,068 - INFO - joeynmt.training - 	Source:     Indiens neuer Premierminister Narendra Modi trifft bei seinem ersten wichtigen Auslandsbesuch seit seinem Wahlsieg im Mai seinen japanischen Amtskollegen Shinzo Abe in Toko , um wirtschaftliche und sicherheitspolitische Beziehungen zu besprechen .
2025-05-03 12:23:41,068 - INFO - joeynmt.training - 	Reference:  India &apos;s new prime minister , Narendra Modi , is meeting his Japanese counterpart , Shinzo Abe , in Tokyo to discuss economic and security ties , on his first major foreign visit since winning May &apos;s election .
2025-05-03 12:23:41,068 - INFO - joeynmt.training - 	Hypothesis: India &apos;s new Prime Minister Narendra Modi , in his first important foreign landscape , since his electoral premier Shinzo Abe in Toko , to re-establish economic and security relations .
2025-05-03 12:23:41,068 - INFO - joeynmt.training - Example #2
2025-05-03 12:23:41,069 - DEBUG - joeynmt.training - 	Tokenized source:     ['Herr', 'Mo@@', 'd@@', 'i', 'befindet', 'sich', 'auf', 'einer', 'fü@@', 'n@@', 'f@@', 'tä@@', 'gi@@', 'gen', 'Rei@@', 'se', 'nach', 'J@@', 'ap@@', 'an', ',', 'um', 'die', 'wirtschaf@@', 'tlichen', 'Be@@', 'zieh@@', 'ungen', 'mit', 'der', 'd@@', 'rit@@', 't@@', 'größ@@', 'ten', 'Wirtschafts@@', 'n@@', 'ation', 'der', 'Welt', 'zu', 'fes@@', 'tigen', '.']
2025-05-03 12:23:41,069 - DEBUG - joeynmt.training - 	Tokenized reference:  ['Mr', 'Mo@@', 'd@@', 'i', 'is', 'on', 'a', 'fi@@', 've', '@@@', '-@@', '@', 'day', 'tri@@', 'p', 'to', 'J@@', 'ap@@', 'an', 'to', 'streng@@', 'then', 'economic', 'ties', 'with', 'the', 'third', 'lar@@', 'ges@@', 't', 'econom@@', 'y', 'in', 'the', 'world', '.']
2025-05-03 12:23:41,069 - DEBUG - joeynmt.training - 	Tokenized hypothesis: ['Mr', 'Mo@@', 'd@@', 'i', 'is', 'a', 'f@@', 'ar@@', '-@@', 'v@@', 'ac@@', 'ation', 'to', 'J@@', 'ap@@', 'an', 'to', 'the', 'economic', 'rel@@', 'ations', 'with', 'the', 'world', '&apos;s', 'economic', 'rel@@', 'ations', 'with', 'the', 'third', 'lar@@', 'ges@@', 't', 'economic', 'n@@', 'ation', 'of', 'the', 'world', '.', '</s>']
2025-05-03 12:23:41,069 - INFO - joeynmt.training - 	Source:     Herr Modi befindet sich auf einer fünftägigen Reise nach Japan , um die wirtschaftlichen Beziehungen mit der drittgrößten Wirtschaftsnation der Welt zu festigen .
2025-05-03 12:23:41,069 - INFO - joeynmt.training - 	Reference:  Mr Modi is on a five @-@ day trip to Japan to strengthen economic ties with the third largest economy in the world .
2025-05-03 12:23:41,069 - INFO - joeynmt.training - 	Hypothesis: Mr Modi is a far-vacation to Japan to the economic relations with the world &apos;s economic relations with the third largest economic nation of the world .
2025-05-03 12:23:41,069 - INFO - joeynmt.training - Example #3
2025-05-03 12:23:41,069 - DEBUG - joeynmt.training - 	Tokenized source:     ['P@@', 'län@@', 'e', 'für', 'eine', 'stärk@@', 'ere', 'k@@', 'ern@@', 'techn@@', 'ische', 'Zusammenarbeit', 'stehen', 'ganz', 'ob@@', 'en', 'auf', 'der', 'Tag@@', 'es@@', 'ordnung', '.']
2025-05-03 12:23:41,069 - DEBUG - joeynmt.training - 	Tokenized reference:  ['high', 'on', 'the', 'agen@@', 'da', 'are', 'pl@@', 'ans', 'for', 'gre@@', 'ater', 'nu@@', 'clear', 'c@@', 'o', '@@@', '-@@', '@', 'operation', '.']
2025-05-03 12:23:41,069 - DEBUG - joeynmt.training - 	Tokenized hypothesis: ['pl@@', 'ans', 'for', 'more', 'more', 'nu@@', 'clear', 'techn@@', 'ical', 'cooperation', 'are', 'enti@@', 're@@', 'ly', 'on', 'the', 'agen@@', 'da', '.', '</s>']
2025-05-03 12:23:41,070 - INFO - joeynmt.training - 	Source:     Pläne für eine stärkere kerntechnische Zusammenarbeit stehen ganz oben auf der Tagesordnung .
2025-05-03 12:23:41,070 - INFO - joeynmt.training - 	Reference:  high on the agenda are plans for greater nuclear co @-@ operation .
2025-05-03 12:23:41,070 - INFO - joeynmt.training - 	Hypothesis: plans for more more nuclear technical cooperation are entirely on the agenda .
2025-05-03 12:23:41,070 - INFO - joeynmt.training - Example #4
2025-05-03 12:23:41,070 - DEBUG - joeynmt.training - 	Tokenized source:     ['Berich@@', 'ten', 'zu@@', 'fol@@', 'ge', 'ho@@', 'fft', 'Indi@@', 'en', 'darüber', 'hinaus', 'auf', 'einen', 'Ver@@', 'trag', 'zur', 'Ver@@', 'tei@@', 'dig@@', 'ungs@@', 'zusammen@@', 'arbeit', 'zwischen', 'den', 'beiden', 'N@@', 'ationen', '.']
2025-05-03 12:23:41,070 - DEBUG - joeynmt.training - 	Tokenized reference:  ['Indi@@', 'a', 'is', 'also', 're@@', 'porte@@', 'dly', 'hop@@', 'ing', 'for', 'a', 'de@@', 'al', 'on', 'def@@', 'ence', 'c@@', 'oll@@', 'ab@@', 'or@@', 'ation', 'between', 'the', 'two', 'n@@', 'ations', '.']
2025-05-03 12:23:41,070 - DEBUG - joeynmt.training - 	Tokenized hypothesis: ['the', 're@@', 'ports', ',', 'Indi@@', 'a', 'is', 'also', 'pro@@', 'b@@', 'ably', 're@@', 'ports', 'on', 'the', 'con@@', 'dem@@', 'n@@', 'ations', 'between', 'the', 'two', 'N@@', 'ations', '.', '</s>']
2025-05-03 12:23:41,070 - INFO - joeynmt.training - 	Source:     Berichten zufolge hofft Indien darüber hinaus auf einen Vertrag zur Verteidigungszusammenarbeit zwischen den beiden Nationen .
2025-05-03 12:23:41,070 - INFO - joeynmt.training - 	Reference:  India is also reportedly hoping for a deal on defence collaboration between the two nations .
2025-05-03 12:23:41,070 - INFO - joeynmt.training - 	Hypothesis: the reports , India is also probably reports on the condemnations between the two Nations .
2025-05-03 12:23:46,512 - INFO - joeynmt.training - Epoch   8, Step:    29600, Batch Loss:     1.694138, Batch Acc: 0.536585, Tokens per Sec:    16386, Lr: 0.000300
2025-05-03 12:23:51,952 - INFO - joeynmt.training - Epoch   8, Step:    29700, Batch Loss:     1.524356, Batch Acc: 0.537582, Tokens per Sec:    16987, Lr: 0.000300
2025-05-03 12:23:57,554 - INFO - joeynmt.training - Epoch   8, Step:    29800, Batch Loss:     1.584029, Batch Acc: 0.535658, Tokens per Sec:    16361, Lr: 0.000300
2025-05-03 12:24:03,005 - INFO - joeynmt.training - Epoch   8, Step:    29900, Batch Loss:     1.804488, Batch Acc: 0.533907, Tokens per Sec:    16860, Lr: 0.000300
2025-05-03 12:24:08,569 - INFO - joeynmt.training - Epoch   8, Step:    30000, Batch Loss:     1.665225, Batch Acc: 0.535955, Tokens per Sec:    16660, Lr: 0.000300
2025-05-03 12:24:08,569 - INFO - joeynmt.prediction - Predicting 500 example(s)... (Greedy decoding with min_output_length=1, max_output_length=-1, return_prob='none', generate_unk=True, repetition_penalty=-1, no_repeat_ngram_size=-1)
2025-05-03 12:24:13,594 - INFO - joeynmt.prediction - Evaluation result (greedy) loss:   2.10, ppl:   8.19, acc:   0.46, generation: 5.0181[sec], evaluation: 0.0000[sec]
2025-05-03 12:24:13,594 - INFO - joeynmt.training - Hooray! New best validation result [ppl]!
2025-05-03 12:24:13,677 - INFO - joeynmt.helpers - delete models/deen_transformer_pre/27500.ckpt
2025-05-03 12:24:13,683 - INFO - joeynmt.training - Example #0
2025-05-03 12:24:13,683 - DEBUG - joeynmt.training - 	Tokenized source:     ['die', 'Pre@@', 'mi@@', 'er@@', 'minist@@', 'er', 'Indi@@', 'ens', 'und', 'J@@', 'ap@@', 'ans', 'tra@@', 'fen', 'sich', 'in', 'T@@', 'ok@@', 'i@@', 'o', '.']
2025-05-03 12:24:13,683 - DEBUG - joeynmt.training - 	Tokenized reference:  ['Indi@@', 'a', 'and', 'J@@', 'ap@@', 'an', 'pri@@', 'me', 'minist@@', 'ers', 'me@@', 'et', 'in', 'T@@', 'ok@@', 'y@@', 'o']
2025-05-03 12:24:13,683 - DEBUG - joeynmt.training - 	Tokenized hypothesis: ['the', 'Pri@@', 'me', 'Minist@@', 'er', 'Indi@@', 'a', 'and', 'J@@', 'ap@@', 'an', '&apos;s', '&apos;s', 'Pri@@', 'me', 'Minist@@', 'er', 'of', 'Indi@@', 'a', 'and', 'J@@', 'ap@@', 'an', '&apos;s', '&apos;s', 'Minist@@', 'er', 'Indi@@', 'a', 'and', 'J@@', 'ap@@', 'an', '.', '</s>']
2025-05-03 12:24:13,683 - INFO - joeynmt.training - 	Source:     die Premierminister Indiens und Japans trafen sich in Tokio .
2025-05-03 12:24:13,683 - INFO - joeynmt.training - 	Reference:  India and Japan prime ministers meet in Tokyo
2025-05-03 12:24:13,683 - INFO - joeynmt.training - 	Hypothesis: the Prime Minister India and Japan &apos;s &apos;s Prime Minister of India and Japan &apos;s &apos;s Minister India and Japan .
2025-05-03 12:24:13,683 - INFO - joeynmt.training - Example #1
2025-05-03 12:24:13,684 - DEBUG - joeynmt.training - 	Tokenized source:     ['Indi@@', 'ens', 'neu@@', 'er', 'Pre@@', 'mi@@', 'er@@', 'minist@@', 'er', 'N@@', 'ar@@', 'end@@', 'ra', 'Mo@@', 'd@@', 'i', 'tri@@', 'fft', 'bei', 's@@', 'einem', 'ersten', 'wichti@@', 'gen', 'Aus@@', 'land@@', 's@@', 'bes@@', 'u@@', 'ch', 'seit', 's@@', 'einem', 'W@@', 'ah@@', 'l@@', 'si@@', 'e@@', 'g', 'im', 'Ma@@', 'i', 'seinen', 'j@@', 'ap@@', 'an@@', 'ischen', 'Am@@', 'ts@@', 'k@@', 'olle@@', 'gen', 'S@@', 'hin@@', 'z@@', 'o', 'A@@', 'be', 'in', 'T@@', 'ok@@', 'o', ',', 'um', 'wirtschaf@@', 'tliche', 'und', 'sicher@@', 'heits@@', 'politische', 'Be@@', 'zieh@@', 'ungen', 'zu', 'bes@@', 'pre@@', 'chen', '.']
2025-05-03 12:24:13,684 - DEBUG - joeynmt.training - 	Tokenized reference:  ['Indi@@', 'a', '&apos;s', 'new', 'pri@@', 'me', 'minist@@', 'er', ',', 'N@@', 'ar@@', 'end@@', 'ra', 'Mo@@', 'd@@', 'i', ',', 'is', 'me@@', 'eting', 'his', 'J@@', 'ap@@', 'an@@', 'ese', 'coun@@', 'ter@@', 'part', ',', 'S@@', 'hin@@', 'z@@', 'o', 'A@@', 'be', ',', 'in', 'T@@', 'ok@@', 'y@@', 'o', 'to', 'disc@@', 'uss', 'economic', 'and', 'security', 'ties', ',', 'on', 'his', 'first', 'major', 'fore@@', 'ign', 'visi@@', 't', 'since', 'w@@', 'inn@@', 'ing', 'Ma@@', 'y', '&apos;s', 'elec@@', 'tion', '.']
2025-05-03 12:24:13,684 - DEBUG - joeynmt.training - 	Tokenized hypothesis: ['Indi@@', 'a', '&apos;s', 'new', 'Pri@@', 'me', 'Minist@@', 'er', 'N@@', 'ar@@', 'end@@', 'ra', 'Mo@@', 'd@@', 'i', ',', 'in', 'the', 'first', 'of', 'all', 'the', 'European', 'C@@', 'our@@', 't', 'of', 'J@@', 'ap@@', 'an', 'S@@', 'hin@@', 'z@@', 'o', 'A@@', 'be', 'in', 'T@@', 'ok@@', 'o', ',', 'for', 'his', 'own', 'elec@@', 'tion', 'of', 'the', 'J@@', 'ap@@', 'an', 'S@@', 'hin@@', 'z@@', 'o', 'A@@', 'be', 'in', 'T@@', 'ok@@', 'o', ',', 'to', 'the', 'economic', 'and', 'saf@@', 'ety', 'political', 'rel@@', 'ations', '.', '</s>']
2025-05-03 12:24:13,684 - INFO - joeynmt.training - 	Source:     Indiens neuer Premierminister Narendra Modi trifft bei seinem ersten wichtigen Auslandsbesuch seit seinem Wahlsieg im Mai seinen japanischen Amtskollegen Shinzo Abe in Toko , um wirtschaftliche und sicherheitspolitische Beziehungen zu besprechen .
2025-05-03 12:24:13,684 - INFO - joeynmt.training - 	Reference:  India &apos;s new prime minister , Narendra Modi , is meeting his Japanese counterpart , Shinzo Abe , in Tokyo to discuss economic and security ties , on his first major foreign visit since winning May &apos;s election .
2025-05-03 12:24:13,684 - INFO - joeynmt.training - 	Hypothesis: India &apos;s new Prime Minister Narendra Modi , in the first of all the European Court of Japan Shinzo Abe in Toko , for his own election of the Japan Shinzo Abe in Toko , to the economic and safety political relations .
2025-05-03 12:24:13,684 - INFO - joeynmt.training - Example #2
2025-05-03 12:24:13,684 - DEBUG - joeynmt.training - 	Tokenized source:     ['Herr', 'Mo@@', 'd@@', 'i', 'befindet', 'sich', 'auf', 'einer', 'fü@@', 'n@@', 'f@@', 'tä@@', 'gi@@', 'gen', 'Rei@@', 'se', 'nach', 'J@@', 'ap@@', 'an', ',', 'um', 'die', 'wirtschaf@@', 'tlichen', 'Be@@', 'zieh@@', 'ungen', 'mit', 'der', 'd@@', 'rit@@', 't@@', 'größ@@', 'ten', 'Wirtschafts@@', 'n@@', 'ation', 'der', 'Welt', 'zu', 'fes@@', 'tigen', '.']
2025-05-03 12:24:13,684 - DEBUG - joeynmt.training - 	Tokenized reference:  ['Mr', 'Mo@@', 'd@@', 'i', 'is', 'on', 'a', 'fi@@', 've', '@@@', '-@@', '@', 'day', 'tri@@', 'p', 'to', 'J@@', 'ap@@', 'an', 'to', 'streng@@', 'then', 'economic', 'ties', 'with', 'the', 'third', 'lar@@', 'ges@@', 't', 'econom@@', 'y', 'in', 'the', 'world', '.']
2025-05-03 12:24:13,684 - DEBUG - joeynmt.training - 	Tokenized hypothesis: ['Mr', 'Mo@@', 'd@@', 'i', 'is', 'located', 'on', 'a', 'fi@@', 'f@@', 'th', 'of', 'a', 'fi@@', 'f@@', 'th', 'b@@', 'ig@@', 'ges@@', 't', 'economic', 'rel@@', 'ations', 'with', 'the', 'third', 'lar@@', 'ges@@', 't', 'economic', 'rel@@', 'ations', 'with', 'the', 'world', '&apos;s', 'economic', 'n@@', 'ation', 'of', 'the', 'world', '.', '</s>']
2025-05-03 12:24:13,685 - INFO - joeynmt.training - 	Source:     Herr Modi befindet sich auf einer fünftägigen Reise nach Japan , um die wirtschaftlichen Beziehungen mit der drittgrößten Wirtschaftsnation der Welt zu festigen .
2025-05-03 12:24:13,685 - INFO - joeynmt.training - 	Reference:  Mr Modi is on a five @-@ day trip to Japan to strengthen economic ties with the third largest economy in the world .
2025-05-03 12:24:13,685 - INFO - joeynmt.training - 	Hypothesis: Mr Modi is located on a fifth of a fifth biggest economic relations with the third largest economic relations with the world &apos;s economic nation of the world .
2025-05-03 12:24:13,685 - INFO - joeynmt.training - Example #3
2025-05-03 12:24:13,685 - DEBUG - joeynmt.training - 	Tokenized source:     ['P@@', 'län@@', 'e', 'für', 'eine', 'stärk@@', 'ere', 'k@@', 'ern@@', 'techn@@', 'ische', 'Zusammenarbeit', 'stehen', 'ganz', 'ob@@', 'en', 'auf', 'der', 'Tag@@', 'es@@', 'ordnung', '.']
2025-05-03 12:24:13,685 - DEBUG - joeynmt.training - 	Tokenized reference:  ['high', 'on', 'the', 'agen@@', 'da', 'are', 'pl@@', 'ans', 'for', 'gre@@', 'ater', 'nu@@', 'clear', 'c@@', 'o', '@@@', '-@@', '@', 'operation', '.']
2025-05-03 12:24:13,685 - DEBUG - joeynmt.training - 	Tokenized hypothesis: ['pl@@', 'ans', 'for', 'more', 'nu@@', 'clear', 'techn@@', 'ical', 'cooperation', 'is', 'qu@@', 'ite', 'ob@@', 'vi@@', 'ous', 'on', 'the', 'agen@@', 'da', '.', '</s>']
2025-05-03 12:24:13,685 - INFO - joeynmt.training - 	Source:     Pläne für eine stärkere kerntechnische Zusammenarbeit stehen ganz oben auf der Tagesordnung .
2025-05-03 12:24:13,685 - INFO - joeynmt.training - 	Reference:  high on the agenda are plans for greater nuclear co @-@ operation .
2025-05-03 12:24:13,685 - INFO - joeynmt.training - 	Hypothesis: plans for more nuclear technical cooperation is quite obvious on the agenda .
2025-05-03 12:24:13,685 - INFO - joeynmt.training - Example #4
2025-05-03 12:24:13,686 - DEBUG - joeynmt.training - 	Tokenized source:     ['Berich@@', 'ten', 'zu@@', 'fol@@', 'ge', 'ho@@', 'fft', 'Indi@@', 'en', 'darüber', 'hinaus', 'auf', 'einen', 'Ver@@', 'trag', 'zur', 'Ver@@', 'tei@@', 'dig@@', 'ungs@@', 'zusammen@@', 'arbeit', 'zwischen', 'den', 'beiden', 'N@@', 'ationen', '.']
2025-05-03 12:24:13,686 - DEBUG - joeynmt.training - 	Tokenized reference:  ['Indi@@', 'a', 'is', 'also', 're@@', 'porte@@', 'dly', 'hop@@', 'ing', 'for', 'a', 'de@@', 'al', 'on', 'def@@', 'ence', 'c@@', 'oll@@', 'ab@@', 'or@@', 'ation', 'between', 'the', 'two', 'n@@', 'ations', '.']
2025-05-03 12:24:13,686 - DEBUG - joeynmt.training - 	Tokenized hypothesis: ['re@@', 'ports', ',', 'Indi@@', 'a', '&apos;s', 'con@@', 'tra@@', 'ct', 'on', 'the', 'con@@', 'tra@@', 'ct', 'on', 'the', 'con@@', 'tra@@', 'ct', 'cooperation', 'between', 'the', 'two', 'N@@', 'ations', '.', '</s>']
2025-05-03 12:24:13,686 - INFO - joeynmt.training - 	Source:     Berichten zufolge hofft Indien darüber hinaus auf einen Vertrag zur Verteidigungszusammenarbeit zwischen den beiden Nationen .
2025-05-03 12:24:13,686 - INFO - joeynmt.training - 	Reference:  India is also reportedly hoping for a deal on defence collaboration between the two nations .
2025-05-03 12:24:13,686 - INFO - joeynmt.training - 	Hypothesis: reports , India &apos;s contract on the contract on the contract cooperation between the two Nations .
2025-05-03 12:24:19,242 - INFO - joeynmt.training - Epoch   8, Step:    30100, Batch Loss:     1.946130, Batch Acc: 0.535421, Tokens per Sec:    16445, Lr: 0.000300
2025-05-03 12:24:24,572 - INFO - joeynmt.training - Epoch   8, Step:    30200, Batch Loss:     1.747994, Batch Acc: 0.534976, Tokens per Sec:    17180, Lr: 0.000300
2025-05-03 12:24:30,105 - INFO - joeynmt.training - Epoch   8, Step:    30300, Batch Loss:     1.679850, Batch Acc: 0.534537, Tokens per Sec:    16525, Lr: 0.000300
2025-05-03 12:24:35,472 - INFO - joeynmt.training - Epoch   8, Step:    30400, Batch Loss:     1.766386, Batch Acc: 0.536317, Tokens per Sec:    17260, Lr: 0.000300
2025-05-03 12:24:40,851 - INFO - joeynmt.training - Epoch   8, Step:    30500, Batch Loss:     1.825269, Batch Acc: 0.530553, Tokens per Sec:    17278, Lr: 0.000300
2025-05-03 12:24:40,851 - INFO - joeynmt.prediction - Predicting 500 example(s)... (Greedy decoding with min_output_length=1, max_output_length=-1, return_prob='none', generate_unk=True, repetition_penalty=-1, no_repeat_ngram_size=-1)
2025-05-03 12:24:46,389 - INFO - joeynmt.prediction - Evaluation result (greedy) loss:   2.10, ppl:   8.18, acc:   0.45, generation: 5.5318[sec], evaluation: 0.0000[sec]
2025-05-03 12:24:46,389 - INFO - joeynmt.training - Hooray! New best validation result [ppl]!
2025-05-03 12:24:46,472 - INFO - joeynmt.helpers - delete models/deen_transformer_pre/29000.ckpt
2025-05-03 12:24:46,477 - INFO - joeynmt.training - Example #0
2025-05-03 12:24:46,477 - DEBUG - joeynmt.training - 	Tokenized source:     ['die', 'Pre@@', 'mi@@', 'er@@', 'minist@@', 'er', 'Indi@@', 'ens', 'und', 'J@@', 'ap@@', 'ans', 'tra@@', 'fen', 'sich', 'in', 'T@@', 'ok@@', 'i@@', 'o', '.']
2025-05-03 12:24:46,477 - DEBUG - joeynmt.training - 	Tokenized reference:  ['Indi@@', 'a', 'and', 'J@@', 'ap@@', 'an', 'pri@@', 'me', 'minist@@', 'ers', 'me@@', 'et', 'in', 'T@@', 'ok@@', 'y@@', 'o']
2025-05-03 12:24:46,477 - DEBUG - joeynmt.training - 	Tokenized hypothesis: ['the', 'Pri@@', 'me', 'Minist@@', 'er', 'Indi@@', 'a', 'and', 'J@@', 'ap@@', 'an', '&apos;s', 'pri@@', 'me', 'to', 'be', 'in', 'T@@', 'ok@@', 'i@@', 'o', '.', '</s>']
2025-05-03 12:24:46,477 - INFO - joeynmt.training - 	Source:     die Premierminister Indiens und Japans trafen sich in Tokio .
2025-05-03 12:24:46,477 - INFO - joeynmt.training - 	Reference:  India and Japan prime ministers meet in Tokyo
2025-05-03 12:24:46,477 - INFO - joeynmt.training - 	Hypothesis: the Prime Minister India and Japan &apos;s prime to be in Tokio .
2025-05-03 12:24:46,477 - INFO - joeynmt.training - Example #1
2025-05-03 12:24:46,477 - DEBUG - joeynmt.training - 	Tokenized source:     ['Indi@@', 'ens', 'neu@@', 'er', 'Pre@@', 'mi@@', 'er@@', 'minist@@', 'er', 'N@@', 'ar@@', 'end@@', 'ra', 'Mo@@', 'd@@', 'i', 'tri@@', 'fft', 'bei', 's@@', 'einem', 'ersten', 'wichti@@', 'gen', 'Aus@@', 'land@@', 's@@', 'bes@@', 'u@@', 'ch', 'seit', 's@@', 'einem', 'W@@', 'ah@@', 'l@@', 'si@@', 'e@@', 'g', 'im', 'Ma@@', 'i', 'seinen', 'j@@', 'ap@@', 'an@@', 'ischen', 'Am@@', 'ts@@', 'k@@', 'olle@@', 'gen', 'S@@', 'hin@@', 'z@@', 'o', 'A@@', 'be', 'in', 'T@@', 'ok@@', 'o', ',', 'um', 'wirtschaf@@', 'tliche', 'und', 'sicher@@', 'heits@@', 'politische', 'Be@@', 'zieh@@', 'ungen', 'zu', 'bes@@', 'pre@@', 'chen', '.']
2025-05-03 12:24:46,477 - DEBUG - joeynmt.training - 	Tokenized reference:  ['Indi@@', 'a', '&apos;s', 'new', 'pri@@', 'me', 'minist@@', 'er', ',', 'N@@', 'ar@@', 'end@@', 'ra', 'Mo@@', 'd@@', 'i', ',', 'is', 'me@@', 'eting', 'his', 'J@@', 'ap@@', 'an@@', 'ese', 'coun@@', 'ter@@', 'part', ',', 'S@@', 'hin@@', 'z@@', 'o', 'A@@', 'be', ',', 'in', 'T@@', 'ok@@', 'y@@', 'o', 'to', 'disc@@', 'uss', 'economic', 'and', 'security', 'ties', ',', 'on', 'his', 'first', 'major', 'fore@@', 'ign', 'visi@@', 't', 'since', 'w@@', 'inn@@', 'ing', 'Ma@@', 'y', '&apos;s', 'elec@@', 'tion', '.']
2025-05-03 12:24:46,477 - DEBUG - joeynmt.training - 	Tokenized hypothesis: ['Indi@@', 'a', '&apos;s', 'new', 'Pri@@', 'me', 'Minist@@', 'er', 'N@@', 'ar@@', 'end@@', 'ra', 'Mo@@', 'd@@', 'i', ',', 'in', 'the', 'first', 'of', 'all', ',', 'the', 'first', 'important', 'ex@@', 'tern@@', 'al', 'of', 'the', 'S@@', 'hin@@', 'z@@', 'i', 'H@@', 'or@@', 'n', '&apos;s', 'J@@', 'ap@@', 'an', 'H@@', 'um@@', 'an', 'H@@', 'ung@@', 'ari@@', 'an', 'H@@', 'um@@', 'an', 'Ri@@', 'ghts', ',', 'S@@', 'hin@@', 'z@@', 'o', 'A@@', 'be', 'in', 'T@@', 'ok@@', 'o', ',', 'for', 'economic', 'and', 'saf@@', 'ety', '.', '</s>']
2025-05-03 12:24:46,478 - INFO - joeynmt.training - 	Source:     Indiens neuer Premierminister Narendra Modi trifft bei seinem ersten wichtigen Auslandsbesuch seit seinem Wahlsieg im Mai seinen japanischen Amtskollegen Shinzo Abe in Toko , um wirtschaftliche und sicherheitspolitische Beziehungen zu besprechen .
2025-05-03 12:24:46,478 - INFO - joeynmt.training - 	Reference:  India &apos;s new prime minister , Narendra Modi , is meeting his Japanese counterpart , Shinzo Abe , in Tokyo to discuss economic and security ties , on his first major foreign visit since winning May &apos;s election .
2025-05-03 12:24:46,478 - INFO - joeynmt.training - 	Hypothesis: India &apos;s new Prime Minister Narendra Modi , in the first of all , the first important external of the Shinzi Horn &apos;s Japan Human Hungarian Human Rights , Shinzo Abe in Toko , for economic and safety .
2025-05-03 12:24:46,478 - INFO - joeynmt.training - Example #2
2025-05-03 12:24:46,478 - DEBUG - joeynmt.training - 	Tokenized source:     ['Herr', 'Mo@@', 'd@@', 'i', 'befindet', 'sich', 'auf', 'einer', 'fü@@', 'n@@', 'f@@', 'tä@@', 'gi@@', 'gen', 'Rei@@', 'se', 'nach', 'J@@', 'ap@@', 'an', ',', 'um', 'die', 'wirtschaf@@', 'tlichen', 'Be@@', 'zieh@@', 'ungen', 'mit', 'der', 'd@@', 'rit@@', 't@@', 'größ@@', 'ten', 'Wirtschafts@@', 'n@@', 'ation', 'der', 'Welt', 'zu', 'fes@@', 'tigen', '.']
2025-05-03 12:24:46,478 - DEBUG - joeynmt.training - 	Tokenized reference:  ['Mr', 'Mo@@', 'd@@', 'i', 'is', 'on', 'a', 'fi@@', 've', '@@@', '-@@', '@', 'day', 'tri@@', 'p', 'to', 'J@@', 'ap@@', 'an', 'to', 'streng@@', 'then', 'economic', 'ties', 'with', 'the', 'third', 'lar@@', 'ges@@', 't', 'econom@@', 'y', 'in', 'the', 'world', '.']
2025-05-03 12:24:46,478 - DEBUG - joeynmt.training - 	Tokenized hypothesis: ['Mr', 'Mo@@', 'd@@', 'i', 'is', 'on', 'a', 'fi@@', 'f@@', 'th', 'of', 'a', 'fi@@', 'f@@', 'th', 'of', 'J@@', 'ap@@', 'an', ',', 'to', 'economic', 'rel@@', 'ations', 'with', 'the', 'third', 'lar@@', 'ges@@', 't', 'economic', 'rel@@', 'ations', 'of', 'the', 'world', '.', '</s>']
2025-05-03 12:24:46,478 - INFO - joeynmt.training - 	Source:     Herr Modi befindet sich auf einer fünftägigen Reise nach Japan , um die wirtschaftlichen Beziehungen mit der drittgrößten Wirtschaftsnation der Welt zu festigen .
2025-05-03 12:24:46,478 - INFO - joeynmt.training - 	Reference:  Mr Modi is on a five @-@ day trip to Japan to strengthen economic ties with the third largest economy in the world .
2025-05-03 12:24:46,478 - INFO - joeynmt.training - 	Hypothesis: Mr Modi is on a fifth of a fifth of Japan , to economic relations with the third largest economic relations of the world .
2025-05-03 12:24:46,478 - INFO - joeynmt.training - Example #3
2025-05-03 12:24:46,478 - DEBUG - joeynmt.training - 	Tokenized source:     ['P@@', 'län@@', 'e', 'für', 'eine', 'stärk@@', 'ere', 'k@@', 'ern@@', 'techn@@', 'ische', 'Zusammenarbeit', 'stehen', 'ganz', 'ob@@', 'en', 'auf', 'der', 'Tag@@', 'es@@', 'ordnung', '.']
2025-05-03 12:24:46,478 - DEBUG - joeynmt.training - 	Tokenized reference:  ['high', 'on', 'the', 'agen@@', 'da', 'are', 'pl@@', 'ans', 'for', 'gre@@', 'ater', 'nu@@', 'clear', 'c@@', 'o', '@@@', '-@@', '@', 'operation', '.']
2025-05-03 12:24:46,479 - DEBUG - joeynmt.training - 	Tokenized hypothesis: ['pl@@', 'ans', 'for', 'more', 'nu@@', 'clear', 'cooperation', 'are', 'enti@@', 't@@', 'led', 'to', 'the', 'agen@@', 'da', '.', '</s>']
2025-05-03 12:24:46,479 - INFO - joeynmt.training - 	Source:     Pläne für eine stärkere kerntechnische Zusammenarbeit stehen ganz oben auf der Tagesordnung .
2025-05-03 12:24:46,479 - INFO - joeynmt.training - 	Reference:  high on the agenda are plans for greater nuclear co @-@ operation .
2025-05-03 12:24:46,479 - INFO - joeynmt.training - 	Hypothesis: plans for more nuclear cooperation are entitled to the agenda .
2025-05-03 12:24:46,479 - INFO - joeynmt.training - Example #4
2025-05-03 12:24:46,479 - DEBUG - joeynmt.training - 	Tokenized source:     ['Berich@@', 'ten', 'zu@@', 'fol@@', 'ge', 'ho@@', 'fft', 'Indi@@', 'en', 'darüber', 'hinaus', 'auf', 'einen', 'Ver@@', 'trag', 'zur', 'Ver@@', 'tei@@', 'dig@@', 'ungs@@', 'zusammen@@', 'arbeit', 'zwischen', 'den', 'beiden', 'N@@', 'ationen', '.']
2025-05-03 12:24:46,479 - DEBUG - joeynmt.training - 	Tokenized reference:  ['Indi@@', 'a', 'is', 'also', 're@@', 'porte@@', 'dly', 'hop@@', 'ing', 'for', 'a', 'de@@', 'al', 'on', 'def@@', 'ence', 'c@@', 'oll@@', 'ab@@', 'or@@', 'ation', 'between', 'the', 'two', 'n@@', 'ations', '.']
2025-05-03 12:24:46,479 - DEBUG - joeynmt.training - 	Tokenized hypothesis: ['re@@', 'ports', ',', 'the', 'following', 'high@@', 'li@@', 'ghts', 'of', 'the', 'same', 'work', 'between', 'the', 'two', 'N@@', 'ations', '.', '</s>']
2025-05-03 12:24:46,479 - INFO - joeynmt.training - 	Source:     Berichten zufolge hofft Indien darüber hinaus auf einen Vertrag zur Verteidigungszusammenarbeit zwischen den beiden Nationen .
2025-05-03 12:24:46,479 - INFO - joeynmt.training - 	Reference:  India is also reportedly hoping for a deal on defence collaboration between the two nations .
2025-05-03 12:24:46,479 - INFO - joeynmt.training - 	Hypothesis: reports , the following highlights of the same work between the two Nations .
2025-05-03 12:24:52,112 - INFO - joeynmt.training - Epoch   8, Step:    30600, Batch Loss:     1.582886, Batch Acc: 0.531113, Tokens per Sec:    16072, Lr: 0.000300
2025-05-03 12:24:57,552 - INFO - joeynmt.training - Epoch   8, Step:    30700, Batch Loss:     1.659674, Batch Acc: 0.525325, Tokens per Sec:    16937, Lr: 0.000300
2025-05-03 12:25:02,999 - INFO - joeynmt.training - Epoch   8, Step:    30800, Batch Loss:     1.730302, Batch Acc: 0.531268, Tokens per Sec:    16845, Lr: 0.000300
2025-05-03 12:25:08,500 - INFO - joeynmt.training - Epoch   8, Step:    30900, Batch Loss:     1.606338, Batch Acc: 0.529132, Tokens per Sec:    16600, Lr: 0.000300
2025-05-03 12:25:13,902 - INFO - joeynmt.training - Epoch   8, Step:    31000, Batch Loss:     1.603165, Batch Acc: 0.536901, Tokens per Sec:    17126, Lr: 0.000300
2025-05-03 12:25:13,902 - INFO - joeynmt.prediction - Predicting 500 example(s)... (Greedy decoding with min_output_length=1, max_output_length=-1, return_prob='none', generate_unk=True, repetition_penalty=-1, no_repeat_ngram_size=-1)
2025-05-03 12:25:20,009 - INFO - joeynmt.prediction - Evaluation result (greedy) loss:   2.09, ppl:   8.11, acc:   0.46, generation: 6.1005[sec], evaluation: 0.0000[sec]
2025-05-03 12:25:20,009 - INFO - joeynmt.training - Hooray! New best validation result [ppl]!
2025-05-03 12:25:20,090 - INFO - joeynmt.helpers - delete models/deen_transformer_pre/29500.ckpt
2025-05-03 12:25:20,096 - INFO - joeynmt.training - Example #0
2025-05-03 12:25:20,096 - DEBUG - joeynmt.training - 	Tokenized source:     ['die', 'Pre@@', 'mi@@', 'er@@', 'minist@@', 'er', 'Indi@@', 'ens', 'und', 'J@@', 'ap@@', 'ans', 'tra@@', 'fen', 'sich', 'in', 'T@@', 'ok@@', 'i@@', 'o', '.']
2025-05-03 12:25:20,096 - DEBUG - joeynmt.training - 	Tokenized reference:  ['Indi@@', 'a', 'and', 'J@@', 'ap@@', 'an', 'pri@@', 'me', 'minist@@', 'ers', 'me@@', 'et', 'in', 'T@@', 'ok@@', 'y@@', 'o']
2025-05-03 12:25:20,096 - DEBUG - joeynmt.training - 	Tokenized hypothesis: ['the', 'Pri@@', 'me', 'Minist@@', 'er', 'Indi@@', 'a', 'and', 'J@@', 'ap@@', 'ans', 'are', 'tra@@', 'v@@', 'ell@@', 'ing', 'in', 'T@@', 'ok@@', 'i@@', 'o', '.', '</s>']
2025-05-03 12:25:20,097 - INFO - joeynmt.training - 	Source:     die Premierminister Indiens und Japans trafen sich in Tokio .
2025-05-03 12:25:20,097 - INFO - joeynmt.training - 	Reference:  India and Japan prime ministers meet in Tokyo
2025-05-03 12:25:20,097 - INFO - joeynmt.training - 	Hypothesis: the Prime Minister India and Japans are travelling in Tokio .
2025-05-03 12:25:20,097 - INFO - joeynmt.training - Example #1
2025-05-03 12:25:20,097 - DEBUG - joeynmt.training - 	Tokenized source:     ['Indi@@', 'ens', 'neu@@', 'er', 'Pre@@', 'mi@@', 'er@@', 'minist@@', 'er', 'N@@', 'ar@@', 'end@@', 'ra', 'Mo@@', 'd@@', 'i', 'tri@@', 'fft', 'bei', 's@@', 'einem', 'ersten', 'wichti@@', 'gen', 'Aus@@', 'land@@', 's@@', 'bes@@', 'u@@', 'ch', 'seit', 's@@', 'einem', 'W@@', 'ah@@', 'l@@', 'si@@', 'e@@', 'g', 'im', 'Ma@@', 'i', 'seinen', 'j@@', 'ap@@', 'an@@', 'ischen', 'Am@@', 'ts@@', 'k@@', 'olle@@', 'gen', 'S@@', 'hin@@', 'z@@', 'o', 'A@@', 'be', 'in', 'T@@', 'ok@@', 'o', ',', 'um', 'wirtschaf@@', 'tliche', 'und', 'sicher@@', 'heits@@', 'politische', 'Be@@', 'zieh@@', 'ungen', 'zu', 'bes@@', 'pre@@', 'chen', '.']
2025-05-03 12:25:20,097 - DEBUG - joeynmt.training - 	Tokenized reference:  ['Indi@@', 'a', '&apos;s', 'new', 'pri@@', 'me', 'minist@@', 'er', ',', 'N@@', 'ar@@', 'end@@', 'ra', 'Mo@@', 'd@@', 'i', ',', 'is', 'me@@', 'eting', 'his', 'J@@', 'ap@@', 'an@@', 'ese', 'coun@@', 'ter@@', 'part', ',', 'S@@', 'hin@@', 'z@@', 'o', 'A@@', 'be', ',', 'in', 'T@@', 'ok@@', 'y@@', 'o', 'to', 'disc@@', 'uss', 'economic', 'and', 'security', 'ties', ',', 'on', 'his', 'first', 'major', 'fore@@', 'ign', 'visi@@', 't', 'since', 'w@@', 'inn@@', 'ing', 'Ma@@', 'y', '&apos;s', 'elec@@', 'tion', '.']
2025-05-03 12:25:20,097 - DEBUG - joeynmt.training - 	Tokenized hypothesis: ['Indi@@', 'a', '&apos;s', 'new', 'Pri@@', 'me', 'Minist@@', 'er', 'N@@', 'ar@@', 'end@@', 'ra', 'Mo@@', 'd@@', 'i', ',', 'which', 'was', 'the', 'first', 'important', 'ex@@', 'change', 'of', 'the', 'country', 'since', 'his', 'elec@@', 'tion', 'of', 'the', 'elec@@', 'tion', 'of', 'the', 'S@@', 'hin@@', 'z@@', 'o', 'A@@', 'be', 'in', 'T@@', 'ok@@', 'o', ',', 'in', 'the', 'Ma@@', 'y', 'J@@', 'ap@@', 'an@@', 'ese', 'of', 'S@@', 'hin@@', 'z@@', 'o', 'A@@', 'in', 'T@@', 'ok@@', 'o', ',', 'in', 'order', 'to', 'economic', 'and', 'saf@@', 'ety', '.', '</s>']
2025-05-03 12:25:20,098 - INFO - joeynmt.training - 	Source:     Indiens neuer Premierminister Narendra Modi trifft bei seinem ersten wichtigen Auslandsbesuch seit seinem Wahlsieg im Mai seinen japanischen Amtskollegen Shinzo Abe in Toko , um wirtschaftliche und sicherheitspolitische Beziehungen zu besprechen .
2025-05-03 12:25:20,098 - INFO - joeynmt.training - 	Reference:  India &apos;s new prime minister , Narendra Modi , is meeting his Japanese counterpart , Shinzo Abe , in Tokyo to discuss economic and security ties , on his first major foreign visit since winning May &apos;s election .
2025-05-03 12:25:20,098 - INFO - joeynmt.training - 	Hypothesis: India &apos;s new Prime Minister Narendra Modi , which was the first important exchange of the country since his election of the election of the Shinzo Abe in Toko , in the May Japanese of Shinzo Ain Toko , in order to economic and safety .
2025-05-03 12:25:20,098 - INFO - joeynmt.training - Example #2
2025-05-03 12:25:20,098 - DEBUG - joeynmt.training - 	Tokenized source:     ['Herr', 'Mo@@', 'd@@', 'i', 'befindet', 'sich', 'auf', 'einer', 'fü@@', 'n@@', 'f@@', 'tä@@', 'gi@@', 'gen', 'Rei@@', 'se', 'nach', 'J@@', 'ap@@', 'an', ',', 'um', 'die', 'wirtschaf@@', 'tlichen', 'Be@@', 'zieh@@', 'ungen', 'mit', 'der', 'd@@', 'rit@@', 't@@', 'größ@@', 'ten', 'Wirtschafts@@', 'n@@', 'ation', 'der', 'Welt', 'zu', 'fes@@', 'tigen', '.']
2025-05-03 12:25:20,098 - DEBUG - joeynmt.training - 	Tokenized reference:  ['Mr', 'Mo@@', 'd@@', 'i', 'is', 'on', 'a', 'fi@@', 've', '@@@', '-@@', '@', 'day', 'tri@@', 'p', 'to', 'J@@', 'ap@@', 'an', 'to', 'streng@@', 'then', 'economic', 'ties', 'with', 'the', 'third', 'lar@@', 'ges@@', 't', 'econom@@', 'y', 'in', 'the', 'world', '.']
2025-05-03 12:25:20,098 - DEBUG - joeynmt.training - 	Tokenized hypothesis: ['Mr', 'Mo@@', 'd@@', 'i', 'is', 'on', 'a', 'fi@@', 'f@@', 'te@@', 'en', 'tra@@', 'v@@', 'ell@@', 'ing', 'for', 'J@@', 'ap@@', 'an', ',', 'to', 'the', 'economic', 'rel@@', 'ations', 'with', 'the', 'third', 'lar@@', 'ges@@', 't', 'economic', 'n@@', 'ation', 'of', 'the', 'world', '.', '</s>']
2025-05-03 12:25:20,098 - INFO - joeynmt.training - 	Source:     Herr Modi befindet sich auf einer fünftägigen Reise nach Japan , um die wirtschaftlichen Beziehungen mit der drittgrößten Wirtschaftsnation der Welt zu festigen .
2025-05-03 12:25:20,098 - INFO - joeynmt.training - 	Reference:  Mr Modi is on a five @-@ day trip to Japan to strengthen economic ties with the third largest economy in the world .
2025-05-03 12:25:20,098 - INFO - joeynmt.training - 	Hypothesis: Mr Modi is on a fifteen travelling for Japan , to the economic relations with the third largest economic nation of the world .
2025-05-03 12:25:20,099 - INFO - joeynmt.training - Example #3
2025-05-03 12:25:20,099 - DEBUG - joeynmt.training - 	Tokenized source:     ['P@@', 'län@@', 'e', 'für', 'eine', 'stärk@@', 'ere', 'k@@', 'ern@@', 'techn@@', 'ische', 'Zusammenarbeit', 'stehen', 'ganz', 'ob@@', 'en', 'auf', 'der', 'Tag@@', 'es@@', 'ordnung', '.']
2025-05-03 12:25:20,099 - DEBUG - joeynmt.training - 	Tokenized reference:  ['high', 'on', 'the', 'agen@@', 'da', 'are', 'pl@@', 'ans', 'for', 'gre@@', 'ater', 'nu@@', 'clear', 'c@@', 'o', '@@@', '-@@', '@', 'operation', '.']
2025-05-03 12:25:20,099 - DEBUG - joeynmt.training - 	Tokenized hypothesis: ['pl@@', 'ans', 'for', 'more', 'more', 'nu@@', 'clear', 'techn@@', 'ical', 'cooperation', 'is', 'very', 'ob@@', 'vi@@', 'ously', 'on', 'the', 'agen@@', 'da', '.', '</s>']
2025-05-03 12:25:20,099 - INFO - joeynmt.training - 	Source:     Pläne für eine stärkere kerntechnische Zusammenarbeit stehen ganz oben auf der Tagesordnung .
2025-05-03 12:25:20,099 - INFO - joeynmt.training - 	Reference:  high on the agenda are plans for greater nuclear co @-@ operation .
2025-05-03 12:25:20,099 - INFO - joeynmt.training - 	Hypothesis: plans for more more nuclear technical cooperation is very obviously on the agenda .
2025-05-03 12:25:20,099 - INFO - joeynmt.training - Example #4
2025-05-03 12:25:20,099 - DEBUG - joeynmt.training - 	Tokenized source:     ['Berich@@', 'ten', 'zu@@', 'fol@@', 'ge', 'ho@@', 'fft', 'Indi@@', 'en', 'darüber', 'hinaus', 'auf', 'einen', 'Ver@@', 'trag', 'zur', 'Ver@@', 'tei@@', 'dig@@', 'ungs@@', 'zusammen@@', 'arbeit', 'zwischen', 'den', 'beiden', 'N@@', 'ationen', '.']
2025-05-03 12:25:20,099 - DEBUG - joeynmt.training - 	Tokenized reference:  ['Indi@@', 'a', 'is', 'also', 're@@', 'porte@@', 'dly', 'hop@@', 'ing', 'for', 'a', 'de@@', 'al', 'on', 'def@@', 'ence', 'c@@', 'oll@@', 'ab@@', 'or@@', 'ation', 'between', 'the', 'two', 'n@@', 'ations', '.']
2025-05-03 12:25:20,099 - DEBUG - joeynmt.training - 	Tokenized hypothesis: ['the', 're@@', 'ports', 'of', 'the', 'following', ',', 'Indi@@', 'a', 'is', 'also', 'the', 'Tre@@', 'aty', 'on', 'the', 'def@@', 'ence', 'cooperation', 'between', 'the', 'two', 'n@@', 'ations', '.', '</s>']
2025-05-03 12:25:20,099 - INFO - joeynmt.training - 	Source:     Berichten zufolge hofft Indien darüber hinaus auf einen Vertrag zur Verteidigungszusammenarbeit zwischen den beiden Nationen .
2025-05-03 12:25:20,099 - INFO - joeynmt.training - 	Reference:  India is also reportedly hoping for a deal on defence collaboration between the two nations .
2025-05-03 12:25:20,099 - INFO - joeynmt.training - 	Hypothesis: the reports of the following , India is also the Treaty on the defence cooperation between the two nations .
2025-05-03 12:25:25,603 - INFO - joeynmt.training - Epoch   8, Step:    31100, Batch Loss:     1.741255, Batch Acc: 0.532565, Tokens per Sec:    16704, Lr: 0.000300
2025-05-03 12:25:31,130 - INFO - joeynmt.training - Epoch   8, Step:    31200, Batch Loss:     2.011594, Batch Acc: 0.533073, Tokens per Sec:    16534, Lr: 0.000300
2025-05-03 12:25:36,500 - INFO - joeynmt.training - Epoch   8, Step:    31300, Batch Loss:     1.919827, Batch Acc: 0.525711, Tokens per Sec:    16661, Lr: 0.000300
2025-05-03 12:25:41,952 - INFO - joeynmt.training - Epoch   8, Step:    31400, Batch Loss:     1.658118, Batch Acc: 0.533672, Tokens per Sec:    16802, Lr: 0.000300
2025-05-03 12:25:47,323 - INFO - joeynmt.training - Epoch   8, Step:    31500, Batch Loss:     1.803576, Batch Acc: 0.525470, Tokens per Sec:    17186, Lr: 0.000300
2025-05-03 12:25:47,324 - INFO - joeynmt.prediction - Predicting 500 example(s)... (Greedy decoding with min_output_length=1, max_output_length=-1, return_prob='none', generate_unk=True, repetition_penalty=-1, no_repeat_ngram_size=-1)
2025-05-03 12:25:52,501 - INFO - joeynmt.prediction - Evaluation result (greedy) loss:   2.09, ppl:   8.12, acc:   0.46, generation: 5.1693[sec], evaluation: 0.0000[sec]
2025-05-03 12:25:52,579 - INFO - joeynmt.helpers - delete models/deen_transformer_pre/28000.ckpt
2025-05-03 12:25:52,584 - INFO - joeynmt.training - Example #0
2025-05-03 12:25:52,584 - DEBUG - joeynmt.training - 	Tokenized source:     ['die', 'Pre@@', 'mi@@', 'er@@', 'minist@@', 'er', 'Indi@@', 'ens', 'und', 'J@@', 'ap@@', 'ans', 'tra@@', 'fen', 'sich', 'in', 'T@@', 'ok@@', 'i@@', 'o', '.']
2025-05-03 12:25:52,584 - DEBUG - joeynmt.training - 	Tokenized reference:  ['Indi@@', 'a', 'and', 'J@@', 'ap@@', 'an', 'pri@@', 'me', 'minist@@', 'ers', 'me@@', 'et', 'in', 'T@@', 'ok@@', 'y@@', 'o']
2025-05-03 12:25:52,584 - DEBUG - joeynmt.training - 	Tokenized hypothesis: ['the', 'Pri@@', 'me', 'Minist@@', 'er', 'Indi@@', 'a', 'and', 'J@@', 'ap@@', 'an', 'is', 'in', 'T@@', 'ok@@', 'i@@', 'o', '.', '</s>']
2025-05-03 12:25:52,584 - INFO - joeynmt.training - 	Source:     die Premierminister Indiens und Japans trafen sich in Tokio .
2025-05-03 12:25:52,586 - INFO - joeynmt.training - 	Reference:  India and Japan prime ministers meet in Tokyo
2025-05-03 12:25:52,586 - INFO - joeynmt.training - 	Hypothesis: the Prime Minister India and Japan is in Tokio .
2025-05-03 12:25:52,586 - INFO - joeynmt.training - Example #1
2025-05-03 12:25:52,586 - DEBUG - joeynmt.training - 	Tokenized source:     ['Indi@@', 'ens', 'neu@@', 'er', 'Pre@@', 'mi@@', 'er@@', 'minist@@', 'er', 'N@@', 'ar@@', 'end@@', 'ra', 'Mo@@', 'd@@', 'i', 'tri@@', 'fft', 'bei', 's@@', 'einem', 'ersten', 'wichti@@', 'gen', 'Aus@@', 'land@@', 's@@', 'bes@@', 'u@@', 'ch', 'seit', 's@@', 'einem', 'W@@', 'ah@@', 'l@@', 'si@@', 'e@@', 'g', 'im', 'Ma@@', 'i', 'seinen', 'j@@', 'ap@@', 'an@@', 'ischen', 'Am@@', 'ts@@', 'k@@', 'olle@@', 'gen', 'S@@', 'hin@@', 'z@@', 'o', 'A@@', 'be', 'in', 'T@@', 'ok@@', 'o', ',', 'um', 'wirtschaf@@', 'tliche', 'und', 'sicher@@', 'heits@@', 'politische', 'Be@@', 'zieh@@', 'ungen', 'zu', 'bes@@', 'pre@@', 'chen', '.']
2025-05-03 12:25:52,586 - DEBUG - joeynmt.training - 	Tokenized reference:  ['Indi@@', 'a', '&apos;s', 'new', 'pri@@', 'me', 'minist@@', 'er', ',', 'N@@', 'ar@@', 'end@@', 'ra', 'Mo@@', 'd@@', 'i', ',', 'is', 'me@@', 'eting', 'his', 'J@@', 'ap@@', 'an@@', 'ese', 'coun@@', 'ter@@', 'part', ',', 'S@@', 'hin@@', 'z@@', 'o', 'A@@', 'be', ',', 'in', 'T@@', 'ok@@', 'y@@', 'o', 'to', 'disc@@', 'uss', 'economic', 'and', 'security', 'ties', ',', 'on', 'his', 'first', 'major', 'fore@@', 'ign', 'visi@@', 't', 'since', 'w@@', 'inn@@', 'ing', 'Ma@@', 'y', '&apos;s', 'elec@@', 'tion', '.']
2025-05-03 12:25:52,586 - DEBUG - joeynmt.training - 	Tokenized hypothesis: ['Indi@@', 'a', '&apos;s', 'new', 'Pri@@', 'me', 'Minist@@', 'er', 'N@@', 'ar@@', 'end@@', 'ra', 'Mo@@', 'd@@', 'i', ',', 'in', 'his', 'first', 'important', 'fore@@', 'ign', 'and', 'his', 'first', 'in@@', 'ste@@', 'ad', 'since', 'his', 'elec@@', 'tion', 'of', 'the', 'J@@', 'ap@@', 'an@@', 'ese', 'S@@', 'hin@@', 'z@@', 'o', 'A@@', 'be', 'in', 'T@@', 'ok@@', 'o', ',', 'in', 'order', 'to', 'be', 'economic', 'and', 'saf@@', 'ety', 'political', 'rel@@', 'ations', '.', '</s>']
2025-05-03 12:25:52,586 - INFO - joeynmt.training - 	Source:     Indiens neuer Premierminister Narendra Modi trifft bei seinem ersten wichtigen Auslandsbesuch seit seinem Wahlsieg im Mai seinen japanischen Amtskollegen Shinzo Abe in Toko , um wirtschaftliche und sicherheitspolitische Beziehungen zu besprechen .
2025-05-03 12:25:52,586 - INFO - joeynmt.training - 	Reference:  India &apos;s new prime minister , Narendra Modi , is meeting his Japanese counterpart , Shinzo Abe , in Tokyo to discuss economic and security ties , on his first major foreign visit since winning May &apos;s election .
2025-05-03 12:25:52,586 - INFO - joeynmt.training - 	Hypothesis: India &apos;s new Prime Minister Narendra Modi , in his first important foreign and his first instead since his election of the Japanese Shinzo Abe in Toko , in order to be economic and safety political relations .
2025-05-03 12:25:52,586 - INFO - joeynmt.training - Example #2
2025-05-03 12:25:52,586 - DEBUG - joeynmt.training - 	Tokenized source:     ['Herr', 'Mo@@', 'd@@', 'i', 'befindet', 'sich', 'auf', 'einer', 'fü@@', 'n@@', 'f@@', 'tä@@', 'gi@@', 'gen', 'Rei@@', 'se', 'nach', 'J@@', 'ap@@', 'an', ',', 'um', 'die', 'wirtschaf@@', 'tlichen', 'Be@@', 'zieh@@', 'ungen', 'mit', 'der', 'd@@', 'rit@@', 't@@', 'größ@@', 'ten', 'Wirtschafts@@', 'n@@', 'ation', 'der', 'Welt', 'zu', 'fes@@', 'tigen', '.']
2025-05-03 12:25:52,586 - DEBUG - joeynmt.training - 	Tokenized reference:  ['Mr', 'Mo@@', 'd@@', 'i', 'is', 'on', 'a', 'fi@@', 've', '@@@', '-@@', '@', 'day', 'tri@@', 'p', 'to', 'J@@', 'ap@@', 'an', 'to', 'streng@@', 'then', 'economic', 'ties', 'with', 'the', 'third', 'lar@@', 'ges@@', 't', 'econom@@', 'y', 'in', 'the', 'world', '.']
2025-05-03 12:25:52,586 - DEBUG - joeynmt.training - 	Tokenized hypothesis: ['Mr', 'Mo@@', 'd@@', 'i', 'is', 'on', 'a', 'fi@@', 'f@@', 'th', 'of', 'a', 'fi@@', 'f@@', 'th', 'j@@', 'ap@@', 'an', 'to', 'the', 'economic', 'rel@@', 'ations', 'with', 'the', 'third', 'lar@@', 'ges@@', 't', 'economic', 'rel@@', 'ations', 'with', 'the', 'third', 'b@@', 'ig@@', 'ges@@', 't', 'economic', 'rel@@', 'ations', 'with', 'the', 'third', 'lar@@', 'ges@@', 't', 'economic', 'rel@@', 'ations', 'with', 'the', 'third', 'b@@', 'ig@@', 'ges@@', 't', 'economic', 'rel@@', 'ations', 'with', 'the', 'third', 'b@@', 'ig@@', 'ges@@', 't', 'economic', 'rel@@', 'ations', 'with', 'the', 'third', 'b@@', 'ig@@', 'ges@@', 't', 'economic', 'rel@@', 'ations', 'with', 'the', 'third', 'b@@', 'ig@@', 'ges@@', 't', 'economic', 'rel@@', 'ations', 'with', 'the', 'world', '.', '</s>']
2025-05-03 12:25:52,586 - INFO - joeynmt.training - 	Source:     Herr Modi befindet sich auf einer fünftägigen Reise nach Japan , um die wirtschaftlichen Beziehungen mit der drittgrößten Wirtschaftsnation der Welt zu festigen .
2025-05-03 12:25:52,586 - INFO - joeynmt.training - 	Reference:  Mr Modi is on a five @-@ day trip to Japan to strengthen economic ties with the third largest economy in the world .
2025-05-03 12:25:52,586 - INFO - joeynmt.training - 	Hypothesis: Mr Modi is on a fifth of a fifth japan to the economic relations with the third largest economic relations with the third biggest economic relations with the third largest economic relations with the third biggest economic relations with the third biggest economic relations with the third biggest economic relations with the third biggest economic relations with the world .
2025-05-03 12:25:52,587 - INFO - joeynmt.training - Example #3
2025-05-03 12:25:52,587 - DEBUG - joeynmt.training - 	Tokenized source:     ['P@@', 'län@@', 'e', 'für', 'eine', 'stärk@@', 'ere', 'k@@', 'ern@@', 'techn@@', 'ische', 'Zusammenarbeit', 'stehen', 'ganz', 'ob@@', 'en', 'auf', 'der', 'Tag@@', 'es@@', 'ordnung', '.']
2025-05-03 12:25:52,587 - DEBUG - joeynmt.training - 	Tokenized reference:  ['high', 'on', 'the', 'agen@@', 'da', 'are', 'pl@@', 'ans', 'for', 'gre@@', 'ater', 'nu@@', 'clear', 'c@@', 'o', '@@@', '-@@', '@', 'operation', '.']
2025-05-03 12:25:52,587 - DEBUG - joeynmt.training - 	Tokenized hypothesis: ['pl@@', 'ans', 'for', 'more', 'nu@@', 'clear', 'techn@@', 'ical', 'cooperation', 'are', 'enti@@', 're@@', 'ly', 'on', 'the', 'agen@@', 'da', '.', '</s>']
2025-05-03 12:25:52,587 - INFO - joeynmt.training - 	Source:     Pläne für eine stärkere kerntechnische Zusammenarbeit stehen ganz oben auf der Tagesordnung .
2025-05-03 12:25:52,587 - INFO - joeynmt.training - 	Reference:  high on the agenda are plans for greater nuclear co @-@ operation .
2025-05-03 12:25:52,587 - INFO - joeynmt.training - 	Hypothesis: plans for more nuclear technical cooperation are entirely on the agenda .
2025-05-03 12:25:52,587 - INFO - joeynmt.training - Example #4
2025-05-03 12:25:52,587 - DEBUG - joeynmt.training - 	Tokenized source:     ['Berich@@', 'ten', 'zu@@', 'fol@@', 'ge', 'ho@@', 'fft', 'Indi@@', 'en', 'darüber', 'hinaus', 'auf', 'einen', 'Ver@@', 'trag', 'zur', 'Ver@@', 'tei@@', 'dig@@', 'ungs@@', 'zusammen@@', 'arbeit', 'zwischen', 'den', 'beiden', 'N@@', 'ationen', '.']
2025-05-03 12:25:52,587 - DEBUG - joeynmt.training - 	Tokenized reference:  ['Indi@@', 'a', 'is', 'also', 're@@', 'porte@@', 'dly', 'hop@@', 'ing', 'for', 'a', 'de@@', 'al', 'on', 'def@@', 'ence', 'c@@', 'oll@@', 'ab@@', 'or@@', 'ation', 'between', 'the', 'two', 'n@@', 'ations', '.']
2025-05-03 12:25:52,587 - DEBUG - joeynmt.training - 	Tokenized hypothesis: ['re@@', 'ports', 'are', 'being', 'made', 'by', 'the', 'same', 'way', ',', 'Indi@@', 'a', 'is', 'also', 'the', 'propos@@', 'ed', 'to', 'def@@', 'ence', 'cooperation', 'between', 'the', 'two', 'N@@', 'ations', '.', '</s>']
2025-05-03 12:25:52,587 - INFO - joeynmt.training - 	Source:     Berichten zufolge hofft Indien darüber hinaus auf einen Vertrag zur Verteidigungszusammenarbeit zwischen den beiden Nationen .
2025-05-03 12:25:52,587 - INFO - joeynmt.training - 	Reference:  India is also reportedly hoping for a deal on defence collaboration between the two nations .
2025-05-03 12:25:52,587 - INFO - joeynmt.training - 	Hypothesis: reports are being made by the same way , India is also the proposed to defence cooperation between the two Nations .
2025-05-03 12:25:58,003 - INFO - joeynmt.training - Epoch   8, Step:    31600, Batch Loss:     1.854793, Batch Acc: 0.527068, Tokens per Sec:    16865, Lr: 0.000300
2025-05-03 12:26:03,493 - INFO - joeynmt.training - Epoch   8, Step:    31700, Batch Loss:     1.855729, Batch Acc: 0.531398, Tokens per Sec:    16491, Lr: 0.000300
2025-05-03 12:26:08,852 - INFO - joeynmt.training - Epoch   8, Step:    31800, Batch Loss:     1.673847, Batch Acc: 0.526687, Tokens per Sec:    17353, Lr: 0.000300
2025-05-03 12:26:14,385 - INFO - joeynmt.training - Epoch   8, Step:    31900, Batch Loss:     1.755748, Batch Acc: 0.532327, Tokens per Sec:    16806, Lr: 0.000300
2025-05-03 12:26:19,880 - INFO - joeynmt.training - Epoch   8, Step:    32000, Batch Loss:     1.810429, Batch Acc: 0.530116, Tokens per Sec:    16684, Lr: 0.000300
2025-05-03 12:26:19,881 - INFO - joeynmt.prediction - Predicting 500 example(s)... (Greedy decoding with min_output_length=1, max_output_length=-1, return_prob='none', generate_unk=True, repetition_penalty=-1, no_repeat_ngram_size=-1)
2025-05-03 12:26:25,400 - INFO - joeynmt.prediction - Evaluation result (greedy) loss:   2.09, ppl:   8.09, acc:   0.46, generation: 5.5138[sec], evaluation: 0.0000[sec]
2025-05-03 12:26:25,401 - INFO - joeynmt.training - Hooray! New best validation result [ppl]!
2025-05-03 12:26:25,482 - INFO - joeynmt.helpers - delete models/deen_transformer_pre/28500.ckpt
2025-05-03 12:26:25,488 - INFO - joeynmt.training - Example #0
2025-05-03 12:26:25,489 - DEBUG - joeynmt.training - 	Tokenized source:     ['die', 'Pre@@', 'mi@@', 'er@@', 'minist@@', 'er', 'Indi@@', 'ens', 'und', 'J@@', 'ap@@', 'ans', 'tra@@', 'fen', 'sich', 'in', 'T@@', 'ok@@', 'i@@', 'o', '.']
2025-05-03 12:26:25,489 - DEBUG - joeynmt.training - 	Tokenized reference:  ['Indi@@', 'a', 'and', 'J@@', 'ap@@', 'an', 'pri@@', 'me', 'minist@@', 'ers', 'me@@', 'et', 'in', 'T@@', 'ok@@', 'y@@', 'o']
2025-05-03 12:26:25,489 - DEBUG - joeynmt.training - 	Tokenized hypothesis: ['the', 'Pri@@', 'me', 'Minist@@', 'er', 'of', 'Indi@@', 'a', 'and', 'J@@', 'ap@@', 'an', 'is', 'in', 'T@@', 'ok@@', 'i@@', 'o', '.', '</s>']
2025-05-03 12:26:25,489 - INFO - joeynmt.training - 	Source:     die Premierminister Indiens und Japans trafen sich in Tokio .
2025-05-03 12:26:25,489 - INFO - joeynmt.training - 	Reference:  India and Japan prime ministers meet in Tokyo
2025-05-03 12:26:25,489 - INFO - joeynmt.training - 	Hypothesis: the Prime Minister of India and Japan is in Tokio .
2025-05-03 12:26:25,489 - INFO - joeynmt.training - Example #1
2025-05-03 12:26:25,489 - DEBUG - joeynmt.training - 	Tokenized source:     ['Indi@@', 'ens', 'neu@@', 'er', 'Pre@@', 'mi@@', 'er@@', 'minist@@', 'er', 'N@@', 'ar@@', 'end@@', 'ra', 'Mo@@', 'd@@', 'i', 'tri@@', 'fft', 'bei', 's@@', 'einem', 'ersten', 'wichti@@', 'gen', 'Aus@@', 'land@@', 's@@', 'bes@@', 'u@@', 'ch', 'seit', 's@@', 'einem', 'W@@', 'ah@@', 'l@@', 'si@@', 'e@@', 'g', 'im', 'Ma@@', 'i', 'seinen', 'j@@', 'ap@@', 'an@@', 'ischen', 'Am@@', 'ts@@', 'k@@', 'olle@@', 'gen', 'S@@', 'hin@@', 'z@@', 'o', 'A@@', 'be', 'in', 'T@@', 'ok@@', 'o', ',', 'um', 'wirtschaf@@', 'tliche', 'und', 'sicher@@', 'heits@@', 'politische', 'Be@@', 'zieh@@', 'ungen', 'zu', 'bes@@', 'pre@@', 'chen', '.']
2025-05-03 12:26:25,490 - DEBUG - joeynmt.training - 	Tokenized reference:  ['Indi@@', 'a', '&apos;s', 'new', 'pri@@', 'me', 'minist@@', 'er', ',', 'N@@', 'ar@@', 'end@@', 'ra', 'Mo@@', 'd@@', 'i', ',', 'is', 'me@@', 'eting', 'his', 'J@@', 'ap@@', 'an@@', 'ese', 'coun@@', 'ter@@', 'part', ',', 'S@@', 'hin@@', 'z@@', 'o', 'A@@', 'be', ',', 'in', 'T@@', 'ok@@', 'y@@', 'o', 'to', 'disc@@', 'uss', 'economic', 'and', 'security', 'ties', ',', 'on', 'his', 'first', 'major', 'fore@@', 'ign', 'visi@@', 't', 'since', 'w@@', 'inn@@', 'ing', 'Ma@@', 'y', '&apos;s', 'elec@@', 'tion', '.']
2025-05-03 12:26:25,490 - DEBUG - joeynmt.training - 	Tokenized hypothesis: ['Indi@@', 'a', '&apos;s', 'lat@@', 'er', 'Pri@@', 'me', 'Minist@@', 'er', 'N@@', 'ar@@', 'end@@', 'ra', 'Mo@@', 'd@@', 'i', ',', 'in', 'his', 'first', 'important', 'fore@@', 'ign', 'and', 'the', 'S@@', 'hin@@', 'z@@', 'o', 'A@@', 'in', 'T@@', 'ok@@', 'o', ',', 'in', 'T@@', 'ok@@', 'o', ',', 'in', 'T@@', 'ok@@', 'o', 'A@@', 'in', 'T@@', 'ok@@', 'o', ',', 'to', 'the', 'economic', 'and', 'security', 'political', 'rel@@', 'ations', '.', '</s>']
2025-05-03 12:26:25,490 - INFO - joeynmt.training - 	Source:     Indiens neuer Premierminister Narendra Modi trifft bei seinem ersten wichtigen Auslandsbesuch seit seinem Wahlsieg im Mai seinen japanischen Amtskollegen Shinzo Abe in Toko , um wirtschaftliche und sicherheitspolitische Beziehungen zu besprechen .
2025-05-03 12:26:25,490 - INFO - joeynmt.training - 	Reference:  India &apos;s new prime minister , Narendra Modi , is meeting his Japanese counterpart , Shinzo Abe , in Tokyo to discuss economic and security ties , on his first major foreign visit since winning May &apos;s election .
2025-05-03 12:26:25,490 - INFO - joeynmt.training - 	Hypothesis: India &apos;s later Prime Minister Narendra Modi , in his first important foreign and the Shinzo Ain Toko , in Toko , in Toko Ain Toko , to the economic and security political relations .
2025-05-03 12:26:25,490 - INFO - joeynmt.training - Example #2
2025-05-03 12:26:25,490 - DEBUG - joeynmt.training - 	Tokenized source:     ['Herr', 'Mo@@', 'd@@', 'i', 'befindet', 'sich', 'auf', 'einer', 'fü@@', 'n@@', 'f@@', 'tä@@', 'gi@@', 'gen', 'Rei@@', 'se', 'nach', 'J@@', 'ap@@', 'an', ',', 'um', 'die', 'wirtschaf@@', 'tlichen', 'Be@@', 'zieh@@', 'ungen', 'mit', 'der', 'd@@', 'rit@@', 't@@', 'größ@@', 'ten', 'Wirtschafts@@', 'n@@', 'ation', 'der', 'Welt', 'zu', 'fes@@', 'tigen', '.']
2025-05-03 12:26:25,490 - DEBUG - joeynmt.training - 	Tokenized reference:  ['Mr', 'Mo@@', 'd@@', 'i', 'is', 'on', 'a', 'fi@@', 've', '@@@', '-@@', '@', 'day', 'tri@@', 'p', 'to', 'J@@', 'ap@@', 'an', 'to', 'streng@@', 'then', 'economic', 'ties', 'with', 'the', 'third', 'lar@@', 'ges@@', 't', 'econom@@', 'y', 'in', 'the', 'world', '.']
2025-05-03 12:26:25,490 - DEBUG - joeynmt.training - 	Tokenized hypothesis: ['Mr', 'Mo@@', 'd@@', 'i', 'is', 'on', 'a', 'fi@@', 'f@@', 'th', 'of', 'j@@', 'ap@@', 'an', 'to', 'the', 'economic', 'rel@@', 'ations', 'with', 'the', 'third', 'lar@@', 'ges@@', 't', 'economic', 'rel@@', 'ations', 'with', 'the', 'third', 'lar@@', 'ges@@', 't', 'economic', 'n@@', 'ation', 'of', 'the', 'world', '.', '</s>']
2025-05-03 12:26:25,490 - INFO - joeynmt.training - 	Source:     Herr Modi befindet sich auf einer fünftägigen Reise nach Japan , um die wirtschaftlichen Beziehungen mit der drittgrößten Wirtschaftsnation der Welt zu festigen .
2025-05-03 12:26:25,491 - INFO - joeynmt.training - 	Reference:  Mr Modi is on a five @-@ day trip to Japan to strengthen economic ties with the third largest economy in the world .
2025-05-03 12:26:25,491 - INFO - joeynmt.training - 	Hypothesis: Mr Modi is on a fifth of japan to the economic relations with the third largest economic relations with the third largest economic nation of the world .
2025-05-03 12:26:25,491 - INFO - joeynmt.training - Example #3
2025-05-03 12:26:25,491 - DEBUG - joeynmt.training - 	Tokenized source:     ['P@@', 'län@@', 'e', 'für', 'eine', 'stärk@@', 'ere', 'k@@', 'ern@@', 'techn@@', 'ische', 'Zusammenarbeit', 'stehen', 'ganz', 'ob@@', 'en', 'auf', 'der', 'Tag@@', 'es@@', 'ordnung', '.']
2025-05-03 12:26:25,491 - DEBUG - joeynmt.training - 	Tokenized reference:  ['high', 'on', 'the', 'agen@@', 'da', 'are', 'pl@@', 'ans', 'for', 'gre@@', 'ater', 'nu@@', 'clear', 'c@@', 'o', '@@@', '-@@', '@', 'operation', '.']
2025-05-03 12:26:25,491 - DEBUG - joeynmt.training - 	Tokenized hypothesis: ['P@@', 'l@@', 'ars', 'for', 'more', 'nu@@', 'clear', 'techn@@', 'ical', 'cooperation', 'is', 'qu@@', 'ite', 'clear', 'on', 'the', 'agen@@', 'da', '.', '</s>']
2025-05-03 12:26:25,491 - INFO - joeynmt.training - 	Source:     Pläne für eine stärkere kerntechnische Zusammenarbeit stehen ganz oben auf der Tagesordnung .
2025-05-03 12:26:25,491 - INFO - joeynmt.training - 	Reference:  high on the agenda are plans for greater nuclear co @-@ operation .
2025-05-03 12:26:25,491 - INFO - joeynmt.training - 	Hypothesis: Plars for more nuclear technical cooperation is quite clear on the agenda .
2025-05-03 12:26:25,491 - INFO - joeynmt.training - Example #4
2025-05-03 12:26:25,491 - DEBUG - joeynmt.training - 	Tokenized source:     ['Berich@@', 'ten', 'zu@@', 'fol@@', 'ge', 'ho@@', 'fft', 'Indi@@', 'en', 'darüber', 'hinaus', 'auf', 'einen', 'Ver@@', 'trag', 'zur', 'Ver@@', 'tei@@', 'dig@@', 'ungs@@', 'zusammen@@', 'arbeit', 'zwischen', 'den', 'beiden', 'N@@', 'ationen', '.']
2025-05-03 12:26:25,492 - DEBUG - joeynmt.training - 	Tokenized reference:  ['Indi@@', 'a', 'is', 'also', 're@@', 'porte@@', 'dly', 'hop@@', 'ing', 'for', 'a', 'de@@', 'al', 'on', 'def@@', 'ence', 'c@@', 'oll@@', 'ab@@', 'or@@', 'ation', 'between', 'the', 'two', 'n@@', 'ations', '.']
2025-05-03 12:26:25,492 - DEBUG - joeynmt.training - 	Tokenized hypothesis: ['re@@', 'ports', ',', 'Indi@@', 'a', 'is', 'also', 'hop@@', 'ing', 'for', 'the', 'con@@', 'tra@@', 'ct', 'on', 'def@@', 'ence', 'cooperation', 'between', 'the', 'two', 'n@@', 'ations', '.', '</s>']
2025-05-03 12:26:25,492 - INFO - joeynmt.training - 	Source:     Berichten zufolge hofft Indien darüber hinaus auf einen Vertrag zur Verteidigungszusammenarbeit zwischen den beiden Nationen .
2025-05-03 12:26:25,492 - INFO - joeynmt.training - 	Reference:  India is also reportedly hoping for a deal on defence collaboration between the two nations .
2025-05-03 12:26:25,492 - INFO - joeynmt.training - 	Hypothesis: reports , India is also hoping for the contract on defence cooperation between the two nations .
2025-05-03 12:26:30,900 - INFO - joeynmt.training - Epoch   8, Step:    32100, Batch Loss:     1.600430, Batch Acc: 0.537343, Tokens per Sec:    16639, Lr: 0.000300
2025-05-03 12:26:36,421 - INFO - joeynmt.training - Epoch   8, Step:    32200, Batch Loss:     1.823045, Batch Acc: 0.531643, Tokens per Sec:    16636, Lr: 0.000300
2025-05-03 12:26:41,867 - INFO - joeynmt.training - Epoch   8, Step:    32300, Batch Loss:     1.511170, Batch Acc: 0.530913, Tokens per Sec:    16893, Lr: 0.000300
2025-05-03 12:26:47,229 - INFO - joeynmt.training - Epoch   8, Step:    32400, Batch Loss:     1.595106, Batch Acc: 0.534725, Tokens per Sec:    16765, Lr: 0.000300
2025-05-03 12:26:52,844 - INFO - joeynmt.training - Epoch   8, Step:    32500, Batch Loss:     1.628410, Batch Acc: 0.539272, Tokens per Sec:    16004, Lr: 0.000300
2025-05-03 12:26:52,845 - INFO - joeynmt.prediction - Predicting 500 example(s)... (Greedy decoding with min_output_length=1, max_output_length=-1, return_prob='none', generate_unk=True, repetition_penalty=-1, no_repeat_ngram_size=-1)
2025-05-03 12:26:58,842 - INFO - joeynmt.prediction - Evaluation result (greedy) loss:   2.09, ppl:   8.08, acc:   0.46, generation: 5.9908[sec], evaluation: 0.0000[sec]
2025-05-03 12:26:58,843 - INFO - joeynmt.training - Hooray! New best validation result [ppl]!
2025-05-03 12:26:58,923 - INFO - joeynmt.helpers - delete models/deen_transformer_pre/30000.ckpt
2025-05-03 12:26:58,928 - INFO - joeynmt.training - Example #0
2025-05-03 12:26:58,928 - DEBUG - joeynmt.training - 	Tokenized source:     ['die', 'Pre@@', 'mi@@', 'er@@', 'minist@@', 'er', 'Indi@@', 'ens', 'und', 'J@@', 'ap@@', 'ans', 'tra@@', 'fen', 'sich', 'in', 'T@@', 'ok@@', 'i@@', 'o', '.']
2025-05-03 12:26:58,928 - DEBUG - joeynmt.training - 	Tokenized reference:  ['Indi@@', 'a', 'and', 'J@@', 'ap@@', 'an', 'pri@@', 'me', 'minist@@', 'ers', 'me@@', 'et', 'in', 'T@@', 'ok@@', 'y@@', 'o']
2025-05-03 12:26:58,928 - DEBUG - joeynmt.training - 	Tokenized hypothesis: ['the', 'Pri@@', 'me', 'Minist@@', 'er', 'Indi@@', 'a', 'and', 'J@@', 'ap@@', 'an', 'is', 'in', 'T@@', 'ok@@', 'i@@', 'o', '.', '</s>']
2025-05-03 12:26:58,928 - INFO - joeynmt.training - 	Source:     die Premierminister Indiens und Japans trafen sich in Tokio .
2025-05-03 12:26:58,929 - INFO - joeynmt.training - 	Reference:  India and Japan prime ministers meet in Tokyo
2025-05-03 12:26:58,929 - INFO - joeynmt.training - 	Hypothesis: the Prime Minister India and Japan is in Tokio .
2025-05-03 12:26:58,929 - INFO - joeynmt.training - Example #1
2025-05-03 12:26:58,929 - DEBUG - joeynmt.training - 	Tokenized source:     ['Indi@@', 'ens', 'neu@@', 'er', 'Pre@@', 'mi@@', 'er@@', 'minist@@', 'er', 'N@@', 'ar@@', 'end@@', 'ra', 'Mo@@', 'd@@', 'i', 'tri@@', 'fft', 'bei', 's@@', 'einem', 'ersten', 'wichti@@', 'gen', 'Aus@@', 'land@@', 's@@', 'bes@@', 'u@@', 'ch', 'seit', 's@@', 'einem', 'W@@', 'ah@@', 'l@@', 'si@@', 'e@@', 'g', 'im', 'Ma@@', 'i', 'seinen', 'j@@', 'ap@@', 'an@@', 'ischen', 'Am@@', 'ts@@', 'k@@', 'olle@@', 'gen', 'S@@', 'hin@@', 'z@@', 'o', 'A@@', 'be', 'in', 'T@@', 'ok@@', 'o', ',', 'um', 'wirtschaf@@', 'tliche', 'und', 'sicher@@', 'heits@@', 'politische', 'Be@@', 'zieh@@', 'ungen', 'zu', 'bes@@', 'pre@@', 'chen', '.']
2025-05-03 12:26:58,929 - DEBUG - joeynmt.training - 	Tokenized reference:  ['Indi@@', 'a', '&apos;s', 'new', 'pri@@', 'me', 'minist@@', 'er', ',', 'N@@', 'ar@@', 'end@@', 'ra', 'Mo@@', 'd@@', 'i', ',', 'is', 'me@@', 'eting', 'his', 'J@@', 'ap@@', 'an@@', 'ese', 'coun@@', 'ter@@', 'part', ',', 'S@@', 'hin@@', 'z@@', 'o', 'A@@', 'be', ',', 'in', 'T@@', 'ok@@', 'y@@', 'o', 'to', 'disc@@', 'uss', 'economic', 'and', 'security', 'ties', ',', 'on', 'his', 'first', 'major', 'fore@@', 'ign', 'visi@@', 't', 'since', 'w@@', 'inn@@', 'ing', 'Ma@@', 'y', '&apos;s', 'elec@@', 'tion', '.']
2025-05-03 12:26:58,929 - DEBUG - joeynmt.training - 	Tokenized hypothesis: ['Indi@@', 'a', '&apos;s', 'new', 'Pri@@', 'me', 'Minist@@', 'er', 'N@@', 'ar@@', 'end@@', 'ra', 'Mo@@', 'd@@', 'i', ',', 'in', 'his', 'first', 'important', 'ex@@', 'change', 'in', 'Ma@@', 'y', 'its', 'J@@', 'ap@@', 'an', 'S@@', 'hin@@', 'z@@', 'o', 'A@@', 'in', 'T@@', 'ok@@', 'o', ',', 'in', 'order', 'to', 'visi@@', 't', 'its', 'J@@', 'ap@@', 'an@@', 'ese', 'S@@', 'hin@@', 'z@@', 'o', 'A@@', 'in', 'T@@', 'ok@@', 'o', 'to', 'order', 'economic', 'and', 'security', 'of', 'the', 'rel@@', 'ation@@', 'ship', '.', '</s>']
2025-05-03 12:26:58,929 - INFO - joeynmt.training - 	Source:     Indiens neuer Premierminister Narendra Modi trifft bei seinem ersten wichtigen Auslandsbesuch seit seinem Wahlsieg im Mai seinen japanischen Amtskollegen Shinzo Abe in Toko , um wirtschaftliche und sicherheitspolitische Beziehungen zu besprechen .
2025-05-03 12:26:58,929 - INFO - joeynmt.training - 	Reference:  India &apos;s new prime minister , Narendra Modi , is meeting his Japanese counterpart , Shinzo Abe , in Tokyo to discuss economic and security ties , on his first major foreign visit since winning May &apos;s election .
2025-05-03 12:26:58,929 - INFO - joeynmt.training - 	Hypothesis: India &apos;s new Prime Minister Narendra Modi , in his first important exchange in May its Japan Shinzo Ain Toko , in order to visit its Japanese Shinzo Ain Toko to order economic and security of the relationship .
2025-05-03 12:26:58,929 - INFO - joeynmt.training - Example #2
2025-05-03 12:26:58,930 - DEBUG - joeynmt.training - 	Tokenized source:     ['Herr', 'Mo@@', 'd@@', 'i', 'befindet', 'sich', 'auf', 'einer', 'fü@@', 'n@@', 'f@@', 'tä@@', 'gi@@', 'gen', 'Rei@@', 'se', 'nach', 'J@@', 'ap@@', 'an', ',', 'um', 'die', 'wirtschaf@@', 'tlichen', 'Be@@', 'zieh@@', 'ungen', 'mit', 'der', 'd@@', 'rit@@', 't@@', 'größ@@', 'ten', 'Wirtschafts@@', 'n@@', 'ation', 'der', 'Welt', 'zu', 'fes@@', 'tigen', '.']
2025-05-03 12:26:58,930 - DEBUG - joeynmt.training - 	Tokenized reference:  ['Mr', 'Mo@@', 'd@@', 'i', 'is', 'on', 'a', 'fi@@', 've', '@@@', '-@@', '@', 'day', 'tri@@', 'p', 'to', 'J@@', 'ap@@', 'an', 'to', 'streng@@', 'then', 'economic', 'ties', 'with', 'the', 'third', 'lar@@', 'ges@@', 't', 'econom@@', 'y', 'in', 'the', 'world', '.']
2025-05-03 12:26:58,930 - DEBUG - joeynmt.training - 	Tokenized hypothesis: ['Mr', 'Mo@@', 'd@@', 'i', 'is', 'on', 'a', 'fi@@', 'f@@', 'te@@', 'en', 'j@@', 'ap@@', 'an', 'to', 'the', 'economic', 'rel@@', 'ation@@', 'ship', 'with', 'the', 'third', 'lar@@', 'ges@@', 't', 'economic', 'rel@@', 'ations', 'with', 'the', 'third', 'lar@@', 'ges@@', 't', 'economic', 'n@@', 'ation', 'of', 'the', 'world', '.', '</s>']
2025-05-03 12:26:58,930 - INFO - joeynmt.training - 	Source:     Herr Modi befindet sich auf einer fünftägigen Reise nach Japan , um die wirtschaftlichen Beziehungen mit der drittgrößten Wirtschaftsnation der Welt zu festigen .
2025-05-03 12:26:58,930 - INFO - joeynmt.training - 	Reference:  Mr Modi is on a five @-@ day trip to Japan to strengthen economic ties with the third largest economy in the world .
2025-05-03 12:26:58,930 - INFO - joeynmt.training - 	Hypothesis: Mr Modi is on a fifteen japan to the economic relationship with the third largest economic relations with the third largest economic nation of the world .
2025-05-03 12:26:58,930 - INFO - joeynmt.training - Example #3
2025-05-03 12:26:58,930 - DEBUG - joeynmt.training - 	Tokenized source:     ['P@@', 'län@@', 'e', 'für', 'eine', 'stärk@@', 'ere', 'k@@', 'ern@@', 'techn@@', 'ische', 'Zusammenarbeit', 'stehen', 'ganz', 'ob@@', 'en', 'auf', 'der', 'Tag@@', 'es@@', 'ordnung', '.']
2025-05-03 12:26:58,930 - DEBUG - joeynmt.training - 	Tokenized reference:  ['high', 'on', 'the', 'agen@@', 'da', 'are', 'pl@@', 'ans', 'for', 'gre@@', 'ater', 'nu@@', 'clear', 'c@@', 'o', '@@@', '-@@', '@', 'operation', '.']
2025-05-03 12:26:58,930 - DEBUG - joeynmt.training - 	Tokenized hypothesis: ['pl@@', 'ans', 'for', 'more', 'more', 'k@@', 'er@@', 'ne@@', 'l', 'techn@@', 'ical', 'cooperation', 'are', 'enti@@', 're@@', 'ly', 'on', 'the', 'agen@@', 'da', '.', '</s>']
2025-05-03 12:26:58,930 - INFO - joeynmt.training - 	Source:     Pläne für eine stärkere kerntechnische Zusammenarbeit stehen ganz oben auf der Tagesordnung .
2025-05-03 12:26:58,930 - INFO - joeynmt.training - 	Reference:  high on the agenda are plans for greater nuclear co @-@ operation .
2025-05-03 12:26:58,931 - INFO - joeynmt.training - 	Hypothesis: plans for more more kernel technical cooperation are entirely on the agenda .
2025-05-03 12:26:58,931 - INFO - joeynmt.training - Example #4
2025-05-03 12:26:58,931 - DEBUG - joeynmt.training - 	Tokenized source:     ['Berich@@', 'ten', 'zu@@', 'fol@@', 'ge', 'ho@@', 'fft', 'Indi@@', 'en', 'darüber', 'hinaus', 'auf', 'einen', 'Ver@@', 'trag', 'zur', 'Ver@@', 'tei@@', 'dig@@', 'ungs@@', 'zusammen@@', 'arbeit', 'zwischen', 'den', 'beiden', 'N@@', 'ationen', '.']
2025-05-03 12:26:58,931 - DEBUG - joeynmt.training - 	Tokenized reference:  ['Indi@@', 'a', 'is', 'also', 're@@', 'porte@@', 'dly', 'hop@@', 'ing', 'for', 'a', 'de@@', 'al', 'on', 'def@@', 'ence', 'c@@', 'oll@@', 'ab@@', 'or@@', 'ation', 'between', 'the', 'two', 'n@@', 'ations', '.']
2025-05-03 12:26:58,931 - DEBUG - joeynmt.training - 	Tokenized hypothesis: ['the', 'following', 'high@@', 'est', 'Indi@@', 'a', 'high', 'level', 'of', 're@@', 'ports', 'on', 'def@@', 'ence', 'cooperation', 'between', 'the', 'two', 'n@@', 'ations', '.', '</s>']
2025-05-03 12:26:58,931 - INFO - joeynmt.training - 	Source:     Berichten zufolge hofft Indien darüber hinaus auf einen Vertrag zur Verteidigungszusammenarbeit zwischen den beiden Nationen .
2025-05-03 12:26:58,931 - INFO - joeynmt.training - 	Reference:  India is also reportedly hoping for a deal on defence collaboration between the two nations .
2025-05-03 12:26:58,931 - INFO - joeynmt.training - 	Hypothesis: the following highest India high level of reports on defence cooperation between the two nations .
2025-05-03 12:27:00,359 - INFO - joeynmt.training - Epoch   8: total training loss 6942.98
2025-05-03 12:27:00,359 - INFO - joeynmt.training - EPOCH 9
2025-05-03 12:27:04,432 - INFO - joeynmt.training - Epoch   9, Step:    32600, Batch Loss:     1.764482, Batch Acc: 0.548265, Tokens per Sec:    16480, Lr: 0.000300
2025-05-03 12:27:09,908 - INFO - joeynmt.training - Epoch   9, Step:    32700, Batch Loss:     1.733209, Batch Acc: 0.546861, Tokens per Sec:    16901, Lr: 0.000300
2025-05-03 12:27:15,512 - INFO - joeynmt.training - Epoch   9, Step:    32800, Batch Loss:     1.626624, Batch Acc: 0.539634, Tokens per Sec:    16508, Lr: 0.000300
2025-05-03 12:27:20,833 - INFO - joeynmt.training - Epoch   9, Step:    32900, Batch Loss:     1.651064, Batch Acc: 0.545090, Tokens per Sec:    17329, Lr: 0.000300
2025-05-03 12:27:26,416 - INFO - joeynmt.training - Epoch   9, Step:    33000, Batch Loss:     1.587699, Batch Acc: 0.547103, Tokens per Sec:    16545, Lr: 0.000300
2025-05-03 12:27:26,417 - INFO - joeynmt.prediction - Predicting 500 example(s)... (Greedy decoding with min_output_length=1, max_output_length=-1, return_prob='none', generate_unk=True, repetition_penalty=-1, no_repeat_ngram_size=-1)
2025-05-03 12:27:32,223 - INFO - joeynmt.prediction - Evaluation result (greedy) loss:   2.09, ppl:   8.09, acc:   0.46, generation: 5.8003[sec], evaluation: 0.0000[sec]
2025-05-03 12:27:32,305 - INFO - joeynmt.helpers - delete models/deen_transformer_pre/30500.ckpt
2025-05-03 12:27:32,310 - INFO - joeynmt.training - Example #0
2025-05-03 12:27:32,310 - DEBUG - joeynmt.training - 	Tokenized source:     ['die', 'Pre@@', 'mi@@', 'er@@', 'minist@@', 'er', 'Indi@@', 'ens', 'und', 'J@@', 'ap@@', 'ans', 'tra@@', 'fen', 'sich', 'in', 'T@@', 'ok@@', 'i@@', 'o', '.']
2025-05-03 12:27:32,310 - DEBUG - joeynmt.training - 	Tokenized reference:  ['Indi@@', 'a', 'and', 'J@@', 'ap@@', 'an', 'pri@@', 'me', 'minist@@', 'ers', 'me@@', 'et', 'in', 'T@@', 'ok@@', 'y@@', 'o']
2025-05-03 12:27:32,310 - DEBUG - joeynmt.training - 	Tokenized hypothesis: ['the', 'Pri@@', 'me', 'Minist@@', 'er', 'of', 'Indi@@', 'a', 'and', 'J@@', 'ap@@', 'an', '&apos;s', 'pri@@', 'me', 'minist@@', 'er', 'and', 'J@@', 'ap@@', 'an', '&apos;s', 'tra@@', 'v@@', 'el', '.', '</s>']
2025-05-03 12:27:32,310 - INFO - joeynmt.training - 	Source:     die Premierminister Indiens und Japans trafen sich in Tokio .
2025-05-03 12:27:32,311 - INFO - joeynmt.training - 	Reference:  India and Japan prime ministers meet in Tokyo
2025-05-03 12:27:32,311 - INFO - joeynmt.training - 	Hypothesis: the Prime Minister of India and Japan &apos;s prime minister and Japan &apos;s travel .
2025-05-03 12:27:32,311 - INFO - joeynmt.training - Example #1
2025-05-03 12:27:32,311 - DEBUG - joeynmt.training - 	Tokenized source:     ['Indi@@', 'ens', 'neu@@', 'er', 'Pre@@', 'mi@@', 'er@@', 'minist@@', 'er', 'N@@', 'ar@@', 'end@@', 'ra', 'Mo@@', 'd@@', 'i', 'tri@@', 'fft', 'bei', 's@@', 'einem', 'ersten', 'wichti@@', 'gen', 'Aus@@', 'land@@', 's@@', 'bes@@', 'u@@', 'ch', 'seit', 's@@', 'einem', 'W@@', 'ah@@', 'l@@', 'si@@', 'e@@', 'g', 'im', 'Ma@@', 'i', 'seinen', 'j@@', 'ap@@', 'an@@', 'ischen', 'Am@@', 'ts@@', 'k@@', 'olle@@', 'gen', 'S@@', 'hin@@', 'z@@', 'o', 'A@@', 'be', 'in', 'T@@', 'ok@@', 'o', ',', 'um', 'wirtschaf@@', 'tliche', 'und', 'sicher@@', 'heits@@', 'politische', 'Be@@', 'zieh@@', 'ungen', 'zu', 'bes@@', 'pre@@', 'chen', '.']
2025-05-03 12:27:32,311 - DEBUG - joeynmt.training - 	Tokenized reference:  ['Indi@@', 'a', '&apos;s', 'new', 'pri@@', 'me', 'minist@@', 'er', ',', 'N@@', 'ar@@', 'end@@', 'ra', 'Mo@@', 'd@@', 'i', ',', 'is', 'me@@', 'eting', 'his', 'J@@', 'ap@@', 'an@@', 'ese', 'coun@@', 'ter@@', 'part', ',', 'S@@', 'hin@@', 'z@@', 'o', 'A@@', 'be', ',', 'in', 'T@@', 'ok@@', 'y@@', 'o', 'to', 'disc@@', 'uss', 'economic', 'and', 'security', 'ties', ',', 'on', 'his', 'first', 'major', 'fore@@', 'ign', 'visi@@', 't', 'since', 'w@@', 'inn@@', 'ing', 'Ma@@', 'y', '&apos;s', 'elec@@', 'tion', '.']
2025-05-03 12:27:32,311 - DEBUG - joeynmt.training - 	Tokenized hypothesis: ['Indi@@', 'a', '&apos;s', 'lat@@', 'er', 'Pri@@', 'me', 'Minist@@', 'er', 'N@@', 'ar@@', 'end@@', 'ra', 'Mo@@', 'd@@', 'i', ',', 'the', 'first', 'important', 'ex@@', 'er@@', 'c@@', 'ise', 'of', 'the', 'S@@', 'hin@@', 'z@@', 'o', 'A@@', 'in', 'T@@', 'ok@@', 'o', ',', 'S@@', 'hin@@', 'z@@', 'o', 'A@@', 'in', 'T@@', 'ok@@', 'o', ',', 'in', 'T@@', 'ok@@', 'o', ',', 'in', 'the', 'M@@', 'ini@@', 'stry', 'of', 'S@@', 'hin@@', 'z@@', 'o', 'A@@', 'be', 'in', 'T@@', 'ok@@', 'o', ',', 'in', 'the', 'first', 'of', 'all', '.', '</s>']
2025-05-03 12:27:32,311 - INFO - joeynmt.training - 	Source:     Indiens neuer Premierminister Narendra Modi trifft bei seinem ersten wichtigen Auslandsbesuch seit seinem Wahlsieg im Mai seinen japanischen Amtskollegen Shinzo Abe in Toko , um wirtschaftliche und sicherheitspolitische Beziehungen zu besprechen .
2025-05-03 12:27:32,311 - INFO - joeynmt.training - 	Reference:  India &apos;s new prime minister , Narendra Modi , is meeting his Japanese counterpart , Shinzo Abe , in Tokyo to discuss economic and security ties , on his first major foreign visit since winning May &apos;s election .
2025-05-03 12:27:32,311 - INFO - joeynmt.training - 	Hypothesis: India &apos;s later Prime Minister Narendra Modi , the first important exercise of the Shinzo Ain Toko , Shinzo Ain Toko , in Toko , in the Ministry of Shinzo Abe in Toko , in the first of all .
2025-05-03 12:27:32,311 - INFO - joeynmt.training - Example #2
2025-05-03 12:27:32,311 - DEBUG - joeynmt.training - 	Tokenized source:     ['Herr', 'Mo@@', 'd@@', 'i', 'befindet', 'sich', 'auf', 'einer', 'fü@@', 'n@@', 'f@@', 'tä@@', 'gi@@', 'gen', 'Rei@@', 'se', 'nach', 'J@@', 'ap@@', 'an', ',', 'um', 'die', 'wirtschaf@@', 'tlichen', 'Be@@', 'zieh@@', 'ungen', 'mit', 'der', 'd@@', 'rit@@', 't@@', 'größ@@', 'ten', 'Wirtschafts@@', 'n@@', 'ation', 'der', 'Welt', 'zu', 'fes@@', 'tigen', '.']
2025-05-03 12:27:32,312 - DEBUG - joeynmt.training - 	Tokenized reference:  ['Mr', 'Mo@@', 'd@@', 'i', 'is', 'on', 'a', 'fi@@', 've', '@@@', '-@@', '@', 'day', 'tri@@', 'p', 'to', 'J@@', 'ap@@', 'an', 'to', 'streng@@', 'then', 'economic', 'ties', 'with', 'the', 'third', 'lar@@', 'ges@@', 't', 'econom@@', 'y', 'in', 'the', 'world', '.']
2025-05-03 12:27:32,312 - DEBUG - joeynmt.training - 	Tokenized hypothesis: ['Mr', 'Mo@@', 'd@@', 'i', 'is', 'on', 'one', 'fi@@', 'f@@', 'th', 'of', 'the', 'fi@@', 'f@@', 'th', 'of', 'the', 'world', '&apos;s', 'economic', 'rel@@', 'ations', 'with', 'the', 'third', 'lar@@', 'ges@@', 't', 'economic', 'rel@@', 'ations', 'with', 'the', 'third', 'lar@@', 'ges@@', 't', 'economic', 'n@@', 'ation', 'of', 'the', 'world', '.', '</s>']
2025-05-03 12:27:32,312 - INFO - joeynmt.training - 	Source:     Herr Modi befindet sich auf einer fünftägigen Reise nach Japan , um die wirtschaftlichen Beziehungen mit der drittgrößten Wirtschaftsnation der Welt zu festigen .
2025-05-03 12:27:32,312 - INFO - joeynmt.training - 	Reference:  Mr Modi is on a five @-@ day trip to Japan to strengthen economic ties with the third largest economy in the world .
2025-05-03 12:27:32,312 - INFO - joeynmt.training - 	Hypothesis: Mr Modi is on one fifth of the fifth of the world &apos;s economic relations with the third largest economic relations with the third largest economic nation of the world .
2025-05-03 12:27:32,312 - INFO - joeynmt.training - Example #3
2025-05-03 12:27:32,312 - DEBUG - joeynmt.training - 	Tokenized source:     ['P@@', 'län@@', 'e', 'für', 'eine', 'stärk@@', 'ere', 'k@@', 'ern@@', 'techn@@', 'ische', 'Zusammenarbeit', 'stehen', 'ganz', 'ob@@', 'en', 'auf', 'der', 'Tag@@', 'es@@', 'ordnung', '.']
2025-05-03 12:27:32,312 - DEBUG - joeynmt.training - 	Tokenized reference:  ['high', 'on', 'the', 'agen@@', 'da', 'are', 'pl@@', 'ans', 'for', 'gre@@', 'ater', 'nu@@', 'clear', 'c@@', 'o', '@@@', '-@@', '@', 'operation', '.']
2025-05-03 12:27:32,312 - DEBUG - joeynmt.training - 	Tokenized hypothesis: ['pl@@', 'ans', 'for', 'more', 'more', 'effective', ',', 'in', 'particular', ',', 'on', 'the', 'agen@@', 'da', 'is', 'qu@@', 'ite', 'of', 'the', 'agen@@', 'da', '.', '</s>']
2025-05-03 12:27:32,312 - INFO - joeynmt.training - 	Source:     Pläne für eine stärkere kerntechnische Zusammenarbeit stehen ganz oben auf der Tagesordnung .
2025-05-03 12:27:32,312 - INFO - joeynmt.training - 	Reference:  high on the agenda are plans for greater nuclear co @-@ operation .
2025-05-03 12:27:32,312 - INFO - joeynmt.training - 	Hypothesis: plans for more more effective , in particular , on the agenda is quite of the agenda .
2025-05-03 12:27:32,312 - INFO - joeynmt.training - Example #4
2025-05-03 12:27:32,313 - DEBUG - joeynmt.training - 	Tokenized source:     ['Berich@@', 'ten', 'zu@@', 'fol@@', 'ge', 'ho@@', 'fft', 'Indi@@', 'en', 'darüber', 'hinaus', 'auf', 'einen', 'Ver@@', 'trag', 'zur', 'Ver@@', 'tei@@', 'dig@@', 'ungs@@', 'zusammen@@', 'arbeit', 'zwischen', 'den', 'beiden', 'N@@', 'ationen', '.']
2025-05-03 12:27:32,313 - DEBUG - joeynmt.training - 	Tokenized reference:  ['Indi@@', 'a', 'is', 'also', 're@@', 'porte@@', 'dly', 'hop@@', 'ing', 'for', 'a', 'de@@', 'al', 'on', 'def@@', 'ence', 'c@@', 'oll@@', 'ab@@', 'or@@', 'ation', 'between', 'the', 'two', 'n@@', 'ations', '.']
2025-05-03 12:27:32,313 - DEBUG - joeynmt.training - 	Tokenized hypothesis: ['the', 're@@', 'ports', 'are', 'being', 're@@', 'por@@', 'ted', 'to', 'the', 'con@@', 'text', 'on', 'the', 'Tre@@', 'aty', 'on', 'the', 'con@@', 'text', 'cooperation', 'between', 'the', 'two', 'n@@', 'ations', '.', '</s>']
2025-05-03 12:27:32,313 - INFO - joeynmt.training - 	Source:     Berichten zufolge hofft Indien darüber hinaus auf einen Vertrag zur Verteidigungszusammenarbeit zwischen den beiden Nationen .
2025-05-03 12:27:32,313 - INFO - joeynmt.training - 	Reference:  India is also reportedly hoping for a deal on defence collaboration between the two nations .
2025-05-03 12:27:32,313 - INFO - joeynmt.training - 	Hypothesis: the reports are being reported to the context on the Treaty on the context cooperation between the two nations .
2025-05-03 12:27:37,828 - INFO - joeynmt.training - Epoch   9, Step:    33100, Batch Loss:     1.766215, Batch Acc: 0.545116, Tokens per Sec:    16597, Lr: 0.000300
2025-05-03 12:27:43,137 - INFO - joeynmt.training - Epoch   9, Step:    33200, Batch Loss:     1.620379, Batch Acc: 0.547327, Tokens per Sec:    16989, Lr: 0.000300
2025-05-03 12:27:48,662 - INFO - joeynmt.training - Epoch   9, Step:    33300, Batch Loss:     1.658280, Batch Acc: 0.545350, Tokens per Sec:    16810, Lr: 0.000300
2025-05-03 12:27:54,153 - INFO - joeynmt.training - Epoch   9, Step:    33400, Batch Loss:     1.680409, Batch Acc: 0.544330, Tokens per Sec:    16759, Lr: 0.000300
2025-05-03 12:27:59,708 - INFO - joeynmt.training - Epoch   9, Step:    33500, Batch Loss:     1.522683, Batch Acc: 0.545043, Tokens per Sec:    16769, Lr: 0.000300
2025-05-03 12:27:59,708 - INFO - joeynmt.prediction - Predicting 500 example(s)... (Greedy decoding with min_output_length=1, max_output_length=-1, return_prob='none', generate_unk=True, repetition_penalty=-1, no_repeat_ngram_size=-1)
2025-05-03 12:28:05,945 - INFO - joeynmt.prediction - Evaluation result (greedy) loss:   2.09, ppl:   8.10, acc:   0.46, generation: 6.2293[sec], evaluation: 0.0000[sec]
2025-05-03 12:28:06,024 - INFO - joeynmt.helpers - delete models/deen_transformer_pre/31500.ckpt
2025-05-03 12:28:06,029 - INFO - joeynmt.training - Example #0
2025-05-03 12:28:06,029 - DEBUG - joeynmt.training - 	Tokenized source:     ['die', 'Pre@@', 'mi@@', 'er@@', 'minist@@', 'er', 'Indi@@', 'ens', 'und', 'J@@', 'ap@@', 'ans', 'tra@@', 'fen', 'sich', 'in', 'T@@', 'ok@@', 'i@@', 'o', '.']
2025-05-03 12:28:06,029 - DEBUG - joeynmt.training - 	Tokenized reference:  ['Indi@@', 'a', 'and', 'J@@', 'ap@@', 'an', 'pri@@', 'me', 'minist@@', 'ers', 'me@@', 'et', 'in', 'T@@', 'ok@@', 'y@@', 'o']
2025-05-03 12:28:06,029 - DEBUG - joeynmt.training - 	Tokenized hypothesis: ['the', 'Pri@@', 'me', 'Minist@@', 'er', 'Indi@@', 'a', 'and', 'J@@', 'ap@@', 'an', 'is', 'in', 'T@@', 'ok@@', 'y@@', 'o', '.', '</s>']
2025-05-03 12:28:06,030 - INFO - joeynmt.training - 	Source:     die Premierminister Indiens und Japans trafen sich in Tokio .
2025-05-03 12:28:06,030 - INFO - joeynmt.training - 	Reference:  India and Japan prime ministers meet in Tokyo
2025-05-03 12:28:06,030 - INFO - joeynmt.training - 	Hypothesis: the Prime Minister India and Japan is in Tokyo .
2025-05-03 12:28:06,030 - INFO - joeynmt.training - Example #1
2025-05-03 12:28:06,030 - DEBUG - joeynmt.training - 	Tokenized source:     ['Indi@@', 'ens', 'neu@@', 'er', 'Pre@@', 'mi@@', 'er@@', 'minist@@', 'er', 'N@@', 'ar@@', 'end@@', 'ra', 'Mo@@', 'd@@', 'i', 'tri@@', 'fft', 'bei', 's@@', 'einem', 'ersten', 'wichti@@', 'gen', 'Aus@@', 'land@@', 's@@', 'bes@@', 'u@@', 'ch', 'seit', 's@@', 'einem', 'W@@', 'ah@@', 'l@@', 'si@@', 'e@@', 'g', 'im', 'Ma@@', 'i', 'seinen', 'j@@', 'ap@@', 'an@@', 'ischen', 'Am@@', 'ts@@', 'k@@', 'olle@@', 'gen', 'S@@', 'hin@@', 'z@@', 'o', 'A@@', 'be', 'in', 'T@@', 'ok@@', 'o', ',', 'um', 'wirtschaf@@', 'tliche', 'und', 'sicher@@', 'heits@@', 'politische', 'Be@@', 'zieh@@', 'ungen', 'zu', 'bes@@', 'pre@@', 'chen', '.']
2025-05-03 12:28:06,030 - DEBUG - joeynmt.training - 	Tokenized reference:  ['Indi@@', 'a', '&apos;s', 'new', 'pri@@', 'me', 'minist@@', 'er', ',', 'N@@', 'ar@@', 'end@@', 'ra', 'Mo@@', 'd@@', 'i', ',', 'is', 'me@@', 'eting', 'his', 'J@@', 'ap@@', 'an@@', 'ese', 'coun@@', 'ter@@', 'part', ',', 'S@@', 'hin@@', 'z@@', 'o', 'A@@', 'be', ',', 'in', 'T@@', 'ok@@', 'y@@', 'o', 'to', 'disc@@', 'uss', 'economic', 'and', 'security', 'ties', ',', 'on', 'his', 'first', 'major', 'fore@@', 'ign', 'visi@@', 't', 'since', 'w@@', 'inn@@', 'ing', 'Ma@@', 'y', '&apos;s', 'elec@@', 'tion', '.']
2025-05-03 12:28:06,030 - DEBUG - joeynmt.training - 	Tokenized hypothesis: ['Indi@@', 'a', '&apos;s', 'new', 'Pri@@', 'me', 'Minist@@', 'er', 'N@@', 'ar@@', 'end@@', 'ra', 'Mo@@', 'd@@', 'i', ',', 'the', 'first', 'important', 'ex@@', 'um@@', 'b@@', 'ing', 'his', 'first', 'important', 'ex@@', 'um@@', 'b@@', 'ing', 'his', 'elec@@', 't@@', 'or@@', 'al', 'lea@@', 'ders', 'in', 'Ma@@', 'y', 'his', 'J@@', 'ap@@', 'an@@', 'ese', 'S@@', 'hin@@', 'z@@', 'o', 'A@@', 'be', 'in', 'T@@', 'ok@@', 'o', ',', 'in', 'order', 'to', 'pre@@', 'v@@', 'ent', 'economic', 'and', 'security', 'political', 'rel@@', 'ations', '.', '</s>']
2025-05-03 12:28:06,030 - INFO - joeynmt.training - 	Source:     Indiens neuer Premierminister Narendra Modi trifft bei seinem ersten wichtigen Auslandsbesuch seit seinem Wahlsieg im Mai seinen japanischen Amtskollegen Shinzo Abe in Toko , um wirtschaftliche und sicherheitspolitische Beziehungen zu besprechen .
2025-05-03 12:28:06,030 - INFO - joeynmt.training - 	Reference:  India &apos;s new prime minister , Narendra Modi , is meeting his Japanese counterpart , Shinzo Abe , in Tokyo to discuss economic and security ties , on his first major foreign visit since winning May &apos;s election .
2025-05-03 12:28:06,030 - INFO - joeynmt.training - 	Hypothesis: India &apos;s new Prime Minister Narendra Modi , the first important exumbing his first important exumbing his electoral leaders in May his Japanese Shinzo Abe in Toko , in order to prevent economic and security political relations .
2025-05-03 12:28:06,031 - INFO - joeynmt.training - Example #2
2025-05-03 12:28:06,031 - DEBUG - joeynmt.training - 	Tokenized source:     ['Herr', 'Mo@@', 'd@@', 'i', 'befindet', 'sich', 'auf', 'einer', 'fü@@', 'n@@', 'f@@', 'tä@@', 'gi@@', 'gen', 'Rei@@', 'se', 'nach', 'J@@', 'ap@@', 'an', ',', 'um', 'die', 'wirtschaf@@', 'tlichen', 'Be@@', 'zieh@@', 'ungen', 'mit', 'der', 'd@@', 'rit@@', 't@@', 'größ@@', 'ten', 'Wirtschafts@@', 'n@@', 'ation', 'der', 'Welt', 'zu', 'fes@@', 'tigen', '.']
2025-05-03 12:28:06,031 - DEBUG - joeynmt.training - 	Tokenized reference:  ['Mr', 'Mo@@', 'd@@', 'i', 'is', 'on', 'a', 'fi@@', 've', '@@@', '-@@', '@', 'day', 'tri@@', 'p', 'to', 'J@@', 'ap@@', 'an', 'to', 'streng@@', 'then', 'economic', 'ties', 'with', 'the', 'third', 'lar@@', 'ges@@', 't', 'econom@@', 'y', 'in', 'the', 'world', '.']
2025-05-03 12:28:06,031 - DEBUG - joeynmt.training - 	Tokenized hypothesis: ['Mr', 'Mo@@', 'd@@', 'i', 'is', 'on', 'a', 'fi@@', 'f@@', 'ty', 'of', 'a', 'fi@@', 'f@@', 'ty', 'of', 'J@@', 'ap@@', 'an', 'to', 'the', 'economic', 'rel@@', 'ations', 'with', 'the', 'third', 'lar@@', 'ges@@', 't', 'economic', 'n@@', 'ation', 'of', 'the', 'world', '.', '</s>']
2025-05-03 12:28:06,031 - INFO - joeynmt.training - 	Source:     Herr Modi befindet sich auf einer fünftägigen Reise nach Japan , um die wirtschaftlichen Beziehungen mit der drittgrößten Wirtschaftsnation der Welt zu festigen .
2025-05-03 12:28:06,031 - INFO - joeynmt.training - 	Reference:  Mr Modi is on a five @-@ day trip to Japan to strengthen economic ties with the third largest economy in the world .
2025-05-03 12:28:06,031 - INFO - joeynmt.training - 	Hypothesis: Mr Modi is on a fifty of a fifty of Japan to the economic relations with the third largest economic nation of the world .
2025-05-03 12:28:06,031 - INFO - joeynmt.training - Example #3
2025-05-03 12:28:06,031 - DEBUG - joeynmt.training - 	Tokenized source:     ['P@@', 'län@@', 'e', 'für', 'eine', 'stärk@@', 'ere', 'k@@', 'ern@@', 'techn@@', 'ische', 'Zusammenarbeit', 'stehen', 'ganz', 'ob@@', 'en', 'auf', 'der', 'Tag@@', 'es@@', 'ordnung', '.']
2025-05-03 12:28:06,031 - DEBUG - joeynmt.training - 	Tokenized reference:  ['high', 'on', 'the', 'agen@@', 'da', 'are', 'pl@@', 'ans', 'for', 'gre@@', 'ater', 'nu@@', 'clear', 'c@@', 'o', '@@@', '-@@', '@', 'operation', '.']
2025-05-03 12:28:06,031 - DEBUG - joeynmt.training - 	Tokenized hypothesis: ['pl@@', 'ans', 'for', 'gre@@', 'ater', 'effective', 'techn@@', 'ical', 'cooperation', 'are', 'enti@@', 're@@', 'ly', 'on', 'the', 'agen@@', 'da', '.', '</s>']
2025-05-03 12:28:06,031 - INFO - joeynmt.training - 	Source:     Pläne für eine stärkere kerntechnische Zusammenarbeit stehen ganz oben auf der Tagesordnung .
2025-05-03 12:28:06,032 - INFO - joeynmt.training - 	Reference:  high on the agenda are plans for greater nuclear co @-@ operation .
2025-05-03 12:28:06,032 - INFO - joeynmt.training - 	Hypothesis: plans for greater effective technical cooperation are entirely on the agenda .
2025-05-03 12:28:06,032 - INFO - joeynmt.training - Example #4
2025-05-03 12:28:06,032 - DEBUG - joeynmt.training - 	Tokenized source:     ['Berich@@', 'ten', 'zu@@', 'fol@@', 'ge', 'ho@@', 'fft', 'Indi@@', 'en', 'darüber', 'hinaus', 'auf', 'einen', 'Ver@@', 'trag', 'zur', 'Ver@@', 'tei@@', 'dig@@', 'ungs@@', 'zusammen@@', 'arbeit', 'zwischen', 'den', 'beiden', 'N@@', 'ationen', '.']
2025-05-03 12:28:06,032 - DEBUG - joeynmt.training - 	Tokenized reference:  ['Indi@@', 'a', 'is', 'also', 're@@', 'porte@@', 'dly', 'hop@@', 'ing', 'for', 'a', 'de@@', 'al', 'on', 'def@@', 'ence', 'c@@', 'oll@@', 'ab@@', 'or@@', 'ation', 'between', 'the', 'two', 'n@@', 'ations', '.']
2025-05-03 12:28:06,032 - DEBUG - joeynmt.training - 	Tokenized hypothesis: ['re@@', 'ports', ',', 'indi@@', 'c@@', 'ate', 'the', 're@@', 'ports', 'on', 'the', 'con@@', 'f@@', 'lic@@', 't', 'cooperation', 'between', 'the', 'two', 'N@@', 'ations', '.', '</s>']
2025-05-03 12:28:06,032 - INFO - joeynmt.training - 	Source:     Berichten zufolge hofft Indien darüber hinaus auf einen Vertrag zur Verteidigungszusammenarbeit zwischen den beiden Nationen .
2025-05-03 12:28:06,032 - INFO - joeynmt.training - 	Reference:  India is also reportedly hoping for a deal on defence collaboration between the two nations .
2025-05-03 12:28:06,032 - INFO - joeynmt.training - 	Hypothesis: reports , indicate the reports on the conflict cooperation between the two Nations .
2025-05-03 12:28:11,628 - INFO - joeynmt.training - Epoch   9, Step:    33600, Batch Loss:     1.536906, Batch Acc: 0.545710, Tokens per Sec:    15997, Lr: 0.000300
2025-05-03 12:28:17,056 - INFO - joeynmt.training - Epoch   9, Step:    33700, Batch Loss:     1.600755, Batch Acc: 0.540102, Tokens per Sec:    16923, Lr: 0.000300
2025-05-03 12:28:22,539 - INFO - joeynmt.training - Epoch   9, Step:    33800, Batch Loss:     1.712217, Batch Acc: 0.540772, Tokens per Sec:    16412, Lr: 0.000300
2025-05-03 12:28:28,099 - INFO - joeynmt.training - Epoch   9, Step:    33900, Batch Loss:     1.546317, Batch Acc: 0.544238, Tokens per Sec:    16576, Lr: 0.000300
2025-05-03 12:28:33,640 - INFO - joeynmt.training - Epoch   9, Step:    34000, Batch Loss:     1.736148, Batch Acc: 0.537115, Tokens per Sec:    16626, Lr: 0.000300
2025-05-03 12:28:33,640 - INFO - joeynmt.prediction - Predicting 500 example(s)... (Greedy decoding with min_output_length=1, max_output_length=-1, return_prob='none', generate_unk=True, repetition_penalty=-1, no_repeat_ngram_size=-1)
2025-05-03 12:28:38,981 - INFO - joeynmt.prediction - Evaluation result (greedy) loss:   2.10, ppl:   8.13, acc:   0.46, generation: 5.3350[sec], evaluation: 0.0000[sec]
2025-05-03 12:28:38,982 - INFO - joeynmt.training - Example #0
2025-05-03 12:28:38,983 - DEBUG - joeynmt.training - 	Tokenized source:     ['die', 'Pre@@', 'mi@@', 'er@@', 'minist@@', 'er', 'Indi@@', 'ens', 'und', 'J@@', 'ap@@', 'ans', 'tra@@', 'fen', 'sich', 'in', 'T@@', 'ok@@', 'i@@', 'o', '.']
2025-05-03 12:28:38,983 - DEBUG - joeynmt.training - 	Tokenized reference:  ['Indi@@', 'a', 'and', 'J@@', 'ap@@', 'an', 'pri@@', 'me', 'minist@@', 'ers', 'me@@', 'et', 'in', 'T@@', 'ok@@', 'y@@', 'o']
2025-05-03 12:28:38,983 - DEBUG - joeynmt.training - 	Tokenized hypothesis: ['the', 'Pri@@', 'me', 'Minist@@', 'er', 'Indi@@', 'a', 'and', 'J@@', 'ap@@', 'an', 'are', 'tra@@', 'ff@@', 'i@@', 'o', '.', '</s>']
2025-05-03 12:28:38,983 - INFO - joeynmt.training - 	Source:     die Premierminister Indiens und Japans trafen sich in Tokio .
2025-05-03 12:28:38,983 - INFO - joeynmt.training - 	Reference:  India and Japan prime ministers meet in Tokyo
2025-05-03 12:28:38,983 - INFO - joeynmt.training - 	Hypothesis: the Prime Minister India and Japan are traffio .
2025-05-03 12:28:38,983 - INFO - joeynmt.training - Example #1
2025-05-03 12:28:38,984 - DEBUG - joeynmt.training - 	Tokenized source:     ['Indi@@', 'ens', 'neu@@', 'er', 'Pre@@', 'mi@@', 'er@@', 'minist@@', 'er', 'N@@', 'ar@@', 'end@@', 'ra', 'Mo@@', 'd@@', 'i', 'tri@@', 'fft', 'bei', 's@@', 'einem', 'ersten', 'wichti@@', 'gen', 'Aus@@', 'land@@', 's@@', 'bes@@', 'u@@', 'ch', 'seit', 's@@', 'einem', 'W@@', 'ah@@', 'l@@', 'si@@', 'e@@', 'g', 'im', 'Ma@@', 'i', 'seinen', 'j@@', 'ap@@', 'an@@', 'ischen', 'Am@@', 'ts@@', 'k@@', 'olle@@', 'gen', 'S@@', 'hin@@', 'z@@', 'o', 'A@@', 'be', 'in', 'T@@', 'ok@@', 'o', ',', 'um', 'wirtschaf@@', 'tliche', 'und', 'sicher@@', 'heits@@', 'politische', 'Be@@', 'zieh@@', 'ungen', 'zu', 'bes@@', 'pre@@', 'chen', '.']
2025-05-03 12:28:38,984 - DEBUG - joeynmt.training - 	Tokenized reference:  ['Indi@@', 'a', '&apos;s', 'new', 'pri@@', 'me', 'minist@@', 'er', ',', 'N@@', 'ar@@', 'end@@', 'ra', 'Mo@@', 'd@@', 'i', ',', 'is', 'me@@', 'eting', 'his', 'J@@', 'ap@@', 'an@@', 'ese', 'coun@@', 'ter@@', 'part', ',', 'S@@', 'hin@@', 'z@@', 'o', 'A@@', 'be', ',', 'in', 'T@@', 'ok@@', 'y@@', 'o', 'to', 'disc@@', 'uss', 'economic', 'and', 'security', 'ties', ',', 'on', 'his', 'first', 'major', 'fore@@', 'ign', 'visi@@', 't', 'since', 'w@@', 'inn@@', 'ing', 'Ma@@', 'y', '&apos;s', 'elec@@', 'tion', '.']
2025-05-03 12:28:38,984 - DEBUG - joeynmt.training - 	Tokenized hypothesis: ['Indi@@', 'a', '&apos;s', 'new', 'Pri@@', 'me', 'Minist@@', 'er', 'N@@', 'ar@@', 'end@@', 'ra', 'Mo@@', 'd@@', 'i', ',', 'the', 'first', 'important', 'fore@@', 'ign', 'visi@@', 'tors', 'of', 'his', 'elec@@', 't@@', 'or@@', 'al', 'm@@', 'em@@', 'ory', 'c@@', 'at@@', 'ch@@', 'ed', 'by', 'the', 'J@@', 'ap@@', 'an', 'S@@', 'hin@@', 'z@@', 'o', 'A@@', 'be', 'T@@', 'ok@@', 'o', 'A@@', 'be', 'T@@', 'ok@@', 'o', ',', 'to', 'the', 'economic', 'and', 'saf@@', 'ety', 'political', 'rel@@', 'ations', '.', '</s>']
2025-05-03 12:28:38,984 - INFO - joeynmt.training - 	Source:     Indiens neuer Premierminister Narendra Modi trifft bei seinem ersten wichtigen Auslandsbesuch seit seinem Wahlsieg im Mai seinen japanischen Amtskollegen Shinzo Abe in Toko , um wirtschaftliche und sicherheitspolitische Beziehungen zu besprechen .
2025-05-03 12:28:38,984 - INFO - joeynmt.training - 	Reference:  India &apos;s new prime minister , Narendra Modi , is meeting his Japanese counterpart , Shinzo Abe , in Tokyo to discuss economic and security ties , on his first major foreign visit since winning May &apos;s election .
2025-05-03 12:28:38,984 - INFO - joeynmt.training - 	Hypothesis: India &apos;s new Prime Minister Narendra Modi , the first important foreign visitors of his electoral memory catched by the Japan Shinzo Abe Toko Abe Toko , to the economic and safety political relations .
2025-05-03 12:28:38,984 - INFO - joeynmt.training - Example #2
2025-05-03 12:28:38,984 - DEBUG - joeynmt.training - 	Tokenized source:     ['Herr', 'Mo@@', 'd@@', 'i', 'befindet', 'sich', 'auf', 'einer', 'fü@@', 'n@@', 'f@@', 'tä@@', 'gi@@', 'gen', 'Rei@@', 'se', 'nach', 'J@@', 'ap@@', 'an', ',', 'um', 'die', 'wirtschaf@@', 'tlichen', 'Be@@', 'zieh@@', 'ungen', 'mit', 'der', 'd@@', 'rit@@', 't@@', 'größ@@', 'ten', 'Wirtschafts@@', 'n@@', 'ation', 'der', 'Welt', 'zu', 'fes@@', 'tigen', '.']
2025-05-03 12:28:38,984 - DEBUG - joeynmt.training - 	Tokenized reference:  ['Mr', 'Mo@@', 'd@@', 'i', 'is', 'on', 'a', 'fi@@', 've', '@@@', '-@@', '@', 'day', 'tri@@', 'p', 'to', 'J@@', 'ap@@', 'an', 'to', 'streng@@', 'then', 'economic', 'ties', 'with', 'the', 'third', 'lar@@', 'ges@@', 't', 'econom@@', 'y', 'in', 'the', 'world', '.']
2025-05-03 12:28:38,984 - DEBUG - joeynmt.training - 	Tokenized hypothesis: ['Mr', 'Mo@@', 'd@@', 'i', 'is', 'on', 'a', 'fi@@', 'f@@', 'th', 'of', 'a', 'fi@@', 'f@@', 'te@@', 'en', 'j@@', 'ap@@', 'an', 'to', 'the', 'economic', 'rel@@', 'ations', 'with', 'the', 'third', 'lar@@', 'ges@@', 't', 'economic', 'n@@', 'ation', 'of', 'the', 'world', '.', '</s>']
2025-05-03 12:28:38,985 - INFO - joeynmt.training - 	Source:     Herr Modi befindet sich auf einer fünftägigen Reise nach Japan , um die wirtschaftlichen Beziehungen mit der drittgrößten Wirtschaftsnation der Welt zu festigen .
2025-05-03 12:28:38,985 - INFO - joeynmt.training - 	Reference:  Mr Modi is on a five @-@ day trip to Japan to strengthen economic ties with the third largest economy in the world .
2025-05-03 12:28:38,985 - INFO - joeynmt.training - 	Hypothesis: Mr Modi is on a fifth of a fifteen japan to the economic relations with the third largest economic nation of the world .
2025-05-03 12:28:38,985 - INFO - joeynmt.training - Example #3
2025-05-03 12:28:38,985 - DEBUG - joeynmt.training - 	Tokenized source:     ['P@@', 'län@@', 'e', 'für', 'eine', 'stärk@@', 'ere', 'k@@', 'ern@@', 'techn@@', 'ische', 'Zusammenarbeit', 'stehen', 'ganz', 'ob@@', 'en', 'auf', 'der', 'Tag@@', 'es@@', 'ordnung', '.']
2025-05-03 12:28:38,985 - DEBUG - joeynmt.training - 	Tokenized reference:  ['high', 'on', 'the', 'agen@@', 'da', 'are', 'pl@@', 'ans', 'for', 'gre@@', 'ater', 'nu@@', 'clear', 'c@@', 'o', '@@@', '-@@', '@', 'operation', '.']
2025-05-03 12:28:38,985 - DEBUG - joeynmt.training - 	Tokenized hypothesis: ['pl@@', 'ans', 'for', 'more', 'effective', 'techn@@', 'ical', 'cooperation', 'are', 'very', 'ob@@', 'serv@@', 'ations', 'on', 'the', 'agen@@', 'da', '.', '</s>']
2025-05-03 12:28:38,985 - INFO - joeynmt.training - 	Source:     Pläne für eine stärkere kerntechnische Zusammenarbeit stehen ganz oben auf der Tagesordnung .
2025-05-03 12:28:38,985 - INFO - joeynmt.training - 	Reference:  high on the agenda are plans for greater nuclear co @-@ operation .
2025-05-03 12:28:38,985 - INFO - joeynmt.training - 	Hypothesis: plans for more effective technical cooperation are very observations on the agenda .
2025-05-03 12:28:38,985 - INFO - joeynmt.training - Example #4
2025-05-03 12:28:38,985 - DEBUG - joeynmt.training - 	Tokenized source:     ['Berich@@', 'ten', 'zu@@', 'fol@@', 'ge', 'ho@@', 'fft', 'Indi@@', 'en', 'darüber', 'hinaus', 'auf', 'einen', 'Ver@@', 'trag', 'zur', 'Ver@@', 'tei@@', 'dig@@', 'ungs@@', 'zusammen@@', 'arbeit', 'zwischen', 'den', 'beiden', 'N@@', 'ationen', '.']
2025-05-03 12:28:38,985 - DEBUG - joeynmt.training - 	Tokenized reference:  ['Indi@@', 'a', 'is', 'also', 're@@', 'porte@@', 'dly', 'hop@@', 'ing', 'for', 'a', 'de@@', 'al', 'on', 'def@@', 'ence', 'c@@', 'oll@@', 'ab@@', 'or@@', 'ation', 'between', 'the', 'two', 'n@@', 'ations', '.']
2025-05-03 12:28:38,985 - DEBUG - joeynmt.training - 	Tokenized hypothesis: ['re@@', 'ports', ',', 'in', 'ad@@', 'dition', ',', 'Indi@@', 'a', 'also', 'pro@@', 'per', 'con@@', 'dem@@', 'ning', 'the', 'Tre@@', 'aty', 'of', 'the', 'Committee', 'on', 'A@@', 'men@@', 'd@@', 'ments', '.', '</s>']
2025-05-03 12:28:38,985 - INFO - joeynmt.training - 	Source:     Berichten zufolge hofft Indien darüber hinaus auf einen Vertrag zur Verteidigungszusammenarbeit zwischen den beiden Nationen .
2025-05-03 12:28:38,985 - INFO - joeynmt.training - 	Reference:  India is also reportedly hoping for a deal on defence collaboration between the two nations .
2025-05-03 12:28:38,985 - INFO - joeynmt.training - 	Hypothesis: reports , in addition , India also proper condemning the Treaty of the Committee on Amendments .
2025-05-03 12:28:44,381 - INFO - joeynmt.training - Epoch   9, Step:    34100, Batch Loss:     1.858044, Batch Acc: 0.540419, Tokens per Sec:    17037, Lr: 0.000300
2025-05-03 12:28:49,763 - INFO - joeynmt.training - Epoch   9, Step:    34200, Batch Loss:     1.714626, Batch Acc: 0.534155, Tokens per Sec:    17153, Lr: 0.000300
2025-05-03 12:28:55,089 - INFO - joeynmt.training - Epoch   9, Step:    34300, Batch Loss:     1.714005, Batch Acc: 0.537757, Tokens per Sec:    17245, Lr: 0.000300
2025-05-03 12:29:00,759 - INFO - joeynmt.training - Epoch   9, Step:    34400, Batch Loss:     1.795948, Batch Acc: 0.534692, Tokens per Sec:    16423, Lr: 0.000300
2025-05-03 12:29:06,149 - INFO - joeynmt.training - Epoch   9, Step:    34500, Batch Loss:     1.659508, Batch Acc: 0.543634, Tokens per Sec:    17244, Lr: 0.000300
2025-05-03 12:29:06,149 - INFO - joeynmt.prediction - Predicting 500 example(s)... (Greedy decoding with min_output_length=1, max_output_length=-1, return_prob='none', generate_unk=True, repetition_penalty=-1, no_repeat_ngram_size=-1)
2025-05-03 12:29:11,242 - INFO - joeynmt.prediction - Evaluation result (greedy) loss:   2.10, ppl:   8.16, acc:   0.46, generation: 5.0864[sec], evaluation: 0.0000[sec]
2025-05-03 12:29:11,243 - INFO - joeynmt.training - Example #0
2025-05-03 12:29:11,243 - DEBUG - joeynmt.training - 	Tokenized source:     ['die', 'Pre@@', 'mi@@', 'er@@', 'minist@@', 'er', 'Indi@@', 'ens', 'und', 'J@@', 'ap@@', 'ans', 'tra@@', 'fen', 'sich', 'in', 'T@@', 'ok@@', 'i@@', 'o', '.']
2025-05-03 12:29:11,243 - DEBUG - joeynmt.training - 	Tokenized reference:  ['Indi@@', 'a', 'and', 'J@@', 'ap@@', 'an', 'pri@@', 'me', 'minist@@', 'ers', 'me@@', 'et', 'in', 'T@@', 'ok@@', 'y@@', 'o']
2025-05-03 12:29:11,243 - DEBUG - joeynmt.training - 	Tokenized hypothesis: ['the', 'Pri@@', 'me', 'Minist@@', 'er', 'Indi@@', 'a', 'and', 'J@@', 'ap@@', 'an', 'is', 'in', 'T@@', 'ok@@', 'i@@', 'o', '.', '</s>']
2025-05-03 12:29:11,243 - INFO - joeynmt.training - 	Source:     die Premierminister Indiens und Japans trafen sich in Tokio .
2025-05-03 12:29:11,243 - INFO - joeynmt.training - 	Reference:  India and Japan prime ministers meet in Tokyo
2025-05-03 12:29:11,244 - INFO - joeynmt.training - 	Hypothesis: the Prime Minister India and Japan is in Tokio .
2025-05-03 12:29:11,244 - INFO - joeynmt.training - Example #1
2025-05-03 12:29:11,244 - DEBUG - joeynmt.training - 	Tokenized source:     ['Indi@@', 'ens', 'neu@@', 'er', 'Pre@@', 'mi@@', 'er@@', 'minist@@', 'er', 'N@@', 'ar@@', 'end@@', 'ra', 'Mo@@', 'd@@', 'i', 'tri@@', 'fft', 'bei', 's@@', 'einem', 'ersten', 'wichti@@', 'gen', 'Aus@@', 'land@@', 's@@', 'bes@@', 'u@@', 'ch', 'seit', 's@@', 'einem', 'W@@', 'ah@@', 'l@@', 'si@@', 'e@@', 'g', 'im', 'Ma@@', 'i', 'seinen', 'j@@', 'ap@@', 'an@@', 'ischen', 'Am@@', 'ts@@', 'k@@', 'olle@@', 'gen', 'S@@', 'hin@@', 'z@@', 'o', 'A@@', 'be', 'in', 'T@@', 'ok@@', 'o', ',', 'um', 'wirtschaf@@', 'tliche', 'und', 'sicher@@', 'heits@@', 'politische', 'Be@@', 'zieh@@', 'ungen', 'zu', 'bes@@', 'pre@@', 'chen', '.']
2025-05-03 12:29:11,244 - DEBUG - joeynmt.training - 	Tokenized reference:  ['Indi@@', 'a', '&apos;s', 'new', 'pri@@', 'me', 'minist@@', 'er', ',', 'N@@', 'ar@@', 'end@@', 'ra', 'Mo@@', 'd@@', 'i', ',', 'is', 'me@@', 'eting', 'his', 'J@@', 'ap@@', 'an@@', 'ese', 'coun@@', 'ter@@', 'part', ',', 'S@@', 'hin@@', 'z@@', 'o', 'A@@', 'be', ',', 'in', 'T@@', 'ok@@', 'y@@', 'o', 'to', 'disc@@', 'uss', 'economic', 'and', 'security', 'ties', ',', 'on', 'his', 'first', 'major', 'fore@@', 'ign', 'visi@@', 't', 'since', 'w@@', 'inn@@', 'ing', 'Ma@@', 'y', '&apos;s', 'elec@@', 'tion', '.']
2025-05-03 12:29:11,244 - DEBUG - joeynmt.training - 	Tokenized hypothesis: ['Indi@@', 'a', '&apos;s', 'new', 'Pri@@', 'me', 'Minist@@', 'er', 'N@@', 'ar@@', 'end@@', 'ra', 'Mo@@', 'd@@', 'i', ',', 'the', 'first', 'important', 'ex@@', 'o@@', 'tic', 'visi@@', 't', 'to', 'the', 'M@@', 'ini@@', 'stry', 'of', 'N@@', 'ar@@', 'end@@', 'ra', 'Mo@@', 'd@@', 'i', ',', 'S@@', 'hin@@', 'z@@', 'o', 'A@@', 'be', 'in', 'T@@', 'ok@@', 'o', ',', 'in', 'the', 'first', 'of', 'the', 'M@@', 'ini@@', 'stry', 'and', 'S@@', 'ec@@', 'urity', 'political', 'rel@@', 'ations', '.', '</s>']
2025-05-03 12:29:11,244 - INFO - joeynmt.training - 	Source:     Indiens neuer Premierminister Narendra Modi trifft bei seinem ersten wichtigen Auslandsbesuch seit seinem Wahlsieg im Mai seinen japanischen Amtskollegen Shinzo Abe in Toko , um wirtschaftliche und sicherheitspolitische Beziehungen zu besprechen .
2025-05-03 12:29:11,244 - INFO - joeynmt.training - 	Reference:  India &apos;s new prime minister , Narendra Modi , is meeting his Japanese counterpart , Shinzo Abe , in Tokyo to discuss economic and security ties , on his first major foreign visit since winning May &apos;s election .
2025-05-03 12:29:11,245 - INFO - joeynmt.training - 	Hypothesis: India &apos;s new Prime Minister Narendra Modi , the first important exotic visit to the Ministry of Narendra Modi , Shinzo Abe in Toko , in the first of the Ministry and Security political relations .
2025-05-03 12:29:11,245 - INFO - joeynmt.training - Example #2
2025-05-03 12:29:11,245 - DEBUG - joeynmt.training - 	Tokenized source:     ['Herr', 'Mo@@', 'd@@', 'i', 'befindet', 'sich', 'auf', 'einer', 'fü@@', 'n@@', 'f@@', 'tä@@', 'gi@@', 'gen', 'Rei@@', 'se', 'nach', 'J@@', 'ap@@', 'an', ',', 'um', 'die', 'wirtschaf@@', 'tlichen', 'Be@@', 'zieh@@', 'ungen', 'mit', 'der', 'd@@', 'rit@@', 't@@', 'größ@@', 'ten', 'Wirtschafts@@', 'n@@', 'ation', 'der', 'Welt', 'zu', 'fes@@', 'tigen', '.']
2025-05-03 12:29:11,245 - DEBUG - joeynmt.training - 	Tokenized reference:  ['Mr', 'Mo@@', 'd@@', 'i', 'is', 'on', 'a', 'fi@@', 've', '@@@', '-@@', '@', 'day', 'tri@@', 'p', 'to', 'J@@', 'ap@@', 'an', 'to', 'streng@@', 'then', 'economic', 'ties', 'with', 'the', 'third', 'lar@@', 'ges@@', 't', 'econom@@', 'y', 'in', 'the', 'world', '.']
2025-05-03 12:29:11,245 - DEBUG - joeynmt.training - 	Tokenized hypothesis: ['Mr', 'Mo@@', 'd@@', 'i', 'is', 'on', 'a', 'fi@@', 'f@@', 'ty', 'of', 'the', 'world', '&apos;s', 'economic', 'rel@@', 'ations', 'with', 'the', 'third', 'lar@@', 'ges@@', 't', 'economic', 'rel@@', 'ations', 'with', 'the', 'third', 'lar@@', 'ges@@', 't', 'economic', 'n@@', 'ation', 'of', 'the', 'world', '.', '</s>']
2025-05-03 12:29:11,245 - INFO - joeynmt.training - 	Source:     Herr Modi befindet sich auf einer fünftägigen Reise nach Japan , um die wirtschaftlichen Beziehungen mit der drittgrößten Wirtschaftsnation der Welt zu festigen .
2025-05-03 12:29:11,245 - INFO - joeynmt.training - 	Reference:  Mr Modi is on a five @-@ day trip to Japan to strengthen economic ties with the third largest economy in the world .
2025-05-03 12:29:11,245 - INFO - joeynmt.training - 	Hypothesis: Mr Modi is on a fifty of the world &apos;s economic relations with the third largest economic relations with the third largest economic nation of the world .
2025-05-03 12:29:11,245 - INFO - joeynmt.training - Example #3
2025-05-03 12:29:11,245 - DEBUG - joeynmt.training - 	Tokenized source:     ['P@@', 'län@@', 'e', 'für', 'eine', 'stärk@@', 'ere', 'k@@', 'ern@@', 'techn@@', 'ische', 'Zusammenarbeit', 'stehen', 'ganz', 'ob@@', 'en', 'auf', 'der', 'Tag@@', 'es@@', 'ordnung', '.']
2025-05-03 12:29:11,245 - DEBUG - joeynmt.training - 	Tokenized reference:  ['high', 'on', 'the', 'agen@@', 'da', 'are', 'pl@@', 'ans', 'for', 'gre@@', 'ater', 'nu@@', 'clear', 'c@@', 'o', '@@@', '-@@', '@', 'operation', '.']
2025-05-03 12:29:11,245 - DEBUG - joeynmt.training - 	Tokenized hypothesis: ['P@@', 'l@@', 'ars', 'for', 'more', 'effective', 'techn@@', 'ical', 'cooperation', 'are', 'qu@@', 'ite', 'ob@@', 'vi@@', 'ous', 'on', 'the', 'agen@@', 'da', '.', '</s>']
2025-05-03 12:29:11,245 - INFO - joeynmt.training - 	Source:     Pläne für eine stärkere kerntechnische Zusammenarbeit stehen ganz oben auf der Tagesordnung .
2025-05-03 12:29:11,246 - INFO - joeynmt.training - 	Reference:  high on the agenda are plans for greater nuclear co @-@ operation .
2025-05-03 12:29:11,246 - INFO - joeynmt.training - 	Hypothesis: Plars for more effective technical cooperation are quite obvious on the agenda .
2025-05-03 12:29:11,246 - INFO - joeynmt.training - Example #4
2025-05-03 12:29:11,246 - DEBUG - joeynmt.training - 	Tokenized source:     ['Berich@@', 'ten', 'zu@@', 'fol@@', 'ge', 'ho@@', 'fft', 'Indi@@', 'en', 'darüber', 'hinaus', 'auf', 'einen', 'Ver@@', 'trag', 'zur', 'Ver@@', 'tei@@', 'dig@@', 'ungs@@', 'zusammen@@', 'arbeit', 'zwischen', 'den', 'beiden', 'N@@', 'ationen', '.']
2025-05-03 12:29:11,246 - DEBUG - joeynmt.training - 	Tokenized reference:  ['Indi@@', 'a', 'is', 'also', 're@@', 'porte@@', 'dly', 'hop@@', 'ing', 'for', 'a', 'de@@', 'al', 'on', 'def@@', 'ence', 'c@@', 'oll@@', 'ab@@', 'or@@', 'ation', 'between', 'the', 'two', 'n@@', 'ations', '.']
2025-05-03 12:29:11,246 - DEBUG - joeynmt.training - 	Tokenized hypothesis: ['re@@', 'ports', 'are', 'following', ',', 'indi@@', 'c@@', 'ate', 'that', 'the', 'Tre@@', 'aty', 'on', 'the', 'basis', 'of', 'the', 'two', 'n@@', 'ations', '.', '</s>']
2025-05-03 12:29:11,246 - INFO - joeynmt.training - 	Source:     Berichten zufolge hofft Indien darüber hinaus auf einen Vertrag zur Verteidigungszusammenarbeit zwischen den beiden Nationen .
2025-05-03 12:29:11,246 - INFO - joeynmt.training - 	Reference:  India is also reportedly hoping for a deal on defence collaboration between the two nations .
2025-05-03 12:29:11,246 - INFO - joeynmt.training - 	Hypothesis: reports are following , indicate that the Treaty on the basis of the two nations .
2025-05-03 12:29:16,641 - INFO - joeynmt.training - Epoch   9, Step:    34600, Batch Loss:     1.526656, Batch Acc: 0.547592, Tokens per Sec:    16784, Lr: 0.000300
2025-05-03 12:29:22,156 - INFO - joeynmt.training - Epoch   9, Step:    34700, Batch Loss:     1.577700, Batch Acc: 0.539725, Tokens per Sec:    16529, Lr: 0.000300
2025-05-03 12:29:27,611 - INFO - joeynmt.training - Epoch   9, Step:    34800, Batch Loss:     1.630102, Batch Acc: 0.537433, Tokens per Sec:    17008, Lr: 0.000300
2025-05-03 12:29:33,191 - INFO - joeynmt.training - Epoch   9, Step:    34900, Batch Loss:     1.928786, Batch Acc: 0.539098, Tokens per Sec:    16561, Lr: 0.000300
2025-05-03 12:29:38,607 - INFO - joeynmt.training - Epoch   9, Step:    35000, Batch Loss:     1.640547, Batch Acc: 0.539284, Tokens per Sec:    17054, Lr: 0.000300
2025-05-03 12:29:38,607 - INFO - joeynmt.prediction - Predicting 500 example(s)... (Greedy decoding with min_output_length=1, max_output_length=-1, return_prob='none', generate_unk=True, repetition_penalty=-1, no_repeat_ngram_size=-1)
2025-05-03 12:29:44,493 - INFO - joeynmt.prediction - Evaluation result (greedy) loss:   2.09, ppl:   8.06, acc:   0.46, generation: 5.8792[sec], evaluation: 0.0000[sec]
2025-05-03 12:29:44,493 - INFO - joeynmt.training - Hooray! New best validation result [ppl]!
2025-05-03 12:29:44,580 - INFO - joeynmt.helpers - delete models/deen_transformer_pre/31000.ckpt
2025-05-03 12:29:44,585 - INFO - joeynmt.training - Example #0
2025-05-03 12:29:44,585 - DEBUG - joeynmt.training - 	Tokenized source:     ['die', 'Pre@@', 'mi@@', 'er@@', 'minist@@', 'er', 'Indi@@', 'ens', 'und', 'J@@', 'ap@@', 'ans', 'tra@@', 'fen', 'sich', 'in', 'T@@', 'ok@@', 'i@@', 'o', '.']
2025-05-03 12:29:44,585 - DEBUG - joeynmt.training - 	Tokenized reference:  ['Indi@@', 'a', 'and', 'J@@', 'ap@@', 'an', 'pri@@', 'me', 'minist@@', 'ers', 'me@@', 'et', 'in', 'T@@', 'ok@@', 'y@@', 'o']
2025-05-03 12:29:44,585 - DEBUG - joeynmt.training - 	Tokenized hypothesis: ['the', 'Pri@@', 'me', 'Minist@@', 'er', 'Indi@@', 'a', 'and', 'J@@', 'ap@@', 'an', '&apos;s', 'M@@', 'ini@@', 'stry', '.', '</s>']
2025-05-03 12:29:44,585 - INFO - joeynmt.training - 	Source:     die Premierminister Indiens und Japans trafen sich in Tokio .
2025-05-03 12:29:44,585 - INFO - joeynmt.training - 	Reference:  India and Japan prime ministers meet in Tokyo
2025-05-03 12:29:44,585 - INFO - joeynmt.training - 	Hypothesis: the Prime Minister India and Japan &apos;s Ministry .
2025-05-03 12:29:44,586 - INFO - joeynmt.training - Example #1
2025-05-03 12:29:44,586 - DEBUG - joeynmt.training - 	Tokenized source:     ['Indi@@', 'ens', 'neu@@', 'er', 'Pre@@', 'mi@@', 'er@@', 'minist@@', 'er', 'N@@', 'ar@@', 'end@@', 'ra', 'Mo@@', 'd@@', 'i', 'tri@@', 'fft', 'bei', 's@@', 'einem', 'ersten', 'wichti@@', 'gen', 'Aus@@', 'land@@', 's@@', 'bes@@', 'u@@', 'ch', 'seit', 's@@', 'einem', 'W@@', 'ah@@', 'l@@', 'si@@', 'e@@', 'g', 'im', 'Ma@@', 'i', 'seinen', 'j@@', 'ap@@', 'an@@', 'ischen', 'Am@@', 'ts@@', 'k@@', 'olle@@', 'gen', 'S@@', 'hin@@', 'z@@', 'o', 'A@@', 'be', 'in', 'T@@', 'ok@@', 'o', ',', 'um', 'wirtschaf@@', 'tliche', 'und', 'sicher@@', 'heits@@', 'politische', 'Be@@', 'zieh@@', 'ungen', 'zu', 'bes@@', 'pre@@', 'chen', '.']
2025-05-03 12:29:44,586 - DEBUG - joeynmt.training - 	Tokenized reference:  ['Indi@@', 'a', '&apos;s', 'new', 'pri@@', 'me', 'minist@@', 'er', ',', 'N@@', 'ar@@', 'end@@', 'ra', 'Mo@@', 'd@@', 'i', ',', 'is', 'me@@', 'eting', 'his', 'J@@', 'ap@@', 'an@@', 'ese', 'coun@@', 'ter@@', 'part', ',', 'S@@', 'hin@@', 'z@@', 'o', 'A@@', 'be', ',', 'in', 'T@@', 'ok@@', 'y@@', 'o', 'to', 'disc@@', 'uss', 'economic', 'and', 'security', 'ties', ',', 'on', 'his', 'first', 'major', 'fore@@', 'ign', 'visi@@', 't', 'since', 'w@@', 'inn@@', 'ing', 'Ma@@', 'y', '&apos;s', 'elec@@', 'tion', '.']
2025-05-03 12:29:44,586 - DEBUG - joeynmt.training - 	Tokenized hypothesis: ['Indi@@', 'a', '&apos;s', '&apos;s', 'Ne@@', 'er', 'Pri@@', 'me', 'Minist@@', 'er', 'N@@', 'ar@@', 'end@@', 'ra', 'Mo@@', 'd@@', 'i', ',', 'in', 'his', 'first', 'important', 'fore@@', 'ign', 'visi@@', 'tors', ',', 'the', 'S@@', 'hin@@', 'z@@', 'o', 'A@@', 'in', 'T@@', 'ok@@', 'o', ',', 'in', 'the', 'M@@', 'ini@@', 'stry', 'of', 'S@@', 'hin@@', 'z@@', 'o', 'A@@', 'in', 'T@@', 'ok@@', 'o', ',', 'in', 'order', 'to', 'be', 'the', 'economic', 'and', 'saf@@', 'ety', 'political', 'rel@@', 'ations', '.', '</s>']
2025-05-03 12:29:44,586 - INFO - joeynmt.training - 	Source:     Indiens neuer Premierminister Narendra Modi trifft bei seinem ersten wichtigen Auslandsbesuch seit seinem Wahlsieg im Mai seinen japanischen Amtskollegen Shinzo Abe in Toko , um wirtschaftliche und sicherheitspolitische Beziehungen zu besprechen .
2025-05-03 12:29:44,586 - INFO - joeynmt.training - 	Reference:  India &apos;s new prime minister , Narendra Modi , is meeting his Japanese counterpart , Shinzo Abe , in Tokyo to discuss economic and security ties , on his first major foreign visit since winning May &apos;s election .
2025-05-03 12:29:44,586 - INFO - joeynmt.training - 	Hypothesis: India &apos;s &apos;s Neer Prime Minister Narendra Modi , in his first important foreign visitors , the Shinzo Ain Toko , in the Ministry of Shinzo Ain Toko , in order to be the economic and safety political relations .
2025-05-03 12:29:44,586 - INFO - joeynmt.training - Example #2
2025-05-03 12:29:44,586 - DEBUG - joeynmt.training - 	Tokenized source:     ['Herr', 'Mo@@', 'd@@', 'i', 'befindet', 'sich', 'auf', 'einer', 'fü@@', 'n@@', 'f@@', 'tä@@', 'gi@@', 'gen', 'Rei@@', 'se', 'nach', 'J@@', 'ap@@', 'an', ',', 'um', 'die', 'wirtschaf@@', 'tlichen', 'Be@@', 'zieh@@', 'ungen', 'mit', 'der', 'd@@', 'rit@@', 't@@', 'größ@@', 'ten', 'Wirtschafts@@', 'n@@', 'ation', 'der', 'Welt', 'zu', 'fes@@', 'tigen', '.']
2025-05-03 12:29:44,586 - DEBUG - joeynmt.training - 	Tokenized reference:  ['Mr', 'Mo@@', 'd@@', 'i', 'is', 'on', 'a', 'fi@@', 've', '@@@', '-@@', '@', 'day', 'tri@@', 'p', 'to', 'J@@', 'ap@@', 'an', 'to', 'streng@@', 'then', 'economic', 'ties', 'with', 'the', 'third', 'lar@@', 'ges@@', 't', 'econom@@', 'y', 'in', 'the', 'world', '.']
2025-05-03 12:29:44,586 - DEBUG - joeynmt.training - 	Tokenized hypothesis: ['Mr', 'Mo@@', 'd@@', 'i', 'is', 'on', 'a', 'fi@@', 'f@@', 'ty', 'tri@@', 'p', 'to', 'J@@', 'ap@@', 'an', 'to', 'the', 'economic', 'rel@@', 'ations', 'with', 'the', 'third', 'lar@@', 'ges@@', 't', 'economic', 'rel@@', 'ations', 'with', 'the', 'third', 'lar@@', 'ges@@', 't', 'economic', 'n@@', 'ation', 'of', 'the', 'world', '.', '</s>']
2025-05-03 12:29:44,586 - INFO - joeynmt.training - 	Source:     Herr Modi befindet sich auf einer fünftägigen Reise nach Japan , um die wirtschaftlichen Beziehungen mit der drittgrößten Wirtschaftsnation der Welt zu festigen .
2025-05-03 12:29:44,587 - INFO - joeynmt.training - 	Reference:  Mr Modi is on a five @-@ day trip to Japan to strengthen economic ties with the third largest economy in the world .
2025-05-03 12:29:44,587 - INFO - joeynmt.training - 	Hypothesis: Mr Modi is on a fifty trip to Japan to the economic relations with the third largest economic relations with the third largest economic nation of the world .
2025-05-03 12:29:44,587 - INFO - joeynmt.training - Example #3
2025-05-03 12:29:44,587 - DEBUG - joeynmt.training - 	Tokenized source:     ['P@@', 'län@@', 'e', 'für', 'eine', 'stärk@@', 'ere', 'k@@', 'ern@@', 'techn@@', 'ische', 'Zusammenarbeit', 'stehen', 'ganz', 'ob@@', 'en', 'auf', 'der', 'Tag@@', 'es@@', 'ordnung', '.']
2025-05-03 12:29:44,587 - DEBUG - joeynmt.training - 	Tokenized reference:  ['high', 'on', 'the', 'agen@@', 'da', 'are', 'pl@@', 'ans', 'for', 'gre@@', 'ater', 'nu@@', 'clear', 'c@@', 'o', '@@@', '-@@', '@', 'operation', '.']
2025-05-03 12:29:44,587 - DEBUG - joeynmt.training - 	Tokenized hypothesis: ['pl@@', 'ans', 'for', 'more', 'co@@', '-@@', 'seri@@', 'ous', 'techn@@', 'ical', 'cooperation', 'are', 'enti@@', 're@@', 'ly', 'on', 'the', 'agen@@', 'da', '.', '</s>']
2025-05-03 12:29:44,587 - INFO - joeynmt.training - 	Source:     Pläne für eine stärkere kerntechnische Zusammenarbeit stehen ganz oben auf der Tagesordnung .
2025-05-03 12:29:44,587 - INFO - joeynmt.training - 	Reference:  high on the agenda are plans for greater nuclear co @-@ operation .
2025-05-03 12:29:44,587 - INFO - joeynmt.training - 	Hypothesis: plans for more co-serious technical cooperation are entirely on the agenda .
2025-05-03 12:29:44,587 - INFO - joeynmt.training - Example #4
2025-05-03 12:29:44,587 - DEBUG - joeynmt.training - 	Tokenized source:     ['Berich@@', 'ten', 'zu@@', 'fol@@', 'ge', 'ho@@', 'fft', 'Indi@@', 'en', 'darüber', 'hinaus', 'auf', 'einen', 'Ver@@', 'trag', 'zur', 'Ver@@', 'tei@@', 'dig@@', 'ungs@@', 'zusammen@@', 'arbeit', 'zwischen', 'den', 'beiden', 'N@@', 'ationen', '.']
2025-05-03 12:29:44,587 - DEBUG - joeynmt.training - 	Tokenized reference:  ['Indi@@', 'a', 'is', 'also', 're@@', 'porte@@', 'dly', 'hop@@', 'ing', 'for', 'a', 'de@@', 'al', 'on', 'def@@', 'ence', 'c@@', 'oll@@', 'ab@@', 'or@@', 'ation', 'between', 'the', 'two', 'n@@', 'ations', '.']
2025-05-03 12:29:44,587 - DEBUG - joeynmt.training - 	Tokenized hypothesis: ['re@@', 'ports', ',', 'Indi@@', 'a', '&apos;s', 're@@', 'ports', 'on', 'the', 'con@@', 'dem@@', 'ning', 'co@@', '-@@', 'operation', 'between', 'the', 'two', 'n@@', 'ations', '.', '</s>']
2025-05-03 12:29:44,588 - INFO - joeynmt.training - 	Source:     Berichten zufolge hofft Indien darüber hinaus auf einen Vertrag zur Verteidigungszusammenarbeit zwischen den beiden Nationen .
2025-05-03 12:29:44,588 - INFO - joeynmt.training - 	Reference:  India is also reportedly hoping for a deal on defence collaboration between the two nations .
2025-05-03 12:29:44,588 - INFO - joeynmt.training - 	Hypothesis: reports , India &apos;s reports on the condemning co-operation between the two nations .
2025-05-03 12:29:50,055 - INFO - joeynmt.training - Epoch   9, Step:    35100, Batch Loss:     1.715503, Batch Acc: 0.538729, Tokens per Sec:    16416, Lr: 0.000300
2025-05-03 12:29:55,605 - INFO - joeynmt.training - Epoch   9, Step:    35200, Batch Loss:     1.615749, Batch Acc: 0.544352, Tokens per Sec:    16400, Lr: 0.000300
2025-05-03 12:30:01,100 - INFO - joeynmt.training - Epoch   9, Step:    35300, Batch Loss:     1.695229, Batch Acc: 0.534471, Tokens per Sec:    16546, Lr: 0.000300
2025-05-03 12:30:06,554 - INFO - joeynmt.training - Epoch   9, Step:    35400, Batch Loss:     1.679536, Batch Acc: 0.542610, Tokens per Sec:    16871, Lr: 0.000300
2025-05-03 12:30:12,109 - INFO - joeynmt.training - Epoch   9, Step:    35500, Batch Loss:     1.863572, Batch Acc: 0.541683, Tokens per Sec:    16481, Lr: 0.000300
2025-05-03 12:30:12,109 - INFO - joeynmt.prediction - Predicting 500 example(s)... (Greedy decoding with min_output_length=1, max_output_length=-1, return_prob='none', generate_unk=True, repetition_penalty=-1, no_repeat_ngram_size=-1)
2025-05-03 12:30:17,698 - INFO - joeynmt.prediction - Evaluation result (greedy) loss:   2.08, ppl:   7.99, acc:   0.46, generation: 5.5818[sec], evaluation: 0.0000[sec]
2025-05-03 12:30:17,698 - INFO - joeynmt.training - Hooray! New best validation result [ppl]!
2025-05-03 12:30:17,778 - INFO - joeynmt.helpers - delete models/deen_transformer_pre/33500.ckpt
2025-05-03 12:30:17,784 - INFO - joeynmt.training - Example #0
2025-05-03 12:30:17,784 - DEBUG - joeynmt.training - 	Tokenized source:     ['die', 'Pre@@', 'mi@@', 'er@@', 'minist@@', 'er', 'Indi@@', 'ens', 'und', 'J@@', 'ap@@', 'ans', 'tra@@', 'fen', 'sich', 'in', 'T@@', 'ok@@', 'i@@', 'o', '.']
2025-05-03 12:30:17,784 - DEBUG - joeynmt.training - 	Tokenized reference:  ['Indi@@', 'a', 'and', 'J@@', 'ap@@', 'an', 'pri@@', 'me', 'minist@@', 'ers', 'me@@', 'et', 'in', 'T@@', 'ok@@', 'y@@', 'o']
2025-05-03 12:30:17,784 - DEBUG - joeynmt.training - 	Tokenized hypothesis: ['the', 'Pri@@', 'me', 'Minist@@', 'er', 'Indi@@', 'a', 'and', 'J@@', 'ap@@', 'an', ',', 'in', 'T@@', 'ok@@', 'i@@', 'o', '.', '</s>']
2025-05-03 12:30:17,785 - INFO - joeynmt.training - 	Source:     die Premierminister Indiens und Japans trafen sich in Tokio .
2025-05-03 12:30:17,785 - INFO - joeynmt.training - 	Reference:  India and Japan prime ministers meet in Tokyo
2025-05-03 12:30:17,785 - INFO - joeynmt.training - 	Hypothesis: the Prime Minister India and Japan , in Tokio .
2025-05-03 12:30:17,785 - INFO - joeynmt.training - Example #1
2025-05-03 12:30:17,785 - DEBUG - joeynmt.training - 	Tokenized source:     ['Indi@@', 'ens', 'neu@@', 'er', 'Pre@@', 'mi@@', 'er@@', 'minist@@', 'er', 'N@@', 'ar@@', 'end@@', 'ra', 'Mo@@', 'd@@', 'i', 'tri@@', 'fft', 'bei', 's@@', 'einem', 'ersten', 'wichti@@', 'gen', 'Aus@@', 'land@@', 's@@', 'bes@@', 'u@@', 'ch', 'seit', 's@@', 'einem', 'W@@', 'ah@@', 'l@@', 'si@@', 'e@@', 'g', 'im', 'Ma@@', 'i', 'seinen', 'j@@', 'ap@@', 'an@@', 'ischen', 'Am@@', 'ts@@', 'k@@', 'olle@@', 'gen', 'S@@', 'hin@@', 'z@@', 'o', 'A@@', 'be', 'in', 'T@@', 'ok@@', 'o', ',', 'um', 'wirtschaf@@', 'tliche', 'und', 'sicher@@', 'heits@@', 'politische', 'Be@@', 'zieh@@', 'ungen', 'zu', 'bes@@', 'pre@@', 'chen', '.']
2025-05-03 12:30:17,785 - DEBUG - joeynmt.training - 	Tokenized reference:  ['Indi@@', 'a', '&apos;s', 'new', 'pri@@', 'me', 'minist@@', 'er', ',', 'N@@', 'ar@@', 'end@@', 'ra', 'Mo@@', 'd@@', 'i', ',', 'is', 'me@@', 'eting', 'his', 'J@@', 'ap@@', 'an@@', 'ese', 'coun@@', 'ter@@', 'part', ',', 'S@@', 'hin@@', 'z@@', 'o', 'A@@', 'be', ',', 'in', 'T@@', 'ok@@', 'y@@', 'o', 'to', 'disc@@', 'uss', 'economic', 'and', 'security', 'ties', ',', 'on', 'his', 'first', 'major', 'fore@@', 'ign', 'visi@@', 't', 'since', 'w@@', 'inn@@', 'ing', 'Ma@@', 'y', '&apos;s', 'elec@@', 'tion', '.']
2025-05-03 12:30:17,785 - DEBUG - joeynmt.training - 	Tokenized hypothesis: ['Indi@@', 'a', '&apos;s', '&apos;s', 'new', 'Pri@@', 'me', 'Minist@@', 'er', 'N@@', 'ar@@', 'end@@', 'ra', 'Mo@@', 'd@@', 'i', ',', 'in', 'his', 'first', 'important', 'ex@@', 'o@@', 'tic', 'visi@@', 't', 'to', 'the', 'Ma@@', 'y', 'of', 'his', 'J@@', 'ap@@', 'an@@', 'ese', ',', 'M@@', 'er@@', 'o', 'A@@', 'in', 'T@@', 'ok@@', 'o', ',', 'in', 'T@@', 'ok@@', 'o', ',', 'in', 'the', 'first', 'of', 'the', 'J@@', 'ap@@', 'an@@', 'ese', 'of', 'S@@', 'hin@@', 'z@@', 'o', 'A@@', 'in', 'T@@', 'ok@@', 'o', ',', 'in', 'the', 'first', 'place', ',', 'and', 'saf@@', 'ety', 'political', 'rel@@', 'ations', '.', '</s>']
2025-05-03 12:30:17,785 - INFO - joeynmt.training - 	Source:     Indiens neuer Premierminister Narendra Modi trifft bei seinem ersten wichtigen Auslandsbesuch seit seinem Wahlsieg im Mai seinen japanischen Amtskollegen Shinzo Abe in Toko , um wirtschaftliche und sicherheitspolitische Beziehungen zu besprechen .
2025-05-03 12:30:17,785 - INFO - joeynmt.training - 	Reference:  India &apos;s new prime minister , Narendra Modi , is meeting his Japanese counterpart , Shinzo Abe , in Tokyo to discuss economic and security ties , on his first major foreign visit since winning May &apos;s election .
2025-05-03 12:30:17,786 - INFO - joeynmt.training - 	Hypothesis: India &apos;s &apos;s new Prime Minister Narendra Modi , in his first important exotic visit to the May of his Japanese , Mero Ain Toko , in Toko , in the first of the Japanese of Shinzo Ain Toko , in the first place , and safety political relations .
2025-05-03 12:30:17,786 - INFO - joeynmt.training - Example #2
2025-05-03 12:30:17,786 - DEBUG - joeynmt.training - 	Tokenized source:     ['Herr', 'Mo@@', 'd@@', 'i', 'befindet', 'sich', 'auf', 'einer', 'fü@@', 'n@@', 'f@@', 'tä@@', 'gi@@', 'gen', 'Rei@@', 'se', 'nach', 'J@@', 'ap@@', 'an', ',', 'um', 'die', 'wirtschaf@@', 'tlichen', 'Be@@', 'zieh@@', 'ungen', 'mit', 'der', 'd@@', 'rit@@', 't@@', 'größ@@', 'ten', 'Wirtschafts@@', 'n@@', 'ation', 'der', 'Welt', 'zu', 'fes@@', 'tigen', '.']
2025-05-03 12:30:17,786 - DEBUG - joeynmt.training - 	Tokenized reference:  ['Mr', 'Mo@@', 'd@@', 'i', 'is', 'on', 'a', 'fi@@', 've', '@@@', '-@@', '@', 'day', 'tri@@', 'p', 'to', 'J@@', 'ap@@', 'an', 'to', 'streng@@', 'then', 'economic', 'ties', 'with', 'the', 'third', 'lar@@', 'ges@@', 't', 'econom@@', 'y', 'in', 'the', 'world', '.']
2025-05-03 12:30:17,786 - DEBUG - joeynmt.training - 	Tokenized hypothesis: ['Mr', 'Mo@@', 'd@@', 'i', 'is', 'on', 'a', 'fi@@', 'f@@', 'ty', 'tri@@', 'p', 'to', 'J@@', 'ap@@', 'an', ',', 'to', 'the', 'economic', 'rel@@', 'ations', 'with', 'the', 'third', 'lar@@', 'ges@@', 't', 'economic', 'rel@@', 'ations', 'with', 'the', 'world', '&apos;s', 'd@@', 'ut@@', 'y', '.', '</s>']
2025-05-03 12:30:17,786 - INFO - joeynmt.training - 	Source:     Herr Modi befindet sich auf einer fünftägigen Reise nach Japan , um die wirtschaftlichen Beziehungen mit der drittgrößten Wirtschaftsnation der Welt zu festigen .
2025-05-03 12:30:17,786 - INFO - joeynmt.training - 	Reference:  Mr Modi is on a five @-@ day trip to Japan to strengthen economic ties with the third largest economy in the world .
2025-05-03 12:30:17,786 - INFO - joeynmt.training - 	Hypothesis: Mr Modi is on a fifty trip to Japan , to the economic relations with the third largest economic relations with the world &apos;s duty .
2025-05-03 12:30:17,786 - INFO - joeynmt.training - Example #3
2025-05-03 12:30:17,786 - DEBUG - joeynmt.training - 	Tokenized source:     ['P@@', 'län@@', 'e', 'für', 'eine', 'stärk@@', 'ere', 'k@@', 'ern@@', 'techn@@', 'ische', 'Zusammenarbeit', 'stehen', 'ganz', 'ob@@', 'en', 'auf', 'der', 'Tag@@', 'es@@', 'ordnung', '.']
2025-05-03 12:30:17,786 - DEBUG - joeynmt.training - 	Tokenized reference:  ['high', 'on', 'the', 'agen@@', 'da', 'are', 'pl@@', 'ans', 'for', 'gre@@', 'ater', 'nu@@', 'clear', 'c@@', 'o', '@@@', '-@@', '@', 'operation', '.']
2025-05-03 12:30:17,787 - DEBUG - joeynmt.training - 	Tokenized hypothesis: ['pl@@', 'ans', 'for', 'more', 'more', 'nu@@', 'clear', 'techn@@', 'ical', 'cooperation', 'are', 'enti@@', 're@@', 'ly', 'on', 'the', 'agen@@', 'da', '.', '</s>']
2025-05-03 12:30:17,787 - INFO - joeynmt.training - 	Source:     Pläne für eine stärkere kerntechnische Zusammenarbeit stehen ganz oben auf der Tagesordnung .
2025-05-03 12:30:17,787 - INFO - joeynmt.training - 	Reference:  high on the agenda are plans for greater nuclear co @-@ operation .
2025-05-03 12:30:17,787 - INFO - joeynmt.training - 	Hypothesis: plans for more more nuclear technical cooperation are entirely on the agenda .
2025-05-03 12:30:17,787 - INFO - joeynmt.training - Example #4
2025-05-03 12:30:17,787 - DEBUG - joeynmt.training - 	Tokenized source:     ['Berich@@', 'ten', 'zu@@', 'fol@@', 'ge', 'ho@@', 'fft', 'Indi@@', 'en', 'darüber', 'hinaus', 'auf', 'einen', 'Ver@@', 'trag', 'zur', 'Ver@@', 'tei@@', 'dig@@', 'ungs@@', 'zusammen@@', 'arbeit', 'zwischen', 'den', 'beiden', 'N@@', 'ationen', '.']
2025-05-03 12:30:17,787 - DEBUG - joeynmt.training - 	Tokenized reference:  ['Indi@@', 'a', 'is', 'also', 're@@', 'porte@@', 'dly', 'hop@@', 'ing', 'for', 'a', 'de@@', 'al', 'on', 'def@@', 'ence', 'c@@', 'oll@@', 'ab@@', 'or@@', 'ation', 'between', 'the', 'two', 'n@@', 'ations', '.']
2025-05-03 12:30:17,787 - DEBUG - joeynmt.training - 	Tokenized hypothesis: ['re@@', 'ports', ',', 'Indi@@', 'a', '&apos;s', 'high@@', 'ly', 're@@', 'ports', 'on', 'the', 'Tre@@', 'aty', 'on', 'the', 'Tre@@', 'aty', 'of', 'N@@', 'ations', '.', '</s>']
2025-05-03 12:30:17,787 - INFO - joeynmt.training - 	Source:     Berichten zufolge hofft Indien darüber hinaus auf einen Vertrag zur Verteidigungszusammenarbeit zwischen den beiden Nationen .
2025-05-03 12:30:17,787 - INFO - joeynmt.training - 	Reference:  India is also reportedly hoping for a deal on defence collaboration between the two nations .
2025-05-03 12:30:17,788 - INFO - joeynmt.training - 	Hypothesis: reports , India &apos;s highly reports on the Treaty on the Treaty of Nations .
2025-05-03 12:30:23,286 - INFO - joeynmt.training - Epoch   9, Step:    35600, Batch Loss:     1.622172, Batch Acc: 0.549186, Tokens per Sec:    16640, Lr: 0.000300
2025-05-03 12:30:28,719 - INFO - joeynmt.training - Epoch   9, Step:    35700, Batch Loss:     1.571622, Batch Acc: 0.541220, Tokens per Sec:    17068, Lr: 0.000300
2025-05-03 12:30:34,356 - INFO - joeynmt.training - Epoch   9, Step:    35800, Batch Loss:     1.896734, Batch Acc: 0.537798, Tokens per Sec:    16073, Lr: 0.000300
2025-05-03 12:30:39,688 - INFO - joeynmt.training - Epoch   9, Step:    35900, Batch Loss:     1.701765, Batch Acc: 0.534852, Tokens per Sec:    17048, Lr: 0.000300
2025-05-03 12:30:45,193 - INFO - joeynmt.training - Epoch   9, Step:    36000, Batch Loss:     1.940589, Batch Acc: 0.537739, Tokens per Sec:    16485, Lr: 0.000300
2025-05-03 12:30:45,194 - INFO - joeynmt.prediction - Predicting 500 example(s)... (Greedy decoding with min_output_length=1, max_output_length=-1, return_prob='none', generate_unk=True, repetition_penalty=-1, no_repeat_ngram_size=-1)
2025-05-03 12:30:51,399 - INFO - joeynmt.prediction - Evaluation result (greedy) loss:   2.08, ppl:   7.97, acc:   0.46, generation: 6.1971[sec], evaluation: 0.0000[sec]
2025-05-03 12:30:51,400 - INFO - joeynmt.training - Hooray! New best validation result [ppl]!
2025-05-03 12:30:51,480 - INFO - joeynmt.helpers - delete models/deen_transformer_pre/33000.ckpt
2025-05-03 12:30:51,486 - INFO - joeynmt.training - Example #0
2025-05-03 12:30:51,486 - DEBUG - joeynmt.training - 	Tokenized source:     ['die', 'Pre@@', 'mi@@', 'er@@', 'minist@@', 'er', 'Indi@@', 'ens', 'und', 'J@@', 'ap@@', 'ans', 'tra@@', 'fen', 'sich', 'in', 'T@@', 'ok@@', 'i@@', 'o', '.']
2025-05-03 12:30:51,486 - DEBUG - joeynmt.training - 	Tokenized reference:  ['Indi@@', 'a', 'and', 'J@@', 'ap@@', 'an', 'pri@@', 'me', 'minist@@', 'ers', 'me@@', 'et', 'in', 'T@@', 'ok@@', 'y@@', 'o']
2025-05-03 12:30:51,486 - DEBUG - joeynmt.training - 	Tokenized hypothesis: ['the', 'Pri@@', 'me', 'Minist@@', 'er', 'Indi@@', 'a', 'and', 'J@@', 'ap@@', 'an', '&apos;s', 'A@@', 'pri@@', 'me', 'minist@@', 'er', 'in', 'T@@', 'ok@@', 'i@@', 'o', '.', '</s>']
2025-05-03 12:30:51,487 - INFO - joeynmt.training - 	Source:     die Premierminister Indiens und Japans trafen sich in Tokio .
2025-05-03 12:30:51,487 - INFO - joeynmt.training - 	Reference:  India and Japan prime ministers meet in Tokyo
2025-05-03 12:30:51,487 - INFO - joeynmt.training - 	Hypothesis: the Prime Minister India and Japan &apos;s Aprime minister in Tokio .
2025-05-03 12:30:51,487 - INFO - joeynmt.training - Example #1
2025-05-03 12:30:51,487 - DEBUG - joeynmt.training - 	Tokenized source:     ['Indi@@', 'ens', 'neu@@', 'er', 'Pre@@', 'mi@@', 'er@@', 'minist@@', 'er', 'N@@', 'ar@@', 'end@@', 'ra', 'Mo@@', 'd@@', 'i', 'tri@@', 'fft', 'bei', 's@@', 'einem', 'ersten', 'wichti@@', 'gen', 'Aus@@', 'land@@', 's@@', 'bes@@', 'u@@', 'ch', 'seit', 's@@', 'einem', 'W@@', 'ah@@', 'l@@', 'si@@', 'e@@', 'g', 'im', 'Ma@@', 'i', 'seinen', 'j@@', 'ap@@', 'an@@', 'ischen', 'Am@@', 'ts@@', 'k@@', 'olle@@', 'gen', 'S@@', 'hin@@', 'z@@', 'o', 'A@@', 'be', 'in', 'T@@', 'ok@@', 'o', ',', 'um', 'wirtschaf@@', 'tliche', 'und', 'sicher@@', 'heits@@', 'politische', 'Be@@', 'zieh@@', 'ungen', 'zu', 'bes@@', 'pre@@', 'chen', '.']
2025-05-03 12:30:51,487 - DEBUG - joeynmt.training - 	Tokenized reference:  ['Indi@@', 'a', '&apos;s', 'new', 'pri@@', 'me', 'minist@@', 'er', ',', 'N@@', 'ar@@', 'end@@', 'ra', 'Mo@@', 'd@@', 'i', ',', 'is', 'me@@', 'eting', 'his', 'J@@', 'ap@@', 'an@@', 'ese', 'coun@@', 'ter@@', 'part', ',', 'S@@', 'hin@@', 'z@@', 'o', 'A@@', 'be', ',', 'in', 'T@@', 'ok@@', 'y@@', 'o', 'to', 'disc@@', 'uss', 'economic', 'and', 'security', 'ties', ',', 'on', 'his', 'first', 'major', 'fore@@', 'ign', 'visi@@', 't', 'since', 'w@@', 'inn@@', 'ing', 'Ma@@', 'y', '&apos;s', 'elec@@', 'tion', '.']
2025-05-03 12:30:51,487 - DEBUG - joeynmt.training - 	Tokenized hypothesis: ['Indi@@', 'a', '&apos;s', 'new', 'Pri@@', 'me', 'Minist@@', 'er', 'N@@', 'ar@@', 'end@@', 'ra', 'Mo@@', 'd@@', 'i', ',', 'in', 'his', 'first', 'important', 'ex@@', 'tern@@', 'al', 'fore@@', 'ign', 'visi@@', 'ts', 'for', 'his', 'first', 'important', 'ex@@', 'tern@@', 'al', 'of', 'the', 'S@@', 'hin@@', 'z@@', 'o', 'A@@', 'be', 'in', 'T@@', 'ok@@', 'o', ',', 'to', 're@@', 'fle@@', 'ct', 'economic', 'and', 'saf@@', 'ety', 'political', 'rel@@', 'ations', '.', '</s>']
2025-05-03 12:30:51,487 - INFO - joeynmt.training - 	Source:     Indiens neuer Premierminister Narendra Modi trifft bei seinem ersten wichtigen Auslandsbesuch seit seinem Wahlsieg im Mai seinen japanischen Amtskollegen Shinzo Abe in Toko , um wirtschaftliche und sicherheitspolitische Beziehungen zu besprechen .
2025-05-03 12:30:51,488 - INFO - joeynmt.training - 	Reference:  India &apos;s new prime minister , Narendra Modi , is meeting his Japanese counterpart , Shinzo Abe , in Tokyo to discuss economic and security ties , on his first major foreign visit since winning May &apos;s election .
2025-05-03 12:30:51,488 - INFO - joeynmt.training - 	Hypothesis: India &apos;s new Prime Minister Narendra Modi , in his first important external foreign visits for his first important external of the Shinzo Abe in Toko , to reflect economic and safety political relations .
2025-05-03 12:30:51,488 - INFO - joeynmt.training - Example #2
2025-05-03 12:30:51,488 - DEBUG - joeynmt.training - 	Tokenized source:     ['Herr', 'Mo@@', 'd@@', 'i', 'befindet', 'sich', 'auf', 'einer', 'fü@@', 'n@@', 'f@@', 'tä@@', 'gi@@', 'gen', 'Rei@@', 'se', 'nach', 'J@@', 'ap@@', 'an', ',', 'um', 'die', 'wirtschaf@@', 'tlichen', 'Be@@', 'zieh@@', 'ungen', 'mit', 'der', 'd@@', 'rit@@', 't@@', 'größ@@', 'ten', 'Wirtschafts@@', 'n@@', 'ation', 'der', 'Welt', 'zu', 'fes@@', 'tigen', '.']
2025-05-03 12:30:51,488 - DEBUG - joeynmt.training - 	Tokenized reference:  ['Mr', 'Mo@@', 'd@@', 'i', 'is', 'on', 'a', 'fi@@', 've', '@@@', '-@@', '@', 'day', 'tri@@', 'p', 'to', 'J@@', 'ap@@', 'an', 'to', 'streng@@', 'then', 'economic', 'ties', 'with', 'the', 'third', 'lar@@', 'ges@@', 't', 'econom@@', 'y', 'in', 'the', 'world', '.']
2025-05-03 12:30:51,488 - DEBUG - joeynmt.training - 	Tokenized hypothesis: ['Mr', 'Mo@@', 'd@@', 'i', 'is', 'on', 'a', 'fi@@', 'f@@', 'th', 'fi@@', 'f@@', 'te@@', 'en', 'to', 'J@@', 'ap@@', 'an', ',', 'to', 're@@', 'ach', 'the', 'economic', 'rel@@', 'ations', 'with', 'the', 'third', 'lar@@', 'ges@@', 't', 'economic', 'n@@', 'ation', 'of', 'the', 'world', '.', '</s>']
2025-05-03 12:30:51,488 - INFO - joeynmt.training - 	Source:     Herr Modi befindet sich auf einer fünftägigen Reise nach Japan , um die wirtschaftlichen Beziehungen mit der drittgrößten Wirtschaftsnation der Welt zu festigen .
2025-05-03 12:30:51,488 - INFO - joeynmt.training - 	Reference:  Mr Modi is on a five @-@ day trip to Japan to strengthen economic ties with the third largest economy in the world .
2025-05-03 12:30:51,488 - INFO - joeynmt.training - 	Hypothesis: Mr Modi is on a fifth fifteen to Japan , to reach the economic relations with the third largest economic nation of the world .
2025-05-03 12:30:51,488 - INFO - joeynmt.training - Example #3
2025-05-03 12:30:51,488 - DEBUG - joeynmt.training - 	Tokenized source:     ['P@@', 'län@@', 'e', 'für', 'eine', 'stärk@@', 'ere', 'k@@', 'ern@@', 'techn@@', 'ische', 'Zusammenarbeit', 'stehen', 'ganz', 'ob@@', 'en', 'auf', 'der', 'Tag@@', 'es@@', 'ordnung', '.']
2025-05-03 12:30:51,489 - DEBUG - joeynmt.training - 	Tokenized reference:  ['high', 'on', 'the', 'agen@@', 'da', 'are', 'pl@@', 'ans', 'for', 'gre@@', 'ater', 'nu@@', 'clear', 'c@@', 'o', '@@@', '-@@', '@', 'operation', '.']
2025-05-03 12:30:51,489 - DEBUG - joeynmt.training - 	Tokenized hypothesis: ['pl@@', 'ans', 'for', 'more', 'more', 'k@@', 'er@@', 'ne@@', 'l', 'techn@@', 'ical', 'cooperation', 'are', 'very', 'ob@@', 'vi@@', 'ously', 'on', 'the', 'agen@@', 'da', '.', '</s>']
2025-05-03 12:30:51,489 - INFO - joeynmt.training - 	Source:     Pläne für eine stärkere kerntechnische Zusammenarbeit stehen ganz oben auf der Tagesordnung .
2025-05-03 12:30:51,489 - INFO - joeynmt.training - 	Reference:  high on the agenda are plans for greater nuclear co @-@ operation .
2025-05-03 12:30:51,489 - INFO - joeynmt.training - 	Hypothesis: plans for more more kernel technical cooperation are very obviously on the agenda .
2025-05-03 12:30:51,489 - INFO - joeynmt.training - Example #4
2025-05-03 12:30:51,489 - DEBUG - joeynmt.training - 	Tokenized source:     ['Berich@@', 'ten', 'zu@@', 'fol@@', 'ge', 'ho@@', 'fft', 'Indi@@', 'en', 'darüber', 'hinaus', 'auf', 'einen', 'Ver@@', 'trag', 'zur', 'Ver@@', 'tei@@', 'dig@@', 'ungs@@', 'zusammen@@', 'arbeit', 'zwischen', 'den', 'beiden', 'N@@', 'ationen', '.']
2025-05-03 12:30:51,489 - DEBUG - joeynmt.training - 	Tokenized reference:  ['Indi@@', 'a', 'is', 'also', 're@@', 'porte@@', 'dly', 'hop@@', 'ing', 'for', 'a', 'de@@', 'al', 'on', 'def@@', 'ence', 'c@@', 'oll@@', 'ab@@', 'or@@', 'ation', 'between', 'the', 'two', 'n@@', 'ations', '.']
2025-05-03 12:30:51,489 - DEBUG - joeynmt.training - 	Tokenized hypothesis: ['the', 'following', 're@@', 'ports', 'are', 'the', 'following', 're@@', 'ports', 'on', 'a', 'Tre@@', 'aty', 'on', 'def@@', 'ence', 'cooperation', 'between', 'the', 'two', 'N@@', 'ations', '.', '</s>']
2025-05-03 12:30:51,489 - INFO - joeynmt.training - 	Source:     Berichten zufolge hofft Indien darüber hinaus auf einen Vertrag zur Verteidigungszusammenarbeit zwischen den beiden Nationen .
2025-05-03 12:30:51,490 - INFO - joeynmt.training - 	Reference:  India is also reportedly hoping for a deal on defence collaboration between the two nations .
2025-05-03 12:30:51,490 - INFO - joeynmt.training - 	Hypothesis: the following reports are the following reports on a Treaty on defence cooperation between the two Nations .
2025-05-03 12:30:57,061 - INFO - joeynmt.training - Epoch   9, Step:    36100, Batch Loss:     1.602628, Batch Acc: 0.539066, Tokens per Sec:    15961, Lr: 0.000300
2025-05-03 12:31:02,396 - INFO - joeynmt.training - Epoch   9, Step:    36200, Batch Loss:     1.411470, Batch Acc: 0.540137, Tokens per Sec:    17352, Lr: 0.000300
2025-05-03 12:31:07,905 - INFO - joeynmt.training - Epoch   9, Step:    36300, Batch Loss:     1.662768, Batch Acc: 0.529782, Tokens per Sec:    16517, Lr: 0.000300
2025-05-03 12:31:13,313 - INFO - joeynmt.training - Epoch   9, Step:    36400, Batch Loss:     1.909855, Batch Acc: 0.536678, Tokens per Sec:    16921, Lr: 0.000300
2025-05-03 12:31:18,888 - INFO - joeynmt.training - Epoch   9, Step:    36500, Batch Loss:     1.557660, Batch Acc: 0.538162, Tokens per Sec:    16338, Lr: 0.000300
2025-05-03 12:31:18,889 - INFO - joeynmt.prediction - Predicting 500 example(s)... (Greedy decoding with min_output_length=1, max_output_length=-1, return_prob='none', generate_unk=True, repetition_penalty=-1, no_repeat_ngram_size=-1)
2025-05-03 12:31:24,606 - INFO - joeynmt.prediction - Evaluation result (greedy) loss:   2.07, ppl:   7.94, acc:   0.46, generation: 5.7102[sec], evaluation: 0.0000[sec]
2025-05-03 12:31:24,606 - INFO - joeynmt.training - Hooray! New best validation result [ppl]!
2025-05-03 12:31:24,687 - INFO - joeynmt.helpers - delete models/deen_transformer_pre/32000.ckpt
2025-05-03 12:31:24,693 - INFO - joeynmt.training - Example #0
2025-05-03 12:31:24,693 - DEBUG - joeynmt.training - 	Tokenized source:     ['die', 'Pre@@', 'mi@@', 'er@@', 'minist@@', 'er', 'Indi@@', 'ens', 'und', 'J@@', 'ap@@', 'ans', 'tra@@', 'fen', 'sich', 'in', 'T@@', 'ok@@', 'i@@', 'o', '.']
2025-05-03 12:31:24,693 - DEBUG - joeynmt.training - 	Tokenized reference:  ['Indi@@', 'a', 'and', 'J@@', 'ap@@', 'an', 'pri@@', 'me', 'minist@@', 'ers', 'me@@', 'et', 'in', 'T@@', 'ok@@', 'y@@', 'o']
2025-05-03 12:31:24,693 - DEBUG - joeynmt.training - 	Tokenized hypothesis: ['the', 'Pri@@', 'me', 'Minist@@', 'er', 'Indi@@', 'a', 'and', 'J@@', 'ap@@', 'an', '&apos;s', 'pri@@', 'me', 'minist@@', 'er', 'in', 'T@@', 'ok@@', 'i@@', 'o', '.', '</s>']
2025-05-03 12:31:24,694 - INFO - joeynmt.training - 	Source:     die Premierminister Indiens und Japans trafen sich in Tokio .
2025-05-03 12:31:24,694 - INFO - joeynmt.training - 	Reference:  India and Japan prime ministers meet in Tokyo
2025-05-03 12:31:24,694 - INFO - joeynmt.training - 	Hypothesis: the Prime Minister India and Japan &apos;s prime minister in Tokio .
2025-05-03 12:31:24,694 - INFO - joeynmt.training - Example #1
2025-05-03 12:31:24,694 - DEBUG - joeynmt.training - 	Tokenized source:     ['Indi@@', 'ens', 'neu@@', 'er', 'Pre@@', 'mi@@', 'er@@', 'minist@@', 'er', 'N@@', 'ar@@', 'end@@', 'ra', 'Mo@@', 'd@@', 'i', 'tri@@', 'fft', 'bei', 's@@', 'einem', 'ersten', 'wichti@@', 'gen', 'Aus@@', 'land@@', 's@@', 'bes@@', 'u@@', 'ch', 'seit', 's@@', 'einem', 'W@@', 'ah@@', 'l@@', 'si@@', 'e@@', 'g', 'im', 'Ma@@', 'i', 'seinen', 'j@@', 'ap@@', 'an@@', 'ischen', 'Am@@', 'ts@@', 'k@@', 'olle@@', 'gen', 'S@@', 'hin@@', 'z@@', 'o', 'A@@', 'be', 'in', 'T@@', 'ok@@', 'o', ',', 'um', 'wirtschaf@@', 'tliche', 'und', 'sicher@@', 'heits@@', 'politische', 'Be@@', 'zieh@@', 'ungen', 'zu', 'bes@@', 'pre@@', 'chen', '.']
2025-05-03 12:31:24,694 - DEBUG - joeynmt.training - 	Tokenized reference:  ['Indi@@', 'a', '&apos;s', 'new', 'pri@@', 'me', 'minist@@', 'er', ',', 'N@@', 'ar@@', 'end@@', 'ra', 'Mo@@', 'd@@', 'i', ',', 'is', 'me@@', 'eting', 'his', 'J@@', 'ap@@', 'an@@', 'ese', 'coun@@', 'ter@@', 'part', ',', 'S@@', 'hin@@', 'z@@', 'o', 'A@@', 'be', ',', 'in', 'T@@', 'ok@@', 'y@@', 'o', 'to', 'disc@@', 'uss', 'economic', 'and', 'security', 'ties', ',', 'on', 'his', 'first', 'major', 'fore@@', 'ign', 'visi@@', 't', 'since', 'w@@', 'inn@@', 'ing', 'Ma@@', 'y', '&apos;s', 'elec@@', 'tion', '.']
2025-05-03 12:31:24,694 - DEBUG - joeynmt.training - 	Tokenized hypothesis: ['Indi@@', 'a', '&apos;s', 'new', 'Pri@@', 'me', 'Minist@@', 'er', 'N@@', 'ar@@', 'end@@', 'ra', 'Mo@@', 'd@@', 'i', ',', 'has', 'been', 'made', 'in', 'his', 'first', 'important', 'ex@@', 'er@@', 'c@@', 'ise', 'since', 'his', 'first', 'important', 'ex@@', 'er@@', 'c@@', 'ise', 'his', 'j@@', 'ap@@', 'an', 'of', 'the', 'S@@', 'hin@@', 'z@@', 'o', 'A@@', 'be', 'in', 'T@@', 'ok@@', 'o', ',', 'to', 'make', 'economic', 'and', 'security', 'political', 'rel@@', 'ations', '.', '</s>']
2025-05-03 12:31:24,694 - INFO - joeynmt.training - 	Source:     Indiens neuer Premierminister Narendra Modi trifft bei seinem ersten wichtigen Auslandsbesuch seit seinem Wahlsieg im Mai seinen japanischen Amtskollegen Shinzo Abe in Toko , um wirtschaftliche und sicherheitspolitische Beziehungen zu besprechen .
2025-05-03 12:31:24,695 - INFO - joeynmt.training - 	Reference:  India &apos;s new prime minister , Narendra Modi , is meeting his Japanese counterpart , Shinzo Abe , in Tokyo to discuss economic and security ties , on his first major foreign visit since winning May &apos;s election .
2025-05-03 12:31:24,695 - INFO - joeynmt.training - 	Hypothesis: India &apos;s new Prime Minister Narendra Modi , has been made in his first important exercise since his first important exercise his japan of the Shinzo Abe in Toko , to make economic and security political relations .
2025-05-03 12:31:24,695 - INFO - joeynmt.training - Example #2
2025-05-03 12:31:24,695 - DEBUG - joeynmt.training - 	Tokenized source:     ['Herr', 'Mo@@', 'd@@', 'i', 'befindet', 'sich', 'auf', 'einer', 'fü@@', 'n@@', 'f@@', 'tä@@', 'gi@@', 'gen', 'Rei@@', 'se', 'nach', 'J@@', 'ap@@', 'an', ',', 'um', 'die', 'wirtschaf@@', 'tlichen', 'Be@@', 'zieh@@', 'ungen', 'mit', 'der', 'd@@', 'rit@@', 't@@', 'größ@@', 'ten', 'Wirtschafts@@', 'n@@', 'ation', 'der', 'Welt', 'zu', 'fes@@', 'tigen', '.']
2025-05-03 12:31:24,695 - DEBUG - joeynmt.training - 	Tokenized reference:  ['Mr', 'Mo@@', 'd@@', 'i', 'is', 'on', 'a', 'fi@@', 've', '@@@', '-@@', '@', 'day', 'tri@@', 'p', 'to', 'J@@', 'ap@@', 'an', 'to', 'streng@@', 'then', 'economic', 'ties', 'with', 'the', 'third', 'lar@@', 'ges@@', 't', 'econom@@', 'y', 'in', 'the', 'world', '.']
2025-05-03 12:31:24,695 - DEBUG - joeynmt.training - 	Tokenized hypothesis: ['Mr', 'Mo@@', 'd@@', 'i', 'is', 'on', 'a', 'fi@@', 'f@@', 'th', 'of', 'fi@@', 'f@@', 'th', 'to', 'J@@', 'ap@@', 'an', 'to', 'the', 'economic', 'rel@@', 'ations', 'with', 'the', 'third', 'lar@@', 'ges@@', 't', 'economic', 'rel@@', 'ations', '.', '</s>']
2025-05-03 12:31:24,695 - INFO - joeynmt.training - 	Source:     Herr Modi befindet sich auf einer fünftägigen Reise nach Japan , um die wirtschaftlichen Beziehungen mit der drittgrößten Wirtschaftsnation der Welt zu festigen .
2025-05-03 12:31:24,695 - INFO - joeynmt.training - 	Reference:  Mr Modi is on a five @-@ day trip to Japan to strengthen economic ties with the third largest economy in the world .
2025-05-03 12:31:24,695 - INFO - joeynmt.training - 	Hypothesis: Mr Modi is on a fifth of fifth to Japan to the economic relations with the third largest economic relations .
2025-05-03 12:31:24,695 - INFO - joeynmt.training - Example #3
2025-05-03 12:31:24,696 - DEBUG - joeynmt.training - 	Tokenized source:     ['P@@', 'län@@', 'e', 'für', 'eine', 'stärk@@', 'ere', 'k@@', 'ern@@', 'techn@@', 'ische', 'Zusammenarbeit', 'stehen', 'ganz', 'ob@@', 'en', 'auf', 'der', 'Tag@@', 'es@@', 'ordnung', '.']
2025-05-03 12:31:24,696 - DEBUG - joeynmt.training - 	Tokenized reference:  ['high', 'on', 'the', 'agen@@', 'da', 'are', 'pl@@', 'ans', 'for', 'gre@@', 'ater', 'nu@@', 'clear', 'c@@', 'o', '@@@', '-@@', '@', 'operation', '.']
2025-05-03 12:31:24,696 - DEBUG - joeynmt.training - 	Tokenized hypothesis: ['pl@@', 'ans', 'for', 'more', 'more', 'nu@@', 'clear', 'techn@@', 'ical', 'cooperation', 'are', 'enti@@', 're@@', 'ly', 'on', 'the', 'agen@@', 'da', '.', '</s>']
2025-05-03 12:31:24,696 - INFO - joeynmt.training - 	Source:     Pläne für eine stärkere kerntechnische Zusammenarbeit stehen ganz oben auf der Tagesordnung .
2025-05-03 12:31:24,696 - INFO - joeynmt.training - 	Reference:  high on the agenda are plans for greater nuclear co @-@ operation .
2025-05-03 12:31:24,696 - INFO - joeynmt.training - 	Hypothesis: plans for more more nuclear technical cooperation are entirely on the agenda .
2025-05-03 12:31:24,696 - INFO - joeynmt.training - Example #4
2025-05-03 12:31:24,696 - DEBUG - joeynmt.training - 	Tokenized source:     ['Berich@@', 'ten', 'zu@@', 'fol@@', 'ge', 'ho@@', 'fft', 'Indi@@', 'en', 'darüber', 'hinaus', 'auf', 'einen', 'Ver@@', 'trag', 'zur', 'Ver@@', 'tei@@', 'dig@@', 'ungs@@', 'zusammen@@', 'arbeit', 'zwischen', 'den', 'beiden', 'N@@', 'ationen', '.']
2025-05-03 12:31:24,696 - DEBUG - joeynmt.training - 	Tokenized reference:  ['Indi@@', 'a', 'is', 'also', 're@@', 'porte@@', 'dly', 'hop@@', 'ing', 'for', 'a', 'de@@', 'al', 'on', 'def@@', 'ence', 'c@@', 'oll@@', 'ab@@', 'or@@', 'ation', 'between', 'the', 'two', 'n@@', 'ations', '.']
2025-05-03 12:31:24,696 - DEBUG - joeynmt.training - 	Tokenized hypothesis: ['the', 're@@', 'ports', ',', 'Indi@@', 'a', '&apos;s', 're@@', 'ports', 'on', 'the', 'basis', 'of', 'the', 'con@@', 'tra@@', 'ct', 'cooperation', 'between', 'the', 'two', 'n@@', 'ations', '.', '</s>']
2025-05-03 12:31:24,696 - INFO - joeynmt.training - 	Source:     Berichten zufolge hofft Indien darüber hinaus auf einen Vertrag zur Verteidigungszusammenarbeit zwischen den beiden Nationen .
2025-05-03 12:31:24,697 - INFO - joeynmt.training - 	Reference:  India is also reportedly hoping for a deal on defence collaboration between the two nations .
2025-05-03 12:31:24,697 - INFO - joeynmt.training - 	Hypothesis: the reports , India &apos;s reports on the basis of the contract cooperation between the two nations .
2025-05-03 12:31:30,027 - INFO - joeynmt.training - Epoch   9: total training loss 6821.25
2025-05-03 12:31:30,027 - INFO - joeynmt.training - EPOCH 10
2025-05-03 12:31:30,267 - INFO - joeynmt.training - Epoch  10, Step:    36600, Batch Loss:     1.619069, Batch Acc: 0.550453, Tokens per Sec:    13809, Lr: 0.000300
2025-05-03 12:31:35,638 - INFO - joeynmt.training - Epoch  10, Step:    36700, Batch Loss:     1.769434, Batch Acc: 0.556877, Tokens per Sec:    16875, Lr: 0.000300
2025-05-03 12:31:41,234 - INFO - joeynmt.training - Epoch  10, Step:    36800, Batch Loss:     1.703869, Batch Acc: 0.558569, Tokens per Sec:    16368, Lr: 0.000300
2025-05-03 12:31:46,670 - INFO - joeynmt.training - Epoch  10, Step:    36900, Batch Loss:     1.579829, Batch Acc: 0.547894, Tokens per Sec:    17109, Lr: 0.000300
2025-05-03 12:31:52,053 - INFO - joeynmt.training - Epoch  10, Step:    37000, Batch Loss:     1.579450, Batch Acc: 0.552897, Tokens per Sec:    16843, Lr: 0.000300
2025-05-03 12:31:52,053 - INFO - joeynmt.prediction - Predicting 500 example(s)... (Greedy decoding with min_output_length=1, max_output_length=-1, return_prob='none', generate_unk=True, repetition_penalty=-1, no_repeat_ngram_size=-1)
2025-05-03 12:31:57,606 - INFO - joeynmt.prediction - Evaluation result (greedy) loss:   2.08, ppl:   8.03, acc:   0.46, generation: 5.5449[sec], evaluation: 0.0000[sec]
2025-05-03 12:31:57,686 - INFO - joeynmt.helpers - delete models/deen_transformer_pre/32500.ckpt
2025-05-03 12:31:57,691 - INFO - joeynmt.training - Example #0
2025-05-03 12:31:57,691 - DEBUG - joeynmt.training - 	Tokenized source:     ['die', 'Pre@@', 'mi@@', 'er@@', 'minist@@', 'er', 'Indi@@', 'ens', 'und', 'J@@', 'ap@@', 'ans', 'tra@@', 'fen', 'sich', 'in', 'T@@', 'ok@@', 'i@@', 'o', '.']
2025-05-03 12:31:57,691 - DEBUG - joeynmt.training - 	Tokenized reference:  ['Indi@@', 'a', 'and', 'J@@', 'ap@@', 'an', 'pri@@', 'me', 'minist@@', 'ers', 'me@@', 'et', 'in', 'T@@', 'ok@@', 'y@@', 'o']
2025-05-03 12:31:57,691 - DEBUG - joeynmt.training - 	Tokenized hypothesis: ['the', 'Pri@@', 'me', 'Minist@@', 'er', 'of', 'Indi@@', 'a', 'and', 'J@@', 'ap@@', 'ans', 'tra@@', 'v@@', 'el', 'in', 'T@@', 'ok@@', 'i@@', 'o', '.', '</s>']
2025-05-03 12:31:57,691 - INFO - joeynmt.training - 	Source:     die Premierminister Indiens und Japans trafen sich in Tokio .
2025-05-03 12:31:57,691 - INFO - joeynmt.training - 	Reference:  India and Japan prime ministers meet in Tokyo
2025-05-03 12:31:57,691 - INFO - joeynmt.training - 	Hypothesis: the Prime Minister of India and Japans travel in Tokio .
2025-05-03 12:31:57,691 - INFO - joeynmt.training - Example #1
2025-05-03 12:31:57,691 - DEBUG - joeynmt.training - 	Tokenized source:     ['Indi@@', 'ens', 'neu@@', 'er', 'Pre@@', 'mi@@', 'er@@', 'minist@@', 'er', 'N@@', 'ar@@', 'end@@', 'ra', 'Mo@@', 'd@@', 'i', 'tri@@', 'fft', 'bei', 's@@', 'einem', 'ersten', 'wichti@@', 'gen', 'Aus@@', 'land@@', 's@@', 'bes@@', 'u@@', 'ch', 'seit', 's@@', 'einem', 'W@@', 'ah@@', 'l@@', 'si@@', 'e@@', 'g', 'im', 'Ma@@', 'i', 'seinen', 'j@@', 'ap@@', 'an@@', 'ischen', 'Am@@', 'ts@@', 'k@@', 'olle@@', 'gen', 'S@@', 'hin@@', 'z@@', 'o', 'A@@', 'be', 'in', 'T@@', 'ok@@', 'o', ',', 'um', 'wirtschaf@@', 'tliche', 'und', 'sicher@@', 'heits@@', 'politische', 'Be@@', 'zieh@@', 'ungen', 'zu', 'bes@@', 'pre@@', 'chen', '.']
2025-05-03 12:31:57,691 - DEBUG - joeynmt.training - 	Tokenized reference:  ['Indi@@', 'a', '&apos;s', 'new', 'pri@@', 'me', 'minist@@', 'er', ',', 'N@@', 'ar@@', 'end@@', 'ra', 'Mo@@', 'd@@', 'i', ',', 'is', 'me@@', 'eting', 'his', 'J@@', 'ap@@', 'an@@', 'ese', 'coun@@', 'ter@@', 'part', ',', 'S@@', 'hin@@', 'z@@', 'o', 'A@@', 'be', ',', 'in', 'T@@', 'ok@@', 'y@@', 'o', 'to', 'disc@@', 'uss', 'economic', 'and', 'security', 'ties', ',', 'on', 'his', 'first', 'major', 'fore@@', 'ign', 'visi@@', 't', 'since', 'w@@', 'inn@@', 'ing', 'Ma@@', 'y', '&apos;s', 'elec@@', 'tion', '.']
2025-05-03 12:31:57,691 - DEBUG - joeynmt.training - 	Tokenized hypothesis: ['Indi@@', 'a', '&apos;s', 'new', 'Pri@@', 'me', 'Minist@@', 'er', 'N@@', 'ar@@', 'end@@', 'ra', 'Mo@@', 'd@@', 'i', ',', 'the', 'M@@', 'er@@', 'c@@', 'r@@', 'ors', 'of', 'the', 'N@@', 'ar@@', 'end@@', 'ra', 'Mo@@', 'd@@', 'i', ',', 'has', 'been', 'a', 'm@@', 'ere', 'elec@@', 't@@', 'or@@', 'al', 'm@@', 'em@@', 'ory', 'colle@@', 'ag@@', 'ue', 'S@@', 'hin@@', 'z@@', 'o', 'A@@', 'in', 'T@@', 'ok@@', 'o', ',', 'in', 'T@@', 'ok@@', 'o', ',', 'in', 'the', 'economic', 'and', 'saf@@', 'ety', 'political', 'rel@@', 'ations', '.', '</s>']
2025-05-03 12:31:57,691 - INFO - joeynmt.training - 	Source:     Indiens neuer Premierminister Narendra Modi trifft bei seinem ersten wichtigen Auslandsbesuch seit seinem Wahlsieg im Mai seinen japanischen Amtskollegen Shinzo Abe in Toko , um wirtschaftliche und sicherheitspolitische Beziehungen zu besprechen .
2025-05-03 12:31:57,691 - INFO - joeynmt.training - 	Reference:  India &apos;s new prime minister , Narendra Modi , is meeting his Japanese counterpart , Shinzo Abe , in Tokyo to discuss economic and security ties , on his first major foreign visit since winning May &apos;s election .
2025-05-03 12:31:57,691 - INFO - joeynmt.training - 	Hypothesis: India &apos;s new Prime Minister Narendra Modi , the Mercrors of the Narendra Modi , has been a mere electoral memory colleague Shinzo Ain Toko , in Toko , in the economic and safety political relations .
2025-05-03 12:31:57,691 - INFO - joeynmt.training - Example #2
2025-05-03 12:31:57,691 - DEBUG - joeynmt.training - 	Tokenized source:     ['Herr', 'Mo@@', 'd@@', 'i', 'befindet', 'sich', 'auf', 'einer', 'fü@@', 'n@@', 'f@@', 'tä@@', 'gi@@', 'gen', 'Rei@@', 'se', 'nach', 'J@@', 'ap@@', 'an', ',', 'um', 'die', 'wirtschaf@@', 'tlichen', 'Be@@', 'zieh@@', 'ungen', 'mit', 'der', 'd@@', 'rit@@', 't@@', 'größ@@', 'ten', 'Wirtschafts@@', 'n@@', 'ation', 'der', 'Welt', 'zu', 'fes@@', 'tigen', '.']
2025-05-03 12:31:57,691 - DEBUG - joeynmt.training - 	Tokenized reference:  ['Mr', 'Mo@@', 'd@@', 'i', 'is', 'on', 'a', 'fi@@', 've', '@@@', '-@@', '@', 'day', 'tri@@', 'p', 'to', 'J@@', 'ap@@', 'an', 'to', 'streng@@', 'then', 'economic', 'ties', 'with', 'the', 'third', 'lar@@', 'ges@@', 't', 'econom@@', 'y', 'in', 'the', 'world', '.']
2025-05-03 12:31:57,693 - DEBUG - joeynmt.training - 	Tokenized hypothesis: ['Mr', 'Mo@@', 'd@@', 'i', 'is', 'on', 'a', 'fi@@', 'f@@', 'th', 'tri@@', 'p', 'to', 'J@@', 'ap@@', 'an', ',', 'to', 'the', 'economic', 'rel@@', 'ations', 'with', 'the', 'third', 'lar@@', 'ges@@', 't', 'economic', 'rel@@', 'ations', 'with', 'the', 'third', 'lar@@', 'ges@@', 't', 'economic', 'n@@', 'ation', 'of', 'the', 'world', '&apos;s', 'economic', 'n@@', 'ation', 'of', 'the', 'world', '&apos;s', 'economic', 'n@@', 'ation', 'of', 'the', 'world', '&apos;s', 'economic', 'rel@@', 'ations', '.', '</s>']
2025-05-03 12:31:57,693 - INFO - joeynmt.training - 	Source:     Herr Modi befindet sich auf einer fünftägigen Reise nach Japan , um die wirtschaftlichen Beziehungen mit der drittgrößten Wirtschaftsnation der Welt zu festigen .
2025-05-03 12:31:57,693 - INFO - joeynmt.training - 	Reference:  Mr Modi is on a five @-@ day trip to Japan to strengthen economic ties with the third largest economy in the world .
2025-05-03 12:31:57,693 - INFO - joeynmt.training - 	Hypothesis: Mr Modi is on a fifth trip to Japan , to the economic relations with the third largest economic relations with the third largest economic nation of the world &apos;s economic nation of the world &apos;s economic nation of the world &apos;s economic relations .
2025-05-03 12:31:57,693 - INFO - joeynmt.training - Example #3
2025-05-03 12:31:57,693 - DEBUG - joeynmt.training - 	Tokenized source:     ['P@@', 'län@@', 'e', 'für', 'eine', 'stärk@@', 'ere', 'k@@', 'ern@@', 'techn@@', 'ische', 'Zusammenarbeit', 'stehen', 'ganz', 'ob@@', 'en', 'auf', 'der', 'Tag@@', 'es@@', 'ordnung', '.']
2025-05-03 12:31:57,693 - DEBUG - joeynmt.training - 	Tokenized reference:  ['high', 'on', 'the', 'agen@@', 'da', 'are', 'pl@@', 'ans', 'for', 'gre@@', 'ater', 'nu@@', 'clear', 'c@@', 'o', '@@@', '-@@', '@', 'operation', '.']
2025-05-03 12:31:57,693 - DEBUG - joeynmt.training - 	Tokenized hypothesis: ['pl@@', 'ans', 'for', 'more', 'nu@@', 'clear', 'techn@@', 'ical', 'cooperation', 'are', 'enti@@', 't@@', 'led', 'to', 'the', 'agen@@', 'da', '.', '</s>']
2025-05-03 12:31:57,693 - INFO - joeynmt.training - 	Source:     Pläne für eine stärkere kerntechnische Zusammenarbeit stehen ganz oben auf der Tagesordnung .
2025-05-03 12:31:57,693 - INFO - joeynmt.training - 	Reference:  high on the agenda are plans for greater nuclear co @-@ operation .
2025-05-03 12:31:57,693 - INFO - joeynmt.training - 	Hypothesis: plans for more nuclear technical cooperation are entitled to the agenda .
2025-05-03 12:31:57,693 - INFO - joeynmt.training - Example #4
2025-05-03 12:31:57,694 - DEBUG - joeynmt.training - 	Tokenized source:     ['Berich@@', 'ten', 'zu@@', 'fol@@', 'ge', 'ho@@', 'fft', 'Indi@@', 'en', 'darüber', 'hinaus', 'auf', 'einen', 'Ver@@', 'trag', 'zur', 'Ver@@', 'tei@@', 'dig@@', 'ungs@@', 'zusammen@@', 'arbeit', 'zwischen', 'den', 'beiden', 'N@@', 'ationen', '.']
2025-05-03 12:31:57,694 - DEBUG - joeynmt.training - 	Tokenized reference:  ['Indi@@', 'a', 'is', 'also', 're@@', 'porte@@', 'dly', 'hop@@', 'ing', 'for', 'a', 'de@@', 'al', 'on', 'def@@', 'ence', 'c@@', 'oll@@', 'ab@@', 'or@@', 'ation', 'between', 'the', 'two', 'n@@', 'ations', '.']
2025-05-03 12:31:57,694 - DEBUG - joeynmt.training - 	Tokenized hypothesis: ['re@@', 'ports', ',', 'Indi@@', 'a', '&apos;s', 're@@', 'ports', 'on', 'the', 'basis', 'of', 'the', 'con@@', 'text', 'of', 'the', 'con@@', 'dem@@', 'n@@', 'ation', 'cooperation', 'between', 'the', 'two', 'n@@', 'ations', '.', '</s>']
2025-05-03 12:31:57,694 - INFO - joeynmt.training - 	Source:     Berichten zufolge hofft Indien darüber hinaus auf einen Vertrag zur Verteidigungszusammenarbeit zwischen den beiden Nationen .
2025-05-03 12:31:57,694 - INFO - joeynmt.training - 	Reference:  India is also reportedly hoping for a deal on defence collaboration between the two nations .
2025-05-03 12:31:57,694 - INFO - joeynmt.training - 	Hypothesis: reports , India &apos;s reports on the basis of the context of the condemnation cooperation between the two nations .
2025-05-03 12:32:03,147 - INFO - joeynmt.training - Epoch  10, Step:    37100, Batch Loss:     1.530118, Batch Acc: 0.551452, Tokens per Sec:    16392, Lr: 0.000300
2025-05-03 12:32:08,610 - INFO - joeynmt.training - Epoch  10, Step:    37200, Batch Loss:     1.539032, Batch Acc: 0.549223, Tokens per Sec:    16856, Lr: 0.000300
2025-05-03 12:32:14,092 - INFO - joeynmt.training - Epoch  10, Step:    37300, Batch Loss:     1.488488, Batch Acc: 0.549248, Tokens per Sec:    16779, Lr: 0.000300
2025-05-03 12:32:19,537 - INFO - joeynmt.training - Epoch  10, Step:    37400, Batch Loss:     1.615622, Batch Acc: 0.542084, Tokens per Sec:    16993, Lr: 0.000300
2025-05-03 12:32:24,939 - INFO - joeynmt.training - Epoch  10, Step:    37500, Batch Loss:     1.582385, Batch Acc: 0.550435, Tokens per Sec:    16838, Lr: 0.000300
2025-05-03 12:32:24,939 - INFO - joeynmt.prediction - Predicting 500 example(s)... (Greedy decoding with min_output_length=1, max_output_length=-1, return_prob='none', generate_unk=True, repetition_penalty=-1, no_repeat_ngram_size=-1)
2025-05-03 12:32:30,391 - INFO - joeynmt.prediction - Evaluation result (greedy) loss:   2.09, ppl:   8.06, acc:   0.46, generation: 5.4433[sec], evaluation: 0.0000[sec]
2025-05-03 12:32:30,392 - INFO - joeynmt.training - Example #0
2025-05-03 12:32:30,392 - DEBUG - joeynmt.training - 	Tokenized source:     ['die', 'Pre@@', 'mi@@', 'er@@', 'minist@@', 'er', 'Indi@@', 'ens', 'und', 'J@@', 'ap@@', 'ans', 'tra@@', 'fen', 'sich', 'in', 'T@@', 'ok@@', 'i@@', 'o', '.']
2025-05-03 12:32:30,392 - DEBUG - joeynmt.training - 	Tokenized reference:  ['Indi@@', 'a', 'and', 'J@@', 'ap@@', 'an', 'pri@@', 'me', 'minist@@', 'ers', 'me@@', 'et', 'in', 'T@@', 'ok@@', 'y@@', 'o']
2025-05-03 12:32:30,392 - DEBUG - joeynmt.training - 	Tokenized hypothesis: ['the', 'Pri@@', 'me', 'Minist@@', 'er', 'of', 'Indi@@', 'a', 'and', 'J@@', 'ap@@', 'an', 'is', 'in', 'T@@', 'ok@@', 'i@@', 'o', '.', '</s>']
2025-05-03 12:32:30,393 - INFO - joeynmt.training - 	Source:     die Premierminister Indiens und Japans trafen sich in Tokio .
2025-05-03 12:32:30,393 - INFO - joeynmt.training - 	Reference:  India and Japan prime ministers meet in Tokyo
2025-05-03 12:32:30,393 - INFO - joeynmt.training - 	Hypothesis: the Prime Minister of India and Japan is in Tokio .
2025-05-03 12:32:30,393 - INFO - joeynmt.training - Example #1
2025-05-03 12:32:30,393 - DEBUG - joeynmt.training - 	Tokenized source:     ['Indi@@', 'ens', 'neu@@', 'er', 'Pre@@', 'mi@@', 'er@@', 'minist@@', 'er', 'N@@', 'ar@@', 'end@@', 'ra', 'Mo@@', 'd@@', 'i', 'tri@@', 'fft', 'bei', 's@@', 'einem', 'ersten', 'wichti@@', 'gen', 'Aus@@', 'land@@', 's@@', 'bes@@', 'u@@', 'ch', 'seit', 's@@', 'einem', 'W@@', 'ah@@', 'l@@', 'si@@', 'e@@', 'g', 'im', 'Ma@@', 'i', 'seinen', 'j@@', 'ap@@', 'an@@', 'ischen', 'Am@@', 'ts@@', 'k@@', 'olle@@', 'gen', 'S@@', 'hin@@', 'z@@', 'o', 'A@@', 'be', 'in', 'T@@', 'ok@@', 'o', ',', 'um', 'wirtschaf@@', 'tliche', 'und', 'sicher@@', 'heits@@', 'politische', 'Be@@', 'zieh@@', 'ungen', 'zu', 'bes@@', 'pre@@', 'chen', '.']
2025-05-03 12:32:30,393 - DEBUG - joeynmt.training - 	Tokenized reference:  ['Indi@@', 'a', '&apos;s', 'new', 'pri@@', 'me', 'minist@@', 'er', ',', 'N@@', 'ar@@', 'end@@', 'ra', 'Mo@@', 'd@@', 'i', ',', 'is', 'me@@', 'eting', 'his', 'J@@', 'ap@@', 'an@@', 'ese', 'coun@@', 'ter@@', 'part', ',', 'S@@', 'hin@@', 'z@@', 'o', 'A@@', 'be', ',', 'in', 'T@@', 'ok@@', 'y@@', 'o', 'to', 'disc@@', 'uss', 'economic', 'and', 'security', 'ties', ',', 'on', 'his', 'first', 'major', 'fore@@', 'ign', 'visi@@', 't', 'since', 'w@@', 'inn@@', 'ing', 'Ma@@', 'y', '&apos;s', 'elec@@', 'tion', '.']
2025-05-03 12:32:30,393 - DEBUG - joeynmt.training - 	Tokenized hypothesis: ['Indi@@', 'a', '&apos;s', 'Pri@@', 'me', 'Minist@@', 'er', 'N@@', 'ar@@', 'end@@', 'ra', 'Mo@@', 'd@@', 'i', ',', 'in', 'his', 'first', 'important', 'ex@@', 'ist', 'in', 'the', 'Ma@@', 'y', 'of', 'his', 'own', 'elec@@', 'tion', 'si@@', 'e@@', 'g', 'in', 'Ma@@', 'y', ',', 'in', 'Ma@@', 'y', 'his', 'J@@', 'ap@@', 'an@@', 'ese', 'S@@', 'hin@@', 'z@@', 'o', 'A@@', 'be', 'in', 'T@@', 'ok@@', 'o', ',', 'to', 'the', 'economic', 'and', 'security', 'political', 'rel@@', 'ations', '.', '</s>']
2025-05-03 12:32:30,393 - INFO - joeynmt.training - 	Source:     Indiens neuer Premierminister Narendra Modi trifft bei seinem ersten wichtigen Auslandsbesuch seit seinem Wahlsieg im Mai seinen japanischen Amtskollegen Shinzo Abe in Toko , um wirtschaftliche und sicherheitspolitische Beziehungen zu besprechen .
2025-05-03 12:32:30,393 - INFO - joeynmt.training - 	Reference:  India &apos;s new prime minister , Narendra Modi , is meeting his Japanese counterpart , Shinzo Abe , in Tokyo to discuss economic and security ties , on his first major foreign visit since winning May &apos;s election .
2025-05-03 12:32:30,395 - INFO - joeynmt.training - 	Hypothesis: India &apos;s Prime Minister Narendra Modi , in his first important exist in the May of his own election sieg in May , in May his Japanese Shinzo Abe in Toko , to the economic and security political relations .
2025-05-03 12:32:30,395 - INFO - joeynmt.training - Example #2
2025-05-03 12:32:30,395 - DEBUG - joeynmt.training - 	Tokenized source:     ['Herr', 'Mo@@', 'd@@', 'i', 'befindet', 'sich', 'auf', 'einer', 'fü@@', 'n@@', 'f@@', 'tä@@', 'gi@@', 'gen', 'Rei@@', 'se', 'nach', 'J@@', 'ap@@', 'an', ',', 'um', 'die', 'wirtschaf@@', 'tlichen', 'Be@@', 'zieh@@', 'ungen', 'mit', 'der', 'd@@', 'rit@@', 't@@', 'größ@@', 'ten', 'Wirtschafts@@', 'n@@', 'ation', 'der', 'Welt', 'zu', 'fes@@', 'tigen', '.']
2025-05-03 12:32:30,395 - DEBUG - joeynmt.training - 	Tokenized reference:  ['Mr', 'Mo@@', 'd@@', 'i', 'is', 'on', 'a', 'fi@@', 've', '@@@', '-@@', '@', 'day', 'tri@@', 'p', 'to', 'J@@', 'ap@@', 'an', 'to', 'streng@@', 'then', 'economic', 'ties', 'with', 'the', 'third', 'lar@@', 'ges@@', 't', 'econom@@', 'y', 'in', 'the', 'world', '.']
2025-05-03 12:32:30,395 - DEBUG - joeynmt.training - 	Tokenized hypothesis: ['Mr', 'Mo@@', 'd@@', 'i', 'is', 'on', 'a', 'fi@@', 'f@@', 'ty', 'of', 'fi@@', 'f@@', 'ty', 'j@@', 'ap@@', 'an', ',', 'to', 'the', 'economic', 'rel@@', 'ations', 'with', 'the', 'third', 'lar@@', 'ges@@', 't', 'economic', 'rel@@', 'ations', 'with', 'the', 'third', 'lar@@', 'ges@@', 't', 'economic', 'n@@', 'ation', 'of', 'the', 'world', '.', '</s>']
2025-05-03 12:32:30,395 - INFO - joeynmt.training - 	Source:     Herr Modi befindet sich auf einer fünftägigen Reise nach Japan , um die wirtschaftlichen Beziehungen mit der drittgrößten Wirtschaftsnation der Welt zu festigen .
2025-05-03 12:32:30,395 - INFO - joeynmt.training - 	Reference:  Mr Modi is on a five @-@ day trip to Japan to strengthen economic ties with the third largest economy in the world .
2025-05-03 12:32:30,395 - INFO - joeynmt.training - 	Hypothesis: Mr Modi is on a fifty of fifty japan , to the economic relations with the third largest economic relations with the third largest economic nation of the world .
2025-05-03 12:32:30,395 - INFO - joeynmt.training - Example #3
2025-05-03 12:32:30,395 - DEBUG - joeynmt.training - 	Tokenized source:     ['P@@', 'län@@', 'e', 'für', 'eine', 'stärk@@', 'ere', 'k@@', 'ern@@', 'techn@@', 'ische', 'Zusammenarbeit', 'stehen', 'ganz', 'ob@@', 'en', 'auf', 'der', 'Tag@@', 'es@@', 'ordnung', '.']
2025-05-03 12:32:30,395 - DEBUG - joeynmt.training - 	Tokenized reference:  ['high', 'on', 'the', 'agen@@', 'da', 'are', 'pl@@', 'ans', 'for', 'gre@@', 'ater', 'nu@@', 'clear', 'c@@', 'o', '@@@', '-@@', '@', 'operation', '.']
2025-05-03 12:32:30,395 - DEBUG - joeynmt.training - 	Tokenized hypothesis: ['pl@@', 'ans', 'for', 'gre@@', 'ater', 'co@@', '-@@', 'operation', 'are', 'very', 'ob@@', 'vi@@', 'ous', 'on', 'the', 'agen@@', 'da', '.', '</s>']
2025-05-03 12:32:30,396 - INFO - joeynmt.training - 	Source:     Pläne für eine stärkere kerntechnische Zusammenarbeit stehen ganz oben auf der Tagesordnung .
2025-05-03 12:32:30,396 - INFO - joeynmt.training - 	Reference:  high on the agenda are plans for greater nuclear co @-@ operation .
2025-05-03 12:32:30,396 - INFO - joeynmt.training - 	Hypothesis: plans for greater co-operation are very obvious on the agenda .
2025-05-03 12:32:30,396 - INFO - joeynmt.training - Example #4
2025-05-03 12:32:30,396 - DEBUG - joeynmt.training - 	Tokenized source:     ['Berich@@', 'ten', 'zu@@', 'fol@@', 'ge', 'ho@@', 'fft', 'Indi@@', 'en', 'darüber', 'hinaus', 'auf', 'einen', 'Ver@@', 'trag', 'zur', 'Ver@@', 'tei@@', 'dig@@', 'ungs@@', 'zusammen@@', 'arbeit', 'zwischen', 'den', 'beiden', 'N@@', 'ationen', '.']
2025-05-03 12:32:30,396 - DEBUG - joeynmt.training - 	Tokenized reference:  ['Indi@@', 'a', 'is', 'also', 're@@', 'porte@@', 'dly', 'hop@@', 'ing', 'for', 'a', 'de@@', 'al', 'on', 'def@@', 'ence', 'c@@', 'oll@@', 'ab@@', 'or@@', 'ation', 'between', 'the', 'two', 'n@@', 'ations', '.']
2025-05-03 12:32:30,396 - DEBUG - joeynmt.training - 	Tokenized hypothesis: ['the', 're@@', 'ports', 'are', 'also', 'hop@@', 'ing', 'Indi@@', 'a', 'is', 'also', 'the', 'case', 'of', 'a', 'Tre@@', 'aty', 'on', 'def@@', 'ence', 'cooperation', 'between', 'the', 'two', 'N@@', 'ations', '.', '</s>']
2025-05-03 12:32:30,396 - INFO - joeynmt.training - 	Source:     Berichten zufolge hofft Indien darüber hinaus auf einen Vertrag zur Verteidigungszusammenarbeit zwischen den beiden Nationen .
2025-05-03 12:32:30,396 - INFO - joeynmt.training - 	Reference:  India is also reportedly hoping for a deal on defence collaboration between the two nations .
2025-05-03 12:32:30,396 - INFO - joeynmt.training - 	Hypothesis: the reports are also hoping India is also the case of a Treaty on defence cooperation between the two Nations .
2025-05-03 12:32:35,775 - INFO - joeynmt.training - Epoch  10, Step:    37600, Batch Loss:     1.635639, Batch Acc: 0.548051, Tokens per Sec:    16969, Lr: 0.000300
2025-05-03 12:32:41,465 - INFO - joeynmt.training - Epoch  10, Step:    37700, Batch Loss:     1.938529, Batch Acc: 0.548788, Tokens per Sec:    16145, Lr: 0.000300
2025-05-03 12:32:46,917 - INFO - joeynmt.training - Epoch  10, Step:    37800, Batch Loss:     1.715015, Batch Acc: 0.544735, Tokens per Sec:    16901, Lr: 0.000300
2025-05-03 12:32:52,467 - INFO - joeynmt.training - Epoch  10, Step:    37900, Batch Loss:     1.369248, Batch Acc: 0.553716, Tokens per Sec:    16705, Lr: 0.000300
2025-05-03 12:32:58,068 - INFO - joeynmt.training - Epoch  10, Step:    38000, Batch Loss:     1.501258, Batch Acc: 0.553420, Tokens per Sec:    16129, Lr: 0.000300
2025-05-03 12:32:58,069 - INFO - joeynmt.prediction - Predicting 500 example(s)... (Greedy decoding with min_output_length=1, max_output_length=-1, return_prob='none', generate_unk=True, repetition_penalty=-1, no_repeat_ngram_size=-1)
2025-05-03 12:33:03,668 - INFO - joeynmt.prediction - Evaluation result (greedy) loss:   2.07, ppl:   7.96, acc:   0.47, generation: 5.5912[sec], evaluation: 0.0000[sec]
2025-05-03 12:33:03,755 - INFO - joeynmt.helpers - delete models/deen_transformer_pre/35000.ckpt
2025-05-03 12:33:03,760 - INFO - joeynmt.training - Example #0
2025-05-03 12:33:03,760 - DEBUG - joeynmt.training - 	Tokenized source:     ['die', 'Pre@@', 'mi@@', 'er@@', 'minist@@', 'er', 'Indi@@', 'ens', 'und', 'J@@', 'ap@@', 'ans', 'tra@@', 'fen', 'sich', 'in', 'T@@', 'ok@@', 'i@@', 'o', '.']
2025-05-03 12:33:03,760 - DEBUG - joeynmt.training - 	Tokenized reference:  ['Indi@@', 'a', 'and', 'J@@', 'ap@@', 'an', 'pri@@', 'me', 'minist@@', 'ers', 'me@@', 'et', 'in', 'T@@', 'ok@@', 'y@@', 'o']
2025-05-03 12:33:03,761 - DEBUG - joeynmt.training - 	Tokenized hypothesis: ['the', 'Pri@@', 'me', 'Minist@@', 'er', 'Indi@@', 'a', 'and', 'J@@', 'ap@@', 'ans', 'tra@@', 'ff@@', 'i@@', 'ck@@', 'ing', 'in', 'T@@', 'ok@@', 'i@@', 'o', '.', '</s>']
2025-05-03 12:33:03,761 - INFO - joeynmt.training - 	Source:     die Premierminister Indiens und Japans trafen sich in Tokio .
2025-05-03 12:33:03,761 - INFO - joeynmt.training - 	Reference:  India and Japan prime ministers meet in Tokyo
2025-05-03 12:33:03,761 - INFO - joeynmt.training - 	Hypothesis: the Prime Minister India and Japans trafficking in Tokio .
2025-05-03 12:33:03,761 - INFO - joeynmt.training - Example #1
2025-05-03 12:33:03,761 - DEBUG - joeynmt.training - 	Tokenized source:     ['Indi@@', 'ens', 'neu@@', 'er', 'Pre@@', 'mi@@', 'er@@', 'minist@@', 'er', 'N@@', 'ar@@', 'end@@', 'ra', 'Mo@@', 'd@@', 'i', 'tri@@', 'fft', 'bei', 's@@', 'einem', 'ersten', 'wichti@@', 'gen', 'Aus@@', 'land@@', 's@@', 'bes@@', 'u@@', 'ch', 'seit', 's@@', 'einem', 'W@@', 'ah@@', 'l@@', 'si@@', 'e@@', 'g', 'im', 'Ma@@', 'i', 'seinen', 'j@@', 'ap@@', 'an@@', 'ischen', 'Am@@', 'ts@@', 'k@@', 'olle@@', 'gen', 'S@@', 'hin@@', 'z@@', 'o', 'A@@', 'be', 'in', 'T@@', 'ok@@', 'o', ',', 'um', 'wirtschaf@@', 'tliche', 'und', 'sicher@@', 'heits@@', 'politische', 'Be@@', 'zieh@@', 'ungen', 'zu', 'bes@@', 'pre@@', 'chen', '.']
2025-05-03 12:33:03,761 - DEBUG - joeynmt.training - 	Tokenized reference:  ['Indi@@', 'a', '&apos;s', 'new', 'pri@@', 'me', 'minist@@', 'er', ',', 'N@@', 'ar@@', 'end@@', 'ra', 'Mo@@', 'd@@', 'i', ',', 'is', 'me@@', 'eting', 'his', 'J@@', 'ap@@', 'an@@', 'ese', 'coun@@', 'ter@@', 'part', ',', 'S@@', 'hin@@', 'z@@', 'o', 'A@@', 'be', ',', 'in', 'T@@', 'ok@@', 'y@@', 'o', 'to', 'disc@@', 'uss', 'economic', 'and', 'security', 'ties', ',', 'on', 'his', 'first', 'major', 'fore@@', 'ign', 'visi@@', 't', 'since', 'w@@', 'inn@@', 'ing', 'Ma@@', 'y', '&apos;s', 'elec@@', 'tion', '.']
2025-05-03 12:33:03,761 - DEBUG - joeynmt.training - 	Tokenized hypothesis: ['Indi@@', 'a', '&apos;s', 'new', 'Pri@@', 'me', 'Minist@@', 'er', 'N@@', 'ar@@', 'end@@', 'ra', 'Mo@@', 'd@@', 'i', ',', 'the', 'first', 'important', 'ex@@', 'o@@', 'tic', 'visi@@', 't', 'to', 'the', 'M@@', 'ini@@', 'stry', 'of', 'M@@', 'ini@@', 'stry', ',', 'and', 'S@@', 'hin@@', 'z@@', 'o', 'A@@', 'be', 'in', 'T@@', 'ok@@', 'o', ',', 'to', 're@@', 'mo@@', 've', 'its', 'J@@', 'ap@@', 'an@@', 'ese', ',', 'S@@', 'hin@@', 'z@@', 'o', 'A@@', 'be', 'in', 'T@@', 'ok@@', 'o', ',', 'to', 'visi@@', 't', 'economic', 'and', 'security', 'political', 'rel@@', 'ations', '.', '</s>']
2025-05-03 12:33:03,761 - INFO - joeynmt.training - 	Source:     Indiens neuer Premierminister Narendra Modi trifft bei seinem ersten wichtigen Auslandsbesuch seit seinem Wahlsieg im Mai seinen japanischen Amtskollegen Shinzo Abe in Toko , um wirtschaftliche und sicherheitspolitische Beziehungen zu besprechen .
2025-05-03 12:33:03,761 - INFO - joeynmt.training - 	Reference:  India &apos;s new prime minister , Narendra Modi , is meeting his Japanese counterpart , Shinzo Abe , in Tokyo to discuss economic and security ties , on his first major foreign visit since winning May &apos;s election .
2025-05-03 12:33:03,761 - INFO - joeynmt.training - 	Hypothesis: India &apos;s new Prime Minister Narendra Modi , the first important exotic visit to the Ministry of Ministry , and Shinzo Abe in Toko , to remove its Japanese , Shinzo Abe in Toko , to visit economic and security political relations .
2025-05-03 12:33:03,762 - INFO - joeynmt.training - Example #2
2025-05-03 12:33:03,762 - DEBUG - joeynmt.training - 	Tokenized source:     ['Herr', 'Mo@@', 'd@@', 'i', 'befindet', 'sich', 'auf', 'einer', 'fü@@', 'n@@', 'f@@', 'tä@@', 'gi@@', 'gen', 'Rei@@', 'se', 'nach', 'J@@', 'ap@@', 'an', ',', 'um', 'die', 'wirtschaf@@', 'tlichen', 'Be@@', 'zieh@@', 'ungen', 'mit', 'der', 'd@@', 'rit@@', 't@@', 'größ@@', 'ten', 'Wirtschafts@@', 'n@@', 'ation', 'der', 'Welt', 'zu', 'fes@@', 'tigen', '.']
2025-05-03 12:33:03,762 - DEBUG - joeynmt.training - 	Tokenized reference:  ['Mr', 'Mo@@', 'd@@', 'i', 'is', 'on', 'a', 'fi@@', 've', '@@@', '-@@', '@', 'day', 'tri@@', 'p', 'to', 'J@@', 'ap@@', 'an', 'to', 'streng@@', 'then', 'economic', 'ties', 'with', 'the', 'third', 'lar@@', 'ges@@', 't', 'econom@@', 'y', 'in', 'the', 'world', '.']
2025-05-03 12:33:03,762 - DEBUG - joeynmt.training - 	Tokenized hypothesis: ['Mr', 'Mo@@', 'd@@', 'i', 'is', 'on', 'a', 'fi@@', 'f@@', 'ty', 'tri@@', 'p', 'to', 'J@@', 'ap@@', 'an', ',', 'to', 're@@', 'ach', 'the', 'economic', 'rel@@', 'ations', 'with', 'the', 'third', 'lar@@', 'ges@@', 't', 'economic', 'n@@', 'ation', 'of', 'the', 'world', '&apos;s', 'economic', 'n@@', 'ation', 'of', 'the', 'world', '&apos;s', 'economic', 'n@@', 'ation', 'of', 'the', 'world', '&apos;s', 'economic', 'rel@@', 'ations', '.', '</s>']
2025-05-03 12:33:03,762 - INFO - joeynmt.training - 	Source:     Herr Modi befindet sich auf einer fünftägigen Reise nach Japan , um die wirtschaftlichen Beziehungen mit der drittgrößten Wirtschaftsnation der Welt zu festigen .
2025-05-03 12:33:03,762 - INFO - joeynmt.training - 	Reference:  Mr Modi is on a five @-@ day trip to Japan to strengthen economic ties with the third largest economy in the world .
2025-05-03 12:33:03,763 - INFO - joeynmt.training - 	Hypothesis: Mr Modi is on a fifty trip to Japan , to reach the economic relations with the third largest economic nation of the world &apos;s economic nation of the world &apos;s economic nation of the world &apos;s economic relations .
2025-05-03 12:33:03,763 - INFO - joeynmt.training - Example #3
2025-05-03 12:33:03,763 - DEBUG - joeynmt.training - 	Tokenized source:     ['P@@', 'län@@', 'e', 'für', 'eine', 'stärk@@', 'ere', 'k@@', 'ern@@', 'techn@@', 'ische', 'Zusammenarbeit', 'stehen', 'ganz', 'ob@@', 'en', 'auf', 'der', 'Tag@@', 'es@@', 'ordnung', '.']
2025-05-03 12:33:03,763 - DEBUG - joeynmt.training - 	Tokenized reference:  ['high', 'on', 'the', 'agen@@', 'da', 'are', 'pl@@', 'ans', 'for', 'gre@@', 'ater', 'nu@@', 'clear', 'c@@', 'o', '@@@', '-@@', '@', 'operation', '.']
2025-05-03 12:33:03,763 - DEBUG - joeynmt.training - 	Tokenized hypothesis: ['pl@@', 'ans', 'for', 'more', 'more', 'more', 'co@@', '-@@', 'techn@@', 'ical', 'cooperation', 'are', 'very', 'ob@@', 'vi@@', 'ous', 'on', 'the', 'agen@@', 'da', '.', '</s>']
2025-05-03 12:33:03,763 - INFO - joeynmt.training - 	Source:     Pläne für eine stärkere kerntechnische Zusammenarbeit stehen ganz oben auf der Tagesordnung .
2025-05-03 12:33:03,763 - INFO - joeynmt.training - 	Reference:  high on the agenda are plans for greater nuclear co @-@ operation .
2025-05-03 12:33:03,763 - INFO - joeynmt.training - 	Hypothesis: plans for more more more co-technical cooperation are very obvious on the agenda .
2025-05-03 12:33:03,763 - INFO - joeynmt.training - Example #4
2025-05-03 12:33:03,763 - DEBUG - joeynmt.training - 	Tokenized source:     ['Berich@@', 'ten', 'zu@@', 'fol@@', 'ge', 'ho@@', 'fft', 'Indi@@', 'en', 'darüber', 'hinaus', 'auf', 'einen', 'Ver@@', 'trag', 'zur', 'Ver@@', 'tei@@', 'dig@@', 'ungs@@', 'zusammen@@', 'arbeit', 'zwischen', 'den', 'beiden', 'N@@', 'ationen', '.']
2025-05-03 12:33:03,763 - DEBUG - joeynmt.training - 	Tokenized reference:  ['Indi@@', 'a', 'is', 'also', 're@@', 'porte@@', 'dly', 'hop@@', 'ing', 'for', 'a', 'de@@', 'al', 'on', 'def@@', 'ence', 'c@@', 'oll@@', 'ab@@', 'or@@', 'ation', 'between', 'the', 'two', 'n@@', 'ations', '.']
2025-05-03 12:33:03,763 - DEBUG - joeynmt.training - 	Tokenized hypothesis: ['the', 're@@', 'ports', ',', 'Indi@@', 'a', 'is', 'also', 'the', 'case', 'of', 'a', 'con@@', 'tra@@', 'ct', 'on', 'def@@', 'ence', 'cooperation', 'between', 'the', 'two', 'n@@', 'ations', '.', '</s>']
2025-05-03 12:33:03,763 - INFO - joeynmt.training - 	Source:     Berichten zufolge hofft Indien darüber hinaus auf einen Vertrag zur Verteidigungszusammenarbeit zwischen den beiden Nationen .
2025-05-03 12:33:03,763 - INFO - joeynmt.training - 	Reference:  India is also reportedly hoping for a deal on defence collaboration between the two nations .
2025-05-03 12:33:03,763 - INFO - joeynmt.training - 	Hypothesis: the reports , India is also the case of a contract on defence cooperation between the two nations .
2025-05-03 12:33:09,172 - INFO - joeynmt.training - Epoch  10, Step:    38100, Batch Loss:     1.607853, Batch Acc: 0.549408, Tokens per Sec:    16746, Lr: 0.000300
2025-05-03 12:33:14,717 - INFO - joeynmt.training - Epoch  10, Step:    38200, Batch Loss:     1.544698, Batch Acc: 0.546753, Tokens per Sec:    16567, Lr: 0.000300
2025-05-03 12:33:20,152 - INFO - joeynmt.training - Epoch  10, Step:    38300, Batch Loss:     1.518945, Batch Acc: 0.546155, Tokens per Sec:    17159, Lr: 0.000300
2025-05-03 12:33:25,564 - INFO - joeynmt.training - Epoch  10, Step:    38400, Batch Loss:     1.649897, Batch Acc: 0.549414, Tokens per Sec:    17210, Lr: 0.000300
2025-05-03 12:33:31,033 - INFO - joeynmt.training - Epoch  10, Step:    38500, Batch Loss:     1.437883, Batch Acc: 0.547702, Tokens per Sec:    16778, Lr: 0.000300
2025-05-03 12:33:31,034 - INFO - joeynmt.prediction - Predicting 500 example(s)... (Greedy decoding with min_output_length=1, max_output_length=-1, return_prob='none', generate_unk=True, repetition_penalty=-1, no_repeat_ngram_size=-1)
2025-05-03 12:33:36,554 - INFO - joeynmt.prediction - Evaluation result (greedy) loss:   2.07, ppl:   7.94, acc:   0.47, generation: 5.5126[sec], evaluation: 0.0000[sec]
2025-05-03 12:33:36,555 - INFO - joeynmt.training - Hooray! New best validation result [ppl]!
2025-05-03 12:33:36,639 - INFO - joeynmt.helpers - delete models/deen_transformer_pre/37000.ckpt
2025-05-03 12:33:36,643 - INFO - joeynmt.training - Example #0
2025-05-03 12:33:36,644 - DEBUG - joeynmt.training - 	Tokenized source:     ['die', 'Pre@@', 'mi@@', 'er@@', 'minist@@', 'er', 'Indi@@', 'ens', 'und', 'J@@', 'ap@@', 'ans', 'tra@@', 'fen', 'sich', 'in', 'T@@', 'ok@@', 'i@@', 'o', '.']
2025-05-03 12:33:36,644 - DEBUG - joeynmt.training - 	Tokenized reference:  ['Indi@@', 'a', 'and', 'J@@', 'ap@@', 'an', 'pri@@', 'me', 'minist@@', 'ers', 'me@@', 'et', 'in', 'T@@', 'ok@@', 'y@@', 'o']
2025-05-03 12:33:36,644 - DEBUG - joeynmt.training - 	Tokenized hypothesis: ['the', 'Pri@@', 'me', 'Minist@@', 'er', 'Indi@@', 'a', 'and', 'J@@', 'ap@@', 'ans', 'will', 'be', 'in', 'T@@', 'ok@@', 'y@@', 'o', '.', '</s>']
2025-05-03 12:33:36,644 - INFO - joeynmt.training - 	Source:     die Premierminister Indiens und Japans trafen sich in Tokio .
2025-05-03 12:33:36,644 - INFO - joeynmt.training - 	Reference:  India and Japan prime ministers meet in Tokyo
2025-05-03 12:33:36,644 - INFO - joeynmt.training - 	Hypothesis: the Prime Minister India and Japans will be in Tokyo .
2025-05-03 12:33:36,644 - INFO - joeynmt.training - Example #1
2025-05-03 12:33:36,644 - DEBUG - joeynmt.training - 	Tokenized source:     ['Indi@@', 'ens', 'neu@@', 'er', 'Pre@@', 'mi@@', 'er@@', 'minist@@', 'er', 'N@@', 'ar@@', 'end@@', 'ra', 'Mo@@', 'd@@', 'i', 'tri@@', 'fft', 'bei', 's@@', 'einem', 'ersten', 'wichti@@', 'gen', 'Aus@@', 'land@@', 's@@', 'bes@@', 'u@@', 'ch', 'seit', 's@@', 'einem', 'W@@', 'ah@@', 'l@@', 'si@@', 'e@@', 'g', 'im', 'Ma@@', 'i', 'seinen', 'j@@', 'ap@@', 'an@@', 'ischen', 'Am@@', 'ts@@', 'k@@', 'olle@@', 'gen', 'S@@', 'hin@@', 'z@@', 'o', 'A@@', 'be', 'in', 'T@@', 'ok@@', 'o', ',', 'um', 'wirtschaf@@', 'tliche', 'und', 'sicher@@', 'heits@@', 'politische', 'Be@@', 'zieh@@', 'ungen', 'zu', 'bes@@', 'pre@@', 'chen', '.']
2025-05-03 12:33:36,644 - DEBUG - joeynmt.training - 	Tokenized reference:  ['Indi@@', 'a', '&apos;s', 'new', 'pri@@', 'me', 'minist@@', 'er', ',', 'N@@', 'ar@@', 'end@@', 'ra', 'Mo@@', 'd@@', 'i', ',', 'is', 'me@@', 'eting', 'his', 'J@@', 'ap@@', 'an@@', 'ese', 'coun@@', 'ter@@', 'part', ',', 'S@@', 'hin@@', 'z@@', 'o', 'A@@', 'be', ',', 'in', 'T@@', 'ok@@', 'y@@', 'o', 'to', 'disc@@', 'uss', 'economic', 'and', 'security', 'ties', ',', 'on', 'his', 'first', 'major', 'fore@@', 'ign', 'visi@@', 't', 'since', 'w@@', 'inn@@', 'ing', 'Ma@@', 'y', '&apos;s', 'elec@@', 'tion', '.']
2025-05-03 12:33:36,644 - DEBUG - joeynmt.training - 	Tokenized hypothesis: ['Indi@@', 'a', '&apos;s', 'new', 'Pri@@', 'me', 'Minist@@', 'er', 'N@@', 'ar@@', 'end@@', 'ra', 'Mo@@', 'd@@', 'i', ',', 'in', 'his', 'first', 'important', 'fore@@', 'ign', 'visi@@', 'tors', ',', 'the', 'first', 'of', 'the', 'M@@', 'ini@@', 'stry', 'of', 'N@@', 'ar@@', 'end@@', 'ra', 'Mo@@', 'd@@', 'i', 'J@@', 'ap@@', 'an@@', 'ese', 'S@@', 'hin@@', 'z@@', 'o', 'A@@', 'be', 'in', 'T@@', 'ok@@', 'o', ',', 'to', 'make', 'the', 'economic', 'and', 'saf@@', 'ety', 'political', 'rel@@', 'ations', '.', '</s>']
2025-05-03 12:33:36,645 - INFO - joeynmt.training - 	Source:     Indiens neuer Premierminister Narendra Modi trifft bei seinem ersten wichtigen Auslandsbesuch seit seinem Wahlsieg im Mai seinen japanischen Amtskollegen Shinzo Abe in Toko , um wirtschaftliche und sicherheitspolitische Beziehungen zu besprechen .
2025-05-03 12:33:36,645 - INFO - joeynmt.training - 	Reference:  India &apos;s new prime minister , Narendra Modi , is meeting his Japanese counterpart , Shinzo Abe , in Tokyo to discuss economic and security ties , on his first major foreign visit since winning May &apos;s election .
2025-05-03 12:33:36,645 - INFO - joeynmt.training - 	Hypothesis: India &apos;s new Prime Minister Narendra Modi , in his first important foreign visitors , the first of the Ministry of Narendra Modi Japanese Shinzo Abe in Toko , to make the economic and safety political relations .
2025-05-03 12:33:36,645 - INFO - joeynmt.training - Example #2
2025-05-03 12:33:36,645 - DEBUG - joeynmt.training - 	Tokenized source:     ['Herr', 'Mo@@', 'd@@', 'i', 'befindet', 'sich', 'auf', 'einer', 'fü@@', 'n@@', 'f@@', 'tä@@', 'gi@@', 'gen', 'Rei@@', 'se', 'nach', 'J@@', 'ap@@', 'an', ',', 'um', 'die', 'wirtschaf@@', 'tlichen', 'Be@@', 'zieh@@', 'ungen', 'mit', 'der', 'd@@', 'rit@@', 't@@', 'größ@@', 'ten', 'Wirtschafts@@', 'n@@', 'ation', 'der', 'Welt', 'zu', 'fes@@', 'tigen', '.']
2025-05-03 12:33:36,645 - DEBUG - joeynmt.training - 	Tokenized reference:  ['Mr', 'Mo@@', 'd@@', 'i', 'is', 'on', 'a', 'fi@@', 've', '@@@', '-@@', '@', 'day', 'tri@@', 'p', 'to', 'J@@', 'ap@@', 'an', 'to', 'streng@@', 'then', 'economic', 'ties', 'with', 'the', 'third', 'lar@@', 'ges@@', 't', 'econom@@', 'y', 'in', 'the', 'world', '.']
2025-05-03 12:33:36,645 - DEBUG - joeynmt.training - 	Tokenized hypothesis: ['Mr', 'Mo@@', 'd@@', 'i', 'is', 'on', 'a', 'fi@@', 'f@@', 'ty', 'of', 'the', 'world', '&apos;s', 'economic', 'rel@@', 'ations', 'with', 'the', 'third', 'lar@@', 'ges@@', 't', 'economic', 'n@@', 'ation', 'of', 'the', 'world', '&apos;s', 'economic', 'n@@', 'ation', 'of', 'the', 'world', '.', '</s>']
2025-05-03 12:33:36,645 - INFO - joeynmt.training - 	Source:     Herr Modi befindet sich auf einer fünftägigen Reise nach Japan , um die wirtschaftlichen Beziehungen mit der drittgrößten Wirtschaftsnation der Welt zu festigen .
2025-05-03 12:33:36,645 - INFO - joeynmt.training - 	Reference:  Mr Modi is on a five @-@ day trip to Japan to strengthen economic ties with the third largest economy in the world .
2025-05-03 12:33:36,645 - INFO - joeynmt.training - 	Hypothesis: Mr Modi is on a fifty of the world &apos;s economic relations with the third largest economic nation of the world &apos;s economic nation of the world .
2025-05-03 12:33:36,645 - INFO - joeynmt.training - Example #3
2025-05-03 12:33:36,645 - DEBUG - joeynmt.training - 	Tokenized source:     ['P@@', 'län@@', 'e', 'für', 'eine', 'stärk@@', 'ere', 'k@@', 'ern@@', 'techn@@', 'ische', 'Zusammenarbeit', 'stehen', 'ganz', 'ob@@', 'en', 'auf', 'der', 'Tag@@', 'es@@', 'ordnung', '.']
2025-05-03 12:33:36,645 - DEBUG - joeynmt.training - 	Tokenized reference:  ['high', 'on', 'the', 'agen@@', 'da', 'are', 'pl@@', 'ans', 'for', 'gre@@', 'ater', 'nu@@', 'clear', 'c@@', 'o', '@@@', '-@@', '@', 'operation', '.']
2025-05-03 12:33:36,646 - DEBUG - joeynmt.training - 	Tokenized hypothesis: ['pl@@', 'ans', 'for', 'more', 'more', 'seri@@', 'ous', 'techn@@', 'ical', 'cooperation', 'are', 'enti@@', 're@@', 'ly', 'on', 'the', 'agen@@', 'da', '.', '</s>']
2025-05-03 12:33:36,646 - INFO - joeynmt.training - 	Source:     Pläne für eine stärkere kerntechnische Zusammenarbeit stehen ganz oben auf der Tagesordnung .
2025-05-03 12:33:36,646 - INFO - joeynmt.training - 	Reference:  high on the agenda are plans for greater nuclear co @-@ operation .
2025-05-03 12:33:36,646 - INFO - joeynmt.training - 	Hypothesis: plans for more more serious technical cooperation are entirely on the agenda .
2025-05-03 12:33:36,646 - INFO - joeynmt.training - Example #4
2025-05-03 12:33:36,646 - DEBUG - joeynmt.training - 	Tokenized source:     ['Berich@@', 'ten', 'zu@@', 'fol@@', 'ge', 'ho@@', 'fft', 'Indi@@', 'en', 'darüber', 'hinaus', 'auf', 'einen', 'Ver@@', 'trag', 'zur', 'Ver@@', 'tei@@', 'dig@@', 'ungs@@', 'zusammen@@', 'arbeit', 'zwischen', 'den', 'beiden', 'N@@', 'ationen', '.']
2025-05-03 12:33:36,646 - DEBUG - joeynmt.training - 	Tokenized reference:  ['Indi@@', 'a', 'is', 'also', 're@@', 'porte@@', 'dly', 'hop@@', 'ing', 'for', 'a', 'de@@', 'al', 'on', 'def@@', 'ence', 'c@@', 'oll@@', 'ab@@', 'or@@', 'ation', 'between', 'the', 'two', 'n@@', 'ations', '.']
2025-05-03 12:33:36,646 - DEBUG - joeynmt.training - 	Tokenized hypothesis: ['re@@', 'ports', ',', 'indi@@', 'c@@', 'ate', 'that', 'Indi@@', 'a', 'is', 'also', 'the', 'first', 'of', 'all', ',', 'in', 'the', 'con@@', 'text', 'of', 'the', 'Tre@@', 'aty', '.', '</s>']
2025-05-03 12:33:36,646 - INFO - joeynmt.training - 	Source:     Berichten zufolge hofft Indien darüber hinaus auf einen Vertrag zur Verteidigungszusammenarbeit zwischen den beiden Nationen .
2025-05-03 12:33:36,646 - INFO - joeynmt.training - 	Reference:  India is also reportedly hoping for a deal on defence collaboration between the two nations .
2025-05-03 12:33:36,646 - INFO - joeynmt.training - 	Hypothesis: reports , indicate that India is also the first of all , in the context of the Treaty .
2025-05-03 12:33:42,099 - INFO - joeynmt.training - Epoch  10, Step:    38600, Batch Loss:     1.568178, Batch Acc: 0.547082, Tokens per Sec:    16374, Lr: 0.000300
2025-05-03 12:33:47,565 - INFO - joeynmt.training - Epoch  10, Step:    38700, Batch Loss:     1.764137, Batch Acc: 0.543967, Tokens per Sec:    16851, Lr: 0.000300
2025-05-03 12:33:53,080 - INFO - joeynmt.training - Epoch  10, Step:    38800, Batch Loss:     1.678354, Batch Acc: 0.548437, Tokens per Sec:    16643, Lr: 0.000300
2025-05-03 12:33:58,472 - INFO - joeynmt.training - Epoch  10, Step:    38900, Batch Loss:     1.871393, Batch Acc: 0.546593, Tokens per Sec:    17020, Lr: 0.000300
2025-05-03 12:34:04,119 - INFO - joeynmt.training - Epoch  10, Step:    39000, Batch Loss:     1.404843, Batch Acc: 0.547636, Tokens per Sec:    16046, Lr: 0.000300
2025-05-03 12:34:04,119 - INFO - joeynmt.prediction - Predicting 500 example(s)... (Greedy decoding with min_output_length=1, max_output_length=-1, return_prob='none', generate_unk=True, repetition_penalty=-1, no_repeat_ngram_size=-1)
2025-05-03 12:34:10,164 - INFO - joeynmt.prediction - Evaluation result (greedy) loss:   2.07, ppl:   7.96, acc:   0.46, generation: 6.0379[sec], evaluation: 0.0000[sec]
2025-05-03 12:34:10,242 - INFO - joeynmt.helpers - delete models/deen_transformer_pre/35500.ckpt
2025-05-03 12:34:10,248 - INFO - joeynmt.training - Example #0
2025-05-03 12:34:10,248 - DEBUG - joeynmt.training - 	Tokenized source:     ['die', 'Pre@@', 'mi@@', 'er@@', 'minist@@', 'er', 'Indi@@', 'ens', 'und', 'J@@', 'ap@@', 'ans', 'tra@@', 'fen', 'sich', 'in', 'T@@', 'ok@@', 'i@@', 'o', '.']
2025-05-03 12:34:10,248 - DEBUG - joeynmt.training - 	Tokenized reference:  ['Indi@@', 'a', 'and', 'J@@', 'ap@@', 'an', 'pri@@', 'me', 'minist@@', 'ers', 'me@@', 'et', 'in', 'T@@', 'ok@@', 'y@@', 'o']
2025-05-03 12:34:10,248 - DEBUG - joeynmt.training - 	Tokenized hypothesis: ['the', 'Pri@@', 'me', 'Minist@@', 'er', 'Indi@@', 'a', 'and', 'J@@', 'ap@@', 'an', '&apos;s', 'tra@@', 'ff@@', 'i@@', 'ck@@', 'ing', 'in', 'T@@', 'ok@@', 'y@@', 'o', '.', '</s>']
2025-05-03 12:34:10,249 - INFO - joeynmt.training - 	Source:     die Premierminister Indiens und Japans trafen sich in Tokio .
2025-05-03 12:34:10,249 - INFO - joeynmt.training - 	Reference:  India and Japan prime ministers meet in Tokyo
2025-05-03 12:34:10,249 - INFO - joeynmt.training - 	Hypothesis: the Prime Minister India and Japan &apos;s trafficking in Tokyo .
2025-05-03 12:34:10,249 - INFO - joeynmt.training - Example #1
2025-05-03 12:34:10,249 - DEBUG - joeynmt.training - 	Tokenized source:     ['Indi@@', 'ens', 'neu@@', 'er', 'Pre@@', 'mi@@', 'er@@', 'minist@@', 'er', 'N@@', 'ar@@', 'end@@', 'ra', 'Mo@@', 'd@@', 'i', 'tri@@', 'fft', 'bei', 's@@', 'einem', 'ersten', 'wichti@@', 'gen', 'Aus@@', 'land@@', 's@@', 'bes@@', 'u@@', 'ch', 'seit', 's@@', 'einem', 'W@@', 'ah@@', 'l@@', 'si@@', 'e@@', 'g', 'im', 'Ma@@', 'i', 'seinen', 'j@@', 'ap@@', 'an@@', 'ischen', 'Am@@', 'ts@@', 'k@@', 'olle@@', 'gen', 'S@@', 'hin@@', 'z@@', 'o', 'A@@', 'be', 'in', 'T@@', 'ok@@', 'o', ',', 'um', 'wirtschaf@@', 'tliche', 'und', 'sicher@@', 'heits@@', 'politische', 'Be@@', 'zieh@@', 'ungen', 'zu', 'bes@@', 'pre@@', 'chen', '.']
2025-05-03 12:34:10,249 - DEBUG - joeynmt.training - 	Tokenized reference:  ['Indi@@', 'a', '&apos;s', 'new', 'pri@@', 'me', 'minist@@', 'er', ',', 'N@@', 'ar@@', 'end@@', 'ra', 'Mo@@', 'd@@', 'i', ',', 'is', 'me@@', 'eting', 'his', 'J@@', 'ap@@', 'an@@', 'ese', 'coun@@', 'ter@@', 'part', ',', 'S@@', 'hin@@', 'z@@', 'o', 'A@@', 'be', ',', 'in', 'T@@', 'ok@@', 'y@@', 'o', 'to', 'disc@@', 'uss', 'economic', 'and', 'security', 'ties', ',', 'on', 'his', 'first', 'major', 'fore@@', 'ign', 'visi@@', 't', 'since', 'w@@', 'inn@@', 'ing', 'Ma@@', 'y', '&apos;s', 'elec@@', 'tion', '.']
2025-05-03 12:34:10,249 - DEBUG - joeynmt.training - 	Tokenized hypothesis: ['Indi@@', 'a', '&apos;s', 'new', 'Pri@@', 'me', 'Minist@@', 'er', 'N@@', 'ar@@', 'end@@', 'ra', 'Mo@@', 'd@@', 'i', ',', 'in', 'his', 'first', 'important', 'international', 'international', 'colle@@', 'ag@@', 'u@@', 'es', ',', 'since', 'his', 'J@@', 'ap@@', 'an@@', 'ese', 'S@@', 'hin@@', 'z@@', 'o', 'A@@', 'be', 'in', 'T@@', 'ok@@', 'o', ',', 'in', 'T@@', 'ok@@', 'o', ',', 'in', 'T@@', 'ok@@', 'o', ',', 'in', 'T@@', 'ok@@', 'o', ',', 'in', 'T@@', 'ok@@', 'o', ',', 'in', 'T@@', 'ok@@', 'o', ',', 'in', 'T@@', 'ok@@', 'o', ',', 'in', 'T@@', 'ok@@', 'o', ',', 'in', 'T@@', 'ok@@', 'o', ',', 'in', 'T@@', 'ok@@', 'o', ',', 'in', 'T@@', 'ok@@', 'o', ',', 'in', 'T@@', 'ok@@', 'o', ',', 'in', 'T@@', 'ok@@', 'o', ',', 'in', 'the', 'M@@', 'o@@', 'c@@', 'op@@', 'e', ',', 'in', 'order', 'to', 'be', 'able', 'J@@', 'a@@', 'y', '.', '</s>']
2025-05-03 12:34:10,249 - INFO - joeynmt.training - 	Source:     Indiens neuer Premierminister Narendra Modi trifft bei seinem ersten wichtigen Auslandsbesuch seit seinem Wahlsieg im Mai seinen japanischen Amtskollegen Shinzo Abe in Toko , um wirtschaftliche und sicherheitspolitische Beziehungen zu besprechen .
2025-05-03 12:34:10,249 - INFO - joeynmt.training - 	Reference:  India &apos;s new prime minister , Narendra Modi , is meeting his Japanese counterpart , Shinzo Abe , in Tokyo to discuss economic and security ties , on his first major foreign visit since winning May &apos;s election .
2025-05-03 12:34:10,249 - INFO - joeynmt.training - 	Hypothesis: India &apos;s new Prime Minister Narendra Modi , in his first important international international colleagues , since his Japanese Shinzo Abe in Toko , in Toko , in Toko , in Toko , in Toko , in Toko , in Toko , in Toko , in Toko , in Toko , in Toko , in Toko , in Toko , in the Mocope , in order to be able Jay .
2025-05-03 12:34:10,249 - INFO - joeynmt.training - Example #2
2025-05-03 12:34:10,249 - DEBUG - joeynmt.training - 	Tokenized source:     ['Herr', 'Mo@@', 'd@@', 'i', 'befindet', 'sich', 'auf', 'einer', 'fü@@', 'n@@', 'f@@', 'tä@@', 'gi@@', 'gen', 'Rei@@', 'se', 'nach', 'J@@', 'ap@@', 'an', ',', 'um', 'die', 'wirtschaf@@', 'tlichen', 'Be@@', 'zieh@@', 'ungen', 'mit', 'der', 'd@@', 'rit@@', 't@@', 'größ@@', 'ten', 'Wirtschafts@@', 'n@@', 'ation', 'der', 'Welt', 'zu', 'fes@@', 'tigen', '.']
2025-05-03 12:34:10,250 - DEBUG - joeynmt.training - 	Tokenized reference:  ['Mr', 'Mo@@', 'd@@', 'i', 'is', 'on', 'a', 'fi@@', 've', '@@@', '-@@', '@', 'day', 'tri@@', 'p', 'to', 'J@@', 'ap@@', 'an', 'to', 'streng@@', 'then', 'economic', 'ties', 'with', 'the', 'third', 'lar@@', 'ges@@', 't', 'econom@@', 'y', 'in', 'the', 'world', '.']
2025-05-03 12:34:10,250 - DEBUG - joeynmt.training - 	Tokenized hypothesis: ['Mr', 'Mo@@', 'd@@', 'i', 'is', 'a', 'f@@', 'ar@@', '-@@', 'day', 'j@@', 'ap@@', 'an', 'to', 'the', 'economic', 'rel@@', 'ations', 'with', 'the', 'third', 'lar@@', 'ges@@', 't', 'economic', 'rel@@', 'ations', 'with', 'the', 'third', 'lar@@', 'ges@@', 't', 'economic', 'rel@@', 'ations', '.', '</s>']
2025-05-03 12:34:10,250 - INFO - joeynmt.training - 	Source:     Herr Modi befindet sich auf einer fünftägigen Reise nach Japan , um die wirtschaftlichen Beziehungen mit der drittgrößten Wirtschaftsnation der Welt zu festigen .
2025-05-03 12:34:10,250 - INFO - joeynmt.training - 	Reference:  Mr Modi is on a five @-@ day trip to Japan to strengthen economic ties with the third largest economy in the world .
2025-05-03 12:34:10,250 - INFO - joeynmt.training - 	Hypothesis: Mr Modi is a far-day japan to the economic relations with the third largest economic relations with the third largest economic relations .
2025-05-03 12:34:10,250 - INFO - joeynmt.training - Example #3
2025-05-03 12:34:10,250 - DEBUG - joeynmt.training - 	Tokenized source:     ['P@@', 'län@@', 'e', 'für', 'eine', 'stärk@@', 'ere', 'k@@', 'ern@@', 'techn@@', 'ische', 'Zusammenarbeit', 'stehen', 'ganz', 'ob@@', 'en', 'auf', 'der', 'Tag@@', 'es@@', 'ordnung', '.']
2025-05-03 12:34:10,250 - DEBUG - joeynmt.training - 	Tokenized reference:  ['high', 'on', 'the', 'agen@@', 'da', 'are', 'pl@@', 'ans', 'for', 'gre@@', 'ater', 'nu@@', 'clear', 'c@@', 'o', '@@@', '-@@', '@', 'operation', '.']
2025-05-03 12:34:10,250 - DEBUG - joeynmt.training - 	Tokenized hypothesis: ['pl@@', 'ans', 'for', 'more', 'more', 'nu@@', 'clear', 'techn@@', 'ical', 'cooperation', 'are', 'all', 'at', 'the', 'agen@@', 'da', '.', '</s>']
2025-05-03 12:34:10,250 - INFO - joeynmt.training - 	Source:     Pläne für eine stärkere kerntechnische Zusammenarbeit stehen ganz oben auf der Tagesordnung .
2025-05-03 12:34:10,251 - INFO - joeynmt.training - 	Reference:  high on the agenda are plans for greater nuclear co @-@ operation .
2025-05-03 12:34:10,251 - INFO - joeynmt.training - 	Hypothesis: plans for more more nuclear technical cooperation are all at the agenda .
2025-05-03 12:34:10,251 - INFO - joeynmt.training - Example #4
2025-05-03 12:34:10,251 - DEBUG - joeynmt.training - 	Tokenized source:     ['Berich@@', 'ten', 'zu@@', 'fol@@', 'ge', 'ho@@', 'fft', 'Indi@@', 'en', 'darüber', 'hinaus', 'auf', 'einen', 'Ver@@', 'trag', 'zur', 'Ver@@', 'tei@@', 'dig@@', 'ungs@@', 'zusammen@@', 'arbeit', 'zwischen', 'den', 'beiden', 'N@@', 'ationen', '.']
2025-05-03 12:34:10,251 - DEBUG - joeynmt.training - 	Tokenized reference:  ['Indi@@', 'a', 'is', 'also', 're@@', 'porte@@', 'dly', 'hop@@', 'ing', 'for', 'a', 'de@@', 'al', 'on', 'def@@', 'ence', 'c@@', 'oll@@', 'ab@@', 'or@@', 'ation', 'between', 'the', 'two', 'n@@', 'ations', '.']
2025-05-03 12:34:10,251 - DEBUG - joeynmt.training - 	Tokenized hypothesis: ['the', 're@@', 'ports', 'are', 'also', 'hop@@', 'ing', 'Indi@@', 'a', '&apos;s', 're@@', 'ports', 'on', 'def@@', 'ence', 'cooperation', 'between', 'the', 'two', 'n@@', 'ations', '.', '</s>']
2025-05-03 12:34:10,251 - INFO - joeynmt.training - 	Source:     Berichten zufolge hofft Indien darüber hinaus auf einen Vertrag zur Verteidigungszusammenarbeit zwischen den beiden Nationen .
2025-05-03 12:34:10,251 - INFO - joeynmt.training - 	Reference:  India is also reportedly hoping for a deal on defence collaboration between the two nations .
2025-05-03 12:34:10,251 - INFO - joeynmt.training - 	Hypothesis: the reports are also hoping India &apos;s reports on defence cooperation between the two nations .
2025-05-03 12:34:15,791 - INFO - joeynmt.training - Epoch  10, Step:    39100, Batch Loss:     1.601890, Batch Acc: 0.545780, Tokens per Sec:    16063, Lr: 0.000300
2025-05-03 12:34:21,186 - INFO - joeynmt.training - Epoch  10, Step:    39200, Batch Loss:     1.520341, Batch Acc: 0.543893, Tokens per Sec:    17003, Lr: 0.000300
2025-05-03 12:34:26,628 - INFO - joeynmt.training - Epoch  10, Step:    39300, Batch Loss:     1.720531, Batch Acc: 0.546228, Tokens per Sec:    16683, Lr: 0.000300
2025-05-03 12:34:32,079 - INFO - joeynmt.training - Epoch  10, Step:    39400, Batch Loss:     1.653629, Batch Acc: 0.543218, Tokens per Sec:    16776, Lr: 0.000300
2025-05-03 12:34:37,556 - INFO - joeynmt.training - Epoch  10, Step:    39500, Batch Loss:     1.723863, Batch Acc: 0.551514, Tokens per Sec:    16801, Lr: 0.000300
2025-05-03 12:34:37,557 - INFO - joeynmt.prediction - Predicting 500 example(s)... (Greedy decoding with min_output_length=1, max_output_length=-1, return_prob='none', generate_unk=True, repetition_penalty=-1, no_repeat_ngram_size=-1)
2025-05-03 12:34:43,176 - INFO - joeynmt.prediction - Evaluation result (greedy) loss:   2.07, ppl:   7.93, acc:   0.46, generation: 5.6125[sec], evaluation: 0.0000[sec]
2025-05-03 12:34:43,176 - INFO - joeynmt.training - Hooray! New best validation result [ppl]!
2025-05-03 12:34:43,258 - INFO - joeynmt.helpers - delete models/deen_transformer_pre/36000.ckpt
2025-05-03 12:34:43,264 - INFO - joeynmt.training - Example #0
2025-05-03 12:34:43,264 - DEBUG - joeynmt.training - 	Tokenized source:     ['die', 'Pre@@', 'mi@@', 'er@@', 'minist@@', 'er', 'Indi@@', 'ens', 'und', 'J@@', 'ap@@', 'ans', 'tra@@', 'fen', 'sich', 'in', 'T@@', 'ok@@', 'i@@', 'o', '.']
2025-05-03 12:34:43,264 - DEBUG - joeynmt.training - 	Tokenized reference:  ['Indi@@', 'a', 'and', 'J@@', 'ap@@', 'an', 'pri@@', 'me', 'minist@@', 'ers', 'me@@', 'et', 'in', 'T@@', 'ok@@', 'y@@', 'o']
2025-05-03 12:34:43,264 - DEBUG - joeynmt.training - 	Tokenized hypothesis: ['the', 'Pri@@', 'me', 'Minist@@', 'er', 'of', 'Indi@@', 'a', 'and', 'J@@', 'ap@@', 'an', '&apos;s', 'tra@@', 'ff@@', 'i@@', 'o', '.', '</s>']
2025-05-03 12:34:43,264 - INFO - joeynmt.training - 	Source:     die Premierminister Indiens und Japans trafen sich in Tokio .
2025-05-03 12:34:43,264 - INFO - joeynmt.training - 	Reference:  India and Japan prime ministers meet in Tokyo
2025-05-03 12:34:43,264 - INFO - joeynmt.training - 	Hypothesis: the Prime Minister of India and Japan &apos;s traffio .
2025-05-03 12:34:43,265 - INFO - joeynmt.training - Example #1
2025-05-03 12:34:43,265 - DEBUG - joeynmt.training - 	Tokenized source:     ['Indi@@', 'ens', 'neu@@', 'er', 'Pre@@', 'mi@@', 'er@@', 'minist@@', 'er', 'N@@', 'ar@@', 'end@@', 'ra', 'Mo@@', 'd@@', 'i', 'tri@@', 'fft', 'bei', 's@@', 'einem', 'ersten', 'wichti@@', 'gen', 'Aus@@', 'land@@', 's@@', 'bes@@', 'u@@', 'ch', 'seit', 's@@', 'einem', 'W@@', 'ah@@', 'l@@', 'si@@', 'e@@', 'g', 'im', 'Ma@@', 'i', 'seinen', 'j@@', 'ap@@', 'an@@', 'ischen', 'Am@@', 'ts@@', 'k@@', 'olle@@', 'gen', 'S@@', 'hin@@', 'z@@', 'o', 'A@@', 'be', 'in', 'T@@', 'ok@@', 'o', ',', 'um', 'wirtschaf@@', 'tliche', 'und', 'sicher@@', 'heits@@', 'politische', 'Be@@', 'zieh@@', 'ungen', 'zu', 'bes@@', 'pre@@', 'chen', '.']
2025-05-03 12:34:43,265 - DEBUG - joeynmt.training - 	Tokenized reference:  ['Indi@@', 'a', '&apos;s', 'new', 'pri@@', 'me', 'minist@@', 'er', ',', 'N@@', 'ar@@', 'end@@', 'ra', 'Mo@@', 'd@@', 'i', ',', 'is', 'me@@', 'eting', 'his', 'J@@', 'ap@@', 'an@@', 'ese', 'coun@@', 'ter@@', 'part', ',', 'S@@', 'hin@@', 'z@@', 'o', 'A@@', 'be', ',', 'in', 'T@@', 'ok@@', 'y@@', 'o', 'to', 'disc@@', 'uss', 'economic', 'and', 'security', 'ties', ',', 'on', 'his', 'first', 'major', 'fore@@', 'ign', 'visi@@', 't', 'since', 'w@@', 'inn@@', 'ing', 'Ma@@', 'y', '&apos;s', 'elec@@', 'tion', '.']
2025-05-03 12:34:43,265 - DEBUG - joeynmt.training - 	Tokenized hypothesis: ['Indi@@', 'a', '&apos;s', 'lat@@', 'est', 'Pri@@', 'me', 'Minist@@', 'er', 'N@@', 'ar@@', 'end@@', 'ra', 'Mo@@', 'd@@', 'i', ',', 'the', 'first', 'important', 'ex@@', 'tern@@', 'al', 'of', 'his', 'own', 'own', 'own', ',', 'the', 'S@@', 'hin@@', 'z@@', 'o', 'A@@', 'be', 'in', 'T@@', 'ok@@', 'o', ',', 'to', 're@@', 'm@@', 'em@@', 'ber@@', 'ing', 'economic', 'and', 'security', 'political', 'rel@@', 'ations', '.', '</s>']
2025-05-03 12:34:43,265 - INFO - joeynmt.training - 	Source:     Indiens neuer Premierminister Narendra Modi trifft bei seinem ersten wichtigen Auslandsbesuch seit seinem Wahlsieg im Mai seinen japanischen Amtskollegen Shinzo Abe in Toko , um wirtschaftliche und sicherheitspolitische Beziehungen zu besprechen .
2025-05-03 12:34:43,265 - INFO - joeynmt.training - 	Reference:  India &apos;s new prime minister , Narendra Modi , is meeting his Japanese counterpart , Shinzo Abe , in Tokyo to discuss economic and security ties , on his first major foreign visit since winning May &apos;s election .
2025-05-03 12:34:43,265 - INFO - joeynmt.training - 	Hypothesis: India &apos;s latest Prime Minister Narendra Modi , the first important external of his own own own , the Shinzo Abe in Toko , to remembering economic and security political relations .
2025-05-03 12:34:43,265 - INFO - joeynmt.training - Example #2
2025-05-03 12:34:43,265 - DEBUG - joeynmt.training - 	Tokenized source:     ['Herr', 'Mo@@', 'd@@', 'i', 'befindet', 'sich', 'auf', 'einer', 'fü@@', 'n@@', 'f@@', 'tä@@', 'gi@@', 'gen', 'Rei@@', 'se', 'nach', 'J@@', 'ap@@', 'an', ',', 'um', 'die', 'wirtschaf@@', 'tlichen', 'Be@@', 'zieh@@', 'ungen', 'mit', 'der', 'd@@', 'rit@@', 't@@', 'größ@@', 'ten', 'Wirtschafts@@', 'n@@', 'ation', 'der', 'Welt', 'zu', 'fes@@', 'tigen', '.']
2025-05-03 12:34:43,265 - DEBUG - joeynmt.training - 	Tokenized reference:  ['Mr', 'Mo@@', 'd@@', 'i', 'is', 'on', 'a', 'fi@@', 've', '@@@', '-@@', '@', 'day', 'tri@@', 'p', 'to', 'J@@', 'ap@@', 'an', 'to', 'streng@@', 'then', 'economic', 'ties', 'with', 'the', 'third', 'lar@@', 'ges@@', 't', 'econom@@', 'y', 'in', 'the', 'world', '.']
2025-05-03 12:34:43,265 - DEBUG - joeynmt.training - 	Tokenized hypothesis: ['Mr', 'Mo@@', 'd@@', 'i', 'is', 'a', 'fi@@', 'f@@', 'th', 'of', 'the', 'fi@@', 'f@@', 'th', 'b@@', 'it', 'to', 'J@@', 'ap@@', 'an', 'to', 'the', 'economic', 'rel@@', 'ations', 'with', 'the', 'third', 'lar@@', 'ges@@', 't', 'economic', 'rel@@', 'ations', '.', '</s>']
2025-05-03 12:34:43,266 - INFO - joeynmt.training - 	Source:     Herr Modi befindet sich auf einer fünftägigen Reise nach Japan , um die wirtschaftlichen Beziehungen mit der drittgrößten Wirtschaftsnation der Welt zu festigen .
2025-05-03 12:34:43,266 - INFO - joeynmt.training - 	Reference:  Mr Modi is on a five @-@ day trip to Japan to strengthen economic ties with the third largest economy in the world .
2025-05-03 12:34:43,266 - INFO - joeynmt.training - 	Hypothesis: Mr Modi is a fifth of the fifth bit to Japan to the economic relations with the third largest economic relations .
2025-05-03 12:34:43,266 - INFO - joeynmt.training - Example #3
2025-05-03 12:34:43,266 - DEBUG - joeynmt.training - 	Tokenized source:     ['P@@', 'län@@', 'e', 'für', 'eine', 'stärk@@', 'ere', 'k@@', 'ern@@', 'techn@@', 'ische', 'Zusammenarbeit', 'stehen', 'ganz', 'ob@@', 'en', 'auf', 'der', 'Tag@@', 'es@@', 'ordnung', '.']
2025-05-03 12:34:43,266 - DEBUG - joeynmt.training - 	Tokenized reference:  ['high', 'on', 'the', 'agen@@', 'da', 'are', 'pl@@', 'ans', 'for', 'gre@@', 'ater', 'nu@@', 'clear', 'c@@', 'o', '@@@', '-@@', '@', 'operation', '.']
2025-05-03 12:34:43,266 - DEBUG - joeynmt.training - 	Tokenized hypothesis: ['pl@@', 'ans', 'for', 'more', 'more', 'more', 'seri@@', 'ous', 'techn@@', 'ical', 'cooperation', 'are', 'very', 'very', 'on', 'the', 'agen@@', 'da', '.', '</s>']
2025-05-03 12:34:43,266 - INFO - joeynmt.training - 	Source:     Pläne für eine stärkere kerntechnische Zusammenarbeit stehen ganz oben auf der Tagesordnung .
2025-05-03 12:34:43,266 - INFO - joeynmt.training - 	Reference:  high on the agenda are plans for greater nuclear co @-@ operation .
2025-05-03 12:34:43,266 - INFO - joeynmt.training - 	Hypothesis: plans for more more more serious technical cooperation are very very on the agenda .
2025-05-03 12:34:43,266 - INFO - joeynmt.training - Example #4
2025-05-03 12:34:43,266 - DEBUG - joeynmt.training - 	Tokenized source:     ['Berich@@', 'ten', 'zu@@', 'fol@@', 'ge', 'ho@@', 'fft', 'Indi@@', 'en', 'darüber', 'hinaus', 'auf', 'einen', 'Ver@@', 'trag', 'zur', 'Ver@@', 'tei@@', 'dig@@', 'ungs@@', 'zusammen@@', 'arbeit', 'zwischen', 'den', 'beiden', 'N@@', 'ationen', '.']
2025-05-03 12:34:43,266 - DEBUG - joeynmt.training - 	Tokenized reference:  ['Indi@@', 'a', 'is', 'also', 're@@', 'porte@@', 'dly', 'hop@@', 'ing', 'for', 'a', 'de@@', 'al', 'on', 'def@@', 'ence', 'c@@', 'oll@@', 'ab@@', 'or@@', 'ation', 'between', 'the', 'two', 'n@@', 'ations', '.']
2025-05-03 12:34:43,266 - DEBUG - joeynmt.training - 	Tokenized hypothesis: ['the', 'following', 're@@', 'ports', ',', 'Indi@@', 'a', 'high', 'level', 'of', 'the', 're@@', 'ports', 'on', 'the', 'basis', 'of', 'the', 'con@@', 'text', '.', '</s>']
2025-05-03 12:34:43,267 - INFO - joeynmt.training - 	Source:     Berichten zufolge hofft Indien darüber hinaus auf einen Vertrag zur Verteidigungszusammenarbeit zwischen den beiden Nationen .
2025-05-03 12:34:43,267 - INFO - joeynmt.training - 	Reference:  India is also reportedly hoping for a deal on defence collaboration between the two nations .
2025-05-03 12:34:43,267 - INFO - joeynmt.training - 	Hypothesis: the following reports , India high level of the reports on the basis of the context .
2025-05-03 12:34:48,670 - INFO - joeynmt.training - Epoch  10, Step:    39600, Batch Loss:     1.715267, Batch Acc: 0.547070, Tokens per Sec:    16704, Lr: 0.000300
2025-05-03 12:34:54,180 - INFO - joeynmt.training - Epoch  10, Step:    39700, Batch Loss:     1.766930, Batch Acc: 0.544277, Tokens per Sec:    16677, Lr: 0.000300
2025-05-03 12:34:59,586 - INFO - joeynmt.training - Epoch  10, Step:    39800, Batch Loss:     1.745083, Batch Acc: 0.548017, Tokens per Sec:    17006, Lr: 0.000300
2025-05-03 12:35:05,038 - INFO - joeynmt.training - Epoch  10, Step:    39900, Batch Loss:     1.834433, Batch Acc: 0.543161, Tokens per Sec:    16999, Lr: 0.000300
2025-05-03 12:35:10,502 - INFO - joeynmt.training - Epoch  10, Step:    40000, Batch Loss:     1.649792, Batch Acc: 0.551180, Tokens per Sec:    16950, Lr: 0.000300
2025-05-03 12:35:10,503 - INFO - joeynmt.prediction - Predicting 500 example(s)... (Greedy decoding with min_output_length=1, max_output_length=-1, return_prob='none', generate_unk=True, repetition_penalty=-1, no_repeat_ngram_size=-1)
2025-05-03 12:35:16,068 - INFO - joeynmt.prediction - Evaluation result (greedy) loss:   2.07, ppl:   7.94, acc:   0.46, generation: 5.5589[sec], evaluation: 0.0000[sec]
2025-05-03 12:35:16,148 - INFO - joeynmt.helpers - delete models/deen_transformer_pre/38000.ckpt
2025-05-03 12:35:16,153 - INFO - joeynmt.training - Example #0
2025-05-03 12:35:16,154 - DEBUG - joeynmt.training - 	Tokenized source:     ['die', 'Pre@@', 'mi@@', 'er@@', 'minist@@', 'er', 'Indi@@', 'ens', 'und', 'J@@', 'ap@@', 'ans', 'tra@@', 'fen', 'sich', 'in', 'T@@', 'ok@@', 'i@@', 'o', '.']
2025-05-03 12:35:16,154 - DEBUG - joeynmt.training - 	Tokenized reference:  ['Indi@@', 'a', 'and', 'J@@', 'ap@@', 'an', 'pri@@', 'me', 'minist@@', 'ers', 'me@@', 'et', 'in', 'T@@', 'ok@@', 'y@@', 'o']
2025-05-03 12:35:16,154 - DEBUG - joeynmt.training - 	Tokenized hypothesis: ['the', 'Pri@@', 'me', 'Minist@@', 'er', 'of', 'Indi@@', 'a', 'and', 'J@@', 'ap@@', 'an', 'is', 'in', 'T@@', 'ok@@', 'i@@', 'o', '.', '</s>']
2025-05-03 12:35:16,154 - INFO - joeynmt.training - 	Source:     die Premierminister Indiens und Japans trafen sich in Tokio .
2025-05-03 12:35:16,154 - INFO - joeynmt.training - 	Reference:  India and Japan prime ministers meet in Tokyo
2025-05-03 12:35:16,154 - INFO - joeynmt.training - 	Hypothesis: the Prime Minister of India and Japan is in Tokio .
2025-05-03 12:35:16,154 - INFO - joeynmt.training - Example #1
2025-05-03 12:35:16,154 - DEBUG - joeynmt.training - 	Tokenized source:     ['Indi@@', 'ens', 'neu@@', 'er', 'Pre@@', 'mi@@', 'er@@', 'minist@@', 'er', 'N@@', 'ar@@', 'end@@', 'ra', 'Mo@@', 'd@@', 'i', 'tri@@', 'fft', 'bei', 's@@', 'einem', 'ersten', 'wichti@@', 'gen', 'Aus@@', 'land@@', 's@@', 'bes@@', 'u@@', 'ch', 'seit', 's@@', 'einem', 'W@@', 'ah@@', 'l@@', 'si@@', 'e@@', 'g', 'im', 'Ma@@', 'i', 'seinen', 'j@@', 'ap@@', 'an@@', 'ischen', 'Am@@', 'ts@@', 'k@@', 'olle@@', 'gen', 'S@@', 'hin@@', 'z@@', 'o', 'A@@', 'be', 'in', 'T@@', 'ok@@', 'o', ',', 'um', 'wirtschaf@@', 'tliche', 'und', 'sicher@@', 'heits@@', 'politische', 'Be@@', 'zieh@@', 'ungen', 'zu', 'bes@@', 'pre@@', 'chen', '.']
2025-05-03 12:35:16,154 - DEBUG - joeynmt.training - 	Tokenized reference:  ['Indi@@', 'a', '&apos;s', 'new', 'pri@@', 'me', 'minist@@', 'er', ',', 'N@@', 'ar@@', 'end@@', 'ra', 'Mo@@', 'd@@', 'i', ',', 'is', 'me@@', 'eting', 'his', 'J@@', 'ap@@', 'an@@', 'ese', 'coun@@', 'ter@@', 'part', ',', 'S@@', 'hin@@', 'z@@', 'o', 'A@@', 'be', ',', 'in', 'T@@', 'ok@@', 'y@@', 'o', 'to', 'disc@@', 'uss', 'economic', 'and', 'security', 'ties', ',', 'on', 'his', 'first', 'major', 'fore@@', 'ign', 'visi@@', 't', 'since', 'w@@', 'inn@@', 'ing', 'Ma@@', 'y', '&apos;s', 'elec@@', 'tion', '.']
2025-05-03 12:35:16,154 - DEBUG - joeynmt.training - 	Tokenized hypothesis: ['Indi@@', 'a', '&apos;s', 'new', 'Pri@@', 'me', 'Minist@@', 'er', 'N@@', 'ar@@', 'end@@', 'ra', 'Mo@@', 'd@@', 'i', ',', 'in', 'its', 'first', 'important', 'ex@@', 'tern@@', 'al', 're@@', 'ma@@', 'ins', 'for', 'his', 'first', 'important', 'ex@@', 'change', 'in', 'Ma@@', 'y', 'his', 'J@@', 'ap@@', 'an@@', 'ese', 'S@@', 'hin@@', 'z@@', 'o', 'A@@', 'be', 'in', 'T@@', 'ok@@', 'o', ',', 'in', 'the', 'first', 'of', 'the', 'C@@', 'om@@', 'pe@@', 'ti@@', 'tion', 'of', 'the', 'economic', 'and', 'security', 'political', 'rel@@', 'ations', '.', '</s>']
2025-05-03 12:35:16,154 - INFO - joeynmt.training - 	Source:     Indiens neuer Premierminister Narendra Modi trifft bei seinem ersten wichtigen Auslandsbesuch seit seinem Wahlsieg im Mai seinen japanischen Amtskollegen Shinzo Abe in Toko , um wirtschaftliche und sicherheitspolitische Beziehungen zu besprechen .
2025-05-03 12:35:16,155 - INFO - joeynmt.training - 	Reference:  India &apos;s new prime minister , Narendra Modi , is meeting his Japanese counterpart , Shinzo Abe , in Tokyo to discuss economic and security ties , on his first major foreign visit since winning May &apos;s election .
2025-05-03 12:35:16,155 - INFO - joeynmt.training - 	Hypothesis: India &apos;s new Prime Minister Narendra Modi , in its first important external remains for his first important exchange in May his Japanese Shinzo Abe in Toko , in the first of the Competition of the economic and security political relations .
2025-05-03 12:35:16,155 - INFO - joeynmt.training - Example #2
2025-05-03 12:35:16,155 - DEBUG - joeynmt.training - 	Tokenized source:     ['Herr', 'Mo@@', 'd@@', 'i', 'befindet', 'sich', 'auf', 'einer', 'fü@@', 'n@@', 'f@@', 'tä@@', 'gi@@', 'gen', 'Rei@@', 'se', 'nach', 'J@@', 'ap@@', 'an', ',', 'um', 'die', 'wirtschaf@@', 'tlichen', 'Be@@', 'zieh@@', 'ungen', 'mit', 'der', 'd@@', 'rit@@', 't@@', 'größ@@', 'ten', 'Wirtschafts@@', 'n@@', 'ation', 'der', 'Welt', 'zu', 'fes@@', 'tigen', '.']
2025-05-03 12:35:16,155 - DEBUG - joeynmt.training - 	Tokenized reference:  ['Mr', 'Mo@@', 'd@@', 'i', 'is', 'on', 'a', 'fi@@', 've', '@@@', '-@@', '@', 'day', 'tri@@', 'p', 'to', 'J@@', 'ap@@', 'an', 'to', 'streng@@', 'then', 'economic', 'ties', 'with', 'the', 'third', 'lar@@', 'ges@@', 't', 'econom@@', 'y', 'in', 'the', 'world', '.']
2025-05-03 12:35:16,155 - DEBUG - joeynmt.training - 	Tokenized hypothesis: ['Mr', 'Mo@@', 'd@@', 'i', 'is', 'a', 'fi@@', 'f@@', 'th', 'of', 'a', 'fi@@', 'f@@', 'th', 'of', 'j@@', 'ap@@', 'an', 'to', 'the', 'economic', 'rel@@', 'ations', 'with', 'the', 'third', 'lar@@', 'ges@@', 't', 'economic', 'n@@', 'ation', 'of', 'the', 'world', '.', '</s>']
2025-05-03 12:35:16,155 - INFO - joeynmt.training - 	Source:     Herr Modi befindet sich auf einer fünftägigen Reise nach Japan , um die wirtschaftlichen Beziehungen mit der drittgrößten Wirtschaftsnation der Welt zu festigen .
2025-05-03 12:35:16,155 - INFO - joeynmt.training - 	Reference:  Mr Modi is on a five @-@ day trip to Japan to strengthen economic ties with the third largest economy in the world .
2025-05-03 12:35:16,155 - INFO - joeynmt.training - 	Hypothesis: Mr Modi is a fifth of a fifth of japan to the economic relations with the third largest economic nation of the world .
2025-05-03 12:35:16,155 - INFO - joeynmt.training - Example #3
2025-05-03 12:35:16,155 - DEBUG - joeynmt.training - 	Tokenized source:     ['P@@', 'län@@', 'e', 'für', 'eine', 'stärk@@', 'ere', 'k@@', 'ern@@', 'techn@@', 'ische', 'Zusammenarbeit', 'stehen', 'ganz', 'ob@@', 'en', 'auf', 'der', 'Tag@@', 'es@@', 'ordnung', '.']
2025-05-03 12:35:16,155 - DEBUG - joeynmt.training - 	Tokenized reference:  ['high', 'on', 'the', 'agen@@', 'da', 'are', 'pl@@', 'ans', 'for', 'gre@@', 'ater', 'nu@@', 'clear', 'c@@', 'o', '@@@', '-@@', '@', 'operation', '.']
2025-05-03 12:35:16,155 - DEBUG - joeynmt.training - 	Tokenized hypothesis: ['pl@@', 'ans', 'for', 'more', 'effective', 'techn@@', 'ical', 'cooperation', 'is', 'very', 'ob@@', 'vi@@', 'ous', 'on', 'the', 'agen@@', 'da', '.', '</s>']
2025-05-03 12:35:16,156 - INFO - joeynmt.training - 	Source:     Pläne für eine stärkere kerntechnische Zusammenarbeit stehen ganz oben auf der Tagesordnung .
2025-05-03 12:35:16,156 - INFO - joeynmt.training - 	Reference:  high on the agenda are plans for greater nuclear co @-@ operation .
2025-05-03 12:35:16,156 - INFO - joeynmt.training - 	Hypothesis: plans for more effective technical cooperation is very obvious on the agenda .
2025-05-03 12:35:16,156 - INFO - joeynmt.training - Example #4
2025-05-03 12:35:16,156 - DEBUG - joeynmt.training - 	Tokenized source:     ['Berich@@', 'ten', 'zu@@', 'fol@@', 'ge', 'ho@@', 'fft', 'Indi@@', 'en', 'darüber', 'hinaus', 'auf', 'einen', 'Ver@@', 'trag', 'zur', 'Ver@@', 'tei@@', 'dig@@', 'ungs@@', 'zusammen@@', 'arbeit', 'zwischen', 'den', 'beiden', 'N@@', 'ationen', '.']
2025-05-03 12:35:16,156 - DEBUG - joeynmt.training - 	Tokenized reference:  ['Indi@@', 'a', 'is', 'also', 're@@', 'porte@@', 'dly', 'hop@@', 'ing', 'for', 'a', 'de@@', 'al', 'on', 'def@@', 'ence', 'c@@', 'oll@@', 'ab@@', 'or@@', 'ation', 'between', 'the', 'two', 'n@@', 'ations', '.']
2025-05-03 12:35:16,156 - DEBUG - joeynmt.training - 	Tokenized hypothesis: ['re@@', 'ports', ',', 'Indi@@', 'a', 'high', 'de@@', 'gre@@', 'e', 'of', 'Indi@@', 'a', '&apos;s', 'con@@', 'tra@@', 'ct', 'cooperation', 'between', 'the', 'two', 'N@@', 'ations', '.', '</s>']
2025-05-03 12:35:16,156 - INFO - joeynmt.training - 	Source:     Berichten zufolge hofft Indien darüber hinaus auf einen Vertrag zur Verteidigungszusammenarbeit zwischen den beiden Nationen .
2025-05-03 12:35:16,156 - INFO - joeynmt.training - 	Reference:  India is also reportedly hoping for a deal on defence collaboration between the two nations .
2025-05-03 12:35:16,156 - INFO - joeynmt.training - 	Hypothesis: reports , India high degree of India &apos;s contract cooperation between the two Nations .
2025-05-03 12:35:21,648 - INFO - joeynmt.training - Epoch  10, Step:    40100, Batch Loss:     1.718851, Batch Acc: 0.541474, Tokens per Sec:    16367, Lr: 0.000300
2025-05-03 12:35:27,121 - INFO - joeynmt.training - Epoch  10, Step:    40200, Batch Loss:     1.733700, Batch Acc: 0.539856, Tokens per Sec:    16726, Lr: 0.000300
2025-05-03 12:35:32,499 - INFO - joeynmt.training - Epoch  10, Step:    40300, Batch Loss:     1.566505, Batch Acc: 0.543982, Tokens per Sec:    17061, Lr: 0.000300
2025-05-03 12:35:38,086 - INFO - joeynmt.training - Epoch  10, Step:    40400, Batch Loss:     1.679040, Batch Acc: 0.550723, Tokens per Sec:    16506, Lr: 0.000300
2025-05-03 12:35:43,498 - INFO - joeynmt.training - Epoch  10, Step:    40500, Batch Loss:     1.618788, Batch Acc: 0.542261, Tokens per Sec:    17210, Lr: 0.000300
2025-05-03 12:35:43,498 - INFO - joeynmt.prediction - Predicting 500 example(s)... (Greedy decoding with min_output_length=1, max_output_length=-1, return_prob='none', generate_unk=True, repetition_penalty=-1, no_repeat_ngram_size=-1)
2025-05-03 12:35:48,576 - INFO - joeynmt.prediction - Evaluation result (greedy) loss:   2.06, ppl:   7.83, acc:   0.47, generation: 5.0693[sec], evaluation: 0.0000[sec]
2025-05-03 12:35:48,577 - INFO - joeynmt.training - Hooray! New best validation result [ppl]!
2025-05-03 12:35:48,656 - INFO - joeynmt.helpers - delete models/deen_transformer_pre/39000.ckpt
2025-05-03 12:35:48,661 - INFO - joeynmt.training - Example #0
2025-05-03 12:35:48,662 - DEBUG - joeynmt.training - 	Tokenized source:     ['die', 'Pre@@', 'mi@@', 'er@@', 'minist@@', 'er', 'Indi@@', 'ens', 'und', 'J@@', 'ap@@', 'ans', 'tra@@', 'fen', 'sich', 'in', 'T@@', 'ok@@', 'i@@', 'o', '.']
2025-05-03 12:35:48,662 - DEBUG - joeynmt.training - 	Tokenized reference:  ['Indi@@', 'a', 'and', 'J@@', 'ap@@', 'an', 'pri@@', 'me', 'minist@@', 'ers', 'me@@', 'et', 'in', 'T@@', 'ok@@', 'y@@', 'o']
2025-05-03 12:35:48,662 - DEBUG - joeynmt.training - 	Tokenized hypothesis: ['the', 'Pri@@', 'me', 'Minist@@', 'er', 'and', 'J@@', 'ap@@', 'ans', 'are', 'tra@@', 'ff@@', 'i@@', 'ck@@', 'ing', 'into', 'T@@', 'ok@@', 'i@@', 'o', '.', '</s>']
2025-05-03 12:35:48,662 - INFO - joeynmt.training - 	Source:     die Premierminister Indiens und Japans trafen sich in Tokio .
2025-05-03 12:35:48,662 - INFO - joeynmt.training - 	Reference:  India and Japan prime ministers meet in Tokyo
2025-05-03 12:35:48,662 - INFO - joeynmt.training - 	Hypothesis: the Prime Minister and Japans are trafficking into Tokio .
2025-05-03 12:35:48,662 - INFO - joeynmt.training - Example #1
2025-05-03 12:35:48,662 - DEBUG - joeynmt.training - 	Tokenized source:     ['Indi@@', 'ens', 'neu@@', 'er', 'Pre@@', 'mi@@', 'er@@', 'minist@@', 'er', 'N@@', 'ar@@', 'end@@', 'ra', 'Mo@@', 'd@@', 'i', 'tri@@', 'fft', 'bei', 's@@', 'einem', 'ersten', 'wichti@@', 'gen', 'Aus@@', 'land@@', 's@@', 'bes@@', 'u@@', 'ch', 'seit', 's@@', 'einem', 'W@@', 'ah@@', 'l@@', 'si@@', 'e@@', 'g', 'im', 'Ma@@', 'i', 'seinen', 'j@@', 'ap@@', 'an@@', 'ischen', 'Am@@', 'ts@@', 'k@@', 'olle@@', 'gen', 'S@@', 'hin@@', 'z@@', 'o', 'A@@', 'be', 'in', 'T@@', 'ok@@', 'o', ',', 'um', 'wirtschaf@@', 'tliche', 'und', 'sicher@@', 'heits@@', 'politische', 'Be@@', 'zieh@@', 'ungen', 'zu', 'bes@@', 'pre@@', 'chen', '.']
2025-05-03 12:35:48,662 - DEBUG - joeynmt.training - 	Tokenized reference:  ['Indi@@', 'a', '&apos;s', 'new', 'pri@@', 'me', 'minist@@', 'er', ',', 'N@@', 'ar@@', 'end@@', 'ra', 'Mo@@', 'd@@', 'i', ',', 'is', 'me@@', 'eting', 'his', 'J@@', 'ap@@', 'an@@', 'ese', 'coun@@', 'ter@@', 'part', ',', 'S@@', 'hin@@', 'z@@', 'o', 'A@@', 'be', ',', 'in', 'T@@', 'ok@@', 'y@@', 'o', 'to', 'disc@@', 'uss', 'economic', 'and', 'security', 'ties', ',', 'on', 'his', 'first', 'major', 'fore@@', 'ign', 'visi@@', 't', 'since', 'w@@', 'inn@@', 'ing', 'Ma@@', 'y', '&apos;s', 'elec@@', 'tion', '.']
2025-05-03 12:35:48,662 - DEBUG - joeynmt.training - 	Tokenized hypothesis: ['Indi@@', 'a', '&apos;s', 'new', 'Pri@@', 'me', 'Minist@@', 'er', 'N@@', 'ar@@', 'end@@', 'ra', 'Mo@@', 'd@@', 'i', ',', 'the', 'first', 'important', 'ex@@', 'change', 'of', 'the', 'F@@', 'e@@', 'der@@', 'i', 'M@@', 'ic@@', 'ro@@', 'so@@', 'ft', '&apos;s', 'J@@', 'ap@@', 'an@@', 'ese', 'Off@@', 'ice', 'of', 'the', 'S@@', 'hin@@', 'z@@', 'o', 'A@@', 'be', 'in', 'T@@', 'ok@@', 'o', ',', 'in', 'order', 'to', 'visi@@', 't', 'its', 'economic', 'and', 'saf@@', 'ety', 'policy', 'rel@@', 'ations', '.', '</s>']
2025-05-03 12:35:48,662 - INFO - joeynmt.training - 	Source:     Indiens neuer Premierminister Narendra Modi trifft bei seinem ersten wichtigen Auslandsbesuch seit seinem Wahlsieg im Mai seinen japanischen Amtskollegen Shinzo Abe in Toko , um wirtschaftliche und sicherheitspolitische Beziehungen zu besprechen .
2025-05-03 12:35:48,662 - INFO - joeynmt.training - 	Reference:  India &apos;s new prime minister , Narendra Modi , is meeting his Japanese counterpart , Shinzo Abe , in Tokyo to discuss economic and security ties , on his first major foreign visit since winning May &apos;s election .
2025-05-03 12:35:48,662 - INFO - joeynmt.training - 	Hypothesis: India &apos;s new Prime Minister Narendra Modi , the first important exchange of the Federi Microsoft &apos;s Japanese Office of the Shinzo Abe in Toko , in order to visit its economic and safety policy relations .
2025-05-03 12:35:48,662 - INFO - joeynmt.training - Example #2
2025-05-03 12:35:48,662 - DEBUG - joeynmt.training - 	Tokenized source:     ['Herr', 'Mo@@', 'd@@', 'i', 'befindet', 'sich', 'auf', 'einer', 'fü@@', 'n@@', 'f@@', 'tä@@', 'gi@@', 'gen', 'Rei@@', 'se', 'nach', 'J@@', 'ap@@', 'an', ',', 'um', 'die', 'wirtschaf@@', 'tlichen', 'Be@@', 'zieh@@', 'ungen', 'mit', 'der', 'd@@', 'rit@@', 't@@', 'größ@@', 'ten', 'Wirtschafts@@', 'n@@', 'ation', 'der', 'Welt', 'zu', 'fes@@', 'tigen', '.']
2025-05-03 12:35:48,662 - DEBUG - joeynmt.training - 	Tokenized reference:  ['Mr', 'Mo@@', 'd@@', 'i', 'is', 'on', 'a', 'fi@@', 've', '@@@', '-@@', '@', 'day', 'tri@@', 'p', 'to', 'J@@', 'ap@@', 'an', 'to', 'streng@@', 'then', 'economic', 'ties', 'with', 'the', 'third', 'lar@@', 'ges@@', 't', 'econom@@', 'y', 'in', 'the', 'world', '.']
2025-05-03 12:35:48,662 - DEBUG - joeynmt.training - 	Tokenized hypothesis: ['Mr', 'Mo@@', 'd@@', 'i', 'is', 'a', 'fi@@', 'f@@', 'th', 'of', 'a', 'fi@@', 'f@@', 'th', 'tri@@', 'p', 'to', 'J@@', 'ap@@', 'an', 'to', 'the', 'economic', 'rel@@', 'ation@@', 'ship', 'with', 'the', 'third', 'lar@@', 'ges@@', 't', 'economic', 'n@@', 'ation', 'of', 'the', 'world', '.', '</s>']
2025-05-03 12:35:48,662 - INFO - joeynmt.training - 	Source:     Herr Modi befindet sich auf einer fünftägigen Reise nach Japan , um die wirtschaftlichen Beziehungen mit der drittgrößten Wirtschaftsnation der Welt zu festigen .
2025-05-03 12:35:48,663 - INFO - joeynmt.training - 	Reference:  Mr Modi is on a five @-@ day trip to Japan to strengthen economic ties with the third largest economy in the world .
2025-05-03 12:35:48,663 - INFO - joeynmt.training - 	Hypothesis: Mr Modi is a fifth of a fifth trip to Japan to the economic relationship with the third largest economic nation of the world .
2025-05-03 12:35:48,663 - INFO - joeynmt.training - Example #3
2025-05-03 12:35:48,663 - DEBUG - joeynmt.training - 	Tokenized source:     ['P@@', 'län@@', 'e', 'für', 'eine', 'stärk@@', 'ere', 'k@@', 'ern@@', 'techn@@', 'ische', 'Zusammenarbeit', 'stehen', 'ganz', 'ob@@', 'en', 'auf', 'der', 'Tag@@', 'es@@', 'ordnung', '.']
2025-05-03 12:35:48,663 - DEBUG - joeynmt.training - 	Tokenized reference:  ['high', 'on', 'the', 'agen@@', 'da', 'are', 'pl@@', 'ans', 'for', 'gre@@', 'ater', 'nu@@', 'clear', 'c@@', 'o', '@@@', '-@@', '@', 'operation', '.']
2025-05-03 12:35:48,663 - DEBUG - joeynmt.training - 	Tokenized hypothesis: ['pl@@', 'ans', 'for', 'more', 'more', 'effective', 'techn@@', 'ical', 'cooperation', 'are', 'very', 'ob@@', 'vi@@', 'ous', 'on', 'the', 'agen@@', 'da', '.', '</s>']
2025-05-03 12:35:48,663 - INFO - joeynmt.training - 	Source:     Pläne für eine stärkere kerntechnische Zusammenarbeit stehen ganz oben auf der Tagesordnung .
2025-05-03 12:35:48,663 - INFO - joeynmt.training - 	Reference:  high on the agenda are plans for greater nuclear co @-@ operation .
2025-05-03 12:35:48,663 - INFO - joeynmt.training - 	Hypothesis: plans for more more effective technical cooperation are very obvious on the agenda .
2025-05-03 12:35:48,663 - INFO - joeynmt.training - Example #4
2025-05-03 12:35:48,663 - DEBUG - joeynmt.training - 	Tokenized source:     ['Berich@@', 'ten', 'zu@@', 'fol@@', 'ge', 'ho@@', 'fft', 'Indi@@', 'en', 'darüber', 'hinaus', 'auf', 'einen', 'Ver@@', 'trag', 'zur', 'Ver@@', 'tei@@', 'dig@@', 'ungs@@', 'zusammen@@', 'arbeit', 'zwischen', 'den', 'beiden', 'N@@', 'ationen', '.']
2025-05-03 12:35:48,663 - DEBUG - joeynmt.training - 	Tokenized reference:  ['Indi@@', 'a', 'is', 'also', 're@@', 'porte@@', 'dly', 'hop@@', 'ing', 'for', 'a', 'de@@', 'al', 'on', 'def@@', 'ence', 'c@@', 'oll@@', 'ab@@', 'or@@', 'ation', 'between', 'the', 'two', 'n@@', 'ations', '.']
2025-05-03 12:35:48,663 - DEBUG - joeynmt.training - 	Tokenized hypothesis: ['the', 'following', 're@@', 'ports', ',', 'Indi@@', 'a', '&apos;s', 're@@', 'ports', 'on', 'def@@', 'ence', 'cooperation', 'between', 'the', 'two', 'n@@', 'ations', '.', '</s>']
2025-05-03 12:35:48,664 - INFO - joeynmt.training - 	Source:     Berichten zufolge hofft Indien darüber hinaus auf einen Vertrag zur Verteidigungszusammenarbeit zwischen den beiden Nationen .
2025-05-03 12:35:48,664 - INFO - joeynmt.training - 	Reference:  India is also reportedly hoping for a deal on defence collaboration between the two nations .
2025-05-03 12:35:48,664 - INFO - joeynmt.training - 	Hypothesis: the following reports , India &apos;s reports on defence cooperation between the two nations .
2025-05-03 12:35:54,055 - INFO - joeynmt.training - Epoch  10, Step:    40600, Batch Loss:     1.507402, Batch Acc: 0.551245, Tokens per Sec:    16741, Lr: 0.000300
2025-05-03 12:35:57,832 - INFO - joeynmt.training - Epoch  10: total training loss 6718.47
2025-05-03 12:35:57,832 - INFO - joeynmt.training - Training ended after  10 epochs.
2025-05-03 12:35:57,832 - INFO - joeynmt.training - Best validation result (greedy) at step    40500:   7.83 ppl.
2025-05-03 12:35:57,848 - INFO - joeynmt.model - Building an encoder-decoder model...
2025-05-03 12:35:57,908 - INFO - joeynmt.model - Enc-dec model built.
2025-05-03 12:35:57,980 - INFO - joeynmt.helpers - Load model from C:\Users\seraf\repositories\mt-exercise-03\models\deen_transformer_pre\40500.ckpt.
2025-05-03 12:35:57,996 - INFO - joeynmt.prediction - Model(
	encoder=TransformerEncoder(num_layers=4, num_heads=2, alpha=1.0, layer_norm="pre", activation=ReLU()),
	decoder=TransformerDecoder(num_layers=1, num_heads=2, alpha=1.0, layer_norm="pre", activation=ReLU()),
	src_embed=Embeddings(embedding_dim=256, vocab_size=4117),
	trg_embed=Embeddings(embedding_dim=256, vocab_size=4117),
	loss_function=None)
2025-05-03 12:35:57,997 - INFO - joeynmt.prediction - Decoding on dev set...
2025-05-03 12:35:57,997 - INFO - joeynmt.prediction - Predicting 500 example(s)... (Beam search with beam_size=5, beam_alpha=1.0, n_best=1, min_output_length=1, max_output_length=-1, return_prob='none', generate_unk=True, repetition_penalty=-1, no_repeat_ngram_size=-1)
2025-05-03 12:37:17,434 - INFO - joeynmt.prediction - Evaluation result (beam search) , generation: 79.4303[sec], evaluation: 0.0000[sec]
2025-05-03 12:37:17,435 - INFO - joeynmt.prediction - Translations saved to: C:\Users\seraf\repositories\mt-exercise-03\models\deen_transformer_pre\00040500.hyps.dev.
2025-05-03 12:37:17,435 - INFO - joeynmt.prediction - Decoding on test set...
2025-05-03 12:37:17,435 - INFO - joeynmt.prediction - Predicting 2999 example(s)... (Beam search with beam_size=5, beam_alpha=1.0, n_best=1, min_output_length=1, max_output_length=-1, return_prob='none', generate_unk=True, repetition_penalty=-1, no_repeat_ngram_size=-1)
2025-05-03 12:43:08,061 - INFO - joeynmt.prediction - Evaluation result (beam search) , generation: 350.5935[sec], evaluation: 0.0000[sec]
2025-05-03 12:43:08,064 - INFO - joeynmt.prediction - Translations saved to: C:\Users\seraf\repositories\mt-exercise-03\models\deen_transformer_pre\00040500.hyps.test.
