2025-05-03 12:43:57,877 - INFO - root - Hello! This is Joey-NMT (version 2.2.0).
2025-05-03 12:43:57,878 - INFO - joeynmt.helpers -                           cfg.name : deen_transformer_post
2025-05-03 12:43:57,878 - INFO - joeynmt.helpers -                cfg.joeynmt_version : 2.0.0
2025-05-03 12:43:57,878 - INFO - joeynmt.helpers -                     cfg.data.train : data/train
2025-05-03 12:43:57,878 - INFO - joeynmt.helpers -                       cfg.data.dev : data/dev
2025-05-03 12:43:57,878 - INFO - joeynmt.helpers -                      cfg.data.test : data/test
2025-05-03 12:43:57,878 - INFO - joeynmt.helpers -              cfg.data.dataset_type : plain
2025-05-03 12:43:57,878 - INFO - joeynmt.helpers -                  cfg.data.src.lang : de
2025-05-03 12:43:57,878 - INFO - joeynmt.helpers -             cfg.data.src.lowercase : False
2025-05-03 12:43:57,878 - INFO - joeynmt.helpers -                 cfg.data.src.level : bpe
2025-05-03 12:43:57,878 - INFO - joeynmt.helpers -             cfg.data.src.voc_limit : 32000
2025-05-03 12:43:57,878 - INFO - joeynmt.helpers -          cfg.data.src.voc_min_freq : 1
2025-05-03 12:43:57,878 - INFO - joeynmt.helpers -            cfg.data.src.max_length : 100
2025-05-03 12:43:57,878 - INFO - joeynmt.helpers -              cfg.data.src.voc_file : shared_models/joint-vocab.txt
2025-05-03 12:43:57,878 - INFO - joeynmt.helpers -        cfg.data.src.tokenizer_type : subword-nmt
2025-05-03 12:43:57,878 - INFO - joeynmt.helpers - cfg.data.src.tokenizer_cfg.pretokenizer : none
2025-05-03 12:43:57,878 - INFO - joeynmt.helpers - cfg.data.src.tokenizer_cfg.num_merges : 3200
2025-05-03 12:43:57,878 - INFO - joeynmt.helpers -   cfg.data.src.tokenizer_cfg.codes : data/codes3200.bpe
2025-05-03 12:43:57,879 - INFO - joeynmt.helpers -                  cfg.data.trg.lang : en
2025-05-03 12:43:57,879 - INFO - joeynmt.helpers -             cfg.data.trg.lowercase : False
2025-05-03 12:43:57,879 - INFO - joeynmt.helpers -                 cfg.data.trg.level : bpe
2025-05-03 12:43:57,879 - INFO - joeynmt.helpers -             cfg.data.trg.voc_limit : 32000
2025-05-03 12:43:57,879 - INFO - joeynmt.helpers -          cfg.data.trg.voc_min_freq : 1
2025-05-03 12:43:57,879 - INFO - joeynmt.helpers -            cfg.data.trg.max_length : 100
2025-05-03 12:43:57,879 - INFO - joeynmt.helpers -              cfg.data.trg.voc_file : shared_models/joint-vocab.txt
2025-05-03 12:43:57,879 - INFO - joeynmt.helpers -        cfg.data.trg.tokenizer_type : subword-nmt
2025-05-03 12:43:57,879 - INFO - joeynmt.helpers - cfg.data.trg.tokenizer_cfg.pretokenizer : none
2025-05-03 12:43:57,879 - INFO - joeynmt.helpers - cfg.data.trg.tokenizer_cfg.num_merges : 3200
2025-05-03 12:43:57,879 - INFO - joeynmt.helpers -   cfg.data.trg.tokenizer_cfg.codes : data/codes3200.bpe
2025-05-03 12:43:57,879 - INFO - joeynmt.helpers -              cfg.testing.beam_size : 5
2025-05-03 12:43:57,879 - INFO - joeynmt.helpers -             cfg.testing.beam_alpha : 1.0
2025-05-03 12:43:57,879 - INFO - joeynmt.helpers -           cfg.training.random_seed : 42
2025-05-03 12:43:57,879 - INFO - joeynmt.helpers -             cfg.training.optimizer : adam
2025-05-03 12:43:57,879 - INFO - joeynmt.helpers -         cfg.training.normalization : tokens
2025-05-03 12:43:57,879 - INFO - joeynmt.helpers -         cfg.training.learning_rate : 0.0003
2025-05-03 12:43:57,879 - INFO - joeynmt.helpers -            cfg.training.batch_size : 2048
2025-05-03 12:43:57,880 - INFO - joeynmt.helpers -            cfg.training.batch_type : token
2025-05-03 12:43:57,880 - INFO - joeynmt.helpers -       cfg.training.eval_batch_size : 1024
2025-05-03 12:43:57,880 - INFO - joeynmt.helpers -       cfg.training.eval_batch_type : token
2025-05-03 12:43:57,880 - INFO - joeynmt.helpers -            cfg.training.scheduling : plateau
2025-05-03 12:43:57,880 - INFO - joeynmt.helpers -              cfg.training.patience : 8
2025-05-03 12:43:57,880 - INFO - joeynmt.helpers -          cfg.training.weight_decay : 0.0
2025-05-03 12:43:57,880 - INFO - joeynmt.helpers -       cfg.training.decrease_factor : 0.7
2025-05-03 12:43:57,880 - INFO - joeynmt.helpers - cfg.training.early_stopping_metric : ppl
2025-05-03 12:43:57,880 - INFO - joeynmt.helpers -                cfg.training.epochs : 10
2025-05-03 12:43:57,880 - INFO - joeynmt.helpers -       cfg.training.validation_freq : 500
2025-05-03 12:43:57,880 - INFO - joeynmt.helpers -          cfg.training.logging_freq : 100
2025-05-03 12:43:57,880 - INFO - joeynmt.helpers -           cfg.training.eval_metric : ['bleu']
2025-05-03 12:43:57,880 - INFO - joeynmt.helpers -             cfg.training.model_dir : models/deen_transformer_post
2025-05-03 12:43:57,880 - INFO - joeynmt.helpers -             cfg.training.overwrite : False
2025-05-03 12:43:57,880 - INFO - joeynmt.helpers -               cfg.training.shuffle : True
2025-05-03 12:43:57,880 - INFO - joeynmt.helpers -              cfg.training.use_cuda : True
2025-05-03 12:43:57,880 - INFO - joeynmt.helpers -     cfg.training.max_output_length : 100
2025-05-03 12:43:57,880 - INFO - joeynmt.helpers -     cfg.training.print_valid_sents : [0, 1, 2, 3, 4]
2025-05-03 12:43:57,880 - INFO - joeynmt.helpers -       cfg.training.label_smoothing : 0.3
2025-05-03 12:43:57,880 - INFO - joeynmt.helpers -              cfg.model.initializer : xavier_uniform
2025-05-03 12:43:57,880 - INFO - joeynmt.helpers -         cfg.model.bias_initializer : zeros
2025-05-03 12:43:57,880 - INFO - joeynmt.helpers -                cfg.model.init_gain : 1.0
2025-05-03 12:43:57,880 - INFO - joeynmt.helpers -        cfg.model.embed_initializer : xavier_uniform
2025-05-03 12:43:57,880 - INFO - joeynmt.helpers -          cfg.model.embed_init_gain : 1.0
2025-05-03 12:43:57,880 - INFO - joeynmt.helpers -          cfg.model.tied_embeddings : True
2025-05-03 12:43:57,880 - INFO - joeynmt.helpers -             cfg.model.tied_softmax : True
2025-05-03 12:43:57,880 - INFO - joeynmt.helpers -             cfg.model.encoder.type : transformer
2025-05-03 12:43:57,880 - INFO - joeynmt.helpers -       cfg.model.encoder.num_layers : 4
2025-05-03 12:43:57,880 - INFO - joeynmt.helpers -        cfg.model.encoder.num_heads : 2
2025-05-03 12:43:57,880 - INFO - joeynmt.helpers - cfg.model.encoder.embeddings.embedding_dim : 256
2025-05-03 12:43:57,880 - INFO - joeynmt.helpers - cfg.model.encoder.embeddings.scale : True
2025-05-03 12:43:57,880 - INFO - joeynmt.helpers - cfg.model.encoder.embeddings.dropout : 0
2025-05-03 12:43:57,881 - INFO - joeynmt.helpers -      cfg.model.encoder.hidden_size : 256
2025-05-03 12:43:57,881 - INFO - joeynmt.helpers -          cfg.model.encoder.ff_size : 512
2025-05-03 12:43:57,881 - INFO - joeynmt.helpers -          cfg.model.encoder.dropout : 0
2025-05-03 12:43:57,881 - INFO - joeynmt.helpers -       cfg.model.encoder.layer_norm : post
2025-05-03 12:43:57,881 - INFO - joeynmt.helpers -             cfg.model.decoder.type : transformer
2025-05-03 12:43:57,881 - INFO - joeynmt.helpers -       cfg.model.decoder.num_layers : 1
2025-05-03 12:43:57,881 - INFO - joeynmt.helpers -        cfg.model.decoder.num_heads : 2
2025-05-03 12:43:57,881 - INFO - joeynmt.helpers - cfg.model.decoder.embeddings.embedding_dim : 256
2025-05-03 12:43:57,881 - INFO - joeynmt.helpers - cfg.model.decoder.embeddings.scale : True
2025-05-03 12:43:57,881 - INFO - joeynmt.helpers - cfg.model.decoder.embeddings.dropout : 0
2025-05-03 12:43:57,881 - INFO - joeynmt.helpers -      cfg.model.decoder.hidden_size : 256
2025-05-03 12:43:57,881 - INFO - joeynmt.helpers -          cfg.model.decoder.ff_size : 512
2025-05-03 12:43:57,881 - INFO - joeynmt.helpers -          cfg.model.decoder.dropout : 0
2025-05-03 12:43:57,881 - INFO - joeynmt.helpers -       cfg.model.decoder.layer_norm : post
2025-05-03 12:43:57,899 - INFO - joeynmt.data - Building tokenizer...
2025-05-03 12:43:57,907 - INFO - joeynmt.tokenizers - de tokenizer: SubwordNMTTokenizer(level=bpe, lowercase=False, normalize=False, filter_by_length=(-1, 100), pretokenizer=none, tokenizer=BPE, separator=@@, dropout=0.0)
2025-05-03 12:43:57,907 - INFO - joeynmt.tokenizers - en tokenizer: SubwordNMTTokenizer(level=bpe, lowercase=False, normalize=False, filter_by_length=(-1, 100), pretokenizer=none, tokenizer=BPE, separator=@@, dropout=0.0)
2025-05-03 12:43:57,908 - INFO - joeynmt.data - Loading train set...
2025-05-03 12:43:58,157 - INFO - joeynmt.data - Building vocabulary...
2025-05-03 12:43:58,311 - INFO - joeynmt.data - Loading dev set...
2025-05-03 12:43:58,314 - INFO - joeynmt.data - Loading test set...
2025-05-03 12:43:58,325 - INFO - joeynmt.data - Data loaded.
2025-05-03 12:43:58,325 - INFO - joeynmt.data - Train dataset: PlaintextDataset(split=train, len=100000, src_lang=de, trg_lang=en, has_trg=True, random_subset=-1)
2025-05-03 12:43:58,325 - INFO - joeynmt.data - Valid dataset: PlaintextDataset(split=dev, len=500, src_lang=de, trg_lang=en, has_trg=True, random_subset=-1)
2025-05-03 12:43:58,325 - INFO - joeynmt.data -  Test dataset: PlaintextDataset(split=test, len=2999, src_lang=de, trg_lang=en, has_trg=True, random_subset=-1)
2025-05-03 12:43:58,327 - INFO - joeynmt.data - First training example:
	[SRC] gem@@ ä@@ ß der vom Europäischen Parlament und von der gesam@@ ten Europäischen Union n@@ un@@ mehr ständi@@ g ver@@ tre@@ ten@@ en Lin@@ ie möchte ich Sie jedoch bit@@ ten , den gan@@ zen Ein@@ f@@ lu@@ ß Ih@@ res Am@@ tes und der Institu@@ tion , die Sie ver@@ treten , bei dem Prä@@ sident@@ schaf@@ ts@@ kan@@ di@@ d@@ aten und G@@ ou@@ ver@@ ne@@ ur von Tex@@ as , Ge@@ or@@ ge W@@ . B@@ us@@ h , der zur Aus@@ setzung der V@@ oll@@ stre@@ ck@@ ung des To@@ des@@ ur@@ teil@@ s und zur Be@@ gn@@ a@@ di@@ gung des Ver@@ ur@@ teil@@ ten be@@ fu@@ gt ist , gel@@ ten@@ d zu machen .
	[TRG] however , I would ask you , in acc@@ ord@@ ance with the line which is now con@@ st@@ ant@@ ly fol@@ low@@ ed by the European Parliament and by the whole of the European Community , to make represent@@ ations , using the wei@@ ght of your pres@@ ti@@ gi@@ ous off@@ ice and the institu@@ tion you re@@ present , to the President and to the Go@@ vern@@ or of Tex@@ as , Mr B@@ us@@ h , who has the power to order a stay of ex@@ ec@@ ution and to re@@ pri@@ e@@ ve the con@@ dem@@ ned per@@ son .
2025-05-03 12:43:58,328 - INFO - joeynmt.data - First 10 Src tokens: (0) <unk> (1) <pad> (2) <s> (3) </s> (4) , (5) . (6) the (7) in (8) die (9) der
2025-05-03 12:43:58,328 - INFO - joeynmt.data - First 10 Trg tokens: (0) <unk> (1) <pad> (2) <s> (3) </s> (4) , (5) . (6) the (7) in (8) die (9) der
2025-05-03 12:43:58,328 - INFO - joeynmt.data - Number of unique Src tokens (vocab_size): 4117
2025-05-03 12:43:58,328 - INFO - joeynmt.data - Number of unique Trg tokens (vocab_size): 4117
2025-05-03 12:43:58,332 - INFO - joeynmt.model - Building an encoder-decoder model...
2025-05-03 12:43:58,395 - INFO - joeynmt.model - Enc-dec model built.
2025-05-03 12:43:58,398 - INFO - joeynmt.model - Total params: 3953152
2025-05-03 12:43:58,399 - DEBUG - joeynmt.model - Trainable parameters: ['decoder.layers.0.dec_layer_norm.bias', 'decoder.layers.0.dec_layer_norm.weight', 'decoder.layers.0.feed_forward.layer_norm.bias', 'decoder.layers.0.feed_forward.layer_norm.weight', 'decoder.layers.0.feed_forward.pwff_layer.0.bias', 'decoder.layers.0.feed_forward.pwff_layer.0.weight', 'decoder.layers.0.feed_forward.pwff_layer.3.bias', 'decoder.layers.0.feed_forward.pwff_layer.3.weight', 'decoder.layers.0.src_trg_att.k_layer.bias', 'decoder.layers.0.src_trg_att.k_layer.weight', 'decoder.layers.0.src_trg_att.output_layer.bias', 'decoder.layers.0.src_trg_att.output_layer.weight', 'decoder.layers.0.src_trg_att.q_layer.bias', 'decoder.layers.0.src_trg_att.q_layer.weight', 'decoder.layers.0.src_trg_att.v_layer.bias', 'decoder.layers.0.src_trg_att.v_layer.weight', 'decoder.layers.0.trg_trg_att.k_layer.bias', 'decoder.layers.0.trg_trg_att.k_layer.weight', 'decoder.layers.0.trg_trg_att.output_layer.bias', 'decoder.layers.0.trg_trg_att.output_layer.weight', 'decoder.layers.0.trg_trg_att.q_layer.bias', 'decoder.layers.0.trg_trg_att.q_layer.weight', 'decoder.layers.0.trg_trg_att.v_layer.bias', 'decoder.layers.0.trg_trg_att.v_layer.weight', 'decoder.layers.0.x_layer_norm.bias', 'decoder.layers.0.x_layer_norm.weight', 'encoder.layers.0.feed_forward.layer_norm.bias', 'encoder.layers.0.feed_forward.layer_norm.weight', 'encoder.layers.0.feed_forward.pwff_layer.0.bias', 'encoder.layers.0.feed_forward.pwff_layer.0.weight', 'encoder.layers.0.feed_forward.pwff_layer.3.bias', 'encoder.layers.0.feed_forward.pwff_layer.3.weight', 'encoder.layers.0.layer_norm.bias', 'encoder.layers.0.layer_norm.weight', 'encoder.layers.0.src_src_att.k_layer.bias', 'encoder.layers.0.src_src_att.k_layer.weight', 'encoder.layers.0.src_src_att.output_layer.bias', 'encoder.layers.0.src_src_att.output_layer.weight', 'encoder.layers.0.src_src_att.q_layer.bias', 'encoder.layers.0.src_src_att.q_layer.weight', 'encoder.layers.0.src_src_att.v_layer.bias', 'encoder.layers.0.src_src_att.v_layer.weight', 'encoder.layers.1.feed_forward.layer_norm.bias', 'encoder.layers.1.feed_forward.layer_norm.weight', 'encoder.layers.1.feed_forward.pwff_layer.0.bias', 'encoder.layers.1.feed_forward.pwff_layer.0.weight', 'encoder.layers.1.feed_forward.pwff_layer.3.bias', 'encoder.layers.1.feed_forward.pwff_layer.3.weight', 'encoder.layers.1.layer_norm.bias', 'encoder.layers.1.layer_norm.weight', 'encoder.layers.1.src_src_att.k_layer.bias', 'encoder.layers.1.src_src_att.k_layer.weight', 'encoder.layers.1.src_src_att.output_layer.bias', 'encoder.layers.1.src_src_att.output_layer.weight', 'encoder.layers.1.src_src_att.q_layer.bias', 'encoder.layers.1.src_src_att.q_layer.weight', 'encoder.layers.1.src_src_att.v_layer.bias', 'encoder.layers.1.src_src_att.v_layer.weight', 'encoder.layers.2.feed_forward.layer_norm.bias', 'encoder.layers.2.feed_forward.layer_norm.weight', 'encoder.layers.2.feed_forward.pwff_layer.0.bias', 'encoder.layers.2.feed_forward.pwff_layer.0.weight', 'encoder.layers.2.feed_forward.pwff_layer.3.bias', 'encoder.layers.2.feed_forward.pwff_layer.3.weight', 'encoder.layers.2.layer_norm.bias', 'encoder.layers.2.layer_norm.weight', 'encoder.layers.2.src_src_att.k_layer.bias', 'encoder.layers.2.src_src_att.k_layer.weight', 'encoder.layers.2.src_src_att.output_layer.bias', 'encoder.layers.2.src_src_att.output_layer.weight', 'encoder.layers.2.src_src_att.q_layer.bias', 'encoder.layers.2.src_src_att.q_layer.weight', 'encoder.layers.2.src_src_att.v_layer.bias', 'encoder.layers.2.src_src_att.v_layer.weight', 'encoder.layers.3.feed_forward.layer_norm.bias', 'encoder.layers.3.feed_forward.layer_norm.weight', 'encoder.layers.3.feed_forward.pwff_layer.0.bias', 'encoder.layers.3.feed_forward.pwff_layer.0.weight', 'encoder.layers.3.feed_forward.pwff_layer.3.bias', 'encoder.layers.3.feed_forward.pwff_layer.3.weight', 'encoder.layers.3.layer_norm.bias', 'encoder.layers.3.layer_norm.weight', 'encoder.layers.3.src_src_att.k_layer.bias', 'encoder.layers.3.src_src_att.k_layer.weight', 'encoder.layers.3.src_src_att.output_layer.bias', 'encoder.layers.3.src_src_att.output_layer.weight', 'encoder.layers.3.src_src_att.q_layer.bias', 'encoder.layers.3.src_src_att.q_layer.weight', 'encoder.layers.3.src_src_att.v_layer.bias', 'encoder.layers.3.src_src_att.v_layer.weight', 'src_embed.lut.weight']
2025-05-03 12:43:58,399 - INFO - joeynmt.training - Model(
	encoder=TransformerEncoder(num_layers=4, num_heads=2, alpha=1.0, layer_norm="post", activation=ReLU()),
	decoder=TransformerDecoder(num_layers=1, num_heads=2, alpha=1.0, layer_norm="post", activation=ReLU()),
	src_embed=Embeddings(embedding_dim=256, vocab_size=4117),
	trg_embed=Embeddings(embedding_dim=256, vocab_size=4117),
	loss_function=XentLoss(criterion=KLDivLoss(), smoothing=0.3))
2025-05-03 12:43:58,474 - INFO - joeynmt.builders - Adam(lr=0.0003, weight_decay=0.0, betas=(0.9, 0.999))
2025-05-03 12:43:58,475 - INFO - joeynmt.builders - ReduceLROnPlateau(mode=min, verbose=False, threshold_mode=abs, eps=0.0, factor=0.7, patience=8)
2025-05-03 12:43:58,475 - INFO - joeynmt.training - Train stats:
	device: cuda
	n_gpu: 1
	16-bits training: False
	gradient accumulation: 1
	batch size per device: 2048
	effective batch size (w. parallel & accumulation): 2048
2025-05-03 12:43:58,475 - INFO - joeynmt.training - EPOCH 1
2025-05-03 12:44:04,996 - INFO - joeynmt.training - Epoch   1, Step:      100, Batch Loss:     4.232959, Batch Acc: 0.055748, Tokens per Sec:    14114, Lr: 0.000300
2025-05-03 12:44:10,558 - INFO - joeynmt.training - Epoch   1, Step:      200, Batch Loss:     4.031332, Batch Acc: 0.090171, Tokens per Sec:    16582, Lr: 0.000300
2025-05-03 12:44:16,144 - INFO - joeynmt.training - Epoch   1, Step:      300, Batch Loss:     3.762427, Batch Acc: 0.104790, Tokens per Sec:    16567, Lr: 0.000300
2025-05-03 12:44:21,630 - INFO - joeynmt.training - Epoch   1, Step:      400, Batch Loss:     3.685796, Batch Acc: 0.118568, Tokens per Sec:    16713, Lr: 0.000300
2025-05-03 12:44:27,126 - INFO - joeynmt.training - Epoch   1, Step:      500, Batch Loss:     3.512161, Batch Acc: 0.142655, Tokens per Sec:    16888, Lr: 0.000300
2025-05-03 12:44:27,126 - INFO - joeynmt.prediction - Predicting 500 example(s)... (Greedy decoding with min_output_length=1, max_output_length=-1, return_prob='none', generate_unk=True, repetition_penalty=-1, no_repeat_ngram_size=-1)
2025-05-03 12:44:30,203 - INFO - joeynmt.prediction - Evaluation result (greedy) loss:   3.73, ppl:  41.55, acc:   0.12, generation: 3.0709[sec], evaluation: 0.0000[sec]
2025-05-03 12:44:30,203 - INFO - joeynmt.training - Hooray! New best validation result [ppl]!
2025-05-03 12:44:30,287 - INFO - joeynmt.training - Example #0
2025-05-03 12:44:30,289 - DEBUG - joeynmt.training - 	Tokenized source:     ['die', 'Pre@@', 'mi@@', 'er@@', 'minist@@', 'er', 'Indi@@', 'ens', 'und', 'J@@', 'ap@@', 'ans', 'tra@@', 'fen', 'sich', 'in', 'T@@', 'ok@@', 'i@@', 'o', '.']
2025-05-03 12:44:30,289 - DEBUG - joeynmt.training - 	Tokenized reference:  ['Indi@@', 'a', 'and', 'J@@', 'ap@@', 'an', 'pri@@', 'me', 'minist@@', 'ers', 'me@@', 'et', 'in', 'T@@', 'ok@@', 'y@@', 'o']
2025-05-03 12:44:30,289 - DEBUG - joeynmt.training - 	Tokenized hypothesis: ['the', 'Commission', 'is', 'the', 'Commission', 'is', 'a', 'a', 'a', 'a', 'a', 'a', 'a', 'a', '.', '</s>']
2025-05-03 12:44:30,289 - INFO - joeynmt.training - 	Source:     die Premierminister Indiens und Japans trafen sich in Tokio .
2025-05-03 12:44:30,289 - INFO - joeynmt.training - 	Reference:  India and Japan prime ministers meet in Tokyo
2025-05-03 12:44:30,289 - INFO - joeynmt.training - 	Hypothesis: the Commission is the Commission is a a a a a a a a .
2025-05-03 12:44:30,289 - INFO - joeynmt.training - Example #1
2025-05-03 12:44:30,289 - DEBUG - joeynmt.training - 	Tokenized source:     ['Indi@@', 'ens', 'neu@@', 'er', 'Pre@@', 'mi@@', 'er@@', 'minist@@', 'er', 'N@@', 'ar@@', 'end@@', 'ra', 'Mo@@', 'd@@', 'i', 'tri@@', 'fft', 'bei', 's@@', 'einem', 'ersten', 'wichti@@', 'gen', 'Aus@@', 'land@@', 's@@', 'bes@@', 'u@@', 'ch', 'seit', 's@@', 'einem', 'W@@', 'ah@@', 'l@@', 'si@@', 'e@@', 'g', 'im', 'Ma@@', 'i', 'seinen', 'j@@', 'ap@@', 'an@@', 'ischen', 'Am@@', 'ts@@', 'k@@', 'olle@@', 'gen', 'S@@', 'hin@@', 'z@@', 'o', 'A@@', 'be', 'in', 'T@@', 'ok@@', 'o', ',', 'um', 'wirtschaf@@', 'tliche', 'und', 'sicher@@', 'heits@@', 'politische', 'Be@@', 'zieh@@', 'ungen', 'zu', 'bes@@', 'pre@@', 'chen', '.']
2025-05-03 12:44:30,290 - DEBUG - joeynmt.training - 	Tokenized reference:  ['Indi@@', 'a', '&apos;s', 'new', 'pri@@', 'me', 'minist@@', 'er', ',', 'N@@', 'ar@@', 'end@@', 'ra', 'Mo@@', 'd@@', 'i', ',', 'is', 'me@@', 'eting', 'his', 'J@@', 'ap@@', 'an@@', 'ese', 'coun@@', 'ter@@', 'part', ',', 'S@@', 'hin@@', 'z@@', 'o', 'A@@', 'be', ',', 'in', 'T@@', 'ok@@', 'y@@', 'o', 'to', 'disc@@', 'uss', 'economic', 'and', 'security', 'ties', ',', 'on', 'his', 'first', 'major', 'fore@@', 'ign', 'visi@@', 't', 'since', 'w@@', 'inn@@', 'ing', 'Ma@@', 'y', '&apos;s', 'elec@@', 'tion', '.']
2025-05-03 12:44:30,290 - DEBUG - joeynmt.training - 	Tokenized hypothesis: ['the', 'Commission', 'is', 'the', 'Commission', 'is', 'a', ',', 'the', 'Commission', 'of', 'the', 'Commission', 'of', 'the', 'Commission', 'is', 'a', 'a', 'a', 'a', 'a', 'a', 'a', 'a', 'a', 'a', 'a', 'a', 'a', 'a', 'a', 'a', 'a', 'a', 'a', 'a', 'a', 'a', 'a', 'a', 'a', 'a', 'a', '.', '</s>']
2025-05-03 12:44:30,290 - INFO - joeynmt.training - 	Source:     Indiens neuer Premierminister Narendra Modi trifft bei seinem ersten wichtigen Auslandsbesuch seit seinem Wahlsieg im Mai seinen japanischen Amtskollegen Shinzo Abe in Toko , um wirtschaftliche und sicherheitspolitische Beziehungen zu besprechen .
2025-05-03 12:44:30,290 - INFO - joeynmt.training - 	Reference:  India &apos;s new prime minister , Narendra Modi , is meeting his Japanese counterpart , Shinzo Abe , in Tokyo to discuss economic and security ties , on his first major foreign visit since winning May &apos;s election .
2025-05-03 12:44:30,290 - INFO - joeynmt.training - 	Hypothesis: the Commission is the Commission is a , the Commission of the Commission of the Commission is a a a a a a a a a a a a a a a a a a a a a a a a a a a .
2025-05-03 12:44:30,290 - INFO - joeynmt.training - Example #2
2025-05-03 12:44:30,290 - DEBUG - joeynmt.training - 	Tokenized source:     ['Herr', 'Mo@@', 'd@@', 'i', 'befindet', 'sich', 'auf', 'einer', 'fü@@', 'n@@', 'f@@', 'tä@@', 'gi@@', 'gen', 'Rei@@', 'se', 'nach', 'J@@', 'ap@@', 'an', ',', 'um', 'die', 'wirtschaf@@', 'tlichen', 'Be@@', 'zieh@@', 'ungen', 'mit', 'der', 'd@@', 'rit@@', 't@@', 'größ@@', 'ten', 'Wirtschafts@@', 'n@@', 'ation', 'der', 'Welt', 'zu', 'fes@@', 'tigen', '.']
2025-05-03 12:44:30,290 - DEBUG - joeynmt.training - 	Tokenized reference:  ['Mr', 'Mo@@', 'd@@', 'i', 'is', 'on', 'a', 'fi@@', 've', '@@@', '-@@', '@', 'day', 'tri@@', 'p', 'to', 'J@@', 'ap@@', 'an', 'to', 'streng@@', 'then', 'economic', 'ties', 'with', 'the', 'third', 'lar@@', 'ges@@', 't', 'econom@@', 'y', 'in', 'the', 'world', '.']
2025-05-03 12:44:30,290 - DEBUG - joeynmt.training - 	Tokenized hypothesis: ['the', 'Commission', 'is', 'the', 'Commission', 'is', 'a', 'a', 'a', 'a', 'a', 'a', 'a', 'a', 'a', 'a', 'a', 'a', 'a', 'a', 'a', 'a', 'a', 'a', 'a', 'a', 'a', '.', '</s>']
2025-05-03 12:44:30,290 - INFO - joeynmt.training - 	Source:     Herr Modi befindet sich auf einer fünftägigen Reise nach Japan , um die wirtschaftlichen Beziehungen mit der drittgrößten Wirtschaftsnation der Welt zu festigen .
2025-05-03 12:44:30,290 - INFO - joeynmt.training - 	Reference:  Mr Modi is on a five @-@ day trip to Japan to strengthen economic ties with the third largest economy in the world .
2025-05-03 12:44:30,291 - INFO - joeynmt.training - 	Hypothesis: the Commission is the Commission is a a a a a a a a a a a a a a a a a a a a a .
2025-05-03 12:44:30,291 - INFO - joeynmt.training - Example #3
2025-05-03 12:44:30,291 - DEBUG - joeynmt.training - 	Tokenized source:     ['P@@', 'län@@', 'e', 'für', 'eine', 'stärk@@', 'ere', 'k@@', 'ern@@', 'techn@@', 'ische', 'Zusammenarbeit', 'stehen', 'ganz', 'ob@@', 'en', 'auf', 'der', 'Tag@@', 'es@@', 'ordnung', '.']
2025-05-03 12:44:30,291 - DEBUG - joeynmt.training - 	Tokenized reference:  ['high', 'on', 'the', 'agen@@', 'da', 'are', 'pl@@', 'ans', 'for', 'gre@@', 'ater', 'nu@@', 'clear', 'c@@', 'o', '@@@', '-@@', '@', 'operation', '.']
2025-05-03 12:44:30,291 - DEBUG - joeynmt.training - 	Tokenized hypothesis: ['the', 'Commission', 'is', 'the', 'Commission', 'is', 'a', 'a', 'a', 'a', 'a', 'a', 'a', 'a', '.', '</s>']
2025-05-03 12:44:30,291 - INFO - joeynmt.training - 	Source:     Pläne für eine stärkere kerntechnische Zusammenarbeit stehen ganz oben auf der Tagesordnung .
2025-05-03 12:44:30,291 - INFO - joeynmt.training - 	Reference:  high on the agenda are plans for greater nuclear co @-@ operation .
2025-05-03 12:44:30,291 - INFO - joeynmt.training - 	Hypothesis: the Commission is the Commission is a a a a a a a a .
2025-05-03 12:44:30,291 - INFO - joeynmt.training - Example #4
2025-05-03 12:44:30,291 - DEBUG - joeynmt.training - 	Tokenized source:     ['Berich@@', 'ten', 'zu@@', 'fol@@', 'ge', 'ho@@', 'fft', 'Indi@@', 'en', 'darüber', 'hinaus', 'auf', 'einen', 'Ver@@', 'trag', 'zur', 'Ver@@', 'tei@@', 'dig@@', 'ungs@@', 'zusammen@@', 'arbeit', 'zwischen', 'den', 'beiden', 'N@@', 'ationen', '.']
2025-05-03 12:44:30,291 - DEBUG - joeynmt.training - 	Tokenized reference:  ['Indi@@', 'a', 'is', 'also', 're@@', 'porte@@', 'dly', 'hop@@', 'ing', 'for', 'a', 'de@@', 'al', 'on', 'def@@', 'ence', 'c@@', 'oll@@', 'ab@@', 'or@@', 'ation', 'between', 'the', 'two', 'n@@', 'ations', '.']
2025-05-03 12:44:30,291 - DEBUG - joeynmt.training - 	Tokenized hypothesis: ['the', 'Commission', 'is', 'the', 'Commission', 'is', 'a', 'a', 'a', 'a', 'a', 'a', 'a', 'a', 'a', 'a', 'a', '.', '</s>']
2025-05-03 12:44:30,292 - INFO - joeynmt.training - 	Source:     Berichten zufolge hofft Indien darüber hinaus auf einen Vertrag zur Verteidigungszusammenarbeit zwischen den beiden Nationen .
2025-05-03 12:44:30,292 - INFO - joeynmt.training - 	Reference:  India is also reportedly hoping for a deal on defence collaboration between the two nations .
2025-05-03 12:44:30,292 - INFO - joeynmt.training - 	Hypothesis: the Commission is the Commission is a a a a a a a a a a a .
2025-05-03 12:44:35,694 - INFO - joeynmt.training - Epoch   1, Step:      600, Batch Loss:     3.445758, Batch Acc: 0.161780, Tokens per Sec:    17086, Lr: 0.000300
2025-05-03 12:44:41,270 - INFO - joeynmt.training - Epoch   1, Step:      700, Batch Loss:     3.232441, Batch Acc: 0.172928, Tokens per Sec:    16594, Lr: 0.000300
2025-05-03 12:44:46,761 - INFO - joeynmt.training - Epoch   1, Step:      800, Batch Loss:     3.246437, Batch Acc: 0.180239, Tokens per Sec:    16681, Lr: 0.000300
2025-05-03 12:44:52,287 - INFO - joeynmt.training - Epoch   1, Step:      900, Batch Loss:     3.030957, Batch Acc: 0.193349, Tokens per Sec:    16450, Lr: 0.000300
2025-05-03 12:44:57,714 - INFO - joeynmt.training - Epoch   1, Step:     1000, Batch Loss:     3.056354, Batch Acc: 0.192813, Tokens per Sec:    17316, Lr: 0.000300
2025-05-03 12:44:57,715 - INFO - joeynmt.prediction - Predicting 500 example(s)... (Greedy decoding with min_output_length=1, max_output_length=-1, return_prob='none', generate_unk=True, repetition_penalty=-1, no_repeat_ngram_size=-1)
2025-05-03 12:45:06,385 - INFO - joeynmt.prediction - Evaluation result (greedy) loss:   3.41, ppl:  30.18, acc:   0.16, generation: 8.6586[sec], evaluation: 0.0000[sec]
2025-05-03 12:45:06,385 - INFO - joeynmt.training - Hooray! New best validation result [ppl]!
2025-05-03 12:45:06,464 - INFO - joeynmt.training - Example #0
2025-05-03 12:45:06,464 - DEBUG - joeynmt.training - 	Tokenized source:     ['die', 'Pre@@', 'mi@@', 'er@@', 'minist@@', 'er', 'Indi@@', 'ens', 'und', 'J@@', 'ap@@', 'ans', 'tra@@', 'fen', 'sich', 'in', 'T@@', 'ok@@', 'i@@', 'o', '.']
2025-05-03 12:45:06,464 - DEBUG - joeynmt.training - 	Tokenized reference:  ['Indi@@', 'a', 'and', 'J@@', 'ap@@', 'an', 'pri@@', 'me', 'minist@@', 'ers', 'me@@', 'et', 'in', 'T@@', 'ok@@', 'y@@', 'o']
2025-05-03 12:45:06,464 - DEBUG - joeynmt.training - 	Tokenized hypothesis: ['the', 'S@@', 'S@@', 'S@@', 'S@@', 'S@@', 'S@@', 'S@@', 'S@@', 'S@@', 'S@@', 'S@@', 'S@@', 'S@@', 'S@@', 'S@@', 'S@@', 'S@@', 'S@@', 'S@@', 'S@@', 'S@@', 'S@@', 'S@@', 'S@@', 'S@@', 'S@@', 'S@@', 'S@@', 'S@@', 'S@@', 'S@@', 'S@@', 'S@@', 'S@@', 'S@@', 'S@@', 'S@@', 'S@@', 'S@@', 'S@@', 'S@@', 'S@@', 'S@@', 'S@@', 'S@@', 'S@@', 'S@@', 'S@@', 'S@@', 'S@@', 'S@@', 'S@@', 'S@@', 'S@@', 'S@@', 'S@@', 'S@@', 'S@@', 'S@@', 'S@@', 'S@@', 'S@@', 'S@@', 'S@@', 'S@@', 'S@@', 'S@@', 'S@@', 'S@@', 'S@@', 'S@@', 'S@@', 'S@@', 'S@@', 'S@@', 'S@@', 'S@@', 'S@@', 'S@@', 'S@@', 'S@@', 'S@@', 'S@@', 'S@@', 'S@@', 'S@@', 'S@@', 'S@@', 'S@@', 'S@@', 'S@@', 'S@@', 'S@@', 'S@@', 'S@@', 'S@@', 'S@@', 'S@@', 'S@@', 'S@@', 'S@@', 'S@@', 'S@@', 'S@@', 'S@@', 'S@@', 'S@@', 'S@@', 'S@@', 'S@@', 'S@@', '.', '</s>']
2025-05-03 12:45:06,465 - INFO - joeynmt.training - 	Source:     die Premierminister Indiens und Japans trafen sich in Tokio .
2025-05-03 12:45:06,465 - INFO - joeynmt.training - 	Reference:  India and Japan prime ministers meet in Tokyo
2025-05-03 12:45:06,465 - INFO - joeynmt.training - 	Hypothesis: the SSSSSSSSSSSSSSSSSSSSSSSSSSSSSSSSSSSSSSSSSSSSSSSSSSSSSSSSSSSSSSSSSSSSSSSSSSSSSSSSSSSSSSSSSSSSSSSSSSSSSSSSSSSSSSS.
2025-05-03 12:45:06,465 - INFO - joeynmt.training - Example #1
2025-05-03 12:45:06,465 - DEBUG - joeynmt.training - 	Tokenized source:     ['Indi@@', 'ens', 'neu@@', 'er', 'Pre@@', 'mi@@', 'er@@', 'minist@@', 'er', 'N@@', 'ar@@', 'end@@', 'ra', 'Mo@@', 'd@@', 'i', 'tri@@', 'fft', 'bei', 's@@', 'einem', 'ersten', 'wichti@@', 'gen', 'Aus@@', 'land@@', 's@@', 'bes@@', 'u@@', 'ch', 'seit', 's@@', 'einem', 'W@@', 'ah@@', 'l@@', 'si@@', 'e@@', 'g', 'im', 'Ma@@', 'i', 'seinen', 'j@@', 'ap@@', 'an@@', 'ischen', 'Am@@', 'ts@@', 'k@@', 'olle@@', 'gen', 'S@@', 'hin@@', 'z@@', 'o', 'A@@', 'be', 'in', 'T@@', 'ok@@', 'o', ',', 'um', 'wirtschaf@@', 'tliche', 'und', 'sicher@@', 'heits@@', 'politische', 'Be@@', 'zieh@@', 'ungen', 'zu', 'bes@@', 'pre@@', 'chen', '.']
2025-05-03 12:45:06,465 - DEBUG - joeynmt.training - 	Tokenized reference:  ['Indi@@', 'a', '&apos;s', 'new', 'pri@@', 'me', 'minist@@', 'er', ',', 'N@@', 'ar@@', 'end@@', 'ra', 'Mo@@', 'd@@', 'i', ',', 'is', 'me@@', 'eting', 'his', 'J@@', 'ap@@', 'an@@', 'ese', 'coun@@', 'ter@@', 'part', ',', 'S@@', 'hin@@', 'z@@', 'o', 'A@@', 'be', ',', 'in', 'T@@', 'ok@@', 'y@@', 'o', 'to', 'disc@@', 'uss', 'economic', 'and', 'security', 'ties', ',', 'on', 'his', 'first', 'major', 'fore@@', 'ign', 'visi@@', 't', 'since', 'w@@', 'inn@@', 'ing', 'Ma@@', 'y', '&apos;s', 'elec@@', 'tion', '.']
2025-05-03 12:45:06,465 - DEBUG - joeynmt.training - 	Tokenized hypothesis: ['the', 'European', 'Union', 'is', 'a', 'few', 'few', 'm@@', 'm@@', 'ate', 'of', 'the', 'European', 'Union', ',', 'the', 'European', 'Union', ',', 'the', 'European', 'Union', ',', 'the', 'European', 'Union', 'and', 'the', 'European', 'Union', 'and', 'the', 'European', 'Union', 'and', 'the', 'European', 'Union', 'and', 'the', 'European', 'Union', 'and', 'the', 'European', 'Union', 'and', 'the', 'European', 'Union', 'and', 'the', 'European', 'Union', '.', '</s>']
2025-05-03 12:45:06,465 - INFO - joeynmt.training - 	Source:     Indiens neuer Premierminister Narendra Modi trifft bei seinem ersten wichtigen Auslandsbesuch seit seinem Wahlsieg im Mai seinen japanischen Amtskollegen Shinzo Abe in Toko , um wirtschaftliche und sicherheitspolitische Beziehungen zu besprechen .
2025-05-03 12:45:06,465 - INFO - joeynmt.training - 	Reference:  India &apos;s new prime minister , Narendra Modi , is meeting his Japanese counterpart , Shinzo Abe , in Tokyo to discuss economic and security ties , on his first major foreign visit since winning May &apos;s election .
2025-05-03 12:45:06,465 - INFO - joeynmt.training - 	Hypothesis: the European Union is a few few mmate of the European Union , the European Union , the European Union , the European Union and the European Union and the European Union and the European Union and the European Union and the European Union and the European Union and the European Union .
2025-05-03 12:45:06,465 - INFO - joeynmt.training - Example #2
2025-05-03 12:45:06,466 - DEBUG - joeynmt.training - 	Tokenized source:     ['Herr', 'Mo@@', 'd@@', 'i', 'befindet', 'sich', 'auf', 'einer', 'fü@@', 'n@@', 'f@@', 'tä@@', 'gi@@', 'gen', 'Rei@@', 'se', 'nach', 'J@@', 'ap@@', 'an', ',', 'um', 'die', 'wirtschaf@@', 'tlichen', 'Be@@', 'zieh@@', 'ungen', 'mit', 'der', 'd@@', 'rit@@', 't@@', 'größ@@', 'ten', 'Wirtschafts@@', 'n@@', 'ation', 'der', 'Welt', 'zu', 'fes@@', 'tigen', '.']
2025-05-03 12:45:06,466 - DEBUG - joeynmt.training - 	Tokenized reference:  ['Mr', 'Mo@@', 'd@@', 'i', 'is', 'on', 'a', 'fi@@', 've', '@@@', '-@@', '@', 'day', 'tri@@', 'p', 'to', 'J@@', 'ap@@', 'an', 'to', 'streng@@', 'then', 'economic', 'ties', 'with', 'the', 'third', 'lar@@', 'ges@@', 't', 'econom@@', 'y', 'in', 'the', 'world', '.']
2025-05-03 12:45:06,466 - DEBUG - joeynmt.training - 	Tokenized hypothesis: ['the', 'Commission', 'is', 'a', 'few', 'few', 'few', 'few', 'm@@', 'ate', 'to', 'the', 'European', 'Union', ',', 'the', 'European', 'Union', 'and', 'the', 'European', 'Union', 'and', 'the', 'European', 'Union', '.', '</s>']
2025-05-03 12:45:06,466 - INFO - joeynmt.training - 	Source:     Herr Modi befindet sich auf einer fünftägigen Reise nach Japan , um die wirtschaftlichen Beziehungen mit der drittgrößten Wirtschaftsnation der Welt zu festigen .
2025-05-03 12:45:06,466 - INFO - joeynmt.training - 	Reference:  Mr Modi is on a five @-@ day trip to Japan to strengthen economic ties with the third largest economy in the world .
2025-05-03 12:45:06,466 - INFO - joeynmt.training - 	Hypothesis: the Commission is a few few few few mate to the European Union , the European Union and the European Union and the European Union .
2025-05-03 12:45:06,466 - INFO - joeynmt.training - Example #3
2025-05-03 12:45:06,466 - DEBUG - joeynmt.training - 	Tokenized source:     ['P@@', 'län@@', 'e', 'für', 'eine', 'stärk@@', 'ere', 'k@@', 'ern@@', 'techn@@', 'ische', 'Zusammenarbeit', 'stehen', 'ganz', 'ob@@', 'en', 'auf', 'der', 'Tag@@', 'es@@', 'ordnung', '.']
2025-05-03 12:45:06,466 - DEBUG - joeynmt.training - 	Tokenized reference:  ['high', 'on', 'the', 'agen@@', 'da', 'are', 'pl@@', 'ans', 'for', 'gre@@', 'ater', 'nu@@', 'clear', 'c@@', 'o', '@@@', '-@@', '@', 'operation', '.']
2025-05-03 12:45:06,466 - DEBUG - joeynmt.training - 	Tokenized hypothesis: ['the', 'Commission', 'is', 'a', 'few', 'few', 'few', 'few', 'm@@', 'ate', 'to', 'the', 'European', 'Union', '.', '</s>']
2025-05-03 12:45:06,466 - INFO - joeynmt.training - 	Source:     Pläne für eine stärkere kerntechnische Zusammenarbeit stehen ganz oben auf der Tagesordnung .
2025-05-03 12:45:06,466 - INFO - joeynmt.training - 	Reference:  high on the agenda are plans for greater nuclear co @-@ operation .
2025-05-03 12:45:06,466 - INFO - joeynmt.training - 	Hypothesis: the Commission is a few few few few mate to the European Union .
2025-05-03 12:45:06,466 - INFO - joeynmt.training - Example #4
2025-05-03 12:45:06,467 - DEBUG - joeynmt.training - 	Tokenized source:     ['Berich@@', 'ten', 'zu@@', 'fol@@', 'ge', 'ho@@', 'fft', 'Indi@@', 'en', 'darüber', 'hinaus', 'auf', 'einen', 'Ver@@', 'trag', 'zur', 'Ver@@', 'tei@@', 'dig@@', 'ungs@@', 'zusammen@@', 'arbeit', 'zwischen', 'den', 'beiden', 'N@@', 'ationen', '.']
2025-05-03 12:45:06,467 - DEBUG - joeynmt.training - 	Tokenized reference:  ['Indi@@', 'a', 'is', 'also', 're@@', 'porte@@', 'dly', 'hop@@', 'ing', 'for', 'a', 'de@@', 'al', 'on', 'def@@', 'ence', 'c@@', 'oll@@', 'ab@@', 'or@@', 'ation', 'between', 'the', 'two', 'n@@', 'ations', '.']
2025-05-03 12:45:06,467 - DEBUG - joeynmt.training - 	Tokenized hypothesis: ['the', 'Commission', 'is', 'a', 'few', 'few', 'few', 'few', 'm@@', 'ate', 'to', 'the', 'European', 'Union', '.', '</s>']
2025-05-03 12:45:06,467 - INFO - joeynmt.training - 	Source:     Berichten zufolge hofft Indien darüber hinaus auf einen Vertrag zur Verteidigungszusammenarbeit zwischen den beiden Nationen .
2025-05-03 12:45:06,467 - INFO - joeynmt.training - 	Reference:  India is also reportedly hoping for a deal on defence collaboration between the two nations .
2025-05-03 12:45:06,467 - INFO - joeynmt.training - 	Hypothesis: the Commission is a few few few few mate to the European Union .
2025-05-03 12:45:11,976 - INFO - joeynmt.training - Epoch   1, Step:     1100, Batch Loss:     3.182914, Batch Acc: 0.201519, Tokens per Sec:    16435, Lr: 0.000300
2025-05-03 12:45:17,427 - INFO - joeynmt.training - Epoch   1, Step:     1200, Batch Loss:     3.089107, Batch Acc: 0.206416, Tokens per Sec:    16991, Lr: 0.000300
2025-05-03 12:45:22,861 - INFO - joeynmt.training - Epoch   1, Step:     1300, Batch Loss:     3.027924, Batch Acc: 0.207953, Tokens per Sec:    16932, Lr: 0.000300
2025-05-03 12:45:28,405 - INFO - joeynmt.training - Epoch   1, Step:     1400, Batch Loss:     3.020005, Batch Acc: 0.213482, Tokens per Sec:    16509, Lr: 0.000300
2025-05-03 12:45:33,824 - INFO - joeynmt.training - Epoch   1, Step:     1500, Batch Loss:     2.981430, Batch Acc: 0.222664, Tokens per Sec:    16787, Lr: 0.000300
2025-05-03 12:45:33,824 - INFO - joeynmt.prediction - Predicting 500 example(s)... (Greedy decoding with min_output_length=1, max_output_length=-1, return_prob='none', generate_unk=True, repetition_penalty=-1, no_repeat_ngram_size=-1)
2025-05-03 12:45:41,195 - INFO - joeynmt.prediction - Evaluation result (greedy) loss:   3.30, ppl:  26.98, acc:   0.17, generation: 7.3639[sec], evaluation: 0.0000[sec]
2025-05-03 12:45:41,197 - INFO - joeynmt.training - Hooray! New best validation result [ppl]!
2025-05-03 12:45:41,279 - INFO - joeynmt.training - Example #0
2025-05-03 12:45:41,280 - DEBUG - joeynmt.training - 	Tokenized source:     ['die', 'Pre@@', 'mi@@', 'er@@', 'minist@@', 'er', 'Indi@@', 'ens', 'und', 'J@@', 'ap@@', 'ans', 'tra@@', 'fen', 'sich', 'in', 'T@@', 'ok@@', 'i@@', 'o', '.']
2025-05-03 12:45:41,280 - DEBUG - joeynmt.training - 	Tokenized reference:  ['Indi@@', 'a', 'and', 'J@@', 'ap@@', 'an', 'pri@@', 'me', 'minist@@', 'ers', 'me@@', 'et', 'in', 'T@@', 'ok@@', 'y@@', 'o']
2025-05-03 12:45:41,280 - DEBUG - joeynmt.training - 	Tokenized hypothesis: ['the', 're@@', 'st', 'of', 'the', 're@@', 'la@@', 'y', 'of', 'the', 'b@@', 'ut@@', 'y', 'of', 'the', 're@@', 'la@@', 'y', '.', '</s>']
2025-05-03 12:45:41,280 - INFO - joeynmt.training - 	Source:     die Premierminister Indiens und Japans trafen sich in Tokio .
2025-05-03 12:45:41,280 - INFO - joeynmt.training - 	Reference:  India and Japan prime ministers meet in Tokyo
2025-05-03 12:45:41,280 - INFO - joeynmt.training - 	Hypothesis: the rest of the relay of the buty of the relay .
2025-05-03 12:45:41,280 - INFO - joeynmt.training - Example #1
2025-05-03 12:45:41,280 - DEBUG - joeynmt.training - 	Tokenized source:     ['Indi@@', 'ens', 'neu@@', 'er', 'Pre@@', 'mi@@', 'er@@', 'minist@@', 'er', 'N@@', 'ar@@', 'end@@', 'ra', 'Mo@@', 'd@@', 'i', 'tri@@', 'fft', 'bei', 's@@', 'einem', 'ersten', 'wichti@@', 'gen', 'Aus@@', 'land@@', 's@@', 'bes@@', 'u@@', 'ch', 'seit', 's@@', 'einem', 'W@@', 'ah@@', 'l@@', 'si@@', 'e@@', 'g', 'im', 'Ma@@', 'i', 'seinen', 'j@@', 'ap@@', 'an@@', 'ischen', 'Am@@', 'ts@@', 'k@@', 'olle@@', 'gen', 'S@@', 'hin@@', 'z@@', 'o', 'A@@', 'be', 'in', 'T@@', 'ok@@', 'o', ',', 'um', 'wirtschaf@@', 'tliche', 'und', 'sicher@@', 'heits@@', 'politische', 'Be@@', 'zieh@@', 'ungen', 'zu', 'bes@@', 'pre@@', 'chen', '.']
2025-05-03 12:45:41,280 - DEBUG - joeynmt.training - 	Tokenized reference:  ['Indi@@', 'a', '&apos;s', 'new', 'pri@@', 'me', 'minist@@', 'er', ',', 'N@@', 'ar@@', 'end@@', 'ra', 'Mo@@', 'd@@', 'i', ',', 'is', 'me@@', 'eting', 'his', 'J@@', 'ap@@', 'an@@', 'ese', 'coun@@', 'ter@@', 'part', ',', 'S@@', 'hin@@', 'z@@', 'o', 'A@@', 'be', ',', 'in', 'T@@', 'ok@@', 'y@@', 'o', 'to', 'disc@@', 'uss', 'economic', 'and', 'security', 'ties', ',', 'on', 'his', 'first', 'major', 'fore@@', 'ign', 'visi@@', 't', 'since', 'w@@', 'inn@@', 'ing', 'Ma@@', 'y', '&apos;s', 'elec@@', 'tion', '.']
2025-05-03 12:45:41,280 - DEBUG - joeynmt.training - 	Tokenized hypothesis: ['the', 're@@', 'st', 'of', 'the', 're@@', 'la@@', 'x@@', 'ed', 'and', 'the', 're@@', 'la@@', 'x@@', 'ed', 'of', 'the', 're@@', 'la@@', 'x@@', 'ed', 'and', 'the', 're@@', 'la@@', 'x@@', 'ed', 'of', 'the', 're@@', 'la@@', 'x@@', 'ed', 'and', 'the', 're@@', 'st', 'of', 'the', 're@@', 'st', 'of', 'the', 're@@', 'st', 'of', 'the', 're@@', 'pres@@', 'ents', 'of', 'the', 're@@', 'lev@@', 'ant', 'of', 'the', 're@@', 'st', 'of', 'the', 're@@', 'la@@', 'x@@', 'ing', 'of', 'the', 're@@', 'la@@', 'x@@', 'ing', 'of', 'the', 're@@', 'la@@', 'x@@', 'ing', 'of', 'the', 're@@', 'la@@', 'x@@', 'ing', 'of', 'the', 'b@@', 'b@@', 'b@@', 'b@@', 'b@@', 'b@@', 'ility', 'of', 'the', 'C@@', 'or@@', 'or@@', 'or@@', 'or@@', 'or@@', 'or@@', 'or@@', 'or@@', 'e', 'of', 'the', 'b@@', 'ility', 'of', 'the', '.', '</s>']
2025-05-03 12:45:41,280 - INFO - joeynmt.training - 	Source:     Indiens neuer Premierminister Narendra Modi trifft bei seinem ersten wichtigen Auslandsbesuch seit seinem Wahlsieg im Mai seinen japanischen Amtskollegen Shinzo Abe in Toko , um wirtschaftliche und sicherheitspolitische Beziehungen zu besprechen .
2025-05-03 12:45:41,281 - INFO - joeynmt.training - 	Reference:  India &apos;s new prime minister , Narendra Modi , is meeting his Japanese counterpart , Shinzo Abe , in Tokyo to discuss economic and security ties , on his first major foreign visit since winning May &apos;s election .
2025-05-03 12:45:41,281 - INFO - joeynmt.training - 	Hypothesis: the rest of the relaxed and the relaxed of the relaxed and the relaxed of the relaxed and the rest of the rest of the rest of the represents of the relevant of the rest of the relaxing of the relaxing of the relaxing of the relaxing of the bbbbbbility of the Corororororororore of the bility of the .
2025-05-03 12:45:41,281 - INFO - joeynmt.training - Example #2
2025-05-03 12:45:41,281 - DEBUG - joeynmt.training - 	Tokenized source:     ['Herr', 'Mo@@', 'd@@', 'i', 'befindet', 'sich', 'auf', 'einer', 'fü@@', 'n@@', 'f@@', 'tä@@', 'gi@@', 'gen', 'Rei@@', 'se', 'nach', 'J@@', 'ap@@', 'an', ',', 'um', 'die', 'wirtschaf@@', 'tlichen', 'Be@@', 'zieh@@', 'ungen', 'mit', 'der', 'd@@', 'rit@@', 't@@', 'größ@@', 'ten', 'Wirtschafts@@', 'n@@', 'ation', 'der', 'Welt', 'zu', 'fes@@', 'tigen', '.']
2025-05-03 12:45:41,281 - DEBUG - joeynmt.training - 	Tokenized reference:  ['Mr', 'Mo@@', 'd@@', 'i', 'is', 'on', 'a', 'fi@@', 've', '@@@', '-@@', '@', 'day', 'tri@@', 'p', 'to', 'J@@', 'ap@@', 'an', 'to', 'streng@@', 'then', 'economic', 'ties', 'with', 'the', 'third', 'lar@@', 'ges@@', 't', 'econom@@', 'y', 'in', 'the', 'world', '.']
2025-05-03 12:45:41,281 - DEBUG - joeynmt.training - 	Tokenized hypothesis: ['I', 'would', 'like', 'to', 'be', 'a', 'number', 'of', 'the', 'Commission', ',', 'the', 'Commission', ',', 'but', 'it', 'is', 'a', 'very', 'important', 'to', 'the', 'European', 'Union', ',', 'but', 'it', 'is', 'a', 'very', 'important', 'to', 'the', 'European', 'Union', '.', '</s>']
2025-05-03 12:45:41,281 - INFO - joeynmt.training - 	Source:     Herr Modi befindet sich auf einer fünftägigen Reise nach Japan , um die wirtschaftlichen Beziehungen mit der drittgrößten Wirtschaftsnation der Welt zu festigen .
2025-05-03 12:45:41,281 - INFO - joeynmt.training - 	Reference:  Mr Modi is on a five @-@ day trip to Japan to strengthen economic ties with the third largest economy in the world .
2025-05-03 12:45:41,281 - INFO - joeynmt.training - 	Hypothesis: I would like to be a number of the Commission , the Commission , but it is a very important to the European Union , but it is a very important to the European Union .
2025-05-03 12:45:41,281 - INFO - joeynmt.training - Example #3
2025-05-03 12:45:41,281 - DEBUG - joeynmt.training - 	Tokenized source:     ['P@@', 'län@@', 'e', 'für', 'eine', 'stärk@@', 'ere', 'k@@', 'ern@@', 'techn@@', 'ische', 'Zusammenarbeit', 'stehen', 'ganz', 'ob@@', 'en', 'auf', 'der', 'Tag@@', 'es@@', 'ordnung', '.']
2025-05-03 12:45:41,281 - DEBUG - joeynmt.training - 	Tokenized reference:  ['high', 'on', 'the', 'agen@@', 'da', 'are', 'pl@@', 'ans', 'for', 'gre@@', 'ater', 'nu@@', 'clear', 'c@@', 'o', '@@@', '-@@', '@', 'operation', '.']
2025-05-03 12:45:41,281 - DEBUG - joeynmt.training - 	Tokenized hypothesis: ['the', 'European', 'Union', 'is', 'a', 'great', 'de@@', 'al', 'of', 'the', 'European', 'Union', '&apos;s', '&apos;s', '&apos;s', '&apos;s', '&apos;s', '&apos;s', '&apos;s', '&apos;s', '&apos;s', '&apos;s', '&apos;s', '&apos;s', '&apos;s', '&apos;s', 'pro@@', 'jects', '.', '</s>']
2025-05-03 12:45:41,282 - INFO - joeynmt.training - 	Source:     Pläne für eine stärkere kerntechnische Zusammenarbeit stehen ganz oben auf der Tagesordnung .
2025-05-03 12:45:41,282 - INFO - joeynmt.training - 	Reference:  high on the agenda are plans for greater nuclear co @-@ operation .
2025-05-03 12:45:41,282 - INFO - joeynmt.training - 	Hypothesis: the European Union is a great deal of the European Union &apos;s &apos;s &apos;s &apos;s &apos;s &apos;s &apos;s &apos;s &apos;s &apos;s &apos;s &apos;s &apos;s &apos;s projects .
2025-05-03 12:45:41,282 - INFO - joeynmt.training - Example #4
2025-05-03 12:45:41,282 - DEBUG - joeynmt.training - 	Tokenized source:     ['Berich@@', 'ten', 'zu@@', 'fol@@', 'ge', 'ho@@', 'fft', 'Indi@@', 'en', 'darüber', 'hinaus', 'auf', 'einen', 'Ver@@', 'trag', 'zur', 'Ver@@', 'tei@@', 'dig@@', 'ungs@@', 'zusammen@@', 'arbeit', 'zwischen', 'den', 'beiden', 'N@@', 'ationen', '.']
2025-05-03 12:45:41,282 - DEBUG - joeynmt.training - 	Tokenized reference:  ['Indi@@', 'a', 'is', 'also', 're@@', 'porte@@', 'dly', 'hop@@', 'ing', 'for', 'a', 'de@@', 'al', 'on', 'def@@', 'ence', 'c@@', 'oll@@', 'ab@@', 'or@@', 'ation', 'between', 'the', 'two', 'n@@', 'ations', '.']
2025-05-03 12:45:41,282 - DEBUG - joeynmt.training - 	Tokenized hypothesis: ['the', 'Commission', 'has', 'been', 'been', 'made', 'to', 'the', 'European', 'Union', 'and', 'the', 'European', 'Union', ',', 'the', 'European', 'Union', ',', 'the', 'European', 'Union', '.', '</s>']
2025-05-03 12:45:41,282 - INFO - joeynmt.training - 	Source:     Berichten zufolge hofft Indien darüber hinaus auf einen Vertrag zur Verteidigungszusammenarbeit zwischen den beiden Nationen .
2025-05-03 12:45:41,282 - INFO - joeynmt.training - 	Reference:  India is also reportedly hoping for a deal on defence collaboration between the two nations .
2025-05-03 12:45:41,282 - INFO - joeynmt.training - 	Hypothesis: the Commission has been been made to the European Union and the European Union , the European Union , the European Union .
2025-05-03 12:45:46,726 - INFO - joeynmt.training - Epoch   1, Step:     1600, Batch Loss:     3.025766, Batch Acc: 0.224770, Tokens per Sec:    16883, Lr: 0.000300
2025-05-03 12:45:52,154 - INFO - joeynmt.training - Epoch   1, Step:     1700, Batch Loss:     2.905432, Batch Acc: 0.229241, Tokens per Sec:    16766, Lr: 0.000300
2025-05-03 12:45:57,648 - INFO - joeynmt.training - Epoch   1, Step:     1800, Batch Loss:     2.940966, Batch Acc: 0.228975, Tokens per Sec:    16687, Lr: 0.000300
2025-05-03 12:46:03,133 - INFO - joeynmt.training - Epoch   1, Step:     1900, Batch Loss:     2.893955, Batch Acc: 0.236277, Tokens per Sec:    16765, Lr: 0.000300
2025-05-03 12:46:08,531 - INFO - joeynmt.training - Epoch   1, Step:     2000, Batch Loss:     2.819577, Batch Acc: 0.238911, Tokens per Sec:    16940, Lr: 0.000300
2025-05-03 12:46:08,532 - INFO - joeynmt.prediction - Predicting 500 example(s)... (Greedy decoding with min_output_length=1, max_output_length=-1, return_prob='none', generate_unk=True, repetition_penalty=-1, no_repeat_ngram_size=-1)
2025-05-03 12:46:17,890 - INFO - joeynmt.prediction - Evaluation result (greedy) loss:   3.20, ppl:  24.64, acc:   0.19, generation: 9.3483[sec], evaluation: 0.0000[sec]
2025-05-03 12:46:17,891 - INFO - joeynmt.training - Hooray! New best validation result [ppl]!
2025-05-03 12:46:17,974 - INFO - joeynmt.training - Example #0
2025-05-03 12:46:17,974 - DEBUG - joeynmt.training - 	Tokenized source:     ['die', 'Pre@@', 'mi@@', 'er@@', 'minist@@', 'er', 'Indi@@', 'ens', 'und', 'J@@', 'ap@@', 'ans', 'tra@@', 'fen', 'sich', 'in', 'T@@', 'ok@@', 'i@@', 'o', '.']
2025-05-03 12:46:17,974 - DEBUG - joeynmt.training - 	Tokenized reference:  ['Indi@@', 'a', 'and', 'J@@', 'ap@@', 'an', 'pri@@', 'me', 'minist@@', 'ers', 'me@@', 'et', 'in', 'T@@', 'ok@@', 'y@@', 'o']
2025-05-03 12:46:17,974 - DEBUG - joeynmt.training - 	Tokenized hypothesis: ['the', 'S@@', 'ec@@', 'u@@', 're@@', 'a', ',', 'the', 'C@@', 'a@@', 'a@@', 'th@@', 'y', 'and', 'the', 'C@@', 'i@@', 'an', 'and', 'the', 'C@@', 'i@@', 'an', '.', '</s>']
2025-05-03 12:46:17,974 - INFO - joeynmt.training - 	Source:     die Premierminister Indiens und Japans trafen sich in Tokio .
2025-05-03 12:46:17,974 - INFO - joeynmt.training - 	Reference:  India and Japan prime ministers meet in Tokyo
2025-05-03 12:46:17,974 - INFO - joeynmt.training - 	Hypothesis: the Securea , the Caathy and the Cian and the Cian .
2025-05-03 12:46:17,974 - INFO - joeynmt.training - Example #1
2025-05-03 12:46:17,974 - DEBUG - joeynmt.training - 	Tokenized source:     ['Indi@@', 'ens', 'neu@@', 'er', 'Pre@@', 'mi@@', 'er@@', 'minist@@', 'er', 'N@@', 'ar@@', 'end@@', 'ra', 'Mo@@', 'd@@', 'i', 'tri@@', 'fft', 'bei', 's@@', 'einem', 'ersten', 'wichti@@', 'gen', 'Aus@@', 'land@@', 's@@', 'bes@@', 'u@@', 'ch', 'seit', 's@@', 'einem', 'W@@', 'ah@@', 'l@@', 'si@@', 'e@@', 'g', 'im', 'Ma@@', 'i', 'seinen', 'j@@', 'ap@@', 'an@@', 'ischen', 'Am@@', 'ts@@', 'k@@', 'olle@@', 'gen', 'S@@', 'hin@@', 'z@@', 'o', 'A@@', 'be', 'in', 'T@@', 'ok@@', 'o', ',', 'um', 'wirtschaf@@', 'tliche', 'und', 'sicher@@', 'heits@@', 'politische', 'Be@@', 'zieh@@', 'ungen', 'zu', 'bes@@', 'pre@@', 'chen', '.']
2025-05-03 12:46:17,974 - DEBUG - joeynmt.training - 	Tokenized reference:  ['Indi@@', 'a', '&apos;s', 'new', 'pri@@', 'me', 'minist@@', 'er', ',', 'N@@', 'ar@@', 'end@@', 'ra', 'Mo@@', 'd@@', 'i', ',', 'is', 'me@@', 'eting', 'his', 'J@@', 'ap@@', 'an@@', 'ese', 'coun@@', 'ter@@', 'part', ',', 'S@@', 'hin@@', 'z@@', 'o', 'A@@', 'be', ',', 'in', 'T@@', 'ok@@', 'y@@', 'o', 'to', 'disc@@', 'uss', 'economic', 'and', 'security', 'ties', ',', 'on', 'his', 'first', 'major', 'fore@@', 'ign', 'visi@@', 't', 'since', 'w@@', 'inn@@', 'ing', 'Ma@@', 'y', '&apos;s', 'elec@@', 'tion', '.']
2025-05-03 12:46:17,975 - DEBUG - joeynmt.training - 	Tokenized hypothesis: ['the', 'C@@', 'C@@', 'C@@', 'C@@', 'C@@', 'C@@', 'C@@', 'C@@', 'C@@', 'C@@', 'C@@', 'C@@', 'C@@', 'C@@', 'C@@', 'C@@', 'C@@', 'C@@', 'C@@', 'C@@', 'C@@', 'C@@', 'C@@', 'C@@', 'C@@', 'C@@', 'C@@', 'C@@', 'C@@', 'C@@', 'C@@', 'C@@', 'C@@', 'C@@', 'C@@', 'C@@', 'C@@', 'C@@', 'C@@', 'C@@', 'C@@', 'C@@', 'C@@', 'C@@', 'C@@', 'C@@', 'C@@', 'C@@', 'C@@', 'C@@', 'C@@', 'C@@', 'C@@', 'C@@', 'C@@', 'C@@', 'C@@', 'C@@', 'C@@', 'C@@', 'C@@', 'C@@', 'C@@', 'C@@', 'C@@', 'C@@', 'C@@', 'C@@', 'C@@', 'C@@', 'C@@', 'C@@', 'C@@', 'C@@', 'C@@', 'C@@', 'C@@', 'C@@', 'C@@', 'C@@', 'C@@', 'C@@', 'C@@', 'C@@', 'C@@', 'C@@', 'C@@', 'C@@', 'C@@', 'C@@', 'C@@', 'C@@', 'C@@', 'C@@', 'C@@', 'C@@', 'C@@', 'C@@', 'C@@', 'C@@', 'C@@', 'C@@', 'C@@', 'C@@', 'C@@', 'C@@', 'C@@', 'C@@', 'C@@', 'C@@', 'a@@', 'a@@', 'a@@', 'a@@', 'a@@', 'a@@', 'a@@', 'a@@', 'a@@', 'a@@', 'a@@', 'a@@', 'a@@', 'a@@', 'a@@', 'a@@', 'a@@', 'a@@', 'i', ',', 'and', ',', 'and', ',', 'and', ',', '&apos;&apos;']
2025-05-03 12:46:17,975 - INFO - joeynmt.training - 	Source:     Indiens neuer Premierminister Narendra Modi trifft bei seinem ersten wichtigen Auslandsbesuch seit seinem Wahlsieg im Mai seinen japanischen Amtskollegen Shinzo Abe in Toko , um wirtschaftliche und sicherheitspolitische Beziehungen zu besprechen .
2025-05-03 12:46:17,975 - INFO - joeynmt.training - 	Reference:  India &apos;s new prime minister , Narendra Modi , is meeting his Japanese counterpart , Shinzo Abe , in Tokyo to discuss economic and security ties , on his first major foreign visit since winning May &apos;s election .
2025-05-03 12:46:17,975 - INFO - joeynmt.training - 	Hypothesis: the CCCCCCCCCCCCCCCCCCCCCCCCCCCCCCCCCCCCCCCCCCCCCCCCCCCCCCCCCCCCCCCCCCCCCCCCCCCCCCCCCCCCCCCCCCCCCCCCCCCCCCCCCCCCCCaaaaaaaaaaaaaaaaaai , and , and , and , &apos;&apos;
2025-05-03 12:46:17,975 - INFO - joeynmt.training - Example #2
2025-05-03 12:46:17,975 - DEBUG - joeynmt.training - 	Tokenized source:     ['Herr', 'Mo@@', 'd@@', 'i', 'befindet', 'sich', 'auf', 'einer', 'fü@@', 'n@@', 'f@@', 'tä@@', 'gi@@', 'gen', 'Rei@@', 'se', 'nach', 'J@@', 'ap@@', 'an', ',', 'um', 'die', 'wirtschaf@@', 'tlichen', 'Be@@', 'zieh@@', 'ungen', 'mit', 'der', 'd@@', 'rit@@', 't@@', 'größ@@', 'ten', 'Wirtschafts@@', 'n@@', 'ation', 'der', 'Welt', 'zu', 'fes@@', 'tigen', '.']
2025-05-03 12:46:17,975 - DEBUG - joeynmt.training - 	Tokenized reference:  ['Mr', 'Mo@@', 'd@@', 'i', 'is', 'on', 'a', 'fi@@', 've', '@@@', '-@@', '@', 'day', 'tri@@', 'p', 'to', 'J@@', 'ap@@', 'an', 'to', 'streng@@', 'then', 'economic', 'ties', 'with', 'the', 'third', 'lar@@', 'ges@@', 't', 'econom@@', 'y', 'in', 'the', 'world', '.']
2025-05-03 12:46:17,975 - DEBUG - joeynmt.training - 	Tokenized hypothesis: ['-LRB-', 'P@@', 'E', '-RRB-', ',', 'the', 'Commission', 'is', 'a', 'good', 'of', 'the', 'European', 'Union', ',', 'which', 'is', 'the', 'European', 'Union', ',', 'which', 'is', 'the', 'European', 'Union', ',', 'which', 'is', 'the', 'European', 'Union', ',', 'which', 'is', 'the', 'European', 'Union', '.', '</s>']
2025-05-03 12:46:17,975 - INFO - joeynmt.training - 	Source:     Herr Modi befindet sich auf einer fünftägigen Reise nach Japan , um die wirtschaftlichen Beziehungen mit der drittgrößten Wirtschaftsnation der Welt zu festigen .
2025-05-03 12:46:17,975 - INFO - joeynmt.training - 	Reference:  Mr Modi is on a five @-@ day trip to Japan to strengthen economic ties with the third largest economy in the world .
2025-05-03 12:46:17,975 - INFO - joeynmt.training - 	Hypothesis: -LRB- PE -RRB- , the Commission is a good of the European Union , which is the European Union , which is the European Union , which is the European Union , which is the European Union .
2025-05-03 12:46:17,975 - INFO - joeynmt.training - Example #3
2025-05-03 12:46:17,975 - DEBUG - joeynmt.training - 	Tokenized source:     ['P@@', 'län@@', 'e', 'für', 'eine', 'stärk@@', 'ere', 'k@@', 'ern@@', 'techn@@', 'ische', 'Zusammenarbeit', 'stehen', 'ganz', 'ob@@', 'en', 'auf', 'der', 'Tag@@', 'es@@', 'ordnung', '.']
2025-05-03 12:46:17,976 - DEBUG - joeynmt.training - 	Tokenized reference:  ['high', 'on', 'the', 'agen@@', 'da', 'are', 'pl@@', 'ans', 'for', 'gre@@', 'ater', 'nu@@', 'clear', 'c@@', 'o', '@@@', '-@@', '@', 'operation', '.']
2025-05-03 12:46:17,976 - DEBUG - joeynmt.training - 	Tokenized hypothesis: ['-LRB-', 'P@@', 'E', '-RRB-', 'is', 'the', 'European', 'Union', 'is', 'the', 'European', 'Union', 'is', 'the', 'European', 'Union', '.', '</s>']
2025-05-03 12:46:17,976 - INFO - joeynmt.training - 	Source:     Pläne für eine stärkere kerntechnische Zusammenarbeit stehen ganz oben auf der Tagesordnung .
2025-05-03 12:46:17,976 - INFO - joeynmt.training - 	Reference:  high on the agenda are plans for greater nuclear co @-@ operation .
2025-05-03 12:46:17,976 - INFO - joeynmt.training - 	Hypothesis: -LRB- PE -RRB- is the European Union is the European Union is the European Union .
2025-05-03 12:46:17,976 - INFO - joeynmt.training - Example #4
2025-05-03 12:46:17,976 - DEBUG - joeynmt.training - 	Tokenized source:     ['Berich@@', 'ten', 'zu@@', 'fol@@', 'ge', 'ho@@', 'fft', 'Indi@@', 'en', 'darüber', 'hinaus', 'auf', 'einen', 'Ver@@', 'trag', 'zur', 'Ver@@', 'tei@@', 'dig@@', 'ungs@@', 'zusammen@@', 'arbeit', 'zwischen', 'den', 'beiden', 'N@@', 'ationen', '.']
2025-05-03 12:46:17,976 - DEBUG - joeynmt.training - 	Tokenized reference:  ['Indi@@', 'a', 'is', 'also', 're@@', 'porte@@', 'dly', 'hop@@', 'ing', 'for', 'a', 'de@@', 'al', 'on', 'def@@', 'ence', 'c@@', 'oll@@', 'ab@@', 'or@@', 'ation', 'between', 'the', 'two', 'n@@', 'ations', '.']
2025-05-03 12:46:17,976 - DEBUG - joeynmt.training - 	Tokenized hypothesis: ['the', 'first', 'of', 'the', 'European', 'Union', 'is', 'the', 'European', 'Union', 'to', 'be', 'able', 'to', 'be', 'able', 'to', 'be', 'able', 'to', 'be', 'able', 'to', 'be', 'a', 'new', 'new', '.', '</s>']
2025-05-03 12:46:17,976 - INFO - joeynmt.training - 	Source:     Berichten zufolge hofft Indien darüber hinaus auf einen Vertrag zur Verteidigungszusammenarbeit zwischen den beiden Nationen .
2025-05-03 12:46:17,976 - INFO - joeynmt.training - 	Reference:  India is also reportedly hoping for a deal on defence collaboration between the two nations .
2025-05-03 12:46:17,976 - INFO - joeynmt.training - 	Hypothesis: the first of the European Union is the European Union to be able to be able to be able to be able to be a new new .
2025-05-03 12:46:23,502 - INFO - joeynmt.training - Epoch   1, Step:     2100, Batch Loss:     2.787475, Batch Acc: 0.243556, Tokens per Sec:    16396, Lr: 0.000300
2025-05-03 12:46:28,957 - INFO - joeynmt.training - Epoch   1, Step:     2200, Batch Loss:     2.816437, Batch Acc: 0.243389, Tokens per Sec:    16752, Lr: 0.000300
2025-05-03 12:46:34,428 - INFO - joeynmt.training - Epoch   1, Step:     2300, Batch Loss:     3.005512, Batch Acc: 0.247518, Tokens per Sec:    16677, Lr: 0.000300
2025-05-03 12:46:39,762 - INFO - joeynmt.training - Epoch   1, Step:     2400, Batch Loss:     2.880822, Batch Acc: 0.254253, Tokens per Sec:    16828, Lr: 0.000300
2025-05-03 12:46:45,292 - INFO - joeynmt.training - Epoch   1, Step:     2500, Batch Loss:     2.863863, Batch Acc: 0.255403, Tokens per Sec:    16285, Lr: 0.000300
2025-05-03 12:46:45,292 - INFO - joeynmt.prediction - Predicting 500 example(s)... (Greedy decoding with min_output_length=1, max_output_length=-1, return_prob='none', generate_unk=True, repetition_penalty=-1, no_repeat_ngram_size=-1)
2025-05-03 12:46:53,497 - INFO - joeynmt.prediction - Evaluation result (greedy) loss:   3.14, ppl:  23.16, acc:   0.20, generation: 8.1962[sec], evaluation: 0.0000[sec]
2025-05-03 12:46:53,498 - INFO - joeynmt.training - Hooray! New best validation result [ppl]!
2025-05-03 12:46:53,577 - INFO - joeynmt.training - Example #0
2025-05-03 12:46:53,577 - DEBUG - joeynmt.training - 	Tokenized source:     ['die', 'Pre@@', 'mi@@', 'er@@', 'minist@@', 'er', 'Indi@@', 'ens', 'und', 'J@@', 'ap@@', 'ans', 'tra@@', 'fen', 'sich', 'in', 'T@@', 'ok@@', 'i@@', 'o', '.']
2025-05-03 12:46:53,578 - DEBUG - joeynmt.training - 	Tokenized reference:  ['Indi@@', 'a', 'and', 'J@@', 'ap@@', 'an', 'pri@@', 'me', 'minist@@', 'ers', 'me@@', 'et', 'in', 'T@@', 'ok@@', 'y@@', 'o']
2025-05-03 12:46:53,578 - DEBUG - joeynmt.training - 	Tokenized hypothesis: ['the', 'C@@', 'ol@@', 'a', 'is', 'a', 're@@', 'staurant', 'and', 'the', 'most', 'of', 'the', 'C@@', 'ro@@', 'und', '.', '</s>']
2025-05-03 12:46:53,578 - INFO - joeynmt.training - 	Source:     die Premierminister Indiens und Japans trafen sich in Tokio .
2025-05-03 12:46:53,578 - INFO - joeynmt.training - 	Reference:  India and Japan prime ministers meet in Tokyo
2025-05-03 12:46:53,578 - INFO - joeynmt.training - 	Hypothesis: the Cola is a restaurant and the most of the Cround .
2025-05-03 12:46:53,578 - INFO - joeynmt.training - Example #1
2025-05-03 12:46:53,578 - DEBUG - joeynmt.training - 	Tokenized source:     ['Indi@@', 'ens', 'neu@@', 'er', 'Pre@@', 'mi@@', 'er@@', 'minist@@', 'er', 'N@@', 'ar@@', 'end@@', 'ra', 'Mo@@', 'd@@', 'i', 'tri@@', 'fft', 'bei', 's@@', 'einem', 'ersten', 'wichti@@', 'gen', 'Aus@@', 'land@@', 's@@', 'bes@@', 'u@@', 'ch', 'seit', 's@@', 'einem', 'W@@', 'ah@@', 'l@@', 'si@@', 'e@@', 'g', 'im', 'Ma@@', 'i', 'seinen', 'j@@', 'ap@@', 'an@@', 'ischen', 'Am@@', 'ts@@', 'k@@', 'olle@@', 'gen', 'S@@', 'hin@@', 'z@@', 'o', 'A@@', 'be', 'in', 'T@@', 'ok@@', 'o', ',', 'um', 'wirtschaf@@', 'tliche', 'und', 'sicher@@', 'heits@@', 'politische', 'Be@@', 'zieh@@', 'ungen', 'zu', 'bes@@', 'pre@@', 'chen', '.']
2025-05-03 12:46:53,578 - DEBUG - joeynmt.training - 	Tokenized reference:  ['Indi@@', 'a', '&apos;s', 'new', 'pri@@', 'me', 'minist@@', 'er', ',', 'N@@', 'ar@@', 'end@@', 'ra', 'Mo@@', 'd@@', 'i', ',', 'is', 'me@@', 'eting', 'his', 'J@@', 'ap@@', 'an@@', 'ese', 'coun@@', 'ter@@', 'part', ',', 'S@@', 'hin@@', 'z@@', 'o', 'A@@', 'be', ',', 'in', 'T@@', 'ok@@', 'y@@', 'o', 'to', 'disc@@', 'uss', 'economic', 'and', 'security', 'ties', ',', 'on', 'his', 'first', 'major', 'fore@@', 'ign', 'visi@@', 't', 'since', 'w@@', 'inn@@', 'ing', 'Ma@@', 'y', '&apos;s', 'elec@@', 'tion', '.']
2025-05-03 12:46:53,578 - DEBUG - joeynmt.training - 	Tokenized hypothesis: ['the', 'most', 'of', 'the', 'b@@', 'on@@', 'g@@', 'ly', 'of', 'the', 'C@@', 'or@@', 'd', 'is', 'a', 'b@@', 'ack@@', 'no@@', 'wle@@', 'dge', 'of', 'the', 'C@@', 'or@@', 'e', 'of', 'the', 'C@@', 'or@@', 'm@@', 'ous', ',', 'the', 'C@@', 'or@@', 'e', 'of', 'the', 'C@@', 'or@@', 'e', 'of', 'the', 'C@@', 'or@@', 'd', ',', 'the', 'C@@', 'or@@', 'd', 'of', 'the', 'C@@', 'or@@', 't@@', 'a', '.', '</s>']
2025-05-03 12:46:53,578 - INFO - joeynmt.training - 	Source:     Indiens neuer Premierminister Narendra Modi trifft bei seinem ersten wichtigen Auslandsbesuch seit seinem Wahlsieg im Mai seinen japanischen Amtskollegen Shinzo Abe in Toko , um wirtschaftliche und sicherheitspolitische Beziehungen zu besprechen .
2025-05-03 12:46:53,578 - INFO - joeynmt.training - 	Reference:  India &apos;s new prime minister , Narendra Modi , is meeting his Japanese counterpart , Shinzo Abe , in Tokyo to discuss economic and security ties , on his first major foreign visit since winning May &apos;s election .
2025-05-03 12:46:53,578 - INFO - joeynmt.training - 	Hypothesis: the most of the bongly of the Cord is a backnowledge of the Core of the Cormous , the Core of the Core of the Cord , the Cord of the Corta .
2025-05-03 12:46:53,579 - INFO - joeynmt.training - Example #2
2025-05-03 12:46:53,579 - DEBUG - joeynmt.training - 	Tokenized source:     ['Herr', 'Mo@@', 'd@@', 'i', 'befindet', 'sich', 'auf', 'einer', 'fü@@', 'n@@', 'f@@', 'tä@@', 'gi@@', 'gen', 'Rei@@', 'se', 'nach', 'J@@', 'ap@@', 'an', ',', 'um', 'die', 'wirtschaf@@', 'tlichen', 'Be@@', 'zieh@@', 'ungen', 'mit', 'der', 'd@@', 'rit@@', 't@@', 'größ@@', 'ten', 'Wirtschafts@@', 'n@@', 'ation', 'der', 'Welt', 'zu', 'fes@@', 'tigen', '.']
2025-05-03 12:46:53,579 - DEBUG - joeynmt.training - 	Tokenized reference:  ['Mr', 'Mo@@', 'd@@', 'i', 'is', 'on', 'a', 'fi@@', 've', '@@@', '-@@', '@', 'day', 'tri@@', 'p', 'to', 'J@@', 'ap@@', 'an', 'to', 'streng@@', 'then', 'economic', 'ties', 'with', 'the', 'third', 'lar@@', 'ges@@', 't', 'econom@@', 'y', 'in', 'the', 'world', '.']
2025-05-03 12:46:53,579 - DEBUG - joeynmt.training - 	Tokenized hypothesis: ['Mr', 'President', ',', 'the', 'S@@', 'ep@@', 'tem@@', 'ber', ',', 'the', 'most', 'of', 'the', 'European', 'Union', ',', 'the', 'most', 'important', 'of', 'the', 'European', 'Union', ',', 'the', 'European', 'Union', ',', 'the', 'most', 'important', 'of', 'the', 'European', 'Union', ',', 'the', 'most', 'important', 'of', 'the', 'European', 'Union', '.', '</s>']
2025-05-03 12:46:53,579 - INFO - joeynmt.training - 	Source:     Herr Modi befindet sich auf einer fünftägigen Reise nach Japan , um die wirtschaftlichen Beziehungen mit der drittgrößten Wirtschaftsnation der Welt zu festigen .
2025-05-03 12:46:53,579 - INFO - joeynmt.training - 	Reference:  Mr Modi is on a five @-@ day trip to Japan to strengthen economic ties with the third largest economy in the world .
2025-05-03 12:46:53,579 - INFO - joeynmt.training - 	Hypothesis: Mr President , the September , the most of the European Union , the most important of the European Union , the European Union , the most important of the European Union , the most important of the European Union .
2025-05-03 12:46:53,579 - INFO - joeynmt.training - Example #3
2025-05-03 12:46:53,579 - DEBUG - joeynmt.training - 	Tokenized source:     ['P@@', 'län@@', 'e', 'für', 'eine', 'stärk@@', 'ere', 'k@@', 'ern@@', 'techn@@', 'ische', 'Zusammenarbeit', 'stehen', 'ganz', 'ob@@', 'en', 'auf', 'der', 'Tag@@', 'es@@', 'ordnung', '.']
2025-05-03 12:46:53,579 - DEBUG - joeynmt.training - 	Tokenized reference:  ['high', 'on', 'the', 'agen@@', 'da', 'are', 'pl@@', 'ans', 'for', 'gre@@', 'ater', 'nu@@', 'clear', 'c@@', 'o', '@@@', '-@@', '@', 'operation', '.']
2025-05-03 12:46:53,579 - DEBUG - joeynmt.training - 	Tokenized hypothesis: ['the', 'most', 'important', 'important', 'important', 'important', 'to', 'the', 'European', 'Union', '.', '</s>']
2025-05-03 12:46:53,579 - INFO - joeynmt.training - 	Source:     Pläne für eine stärkere kerntechnische Zusammenarbeit stehen ganz oben auf der Tagesordnung .
2025-05-03 12:46:53,579 - INFO - joeynmt.training - 	Reference:  high on the agenda are plans for greater nuclear co @-@ operation .
2025-05-03 12:46:53,579 - INFO - joeynmt.training - 	Hypothesis: the most important important important important to the European Union .
2025-05-03 12:46:53,579 - INFO - joeynmt.training - Example #4
2025-05-03 12:46:53,579 - DEBUG - joeynmt.training - 	Tokenized source:     ['Berich@@', 'ten', 'zu@@', 'fol@@', 'ge', 'ho@@', 'fft', 'Indi@@', 'en', 'darüber', 'hinaus', 'auf', 'einen', 'Ver@@', 'trag', 'zur', 'Ver@@', 'tei@@', 'dig@@', 'ungs@@', 'zusammen@@', 'arbeit', 'zwischen', 'den', 'beiden', 'N@@', 'ationen', '.']
2025-05-03 12:46:53,579 - DEBUG - joeynmt.training - 	Tokenized reference:  ['Indi@@', 'a', 'is', 'also', 're@@', 'porte@@', 'dly', 'hop@@', 'ing', 'for', 'a', 'de@@', 'al', 'on', 'def@@', 'ence', 'c@@', 'oll@@', 'ab@@', 'or@@', 'ation', 'between', 'the', 'two', 'n@@', 'ations', '.']
2025-05-03 12:46:53,579 - DEBUG - joeynmt.training - 	Tokenized hypothesis: ['the', 'most', 'important', 'important', 'important', 'important', 'to', 'the', 'European', 'Union', '&apos;s', 'proposal', 'to', 'the', 'European', 'Union', '.', '</s>']
2025-05-03 12:46:53,579 - INFO - joeynmt.training - 	Source:     Berichten zufolge hofft Indien darüber hinaus auf einen Vertrag zur Verteidigungszusammenarbeit zwischen den beiden Nationen .
2025-05-03 12:46:53,579 - INFO - joeynmt.training - 	Reference:  India is also reportedly hoping for a deal on defence collaboration between the two nations .
2025-05-03 12:46:53,580 - INFO - joeynmt.training - 	Hypothesis: the most important important important important to the European Union &apos;s proposal to the European Union .
2025-05-03 12:46:58,988 - INFO - joeynmt.training - Epoch   1, Step:     2600, Batch Loss:     2.724889, Batch Acc: 0.261232, Tokens per Sec:    16834, Lr: 0.000300
2025-05-03 12:47:04,400 - INFO - joeynmt.training - Epoch   1, Step:     2700, Batch Loss:     2.779825, Batch Acc: 0.260900, Tokens per Sec:    17074, Lr: 0.000300
2025-05-03 12:47:09,791 - INFO - joeynmt.training - Epoch   1, Step:     2800, Batch Loss:     2.793694, Batch Acc: 0.261977, Tokens per Sec:    17060, Lr: 0.000300
2025-05-03 12:47:15,201 - INFO - joeynmt.training - Epoch   1, Step:     2900, Batch Loss:     2.771946, Batch Acc: 0.268503, Tokens per Sec:    16879, Lr: 0.000300
2025-05-03 12:47:20,812 - INFO - joeynmt.training - Epoch   1, Step:     3000, Batch Loss:     2.662893, Batch Acc: 0.268997, Tokens per Sec:    16426, Lr: 0.000300
2025-05-03 12:47:20,812 - INFO - joeynmt.prediction - Predicting 500 example(s)... (Greedy decoding with min_output_length=1, max_output_length=-1, return_prob='none', generate_unk=True, repetition_penalty=-1, no_repeat_ngram_size=-1)
2025-05-03 12:47:28,797 - INFO - joeynmt.prediction - Evaluation result (greedy) loss:   3.09, ppl:  21.96, acc:   0.21, generation: 7.9781[sec], evaluation: 0.0000[sec]
2025-05-03 12:47:28,798 - INFO - joeynmt.training - Hooray! New best validation result [ppl]!
2025-05-03 12:47:28,884 - INFO - joeynmt.helpers - delete models/deen_transformer_post/500.ckpt
2025-05-03 12:47:28,889 - INFO - joeynmt.training - Example #0
2025-05-03 12:47:28,891 - DEBUG - joeynmt.training - 	Tokenized source:     ['die', 'Pre@@', 'mi@@', 'er@@', 'minist@@', 'er', 'Indi@@', 'ens', 'und', 'J@@', 'ap@@', 'ans', 'tra@@', 'fen', 'sich', 'in', 'T@@', 'ok@@', 'i@@', 'o', '.']
2025-05-03 12:47:28,891 - DEBUG - joeynmt.training - 	Tokenized reference:  ['Indi@@', 'a', 'and', 'J@@', 'ap@@', 'an', 'pri@@', 'me', 'minist@@', 'ers', 'me@@', 'et', 'in', 'T@@', 'ok@@', 'y@@', 'o']
2025-05-03 12:47:28,891 - DEBUG - joeynmt.training - 	Tokenized hypothesis: ['the', 'most', 'of', 'the', 'world', 'and', 'the', 'e@@', 'as@@', 'y', 'of', 'the', 'world', 'and', 'the', 'hotel', '.', '</s>']
2025-05-03 12:47:28,891 - INFO - joeynmt.training - 	Source:     die Premierminister Indiens und Japans trafen sich in Tokio .
2025-05-03 12:47:28,891 - INFO - joeynmt.training - 	Reference:  India and Japan prime ministers meet in Tokyo
2025-05-03 12:47:28,891 - INFO - joeynmt.training - 	Hypothesis: the most of the world and the easy of the world and the hotel .
2025-05-03 12:47:28,891 - INFO - joeynmt.training - Example #1
2025-05-03 12:47:28,891 - DEBUG - joeynmt.training - 	Tokenized source:     ['Indi@@', 'ens', 'neu@@', 'er', 'Pre@@', 'mi@@', 'er@@', 'minist@@', 'er', 'N@@', 'ar@@', 'end@@', 'ra', 'Mo@@', 'd@@', 'i', 'tri@@', 'fft', 'bei', 's@@', 'einem', 'ersten', 'wichti@@', 'gen', 'Aus@@', 'land@@', 's@@', 'bes@@', 'u@@', 'ch', 'seit', 's@@', 'einem', 'W@@', 'ah@@', 'l@@', 'si@@', 'e@@', 'g', 'im', 'Ma@@', 'i', 'seinen', 'j@@', 'ap@@', 'an@@', 'ischen', 'Am@@', 'ts@@', 'k@@', 'olle@@', 'gen', 'S@@', 'hin@@', 'z@@', 'o', 'A@@', 'be', 'in', 'T@@', 'ok@@', 'o', ',', 'um', 'wirtschaf@@', 'tliche', 'und', 'sicher@@', 'heits@@', 'politische', 'Be@@', 'zieh@@', 'ungen', 'zu', 'bes@@', 'pre@@', 'chen', '.']
2025-05-03 12:47:28,891 - DEBUG - joeynmt.training - 	Tokenized reference:  ['Indi@@', 'a', '&apos;s', 'new', 'pri@@', 'me', 'minist@@', 'er', ',', 'N@@', 'ar@@', 'end@@', 'ra', 'Mo@@', 'd@@', 'i', ',', 'is', 'me@@', 'eting', 'his', 'J@@', 'ap@@', 'an@@', 'ese', 'coun@@', 'ter@@', 'part', ',', 'S@@', 'hin@@', 'z@@', 'o', 'A@@', 'be', ',', 'in', 'T@@', 'ok@@', 'y@@', 'o', 'to', 'disc@@', 'uss', 'economic', 'and', 'security', 'ties', ',', 'on', 'his', 'first', 'major', 'fore@@', 'ign', 'visi@@', 't', 'since', 'w@@', 'inn@@', 'ing', 'Ma@@', 'y', '&apos;s', 'elec@@', 'tion', '.']
2025-05-03 12:47:28,892 - DEBUG - joeynmt.training - 	Tokenized hypothesis: ['the', 'most', 'of', 'the', 'world', '&apos;s', 're@@', 'staurant', ',', 'the', 'most', 'of', 'the', 'c@@', 'ases', 'of', 'the', 'p@@', 'ast', ',', 'the', 'most', 'of', 'the', 'p@@', 'ast', ',', 'the', 'most', 'of', 'the', 'p@@', 'ast', ',', 'the', 're@@', 'staurant', ',', 'the', 'most', 'of', 'the', 'world', ',', 'the', 're@@', 'staurant', ',', 'the', 'most', 'of', 'the', 'world', ',', 'the', 'most', 'of', 'the', 're@@', 'st', 'of', 'the', 're@@', 'staurant', ',', 'the', 're@@', 'staurant', ',', 'the', 'most', 'of', 'the', 'world', '&apos;s', 's@@', 'our@@', 'ce', 'of', 'the', 're@@', 'staurant', 'of', 'the', 'world', '&apos;s', 's@@', 'et@@', 'ting', 'of', 'the', 'world', '.', '</s>']
2025-05-03 12:47:28,892 - INFO - joeynmt.training - 	Source:     Indiens neuer Premierminister Narendra Modi trifft bei seinem ersten wichtigen Auslandsbesuch seit seinem Wahlsieg im Mai seinen japanischen Amtskollegen Shinzo Abe in Toko , um wirtschaftliche und sicherheitspolitische Beziehungen zu besprechen .
2025-05-03 12:47:28,892 - INFO - joeynmt.training - 	Reference:  India &apos;s new prime minister , Narendra Modi , is meeting his Japanese counterpart , Shinzo Abe , in Tokyo to discuss economic and security ties , on his first major foreign visit since winning May &apos;s election .
2025-05-03 12:47:28,892 - INFO - joeynmt.training - 	Hypothesis: the most of the world &apos;s restaurant , the most of the cases of the past , the most of the past , the most of the past , the restaurant , the most of the world , the restaurant , the most of the world , the most of the rest of the restaurant , the restaurant , the most of the world &apos;s source of the restaurant of the world &apos;s setting of the world .
2025-05-03 12:47:28,892 - INFO - joeynmt.training - Example #2
2025-05-03 12:47:28,892 - DEBUG - joeynmt.training - 	Tokenized source:     ['Herr', 'Mo@@', 'd@@', 'i', 'befindet', 'sich', 'auf', 'einer', 'fü@@', 'n@@', 'f@@', 'tä@@', 'gi@@', 'gen', 'Rei@@', 'se', 'nach', 'J@@', 'ap@@', 'an', ',', 'um', 'die', 'wirtschaf@@', 'tlichen', 'Be@@', 'zieh@@', 'ungen', 'mit', 'der', 'd@@', 'rit@@', 't@@', 'größ@@', 'ten', 'Wirtschafts@@', 'n@@', 'ation', 'der', 'Welt', 'zu', 'fes@@', 'tigen', '.']
2025-05-03 12:47:28,892 - DEBUG - joeynmt.training - 	Tokenized reference:  ['Mr', 'Mo@@', 'd@@', 'i', 'is', 'on', 'a', 'fi@@', 've', '@@@', '-@@', '@', 'day', 'tri@@', 'p', 'to', 'J@@', 'ap@@', 'an', 'to', 'streng@@', 'then', 'economic', 'ties', 'with', 'the', 'third', 'lar@@', 'ges@@', 't', 'econom@@', 'y', 'in', 'the', 'world', '.']
2025-05-03 12:47:28,892 - DEBUG - joeynmt.training - 	Tokenized hypothesis: ['Mr', 'President', ',', 'the', 'first', 'of', 'the', 'C@@', 'or@@', 'e', 'of', 'the', 'world', '&apos;s', '&apos;s', 're@@', 'staurant', ',', 'the', 'most', 'of', 'the', 'world', '&apos;s', 're@@', 'staurant', ',', 'the', 'most', 'of', 'the', 'European', 'Union', ',', 'the', 'most', 'of', 'the', 'European', 'Union', '.', '</s>']
2025-05-03 12:47:28,892 - INFO - joeynmt.training - 	Source:     Herr Modi befindet sich auf einer fünftägigen Reise nach Japan , um die wirtschaftlichen Beziehungen mit der drittgrößten Wirtschaftsnation der Welt zu festigen .
2025-05-03 12:47:28,893 - INFO - joeynmt.training - 	Reference:  Mr Modi is on a five @-@ day trip to Japan to strengthen economic ties with the third largest economy in the world .
2025-05-03 12:47:28,893 - INFO - joeynmt.training - 	Hypothesis: Mr President , the first of the Core of the world &apos;s &apos;s restaurant , the most of the world &apos;s restaurant , the most of the European Union , the most of the European Union .
2025-05-03 12:47:28,893 - INFO - joeynmt.training - Example #3
2025-05-03 12:47:28,893 - DEBUG - joeynmt.training - 	Tokenized source:     ['P@@', 'län@@', 'e', 'für', 'eine', 'stärk@@', 'ere', 'k@@', 'ern@@', 'techn@@', 'ische', 'Zusammenarbeit', 'stehen', 'ganz', 'ob@@', 'en', 'auf', 'der', 'Tag@@', 'es@@', 'ordnung', '.']
2025-05-03 12:47:28,893 - DEBUG - joeynmt.training - 	Tokenized reference:  ['high', 'on', 'the', 'agen@@', 'da', 'are', 'pl@@', 'ans', 'for', 'gre@@', 'ater', 'nu@@', 'clear', 'c@@', 'o', '@@@', '-@@', '@', 'operation', '.']
2025-05-03 12:47:28,893 - DEBUG - joeynmt.training - 	Tokenized hypothesis: ['the', 'most', 'of', 'the', 'world', '&apos;s', 'pro@@', 'gress', 'is', 'the', 'most', 'important', 'of', 'the', 'world', '.', '</s>']
2025-05-03 12:47:28,893 - INFO - joeynmt.training - 	Source:     Pläne für eine stärkere kerntechnische Zusammenarbeit stehen ganz oben auf der Tagesordnung .
2025-05-03 12:47:28,893 - INFO - joeynmt.training - 	Reference:  high on the agenda are plans for greater nuclear co @-@ operation .
2025-05-03 12:47:28,893 - INFO - joeynmt.training - 	Hypothesis: the most of the world &apos;s progress is the most important of the world .
2025-05-03 12:47:28,893 - INFO - joeynmt.training - Example #4
2025-05-03 12:47:28,893 - DEBUG - joeynmt.training - 	Tokenized source:     ['Berich@@', 'ten', 'zu@@', 'fol@@', 'ge', 'ho@@', 'fft', 'Indi@@', 'en', 'darüber', 'hinaus', 'auf', 'einen', 'Ver@@', 'trag', 'zur', 'Ver@@', 'tei@@', 'dig@@', 'ungs@@', 'zusammen@@', 'arbeit', 'zwischen', 'den', 'beiden', 'N@@', 'ationen', '.']
2025-05-03 12:47:28,893 - DEBUG - joeynmt.training - 	Tokenized reference:  ['Indi@@', 'a', 'is', 'also', 're@@', 'porte@@', 'dly', 'hop@@', 'ing', 'for', 'a', 'de@@', 'al', 'on', 'def@@', 'ence', 'c@@', 'oll@@', 'ab@@', 'or@@', 'ation', 'between', 'the', 'two', 'n@@', 'ations', '.']
2025-05-03 12:47:28,894 - DEBUG - joeynmt.training - 	Tokenized hypothesis: ['the', 'con@@', 'text', 'of', 'the', 'EU', '&apos;s', 'pro@@', 'gress', 'is', 'a', 'very', 'important', 'of', 'the', 'EU', '&apos;s', 'pro@@', 'gress', 'in', 'the', 'EU', '.', '</s>']
2025-05-03 12:47:28,894 - INFO - joeynmt.training - 	Source:     Berichten zufolge hofft Indien darüber hinaus auf einen Vertrag zur Verteidigungszusammenarbeit zwischen den beiden Nationen .
2025-05-03 12:47:28,894 - INFO - joeynmt.training - 	Reference:  India is also reportedly hoping for a deal on defence collaboration between the two nations .
2025-05-03 12:47:28,894 - INFO - joeynmt.training - 	Hypothesis: the context of the EU &apos;s progress is a very important of the EU &apos;s progress in the EU .
2025-05-03 12:47:34,220 - INFO - joeynmt.training - Epoch   1, Step:     3100, Batch Loss:     2.703442, Batch Acc: 0.273754, Tokens per Sec:    17141, Lr: 0.000300
2025-05-03 12:47:39,640 - INFO - joeynmt.training - Epoch   1, Step:     3200, Batch Loss:     2.603218, Batch Acc: 0.277672, Tokens per Sec:    16801, Lr: 0.000300
2025-05-03 12:47:45,088 - INFO - joeynmt.training - Epoch   1, Step:     3300, Batch Loss:     2.704236, Batch Acc: 0.280050, Tokens per Sec:    16750, Lr: 0.000300
2025-05-03 12:47:50,552 - INFO - joeynmt.training - Epoch   1, Step:     3400, Batch Loss:     2.553634, Batch Acc: 0.284907, Tokens per Sec:    17009, Lr: 0.000300
2025-05-03 12:47:55,989 - INFO - joeynmt.training - Epoch   1, Step:     3500, Batch Loss:     2.555822, Batch Acc: 0.279580, Tokens per Sec:    16867, Lr: 0.000300
2025-05-03 12:47:55,990 - INFO - joeynmt.prediction - Predicting 500 example(s)... (Greedy decoding with min_output_length=1, max_output_length=-1, return_prob='none', generate_unk=True, repetition_penalty=-1, no_repeat_ngram_size=-1)
2025-05-03 12:48:02,565 - INFO - joeynmt.prediction - Evaluation result (greedy) loss:   3.05, ppl:  21.10, acc:   0.22, generation: 6.5666[sec], evaluation: 0.0000[sec]
2025-05-03 12:48:02,566 - INFO - joeynmt.training - Hooray! New best validation result [ppl]!
2025-05-03 12:48:02,663 - INFO - joeynmt.helpers - delete models/deen_transformer_post/1000.ckpt
2025-05-03 12:48:02,670 - INFO - joeynmt.training - Example #0
2025-05-03 12:48:02,670 - DEBUG - joeynmt.training - 	Tokenized source:     ['die', 'Pre@@', 'mi@@', 'er@@', 'minist@@', 'er', 'Indi@@', 'ens', 'und', 'J@@', 'ap@@', 'ans', 'tra@@', 'fen', 'sich', 'in', 'T@@', 'ok@@', 'i@@', 'o', '.']
2025-05-03 12:48:02,670 - DEBUG - joeynmt.training - 	Tokenized reference:  ['Indi@@', 'a', 'and', 'J@@', 'ap@@', 'an', 'pri@@', 'me', 'minist@@', 'ers', 'me@@', 'et', 'in', 'T@@', 'ok@@', 'y@@', 'o']
2025-05-03 12:48:02,670 - DEBUG - joeynmt.training - 	Tokenized hypothesis: ['the', 'C@@', 'hr@@', 'is@@', 'ti@@', 'an', 'and', 'the', 'C@@', 'as@@', 'in@@', 'o', '.', '</s>']
2025-05-03 12:48:02,670 - INFO - joeynmt.training - 	Source:     die Premierminister Indiens und Japans trafen sich in Tokio .
2025-05-03 12:48:02,671 - INFO - joeynmt.training - 	Reference:  India and Japan prime ministers meet in Tokyo
2025-05-03 12:48:02,671 - INFO - joeynmt.training - 	Hypothesis: the Christian and the Casino .
2025-05-03 12:48:02,671 - INFO - joeynmt.training - Example #1
2025-05-03 12:48:02,671 - DEBUG - joeynmt.training - 	Tokenized source:     ['Indi@@', 'ens', 'neu@@', 'er', 'Pre@@', 'mi@@', 'er@@', 'minist@@', 'er', 'N@@', 'ar@@', 'end@@', 'ra', 'Mo@@', 'd@@', 'i', 'tri@@', 'fft', 'bei', 's@@', 'einem', 'ersten', 'wichti@@', 'gen', 'Aus@@', 'land@@', 's@@', 'bes@@', 'u@@', 'ch', 'seit', 's@@', 'einem', 'W@@', 'ah@@', 'l@@', 'si@@', 'e@@', 'g', 'im', 'Ma@@', 'i', 'seinen', 'j@@', 'ap@@', 'an@@', 'ischen', 'Am@@', 'ts@@', 'k@@', 'olle@@', 'gen', 'S@@', 'hin@@', 'z@@', 'o', 'A@@', 'be', 'in', 'T@@', 'ok@@', 'o', ',', 'um', 'wirtschaf@@', 'tliche', 'und', 'sicher@@', 'heits@@', 'politische', 'Be@@', 'zieh@@', 'ungen', 'zu', 'bes@@', 'pre@@', 'chen', '.']
2025-05-03 12:48:02,671 - DEBUG - joeynmt.training - 	Tokenized reference:  ['Indi@@', 'a', '&apos;s', 'new', 'pri@@', 'me', 'minist@@', 'er', ',', 'N@@', 'ar@@', 'end@@', 'ra', 'Mo@@', 'd@@', 'i', ',', 'is', 'me@@', 'eting', 'his', 'J@@', 'ap@@', 'an@@', 'ese', 'coun@@', 'ter@@', 'part', ',', 'S@@', 'hin@@', 'z@@', 'o', 'A@@', 'be', ',', 'in', 'T@@', 'ok@@', 'y@@', 'o', 'to', 'disc@@', 'uss', 'economic', 'and', 'security', 'ties', ',', 'on', 'his', 'first', 'major', 'fore@@', 'ign', 'visi@@', 't', 'since', 'w@@', 'inn@@', 'ing', 'Ma@@', 'y', '&apos;s', 'elec@@', 'tion', '.']
2025-05-03 12:48:02,671 - DEBUG - joeynmt.training - 	Tokenized hypothesis: ['the', 'first', 'of', 'the', 'C@@', 'an@@', 'di@@', 'date', 'of', 'the', 'C@@', 'an@@', 'a', ',', 'the', 'C@@', 'hr@@', 'is@@', 'ti@@', 'an', ',', 'which', 'is', 'the', 'first', 'time', 'of', 'the', 'C@@', 'hr@@', 'is@@', 'ti@@', 'an', 'and', 'the', 'C@@', 'hr@@', 'is@@', 'ti@@', 'an', 'and', 'the', 'C@@', 'our@@', 't', 'of', 'the', 'European', 'Union', ',', 'which', 'is', 'the', 'most', 'important', 'of', 'the', 'European', 'Union', '.', '</s>']
2025-05-03 12:48:02,671 - INFO - joeynmt.training - 	Source:     Indiens neuer Premierminister Narendra Modi trifft bei seinem ersten wichtigen Auslandsbesuch seit seinem Wahlsieg im Mai seinen japanischen Amtskollegen Shinzo Abe in Toko , um wirtschaftliche und sicherheitspolitische Beziehungen zu besprechen .
2025-05-03 12:48:02,671 - INFO - joeynmt.training - 	Reference:  India &apos;s new prime minister , Narendra Modi , is meeting his Japanese counterpart , Shinzo Abe , in Tokyo to discuss economic and security ties , on his first major foreign visit since winning May &apos;s election .
2025-05-03 12:48:02,671 - INFO - joeynmt.training - 	Hypothesis: the first of the Candidate of the Cana , the Christian , which is the first time of the Christian and the Christian and the Court of the European Union , which is the most important of the European Union .
2025-05-03 12:48:02,671 - INFO - joeynmt.training - Example #2
2025-05-03 12:48:02,672 - DEBUG - joeynmt.training - 	Tokenized source:     ['Herr', 'Mo@@', 'd@@', 'i', 'befindet', 'sich', 'auf', 'einer', 'fü@@', 'n@@', 'f@@', 'tä@@', 'gi@@', 'gen', 'Rei@@', 'se', 'nach', 'J@@', 'ap@@', 'an', ',', 'um', 'die', 'wirtschaf@@', 'tlichen', 'Be@@', 'zieh@@', 'ungen', 'mit', 'der', 'd@@', 'rit@@', 't@@', 'größ@@', 'ten', 'Wirtschafts@@', 'n@@', 'ation', 'der', 'Welt', 'zu', 'fes@@', 'tigen', '.']
2025-05-03 12:48:02,672 - DEBUG - joeynmt.training - 	Tokenized reference:  ['Mr', 'Mo@@', 'd@@', 'i', 'is', 'on', 'a', 'fi@@', 've', '@@@', '-@@', '@', 'day', 'tri@@', 'p', 'to', 'J@@', 'ap@@', 'an', 'to', 'streng@@', 'then', 'economic', 'ties', 'with', 'the', 'third', 'lar@@', 'ges@@', 't', 'econom@@', 'y', 'in', 'the', 'world', '.']
2025-05-03 12:48:02,672 - DEBUG - joeynmt.training - 	Tokenized hypothesis: ['Mr', 'President', ',', 'the', 'b@@', 'ank', 'of', 'the', 'most', 'important', 'role', 'of', 'the', 'European', 'Union', ',', 'the', 'European', 'Union', ',', 'the', 'European', 'Union', ',', 'the', 'European', 'Union', '&apos;s', 'pro@@', 'gress', 'in', 'the', 'European', 'Union', '.', '</s>']
2025-05-03 12:48:02,672 - INFO - joeynmt.training - 	Source:     Herr Modi befindet sich auf einer fünftägigen Reise nach Japan , um die wirtschaftlichen Beziehungen mit der drittgrößten Wirtschaftsnation der Welt zu festigen .
2025-05-03 12:48:02,672 - INFO - joeynmt.training - 	Reference:  Mr Modi is on a five @-@ day trip to Japan to strengthen economic ties with the third largest economy in the world .
2025-05-03 12:48:02,672 - INFO - joeynmt.training - 	Hypothesis: Mr President , the bank of the most important role of the European Union , the European Union , the European Union , the European Union &apos;s progress in the European Union .
2025-05-03 12:48:02,672 - INFO - joeynmt.training - Example #3
2025-05-03 12:48:02,672 - DEBUG - joeynmt.training - 	Tokenized source:     ['P@@', 'län@@', 'e', 'für', 'eine', 'stärk@@', 'ere', 'k@@', 'ern@@', 'techn@@', 'ische', 'Zusammenarbeit', 'stehen', 'ganz', 'ob@@', 'en', 'auf', 'der', 'Tag@@', 'es@@', 'ordnung', '.']
2025-05-03 12:48:02,672 - DEBUG - joeynmt.training - 	Tokenized reference:  ['high', 'on', 'the', 'agen@@', 'da', 'are', 'pl@@', 'ans', 'for', 'gre@@', 'ater', 'nu@@', 'clear', 'c@@', 'o', '@@@', '-@@', '@', 'operation', '.']
2025-05-03 12:48:02,672 - DEBUG - joeynmt.training - 	Tokenized hypothesis: ['the', 'pro@@', 'gress', 'of', 'the', 'pro@@', 'gress', 'of', 'the', 'Commission', '&apos;s', 'proposal', '.', '</s>']
2025-05-03 12:48:02,672 - INFO - joeynmt.training - 	Source:     Pläne für eine stärkere kerntechnische Zusammenarbeit stehen ganz oben auf der Tagesordnung .
2025-05-03 12:48:02,673 - INFO - joeynmt.training - 	Reference:  high on the agenda are plans for greater nuclear co @-@ operation .
2025-05-03 12:48:02,673 - INFO - joeynmt.training - 	Hypothesis: the progress of the progress of the Commission &apos;s proposal .
2025-05-03 12:48:02,673 - INFO - joeynmt.training - Example #4
2025-05-03 12:48:02,673 - DEBUG - joeynmt.training - 	Tokenized source:     ['Berich@@', 'ten', 'zu@@', 'fol@@', 'ge', 'ho@@', 'fft', 'Indi@@', 'en', 'darüber', 'hinaus', 'auf', 'einen', 'Ver@@', 'trag', 'zur', 'Ver@@', 'tei@@', 'dig@@', 'ungs@@', 'zusammen@@', 'arbeit', 'zwischen', 'den', 'beiden', 'N@@', 'ationen', '.']
2025-05-03 12:48:02,673 - DEBUG - joeynmt.training - 	Tokenized reference:  ['Indi@@', 'a', 'is', 'also', 're@@', 'porte@@', 'dly', 'hop@@', 'ing', 'for', 'a', 'de@@', 'al', 'on', 'def@@', 'ence', 'c@@', 'oll@@', 'ab@@', 'or@@', 'ation', 'between', 'the', 'two', 'n@@', 'ations', '.']
2025-05-03 12:48:02,673 - DEBUG - joeynmt.training - 	Tokenized hypothesis: ['the', 'first', 'of', 'the', 'first', 'of', 'the', 'Council', ',', 'the', 'Commission', '&apos;s', 'proposal', 'for', 'the', 'Council', '&apos;s', 'proposal', '.', '</s>']
2025-05-03 12:48:02,673 - INFO - joeynmt.training - 	Source:     Berichten zufolge hofft Indien darüber hinaus auf einen Vertrag zur Verteidigungszusammenarbeit zwischen den beiden Nationen .
2025-05-03 12:48:02,673 - INFO - joeynmt.training - 	Reference:  India is also reportedly hoping for a deal on defence collaboration between the two nations .
2025-05-03 12:48:02,673 - INFO - joeynmt.training - 	Hypothesis: the first of the first of the Council , the Commission &apos;s proposal for the Council &apos;s proposal .
2025-05-03 12:48:08,088 - INFO - joeynmt.training - Epoch   1, Step:     3600, Batch Loss:     2.930476, Batch Acc: 0.285121, Tokens per Sec:    16705, Lr: 0.000300
2025-05-03 12:48:13,504 - INFO - joeynmt.training - Epoch   1, Step:     3700, Batch Loss:     2.559487, Batch Acc: 0.281993, Tokens per Sec:    17045, Lr: 0.000300
2025-05-03 12:48:18,925 - INFO - joeynmt.training - Epoch   1, Step:     3800, Batch Loss:     2.699414, Batch Acc: 0.286908, Tokens per Sec:    17041, Lr: 0.000300
2025-05-03 12:48:24,424 - INFO - joeynmt.training - Epoch   1, Step:     3900, Batch Loss:     2.598032, Batch Acc: 0.289244, Tokens per Sec:    16903, Lr: 0.000300
2025-05-03 12:48:29,914 - INFO - joeynmt.training - Epoch   1, Step:     4000, Batch Loss:     2.557395, Batch Acc: 0.292686, Tokens per Sec:    16784, Lr: 0.000300
2025-05-03 12:48:29,914 - INFO - joeynmt.prediction - Predicting 500 example(s)... (Greedy decoding with min_output_length=1, max_output_length=-1, return_prob='none', generate_unk=True, repetition_penalty=-1, no_repeat_ngram_size=-1)
2025-05-03 12:48:39,352 - INFO - joeynmt.prediction - Evaluation result (greedy) loss:   3.01, ppl:  20.33, acc:   0.23, generation: 9.4271[sec], evaluation: 0.0000[sec]
2025-05-03 12:48:39,352 - INFO - joeynmt.training - Hooray! New best validation result [ppl]!
2025-05-03 12:48:39,435 - INFO - joeynmt.helpers - delete models/deen_transformer_post/1500.ckpt
2025-05-03 12:48:39,442 - INFO - joeynmt.training - Example #0
2025-05-03 12:48:39,442 - DEBUG - joeynmt.training - 	Tokenized source:     ['die', 'Pre@@', 'mi@@', 'er@@', 'minist@@', 'er', 'Indi@@', 'ens', 'und', 'J@@', 'ap@@', 'ans', 'tra@@', 'fen', 'sich', 'in', 'T@@', 'ok@@', 'i@@', 'o', '.']
2025-05-03 12:48:39,442 - DEBUG - joeynmt.training - 	Tokenized reference:  ['Indi@@', 'a', 'and', 'J@@', 'ap@@', 'an', 'pri@@', 'me', 'minist@@', 'ers', 'me@@', 'et', 'in', 'T@@', 'ok@@', 'y@@', 'o']
2025-05-03 12:48:39,442 - DEBUG - joeynmt.training - 	Tokenized hypothesis: ['the', 'most', 'of', 'the', 'people', 'of', 'the', 'people', 'of', 'the', 'people', 'of', 'the', 'people', 'of', 'the', 'world', '.', '</s>']
2025-05-03 12:48:39,442 - INFO - joeynmt.training - 	Source:     die Premierminister Indiens und Japans trafen sich in Tokio .
2025-05-03 12:48:39,442 - INFO - joeynmt.training - 	Reference:  India and Japan prime ministers meet in Tokyo
2025-05-03 12:48:39,442 - INFO - joeynmt.training - 	Hypothesis: the most of the people of the people of the people of the people of the world .
2025-05-03 12:48:39,442 - INFO - joeynmt.training - Example #1
2025-05-03 12:48:39,443 - DEBUG - joeynmt.training - 	Tokenized source:     ['Indi@@', 'ens', 'neu@@', 'er', 'Pre@@', 'mi@@', 'er@@', 'minist@@', 'er', 'N@@', 'ar@@', 'end@@', 'ra', 'Mo@@', 'd@@', 'i', 'tri@@', 'fft', 'bei', 's@@', 'einem', 'ersten', 'wichti@@', 'gen', 'Aus@@', 'land@@', 's@@', 'bes@@', 'u@@', 'ch', 'seit', 's@@', 'einem', 'W@@', 'ah@@', 'l@@', 'si@@', 'e@@', 'g', 'im', 'Ma@@', 'i', 'seinen', 'j@@', 'ap@@', 'an@@', 'ischen', 'Am@@', 'ts@@', 'k@@', 'olle@@', 'gen', 'S@@', 'hin@@', 'z@@', 'o', 'A@@', 'be', 'in', 'T@@', 'ok@@', 'o', ',', 'um', 'wirtschaf@@', 'tliche', 'und', 'sicher@@', 'heits@@', 'politische', 'Be@@', 'zieh@@', 'ungen', 'zu', 'bes@@', 'pre@@', 'chen', '.']
2025-05-03 12:48:39,443 - DEBUG - joeynmt.training - 	Tokenized reference:  ['Indi@@', 'a', '&apos;s', 'new', 'pri@@', 'me', 'minist@@', 'er', ',', 'N@@', 'ar@@', 'end@@', 'ra', 'Mo@@', 'd@@', 'i', ',', 'is', 'me@@', 'eting', 'his', 'J@@', 'ap@@', 'an@@', 'ese', 'coun@@', 'ter@@', 'part', ',', 'S@@', 'hin@@', 'z@@', 'o', 'A@@', 'be', ',', 'in', 'T@@', 'ok@@', 'y@@', 'o', 'to', 'disc@@', 'uss', 'economic', 'and', 'security', 'ties', ',', 'on', 'his', 'first', 'major', 'fore@@', 'ign', 'visi@@', 't', 'since', 'w@@', 'inn@@', 'ing', 'Ma@@', 'y', '&apos;s', 'elec@@', 'tion', '.']
2025-05-03 12:48:39,443 - DEBUG - joeynmt.training - 	Tokenized hypothesis: ['in', 'the', 'con@@', 'text', 'of', 'the', 'A@@', 'mer@@', 'ic@@', 'a', ',', 'the', 'first', 'of', 'the', 'first', 'time', 'of', 'the', 'first', 'of', 'the', 'first', 'time', 'of', 'the', 'C@@', 'our@@', 't', 'of', 'the', 'C@@', 'ity', 'of', 'A@@', 'mer@@', 'ic@@', 'a', ',', 'and', 'the', 'world', ',', 'and', 'the', 're@@', 'st', 'of', 'the', 'European', 'Union', 'and', 'the', 'European', 'Union', ',', 'and', 'the', 'European', 'Union', ',', 'and', 'the', 'European', 'Union', 'and', 'the', 'European', 'Union', '.', '</s>']
2025-05-03 12:48:39,443 - INFO - joeynmt.training - 	Source:     Indiens neuer Premierminister Narendra Modi trifft bei seinem ersten wichtigen Auslandsbesuch seit seinem Wahlsieg im Mai seinen japanischen Amtskollegen Shinzo Abe in Toko , um wirtschaftliche und sicherheitspolitische Beziehungen zu besprechen .
2025-05-03 12:48:39,443 - INFO - joeynmt.training - 	Reference:  India &apos;s new prime minister , Narendra Modi , is meeting his Japanese counterpart , Shinzo Abe , in Tokyo to discuss economic and security ties , on his first major foreign visit since winning May &apos;s election .
2025-05-03 12:48:39,443 - INFO - joeynmt.training - 	Hypothesis: in the context of the America , the first of the first time of the first of the first time of the Court of the City of America , and the world , and the rest of the European Union and the European Union , and the European Union , and the European Union and the European Union .
2025-05-03 12:48:39,443 - INFO - joeynmt.training - Example #2
2025-05-03 12:48:39,443 - DEBUG - joeynmt.training - 	Tokenized source:     ['Herr', 'Mo@@', 'd@@', 'i', 'befindet', 'sich', 'auf', 'einer', 'fü@@', 'n@@', 'f@@', 'tä@@', 'gi@@', 'gen', 'Rei@@', 'se', 'nach', 'J@@', 'ap@@', 'an', ',', 'um', 'die', 'wirtschaf@@', 'tlichen', 'Be@@', 'zieh@@', 'ungen', 'mit', 'der', 'd@@', 'rit@@', 't@@', 'größ@@', 'ten', 'Wirtschafts@@', 'n@@', 'ation', 'der', 'Welt', 'zu', 'fes@@', 'tigen', '.']
2025-05-03 12:48:39,443 - DEBUG - joeynmt.training - 	Tokenized reference:  ['Mr', 'Mo@@', 'd@@', 'i', 'is', 'on', 'a', 'fi@@', 've', '@@@', '-@@', '@', 'day', 'tri@@', 'p', 'to', 'J@@', 'ap@@', 'an', 'to', 'streng@@', 'then', 'economic', 'ties', 'with', 'the', 'third', 'lar@@', 'ges@@', 't', 'econom@@', 'y', 'in', 'the', 'world', '.']
2025-05-03 12:48:39,443 - DEBUG - joeynmt.training - 	Tokenized hypothesis: ['Mr', 'President', ',', 'the', 'most', 'of', 'the', 'most', 'of', 'the', 'most', 'of', 'the', 'world', '&apos;s', 'most', 'of', 'the', 'European', 'Union', ',', 'in', 'the', 'world', 'of', 'the', 'world', '&apos;s', 'demo@@', 'c@@', 'rati@@', 'c', 'and', 'the', 'world', '.', '</s>']
2025-05-03 12:48:39,444 - INFO - joeynmt.training - 	Source:     Herr Modi befindet sich auf einer fünftägigen Reise nach Japan , um die wirtschaftlichen Beziehungen mit der drittgrößten Wirtschaftsnation der Welt zu festigen .
2025-05-03 12:48:39,444 - INFO - joeynmt.training - 	Reference:  Mr Modi is on a five @-@ day trip to Japan to strengthen economic ties with the third largest economy in the world .
2025-05-03 12:48:39,444 - INFO - joeynmt.training - 	Hypothesis: Mr President , the most of the most of the most of the world &apos;s most of the European Union , in the world of the world &apos;s democratic and the world .
2025-05-03 12:48:39,444 - INFO - joeynmt.training - Example #3
2025-05-03 12:48:39,444 - DEBUG - joeynmt.training - 	Tokenized source:     ['P@@', 'län@@', 'e', 'für', 'eine', 'stärk@@', 'ere', 'k@@', 'ern@@', 'techn@@', 'ische', 'Zusammenarbeit', 'stehen', 'ganz', 'ob@@', 'en', 'auf', 'der', 'Tag@@', 'es@@', 'ordnung', '.']
2025-05-03 12:48:39,444 - DEBUG - joeynmt.training - 	Tokenized reference:  ['high', 'on', 'the', 'agen@@', 'da', 'are', 'pl@@', 'ans', 'for', 'gre@@', 'ater', 'nu@@', 'clear', 'c@@', 'o', '@@@', '-@@', '@', 'operation', '.']
2025-05-03 12:48:39,444 - DEBUG - joeynmt.training - 	Tokenized hypothesis: ['the', 'European', 'Union', 'is', 'a', 'new', 'of', 'the', 'European', 'Union', 'and', 'the', 'European', 'Union', '.', '</s>']
2025-05-03 12:48:39,444 - INFO - joeynmt.training - 	Source:     Pläne für eine stärkere kerntechnische Zusammenarbeit stehen ganz oben auf der Tagesordnung .
2025-05-03 12:48:39,444 - INFO - joeynmt.training - 	Reference:  high on the agenda are plans for greater nuclear co @-@ operation .
2025-05-03 12:48:39,444 - INFO - joeynmt.training - 	Hypothesis: the European Union is a new of the European Union and the European Union .
2025-05-03 12:48:39,444 - INFO - joeynmt.training - Example #4
2025-05-03 12:48:39,444 - DEBUG - joeynmt.training - 	Tokenized source:     ['Berich@@', 'ten', 'zu@@', 'fol@@', 'ge', 'ho@@', 'fft', 'Indi@@', 'en', 'darüber', 'hinaus', 'auf', 'einen', 'Ver@@', 'trag', 'zur', 'Ver@@', 'tei@@', 'dig@@', 'ungs@@', 'zusammen@@', 'arbeit', 'zwischen', 'den', 'beiden', 'N@@', 'ationen', '.']
2025-05-03 12:48:39,444 - DEBUG - joeynmt.training - 	Tokenized reference:  ['Indi@@', 'a', 'is', 'also', 're@@', 'porte@@', 'dly', 'hop@@', 'ing', 'for', 'a', 'de@@', 'al', 'on', 'def@@', 'ence', 'c@@', 'oll@@', 'ab@@', 'or@@', 'ation', 'between', 'the', 'two', 'n@@', 'ations', '.']
2025-05-03 12:48:39,444 - DEBUG - joeynmt.training - 	Tokenized hypothesis: ['the', 'first', 'of', 'the', 'people', 'of', 'the', 're@@', 'form', 'of', 'the', 're@@', 'ports', 'of', 'the', 'Committee', 'on', 'A@@', 'ff@@', 'air@@', 's', ',', 'in', 'the', 'con@@', 'text', 'of', 'the', 'Committee', 'on', 'A@@', 'pri@@', 'l', '.', '</s>']
2025-05-03 12:48:39,445 - INFO - joeynmt.training - 	Source:     Berichten zufolge hofft Indien darüber hinaus auf einen Vertrag zur Verteidigungszusammenarbeit zwischen den beiden Nationen .
2025-05-03 12:48:39,445 - INFO - joeynmt.training - 	Reference:  India is also reportedly hoping for a deal on defence collaboration between the two nations .
2025-05-03 12:48:39,445 - INFO - joeynmt.training - 	Hypothesis: the first of the people of the reform of the reports of the Committee on Affairs , in the context of the Committee on April .
2025-05-03 12:48:42,841 - INFO - joeynmt.training - Epoch   1: total training loss 12215.19
2025-05-03 12:48:42,841 - INFO - joeynmt.training - EPOCH 2
2025-05-03 12:48:44,793 - INFO - joeynmt.training - Epoch   2, Step:     4100, Batch Loss:     2.615661, Batch Acc: 0.295603, Tokens per Sec:    17015, Lr: 0.000300
2025-05-03 12:48:50,146 - INFO - joeynmt.training - Epoch   2, Step:     4200, Batch Loss:     2.651718, Batch Acc: 0.296476, Tokens per Sec:    17258, Lr: 0.000300
2025-05-03 12:48:55,470 - INFO - joeynmt.training - Epoch   2, Step:     4300, Batch Loss:     2.523094, Batch Acc: 0.299416, Tokens per Sec:    17050, Lr: 0.000300
2025-05-03 12:49:00,880 - INFO - joeynmt.training - Epoch   2, Step:     4400, Batch Loss:     2.696440, Batch Acc: 0.298879, Tokens per Sec:    17053, Lr: 0.000300
2025-05-03 12:49:06,165 - INFO - joeynmt.training - Epoch   2, Step:     4500, Batch Loss:     2.726421, Batch Acc: 0.300704, Tokens per Sec:    17515, Lr: 0.000300
2025-05-03 12:49:06,166 - INFO - joeynmt.prediction - Predicting 500 example(s)... (Greedy decoding with min_output_length=1, max_output_length=-1, return_prob='none', generate_unk=True, repetition_penalty=-1, no_repeat_ngram_size=-1)
2025-05-03 12:49:14,406 - INFO - joeynmt.prediction - Evaluation result (greedy) loss:   2.98, ppl:  19.74, acc:   0.23, generation: 8.2324[sec], evaluation: 0.0000[sec]
2025-05-03 12:49:14,406 - INFO - joeynmt.training - Hooray! New best validation result [ppl]!
2025-05-03 12:49:14,490 - INFO - joeynmt.helpers - delete models/deen_transformer_post/2000.ckpt
2025-05-03 12:49:14,500 - INFO - joeynmt.training - Example #0
2025-05-03 12:49:14,500 - DEBUG - joeynmt.training - 	Tokenized source:     ['die', 'Pre@@', 'mi@@', 'er@@', 'minist@@', 'er', 'Indi@@', 'ens', 'und', 'J@@', 'ap@@', 'ans', 'tra@@', 'fen', 'sich', 'in', 'T@@', 'ok@@', 'i@@', 'o', '.']
2025-05-03 12:49:14,500 - DEBUG - joeynmt.training - 	Tokenized reference:  ['Indi@@', 'a', 'and', 'J@@', 'ap@@', 'an', 'pri@@', 'me', 'minist@@', 'ers', 'me@@', 'et', 'in', 'T@@', 'ok@@', 'y@@', 'o']
2025-05-03 12:49:14,500 - DEBUG - joeynmt.training - 	Tokenized hypothesis: ['the', 'C@@', 'an@@', 'o', 'and', 'the', 'C@@', 'an@@', 'o', 'and', 'the', 'most', 'of', 'the', 'most', 'of', 'the', 'f@@', 'air', '.', '</s>']
2025-05-03 12:49:14,500 - INFO - joeynmt.training - 	Source:     die Premierminister Indiens und Japans trafen sich in Tokio .
2025-05-03 12:49:14,500 - INFO - joeynmt.training - 	Reference:  India and Japan prime ministers meet in Tokyo
2025-05-03 12:49:14,500 - INFO - joeynmt.training - 	Hypothesis: the Cano and the Cano and the most of the most of the fair .
2025-05-03 12:49:14,500 - INFO - joeynmt.training - Example #1
2025-05-03 12:49:14,501 - DEBUG - joeynmt.training - 	Tokenized source:     ['Indi@@', 'ens', 'neu@@', 'er', 'Pre@@', 'mi@@', 'er@@', 'minist@@', 'er', 'N@@', 'ar@@', 'end@@', 'ra', 'Mo@@', 'd@@', 'i', 'tri@@', 'fft', 'bei', 's@@', 'einem', 'ersten', 'wichti@@', 'gen', 'Aus@@', 'land@@', 's@@', 'bes@@', 'u@@', 'ch', 'seit', 's@@', 'einem', 'W@@', 'ah@@', 'l@@', 'si@@', 'e@@', 'g', 'im', 'Ma@@', 'i', 'seinen', 'j@@', 'ap@@', 'an@@', 'ischen', 'Am@@', 'ts@@', 'k@@', 'olle@@', 'gen', 'S@@', 'hin@@', 'z@@', 'o', 'A@@', 'be', 'in', 'T@@', 'ok@@', 'o', ',', 'um', 'wirtschaf@@', 'tliche', 'und', 'sicher@@', 'heits@@', 'politische', 'Be@@', 'zieh@@', 'ungen', 'zu', 'bes@@', 'pre@@', 'chen', '.']
2025-05-03 12:49:14,501 - DEBUG - joeynmt.training - 	Tokenized reference:  ['Indi@@', 'a', '&apos;s', 'new', 'pri@@', 'me', 'minist@@', 'er', ',', 'N@@', 'ar@@', 'end@@', 'ra', 'Mo@@', 'd@@', 'i', ',', 'is', 'me@@', 'eting', 'his', 'J@@', 'ap@@', 'an@@', 'ese', 'coun@@', 'ter@@', 'part', ',', 'S@@', 'hin@@', 'z@@', 'o', 'A@@', 'be', ',', 'in', 'T@@', 'ok@@', 'y@@', 'o', 'to', 'disc@@', 'uss', 'economic', 'and', 'security', 'ties', ',', 'on', 'his', 'first', 'major', 'fore@@', 'ign', 'visi@@', 't', 'since', 'w@@', 'inn@@', 'ing', 'Ma@@', 'y', '&apos;s', 'elec@@', 'tion', '.']
2025-05-03 12:49:14,501 - DEBUG - joeynmt.training - 	Tokenized hypothesis: ['the', 'most', 'of', 'the', 'most', 'of', 'the', 'C@@', 'an@@', 'o', ',', 'the', 'first', 'of', 'the', 'first', 'time', 'of', 'the', 'first', 'time', 'of', 'the', 'first', 'time', 'of', 'the', 're@@', 'st', 'of', 'the', 're@@', 'st', 'of', 'the', 're@@', 'st', 'of', 'the', 're@@', 'st', 'of', 'the', 're@@', 'st', 'of', 'the', 'European', 'citizens', 'of', 'the', 'European', 'Union', 'and', 'the', 're@@', 'staurant', ',', 'and', 'the', 're@@', 'st', 'of', 'the', 're@@', 'st', 'of', 'the', 'European', 'citizens', '.', '</s>']
2025-05-03 12:49:14,501 - INFO - joeynmt.training - 	Source:     Indiens neuer Premierminister Narendra Modi trifft bei seinem ersten wichtigen Auslandsbesuch seit seinem Wahlsieg im Mai seinen japanischen Amtskollegen Shinzo Abe in Toko , um wirtschaftliche und sicherheitspolitische Beziehungen zu besprechen .
2025-05-03 12:49:14,501 - INFO - joeynmt.training - 	Reference:  India &apos;s new prime minister , Narendra Modi , is meeting his Japanese counterpart , Shinzo Abe , in Tokyo to discuss economic and security ties , on his first major foreign visit since winning May &apos;s election .
2025-05-03 12:49:14,501 - INFO - joeynmt.training - 	Hypothesis: the most of the most of the Cano , the first of the first time of the first time of the first time of the rest of the rest of the rest of the rest of the rest of the European citizens of the European Union and the restaurant , and the rest of the rest of the European citizens .
2025-05-03 12:49:14,501 - INFO - joeynmt.training - Example #2
2025-05-03 12:49:14,501 - DEBUG - joeynmt.training - 	Tokenized source:     ['Herr', 'Mo@@', 'd@@', 'i', 'befindet', 'sich', 'auf', 'einer', 'fü@@', 'n@@', 'f@@', 'tä@@', 'gi@@', 'gen', 'Rei@@', 'se', 'nach', 'J@@', 'ap@@', 'an', ',', 'um', 'die', 'wirtschaf@@', 'tlichen', 'Be@@', 'zieh@@', 'ungen', 'mit', 'der', 'd@@', 'rit@@', 't@@', 'größ@@', 'ten', 'Wirtschafts@@', 'n@@', 'ation', 'der', 'Welt', 'zu', 'fes@@', 'tigen', '.']
2025-05-03 12:49:14,501 - DEBUG - joeynmt.training - 	Tokenized reference:  ['Mr', 'Mo@@', 'd@@', 'i', 'is', 'on', 'a', 'fi@@', 've', '@@@', '-@@', '@', 'day', 'tri@@', 'p', 'to', 'J@@', 'ap@@', 'an', 'to', 'streng@@', 'then', 'economic', 'ties', 'with', 'the', 'third', 'lar@@', 'ges@@', 't', 'econom@@', 'y', 'in', 'the', 'world', '.']
2025-05-03 12:49:14,501 - DEBUG - joeynmt.training - 	Tokenized hypothesis: ['Mr', 'President', ',', 'the', 'most', 'of', 'the', 'most', 'of', 'the', 'most', 'of', 'the', 'world', '&apos;s', 'most', 'of', 'the', 'world', '&apos;s', 'own', ',', 'which', 'is', 'the', 'most', 'of', 'the', 'world', '&apos;s', 'most', 'of', 'the', 'world', '.', '</s>']
2025-05-03 12:49:14,501 - INFO - joeynmt.training - 	Source:     Herr Modi befindet sich auf einer fünftägigen Reise nach Japan , um die wirtschaftlichen Beziehungen mit der drittgrößten Wirtschaftsnation der Welt zu festigen .
2025-05-03 12:49:14,501 - INFO - joeynmt.training - 	Reference:  Mr Modi is on a five @-@ day trip to Japan to strengthen economic ties with the third largest economy in the world .
2025-05-03 12:49:14,502 - INFO - joeynmt.training - 	Hypothesis: Mr President , the most of the most of the most of the world &apos;s most of the world &apos;s own , which is the most of the world &apos;s most of the world .
2025-05-03 12:49:14,502 - INFO - joeynmt.training - Example #3
2025-05-03 12:49:14,502 - DEBUG - joeynmt.training - 	Tokenized source:     ['P@@', 'län@@', 'e', 'für', 'eine', 'stärk@@', 'ere', 'k@@', 'ern@@', 'techn@@', 'ische', 'Zusammenarbeit', 'stehen', 'ganz', 'ob@@', 'en', 'auf', 'der', 'Tag@@', 'es@@', 'ordnung', '.']
2025-05-03 12:49:14,502 - DEBUG - joeynmt.training - 	Tokenized reference:  ['high', 'on', 'the', 'agen@@', 'da', 'are', 'pl@@', 'ans', 'for', 'gre@@', 'ater', 'nu@@', 'clear', 'c@@', 'o', '@@@', '-@@', '@', 'operation', '.']
2025-05-03 12:49:14,502 - DEBUG - joeynmt.training - 	Tokenized hypothesis: ['S@@', 'S@@', 'ep@@', 'tem@@', 'ber', 'is', 'a', 'new', 'partn@@', 'ers', '.', '</s>']
2025-05-03 12:49:14,502 - INFO - joeynmt.training - 	Source:     Pläne für eine stärkere kerntechnische Zusammenarbeit stehen ganz oben auf der Tagesordnung .
2025-05-03 12:49:14,502 - INFO - joeynmt.training - 	Reference:  high on the agenda are plans for greater nuclear co @-@ operation .
2025-05-03 12:49:14,502 - INFO - joeynmt.training - 	Hypothesis: SSeptember is a new partners .
2025-05-03 12:49:14,502 - INFO - joeynmt.training - Example #4
2025-05-03 12:49:14,502 - DEBUG - joeynmt.training - 	Tokenized source:     ['Berich@@', 'ten', 'zu@@', 'fol@@', 'ge', 'ho@@', 'fft', 'Indi@@', 'en', 'darüber', 'hinaus', 'auf', 'einen', 'Ver@@', 'trag', 'zur', 'Ver@@', 'tei@@', 'dig@@', 'ungs@@', 'zusammen@@', 'arbeit', 'zwischen', 'den', 'beiden', 'N@@', 'ationen', '.']
2025-05-03 12:49:14,502 - DEBUG - joeynmt.training - 	Tokenized reference:  ['Indi@@', 'a', 'is', 'also', 're@@', 'porte@@', 'dly', 'hop@@', 'ing', 'for', 'a', 'de@@', 'al', 'on', 'def@@', 'ence', 'c@@', 'oll@@', 'ab@@', 'or@@', 'ation', 'between', 'the', 'two', 'n@@', 'ations', '.']
2025-05-03 12:49:14,502 - DEBUG - joeynmt.training - 	Tokenized hypothesis: ['report', 'on', 'the', 'basis', 'of', 'the', 're@@', 'st', 'of', 'the', 're@@', 'st', 'of', 'the', 're@@', 'st', 'of', 'the', 're@@', 'lev@@', 'ant', 'system', '.', '</s>']
2025-05-03 12:49:14,502 - INFO - joeynmt.training - 	Source:     Berichten zufolge hofft Indien darüber hinaus auf einen Vertrag zur Verteidigungszusammenarbeit zwischen den beiden Nationen .
2025-05-03 12:49:14,502 - INFO - joeynmt.training - 	Reference:  India is also reportedly hoping for a deal on defence collaboration between the two nations .
2025-05-03 12:49:14,503 - INFO - joeynmt.training - 	Hypothesis: report on the basis of the rest of the rest of the rest of the relevant system .
2025-05-03 12:49:19,831 - INFO - joeynmt.training - Epoch   2, Step:     4600, Batch Loss:     2.485456, Batch Acc: 0.303573, Tokens per Sec:    17183, Lr: 0.000300
2025-05-03 12:49:25,192 - INFO - joeynmt.training - Epoch   2, Step:     4700, Batch Loss:     2.544271, Batch Acc: 0.304534, Tokens per Sec:    17082, Lr: 0.000300
2025-05-03 12:49:30,478 - INFO - joeynmt.training - Epoch   2, Step:     4800, Batch Loss:     2.634518, Batch Acc: 0.307368, Tokens per Sec:    17670, Lr: 0.000300
2025-05-03 12:49:35,861 - INFO - joeynmt.training - Epoch   2, Step:     4900, Batch Loss:     2.578174, Batch Acc: 0.308543, Tokens per Sec:    17027, Lr: 0.000300
2025-05-03 12:49:41,119 - INFO - joeynmt.training - Epoch   2, Step:     5000, Batch Loss:     2.509254, Batch Acc: 0.309157, Tokens per Sec:    17364, Lr: 0.000300
2025-05-03 12:49:41,119 - INFO - joeynmt.prediction - Predicting 500 example(s)... (Greedy decoding with min_output_length=1, max_output_length=-1, return_prob='none', generate_unk=True, repetition_penalty=-1, no_repeat_ngram_size=-1)
2025-05-03 12:49:46,281 - INFO - joeynmt.prediction - Evaluation result (greedy) loss:   2.96, ppl:  19.27, acc:   0.24, generation: 5.1545[sec], evaluation: 0.0000[sec]
2025-05-03 12:49:46,281 - INFO - joeynmt.training - Hooray! New best validation result [ppl]!
2025-05-03 12:49:46,366 - INFO - joeynmt.helpers - delete models/deen_transformer_post/2500.ckpt
2025-05-03 12:49:46,372 - INFO - joeynmt.training - Example #0
2025-05-03 12:49:46,372 - DEBUG - joeynmt.training - 	Tokenized source:     ['die', 'Pre@@', 'mi@@', 'er@@', 'minist@@', 'er', 'Indi@@', 'ens', 'und', 'J@@', 'ap@@', 'ans', 'tra@@', 'fen', 'sich', 'in', 'T@@', 'ok@@', 'i@@', 'o', '.']
2025-05-03 12:49:46,372 - DEBUG - joeynmt.training - 	Tokenized reference:  ['Indi@@', 'a', 'and', 'J@@', 'ap@@', 'an', 'pri@@', 'me', 'minist@@', 'ers', 'me@@', 'et', 'in', 'T@@', 'ok@@', 'y@@', 'o']
2025-05-03 12:49:46,372 - DEBUG - joeynmt.training - 	Tokenized hypothesis: ['the', 'S@@', 'wi@@', 'ss', 'A@@', 'pri@@', 'l', 'and', 'the', 'United', 'States', '.', '</s>']
2025-05-03 12:49:46,372 - INFO - joeynmt.training - 	Source:     die Premierminister Indiens und Japans trafen sich in Tokio .
2025-05-03 12:49:46,372 - INFO - joeynmt.training - 	Reference:  India and Japan prime ministers meet in Tokyo
2025-05-03 12:49:46,373 - INFO - joeynmt.training - 	Hypothesis: the Swiss April and the United States .
2025-05-03 12:49:46,373 - INFO - joeynmt.training - Example #1
2025-05-03 12:49:46,373 - DEBUG - joeynmt.training - 	Tokenized source:     ['Indi@@', 'ens', 'neu@@', 'er', 'Pre@@', 'mi@@', 'er@@', 'minist@@', 'er', 'N@@', 'ar@@', 'end@@', 'ra', 'Mo@@', 'd@@', 'i', 'tri@@', 'fft', 'bei', 's@@', 'einem', 'ersten', 'wichti@@', 'gen', 'Aus@@', 'land@@', 's@@', 'bes@@', 'u@@', 'ch', 'seit', 's@@', 'einem', 'W@@', 'ah@@', 'l@@', 'si@@', 'e@@', 'g', 'im', 'Ma@@', 'i', 'seinen', 'j@@', 'ap@@', 'an@@', 'ischen', 'Am@@', 'ts@@', 'k@@', 'olle@@', 'gen', 'S@@', 'hin@@', 'z@@', 'o', 'A@@', 'be', 'in', 'T@@', 'ok@@', 'o', ',', 'um', 'wirtschaf@@', 'tliche', 'und', 'sicher@@', 'heits@@', 'politische', 'Be@@', 'zieh@@', 'ungen', 'zu', 'bes@@', 'pre@@', 'chen', '.']
2025-05-03 12:49:46,373 - DEBUG - joeynmt.training - 	Tokenized reference:  ['Indi@@', 'a', '&apos;s', 'new', 'pri@@', 'me', 'minist@@', 'er', ',', 'N@@', 'ar@@', 'end@@', 'ra', 'Mo@@', 'd@@', 'i', ',', 'is', 'me@@', 'eting', 'his', 'J@@', 'ap@@', 'an@@', 'ese', 'coun@@', 'ter@@', 'part', ',', 'S@@', 'hin@@', 'z@@', 'o', 'A@@', 'be', ',', 'in', 'T@@', 'ok@@', 'y@@', 'o', 'to', 'disc@@', 'uss', 'economic', 'and', 'security', 'ties', ',', 'on', 'his', 'first', 'major', 'fore@@', 'ign', 'visi@@', 't', 'since', 'w@@', 'inn@@', 'ing', 'Ma@@', 'y', '&apos;s', 'elec@@', 'tion', '.']
2025-05-03 12:49:46,373 - DEBUG - joeynmt.training - 	Tokenized hypothesis: ['in', 'the', 'first', 'time', ',', 'the', 'first', 'of', 'the', 'first', 'time', 'of', 'the', 'first', 'time', 'of', 'the', 'first', 'time', 'of', 'the', 'first', 'time', 'of', 'the', 'first', 'of', 'the', 'first', 'of', 'the', 'United', 'K@@', 'ing@@', 'do@@', 'm', ',', 'the', 'United', 'N@@', 'ations', 'and', 'the', 'United', 'K@@', 'ing@@', 'do@@', 'm', ',', 'the', 'European', 'econom@@', 'y', 'and', 'the', 'European', 'econom@@', 'y', '.', '</s>']
2025-05-03 12:49:46,373 - INFO - joeynmt.training - 	Source:     Indiens neuer Premierminister Narendra Modi trifft bei seinem ersten wichtigen Auslandsbesuch seit seinem Wahlsieg im Mai seinen japanischen Amtskollegen Shinzo Abe in Toko , um wirtschaftliche und sicherheitspolitische Beziehungen zu besprechen .
2025-05-03 12:49:46,373 - INFO - joeynmt.training - 	Reference:  India &apos;s new prime minister , Narendra Modi , is meeting his Japanese counterpart , Shinzo Abe , in Tokyo to discuss economic and security ties , on his first major foreign visit since winning May &apos;s election .
2025-05-03 12:49:46,373 - INFO - joeynmt.training - 	Hypothesis: in the first time , the first of the first time of the first time of the first time of the first time of the first of the first of the United Kingdom , the United Nations and the United Kingdom , the European economy and the European economy .
2025-05-03 12:49:46,373 - INFO - joeynmt.training - Example #2
2025-05-03 12:49:46,373 - DEBUG - joeynmt.training - 	Tokenized source:     ['Herr', 'Mo@@', 'd@@', 'i', 'befindet', 'sich', 'auf', 'einer', 'fü@@', 'n@@', 'f@@', 'tä@@', 'gi@@', 'gen', 'Rei@@', 'se', 'nach', 'J@@', 'ap@@', 'an', ',', 'um', 'die', 'wirtschaf@@', 'tlichen', 'Be@@', 'zieh@@', 'ungen', 'mit', 'der', 'd@@', 'rit@@', 't@@', 'größ@@', 'ten', 'Wirtschafts@@', 'n@@', 'ation', 'der', 'Welt', 'zu', 'fes@@', 'tigen', '.']
2025-05-03 12:49:46,373 - DEBUG - joeynmt.training - 	Tokenized reference:  ['Mr', 'Mo@@', 'd@@', 'i', 'is', 'on', 'a', 'fi@@', 've', '@@@', '-@@', '@', 'day', 'tri@@', 'p', 'to', 'J@@', 'ap@@', 'an', 'to', 'streng@@', 'then', 'economic', 'ties', 'with', 'the', 'third', 'lar@@', 'ges@@', 't', 'econom@@', 'y', 'in', 'the', 'world', '.']
2025-05-03 12:49:46,373 - DEBUG - joeynmt.training - 	Tokenized hypothesis: ['Mr', 'President', ',', 'the', 'hotel', 'is', 'a', 'litt@@', 'le', 'of', 'the', 'world', 'of', 'the', 'world', 'of', 'the', 'world', 'of', 'the', 'world', 'of', 'the', 'world', 'of', 'the', 'world', 'of', 'the', 'world', '.', '</s>']
2025-05-03 12:49:46,374 - INFO - joeynmt.training - 	Source:     Herr Modi befindet sich auf einer fünftägigen Reise nach Japan , um die wirtschaftlichen Beziehungen mit der drittgrößten Wirtschaftsnation der Welt zu festigen .
2025-05-03 12:49:46,374 - INFO - joeynmt.training - 	Reference:  Mr Modi is on a five @-@ day trip to Japan to strengthen economic ties with the third largest economy in the world .
2025-05-03 12:49:46,374 - INFO - joeynmt.training - 	Hypothesis: Mr President , the hotel is a little of the world of the world of the world of the world of the world of the world of the world .
2025-05-03 12:49:46,374 - INFO - joeynmt.training - Example #3
2025-05-03 12:49:46,374 - DEBUG - joeynmt.training - 	Tokenized source:     ['P@@', 'län@@', 'e', 'für', 'eine', 'stärk@@', 'ere', 'k@@', 'ern@@', 'techn@@', 'ische', 'Zusammenarbeit', 'stehen', 'ganz', 'ob@@', 'en', 'auf', 'der', 'Tag@@', 'es@@', 'ordnung', '.']
2025-05-03 12:49:46,374 - DEBUG - joeynmt.training - 	Tokenized reference:  ['high', 'on', 'the', 'agen@@', 'da', 'are', 'pl@@', 'ans', 'for', 'gre@@', 'ater', 'nu@@', 'clear', 'c@@', 'o', '@@@', '-@@', '@', 'operation', '.']
2025-05-03 12:49:46,374 - DEBUG - joeynmt.training - 	Tokenized hypothesis: ['A@@', 'S@@', 'S', 'is', 'a', 'a', 'new', 'development', 'of', 'the', 'European', 'partn@@', 'er', '.', '</s>']
2025-05-03 12:49:46,374 - INFO - joeynmt.training - 	Source:     Pläne für eine stärkere kerntechnische Zusammenarbeit stehen ganz oben auf der Tagesordnung .
2025-05-03 12:49:46,374 - INFO - joeynmt.training - 	Reference:  high on the agenda are plans for greater nuclear co @-@ operation .
2025-05-03 12:49:46,374 - INFO - joeynmt.training - 	Hypothesis: ASS is a a new development of the European partner .
2025-05-03 12:49:46,374 - INFO - joeynmt.training - Example #4
2025-05-03 12:49:46,374 - DEBUG - joeynmt.training - 	Tokenized source:     ['Berich@@', 'ten', 'zu@@', 'fol@@', 'ge', 'ho@@', 'fft', 'Indi@@', 'en', 'darüber', 'hinaus', 'auf', 'einen', 'Ver@@', 'trag', 'zur', 'Ver@@', 'tei@@', 'dig@@', 'ungs@@', 'zusammen@@', 'arbeit', 'zwischen', 'den', 'beiden', 'N@@', 'ationen', '.']
2025-05-03 12:49:46,374 - DEBUG - joeynmt.training - 	Tokenized reference:  ['Indi@@', 'a', 'is', 'also', 're@@', 'porte@@', 'dly', 'hop@@', 'ing', 'for', 'a', 'de@@', 'al', 'on', 'def@@', 'ence', 'c@@', 'oll@@', 'ab@@', 'or@@', 'ation', 'between', 'the', 'two', 'n@@', 'ations', '.']
2025-05-03 12:49:46,374 - DEBUG - joeynmt.training - 	Tokenized hypothesis: ['report', 'on', 'the', 'con@@', 'text', 'of', 'the', 'Committee', 'on', 'A@@', 'pri@@', 'l', ',', 'the', 'Committee', 'on', 'A@@', 'pri@@', 'l', 'for', 'the', 'two', 'years', '.', '</s>']
2025-05-03 12:49:46,375 - INFO - joeynmt.training - 	Source:     Berichten zufolge hofft Indien darüber hinaus auf einen Vertrag zur Verteidigungszusammenarbeit zwischen den beiden Nationen .
2025-05-03 12:49:46,375 - INFO - joeynmt.training - 	Reference:  India is also reportedly hoping for a deal on defence collaboration between the two nations .
2025-05-03 12:49:46,375 - INFO - joeynmt.training - 	Hypothesis: report on the context of the Committee on April , the Committee on April for the two years .
2025-05-03 12:49:51,636 - INFO - joeynmt.training - Epoch   2, Step:     5100, Batch Loss:     2.574605, Batch Acc: 0.307799, Tokens per Sec:    17127, Lr: 0.000300
2025-05-03 12:49:57,020 - INFO - joeynmt.training - Epoch   2, Step:     5200, Batch Loss:     2.506823, Batch Acc: 0.313143, Tokens per Sec:    17632, Lr: 0.000300
2025-05-03 12:50:02,336 - INFO - joeynmt.training - Epoch   2, Step:     5300, Batch Loss:     2.443870, Batch Acc: 0.313440, Tokens per Sec:    17231, Lr: 0.000300
2025-05-03 12:50:07,711 - INFO - joeynmt.training - Epoch   2, Step:     5400, Batch Loss:     2.481835, Batch Acc: 0.318097, Tokens per Sec:    17276, Lr: 0.000300
2025-05-03 12:50:13,013 - INFO - joeynmt.training - Epoch   2, Step:     5500, Batch Loss:     2.510224, Batch Acc: 0.315209, Tokens per Sec:    17523, Lr: 0.000300
2025-05-03 12:50:13,013 - INFO - joeynmt.prediction - Predicting 500 example(s)... (Greedy decoding with min_output_length=1, max_output_length=-1, return_prob='none', generate_unk=True, repetition_penalty=-1, no_repeat_ngram_size=-1)
2025-05-03 12:50:18,985 - INFO - joeynmt.prediction - Evaluation result (greedy) loss:   2.92, ppl:  18.59, acc:   0.25, generation: 5.9668[sec], evaluation: 0.0000[sec]
2025-05-03 12:50:18,986 - INFO - joeynmt.training - Hooray! New best validation result [ppl]!
2025-05-03 12:50:19,066 - INFO - joeynmt.helpers - delete models/deen_transformer_post/3000.ckpt
2025-05-03 12:50:19,072 - INFO - joeynmt.training - Example #0
2025-05-03 12:50:19,072 - DEBUG - joeynmt.training - 	Tokenized source:     ['die', 'Pre@@', 'mi@@', 'er@@', 'minist@@', 'er', 'Indi@@', 'ens', 'und', 'J@@', 'ap@@', 'ans', 'tra@@', 'fen', 'sich', 'in', 'T@@', 'ok@@', 'i@@', 'o', '.']
2025-05-03 12:50:19,072 - DEBUG - joeynmt.training - 	Tokenized reference:  ['Indi@@', 'a', 'and', 'J@@', 'ap@@', 'an', 'pri@@', 'me', 'minist@@', 'ers', 'me@@', 'et', 'in', 'T@@', 'ok@@', 'y@@', 'o']
2025-05-03 12:50:19,072 - DEBUG - joeynmt.training - 	Tokenized hypothesis: ['the', 'C@@', 'an@@', 'o', 'and', 'J@@', 'ap@@', 'an', 'and', 'S@@', 'wi@@', 'tz@@', 'er@@', 'land', '.', '</s>']
2025-05-03 12:50:19,072 - INFO - joeynmt.training - 	Source:     die Premierminister Indiens und Japans trafen sich in Tokio .
2025-05-03 12:50:19,072 - INFO - joeynmt.training - 	Reference:  India and Japan prime ministers meet in Tokyo
2025-05-03 12:50:19,072 - INFO - joeynmt.training - 	Hypothesis: the Cano and Japan and Switzerland .
2025-05-03 12:50:19,072 - INFO - joeynmt.training - Example #1
2025-05-03 12:50:19,073 - DEBUG - joeynmt.training - 	Tokenized source:     ['Indi@@', 'ens', 'neu@@', 'er', 'Pre@@', 'mi@@', 'er@@', 'minist@@', 'er', 'N@@', 'ar@@', 'end@@', 'ra', 'Mo@@', 'd@@', 'i', 'tri@@', 'fft', 'bei', 's@@', 'einem', 'ersten', 'wichti@@', 'gen', 'Aus@@', 'land@@', 's@@', 'bes@@', 'u@@', 'ch', 'seit', 's@@', 'einem', 'W@@', 'ah@@', 'l@@', 'si@@', 'e@@', 'g', 'im', 'Ma@@', 'i', 'seinen', 'j@@', 'ap@@', 'an@@', 'ischen', 'Am@@', 'ts@@', 'k@@', 'olle@@', 'gen', 'S@@', 'hin@@', 'z@@', 'o', 'A@@', 'be', 'in', 'T@@', 'ok@@', 'o', ',', 'um', 'wirtschaf@@', 'tliche', 'und', 'sicher@@', 'heits@@', 'politische', 'Be@@', 'zieh@@', 'ungen', 'zu', 'bes@@', 'pre@@', 'chen', '.']
2025-05-03 12:50:19,073 - DEBUG - joeynmt.training - 	Tokenized reference:  ['Indi@@', 'a', '&apos;s', 'new', 'pri@@', 'me', 'minist@@', 'er', ',', 'N@@', 'ar@@', 'end@@', 'ra', 'Mo@@', 'd@@', 'i', ',', 'is', 'me@@', 'eting', 'his', 'J@@', 'ap@@', 'an@@', 'ese', 'coun@@', 'ter@@', 'part', ',', 'S@@', 'hin@@', 'z@@', 'o', 'A@@', 'be', ',', 'in', 'T@@', 'ok@@', 'y@@', 'o', 'to', 'disc@@', 'uss', 'economic', 'and', 'security', 'ties', ',', 'on', 'his', 'first', 'major', 'fore@@', 'ign', 'visi@@', 't', 'since', 'w@@', 'inn@@', 'ing', 'Ma@@', 'y', '&apos;s', 'elec@@', 'tion', '.']
2025-05-03 12:50:19,073 - DEBUG - joeynmt.training - 	Tokenized hypothesis: ['in', 'the', 'new', ',', 'the', 'first', 'of', 'the', 'first', ',', 'the', 'first', 'time', ',', 'the', 'first', 'first', 'of', 'the', 'first', 'read@@', 'ing', 'of', 'the', 'first', 'read@@', 'ing', 'of', 'the', 'first', 'read@@', 'ing', 'of', 'the', 'C@@', 'an@@', 'a@@', 'di@@', 'an', ',', 'the', 'C@@', 'our@@', 't', 'of', 'the', 'C@@', 'an@@', 'o', ',', 'and', 'the', 'European', 'C@@', 'our@@', 't', 'of', 'C@@', 'as@@', 'in@@', 'o', ',', 'and', 'the', 'economic', 'and', 'the', 'economic', 'and', 'the', 'economic', 'and', 'the', 'economic', '.', '</s>']
2025-05-03 12:50:19,073 - INFO - joeynmt.training - 	Source:     Indiens neuer Premierminister Narendra Modi trifft bei seinem ersten wichtigen Auslandsbesuch seit seinem Wahlsieg im Mai seinen japanischen Amtskollegen Shinzo Abe in Toko , um wirtschaftliche und sicherheitspolitische Beziehungen zu besprechen .
2025-05-03 12:50:19,073 - INFO - joeynmt.training - 	Reference:  India &apos;s new prime minister , Narendra Modi , is meeting his Japanese counterpart , Shinzo Abe , in Tokyo to discuss economic and security ties , on his first major foreign visit since winning May &apos;s election .
2025-05-03 12:50:19,073 - INFO - joeynmt.training - 	Hypothesis: in the new , the first of the first , the first time , the first first of the first reading of the first reading of the first reading of the Canadian , the Court of the Cano , and the European Court of Casino , and the economic and the economic and the economic and the economic .
2025-05-03 12:50:19,073 - INFO - joeynmt.training - Example #2
2025-05-03 12:50:19,073 - DEBUG - joeynmt.training - 	Tokenized source:     ['Herr', 'Mo@@', 'd@@', 'i', 'befindet', 'sich', 'auf', 'einer', 'fü@@', 'n@@', 'f@@', 'tä@@', 'gi@@', 'gen', 'Rei@@', 'se', 'nach', 'J@@', 'ap@@', 'an', ',', 'um', 'die', 'wirtschaf@@', 'tlichen', 'Be@@', 'zieh@@', 'ungen', 'mit', 'der', 'd@@', 'rit@@', 't@@', 'größ@@', 'ten', 'Wirtschafts@@', 'n@@', 'ation', 'der', 'Welt', 'zu', 'fes@@', 'tigen', '.']
2025-05-03 12:50:19,073 - DEBUG - joeynmt.training - 	Tokenized reference:  ['Mr', 'Mo@@', 'd@@', 'i', 'is', 'on', 'a', 'fi@@', 've', '@@@', '-@@', '@', 'day', 'tri@@', 'p', 'to', 'J@@', 'ap@@', 'an', 'to', 'streng@@', 'then', 'economic', 'ties', 'with', 'the', 'third', 'lar@@', 'ges@@', 't', 'econom@@', 'y', 'in', 'the', 'world', '.']
2025-05-03 12:50:19,073 - DEBUG - joeynmt.training - 	Tokenized hypothesis: ['Mr', 'President', ',', 'the', 'b@@', 'ig@@', 'ges@@', 't', 's@@', 'ou@@', 'th@@', 'ern', 'Europe', 'is', 'to', 'be', 'able', 'to', 'be', 'able', 'to', 'be', 'made', 'in', 'the', 'world', '.', '</s>']
2025-05-03 12:50:19,074 - INFO - joeynmt.training - 	Source:     Herr Modi befindet sich auf einer fünftägigen Reise nach Japan , um die wirtschaftlichen Beziehungen mit der drittgrößten Wirtschaftsnation der Welt zu festigen .
2025-05-03 12:50:19,074 - INFO - joeynmt.training - 	Reference:  Mr Modi is on a five @-@ day trip to Japan to strengthen economic ties with the third largest economy in the world .
2025-05-03 12:50:19,074 - INFO - joeynmt.training - 	Hypothesis: Mr President , the biggest southern Europe is to be able to be able to be made in the world .
2025-05-03 12:50:19,074 - INFO - joeynmt.training - Example #3
2025-05-03 12:50:19,074 - DEBUG - joeynmt.training - 	Tokenized source:     ['P@@', 'län@@', 'e', 'für', 'eine', 'stärk@@', 'ere', 'k@@', 'ern@@', 'techn@@', 'ische', 'Zusammenarbeit', 'stehen', 'ganz', 'ob@@', 'en', 'auf', 'der', 'Tag@@', 'es@@', 'ordnung', '.']
2025-05-03 12:50:19,074 - DEBUG - joeynmt.training - 	Tokenized reference:  ['high', 'on', 'the', 'agen@@', 'da', 'are', 'pl@@', 'ans', 'for', 'gre@@', 'ater', 'nu@@', 'clear', 'c@@', 'o', '@@@', '-@@', '@', 'operation', '.']
2025-05-03 12:50:19,074 - DEBUG - joeynmt.training - 	Tokenized hypothesis: ['the', 'other', 'countries', 'are', 'a', 'great', 'de@@', 'al', 'of', 'the', 'development', 'of', 'the', 'development', 'of', 'the', 'Committee', 'on', 'the', 'A@@', 'pri@@', 'l', '.', '</s>']
2025-05-03 12:50:19,074 - INFO - joeynmt.training - 	Source:     Pläne für eine stärkere kerntechnische Zusammenarbeit stehen ganz oben auf der Tagesordnung .
2025-05-03 12:50:19,075 - INFO - joeynmt.training - 	Reference:  high on the agenda are plans for greater nuclear co @-@ operation .
2025-05-03 12:50:19,075 - INFO - joeynmt.training - 	Hypothesis: the other countries are a great deal of the development of the development of the Committee on the April .
2025-05-03 12:50:19,075 - INFO - joeynmt.training - Example #4
2025-05-03 12:50:19,075 - DEBUG - joeynmt.training - 	Tokenized source:     ['Berich@@', 'ten', 'zu@@', 'fol@@', 'ge', 'ho@@', 'fft', 'Indi@@', 'en', 'darüber', 'hinaus', 'auf', 'einen', 'Ver@@', 'trag', 'zur', 'Ver@@', 'tei@@', 'dig@@', 'ungs@@', 'zusammen@@', 'arbeit', 'zwischen', 'den', 'beiden', 'N@@', 'ationen', '.']
2025-05-03 12:50:19,075 - DEBUG - joeynmt.training - 	Tokenized reference:  ['Indi@@', 'a', 'is', 'also', 're@@', 'porte@@', 'dly', 'hop@@', 'ing', 'for', 'a', 'de@@', 'al', 'on', 'def@@', 'ence', 'c@@', 'oll@@', 'ab@@', 'or@@', 'ation', 'between', 'the', 'two', 'n@@', 'ations', '.']
2025-05-03 12:50:19,075 - DEBUG - joeynmt.training - 	Tokenized hypothesis: ['the', 'report', 'has', 'been', 'made', 'in', 'the', 'case', 'of', 'the', 'two', 'poin@@', 'ts', 'in', 'the', 'Committee', 'on', 'the', 'A@@', 'men@@', 'd@@', 'ment', '.', '</s>']
2025-05-03 12:50:19,075 - INFO - joeynmt.training - 	Source:     Berichten zufolge hofft Indien darüber hinaus auf einen Vertrag zur Verteidigungszusammenarbeit zwischen den beiden Nationen .
2025-05-03 12:50:19,075 - INFO - joeynmt.training - 	Reference:  India is also reportedly hoping for a deal on defence collaboration between the two nations .
2025-05-03 12:50:19,075 - INFO - joeynmt.training - 	Hypothesis: the report has been made in the case of the two points in the Committee on the Amendment .
2025-05-03 12:50:24,361 - INFO - joeynmt.training - Epoch   2, Step:     5600, Batch Loss:     2.459337, Batch Acc: 0.321061, Tokens per Sec:    16600, Lr: 0.000300
2025-05-03 12:50:29,696 - INFO - joeynmt.training - Epoch   2, Step:     5700, Batch Loss:     2.391121, Batch Acc: 0.316375, Tokens per Sec:    17047, Lr: 0.000300
2025-05-03 12:50:35,035 - INFO - joeynmt.training - Epoch   2, Step:     5800, Batch Loss:     2.549499, Batch Acc: 0.318216, Tokens per Sec:    17419, Lr: 0.000300
2025-05-03 12:50:40,337 - INFO - joeynmt.training - Epoch   2, Step:     5900, Batch Loss:     2.550132, Batch Acc: 0.324031, Tokens per Sec:    17205, Lr: 0.000300
2025-05-03 12:50:45,663 - INFO - joeynmt.training - Epoch   2, Step:     6000, Batch Loss:     2.497333, Batch Acc: 0.322665, Tokens per Sec:    17446, Lr: 0.000300
2025-05-03 12:50:45,663 - INFO - joeynmt.prediction - Predicting 500 example(s)... (Greedy decoding with min_output_length=1, max_output_length=-1, return_prob='none', generate_unk=True, repetition_penalty=-1, no_repeat_ngram_size=-1)
2025-05-03 12:50:51,297 - INFO - joeynmt.prediction - Evaluation result (greedy) loss:   2.90, ppl:  18.11, acc:   0.25, generation: 5.6274[sec], evaluation: 0.0000[sec]
2025-05-03 12:50:51,298 - INFO - joeynmt.training - Hooray! New best validation result [ppl]!
2025-05-03 12:50:51,383 - INFO - joeynmt.helpers - delete models/deen_transformer_post/3500.ckpt
2025-05-03 12:50:51,387 - INFO - joeynmt.training - Example #0
2025-05-03 12:50:51,389 - DEBUG - joeynmt.training - 	Tokenized source:     ['die', 'Pre@@', 'mi@@', 'er@@', 'minist@@', 'er', 'Indi@@', 'ens', 'und', 'J@@', 'ap@@', 'ans', 'tra@@', 'fen', 'sich', 'in', 'T@@', 'ok@@', 'i@@', 'o', '.']
2025-05-03 12:50:51,389 - DEBUG - joeynmt.training - 	Tokenized reference:  ['Indi@@', 'a', 'and', 'J@@', 'ap@@', 'an', 'pri@@', 'me', 'minist@@', 'ers', 'me@@', 'et', 'in', 'T@@', 'ok@@', 'y@@', 'o']
2025-05-03 12:50:51,389 - DEBUG - joeynmt.training - 	Tokenized hypothesis: ['the', 'S@@', 'wi@@', 'tz@@', 'er@@', 'land', 'and', 'the', 'C@@', 'a@@', 'vi@@', 'g@@', 'o', 'and', 'the', 'C@@', 'a@@', 'vi@@', 'g@@', 'o', '.', '</s>']
2025-05-03 12:50:51,389 - INFO - joeynmt.training - 	Source:     die Premierminister Indiens und Japans trafen sich in Tokio .
2025-05-03 12:50:51,389 - INFO - joeynmt.training - 	Reference:  India and Japan prime ministers meet in Tokyo
2025-05-03 12:50:51,389 - INFO - joeynmt.training - 	Hypothesis: the Switzerland and the Cavigo and the Cavigo .
2025-05-03 12:50:51,389 - INFO - joeynmt.training - Example #1
2025-05-03 12:50:51,389 - DEBUG - joeynmt.training - 	Tokenized source:     ['Indi@@', 'ens', 'neu@@', 'er', 'Pre@@', 'mi@@', 'er@@', 'minist@@', 'er', 'N@@', 'ar@@', 'end@@', 'ra', 'Mo@@', 'd@@', 'i', 'tri@@', 'fft', 'bei', 's@@', 'einem', 'ersten', 'wichti@@', 'gen', 'Aus@@', 'land@@', 's@@', 'bes@@', 'u@@', 'ch', 'seit', 's@@', 'einem', 'W@@', 'ah@@', 'l@@', 'si@@', 'e@@', 'g', 'im', 'Ma@@', 'i', 'seinen', 'j@@', 'ap@@', 'an@@', 'ischen', 'Am@@', 'ts@@', 'k@@', 'olle@@', 'gen', 'S@@', 'hin@@', 'z@@', 'o', 'A@@', 'be', 'in', 'T@@', 'ok@@', 'o', ',', 'um', 'wirtschaf@@', 'tliche', 'und', 'sicher@@', 'heits@@', 'politische', 'Be@@', 'zieh@@', 'ungen', 'zu', 'bes@@', 'pre@@', 'chen', '.']
2025-05-03 12:50:51,389 - DEBUG - joeynmt.training - 	Tokenized reference:  ['Indi@@', 'a', '&apos;s', 'new', 'pri@@', 'me', 'minist@@', 'er', ',', 'N@@', 'ar@@', 'end@@', 'ra', 'Mo@@', 'd@@', 'i', ',', 'is', 'me@@', 'eting', 'his', 'J@@', 'ap@@', 'an@@', 'ese', 'coun@@', 'ter@@', 'part', ',', 'S@@', 'hin@@', 'z@@', 'o', 'A@@', 'be', ',', 'in', 'T@@', 'ok@@', 'y@@', 'o', 'to', 'disc@@', 'uss', 'economic', 'and', 'security', 'ties', ',', 'on', 'his', 'first', 'major', 'fore@@', 'ign', 'visi@@', 't', 'since', 'w@@', 'inn@@', 'ing', 'Ma@@', 'y', '&apos;s', 'elec@@', 'tion', '.']
2025-05-03 12:50:51,389 - DEBUG - joeynmt.training - 	Tokenized hypothesis: ['the', 'new', 'A@@', 'mer@@', 'ic@@', 'a', '&apos;s', 'm@@', 'es@@', 'sage', 'of', 'the', 'first', 're@@', 'siden@@', 'ce', 'of', 'the', 'first', 're@@', 'siden@@', 'ce', 'of', 'the', 'first', 're@@', 'st', 'of', 'the', 'first', 're@@', 'st', 'of', 'the', 'C@@', 'a@@', 'vi@@', 'g@@', 'or@@', 'ous', 'C@@', 'a@@', 'vi@@', 'g@@', 'or@@', 'ous', 'C@@', 'a@@', 'vi@@', 'g@@', 'or@@', 'ous', ',', 'and', 'the', 'political', 'par@@', 'ties', '.', '</s>']
2025-05-03 12:50:51,390 - INFO - joeynmt.training - 	Source:     Indiens neuer Premierminister Narendra Modi trifft bei seinem ersten wichtigen Auslandsbesuch seit seinem Wahlsieg im Mai seinen japanischen Amtskollegen Shinzo Abe in Toko , um wirtschaftliche und sicherheitspolitische Beziehungen zu besprechen .
2025-05-03 12:50:51,390 - INFO - joeynmt.training - 	Reference:  India &apos;s new prime minister , Narendra Modi , is meeting his Japanese counterpart , Shinzo Abe , in Tokyo to discuss economic and security ties , on his first major foreign visit since winning May &apos;s election .
2025-05-03 12:50:51,390 - INFO - joeynmt.training - 	Hypothesis: the new America &apos;s message of the first residence of the first residence of the first rest of the first rest of the Cavigorous Cavigorous Cavigorous , and the political parties .
2025-05-03 12:50:51,390 - INFO - joeynmt.training - Example #2
2025-05-03 12:50:51,390 - DEBUG - joeynmt.training - 	Tokenized source:     ['Herr', 'Mo@@', 'd@@', 'i', 'befindet', 'sich', 'auf', 'einer', 'fü@@', 'n@@', 'f@@', 'tä@@', 'gi@@', 'gen', 'Rei@@', 'se', 'nach', 'J@@', 'ap@@', 'an', ',', 'um', 'die', 'wirtschaf@@', 'tlichen', 'Be@@', 'zieh@@', 'ungen', 'mit', 'der', 'd@@', 'rit@@', 't@@', 'größ@@', 'ten', 'Wirtschafts@@', 'n@@', 'ation', 'der', 'Welt', 'zu', 'fes@@', 'tigen', '.']
2025-05-03 12:50:51,390 - DEBUG - joeynmt.training - 	Tokenized reference:  ['Mr', 'Mo@@', 'd@@', 'i', 'is', 'on', 'a', 'fi@@', 've', '@@@', '-@@', '@', 'day', 'tri@@', 'p', 'to', 'J@@', 'ap@@', 'an', 'to', 'streng@@', 'then', 'economic', 'ties', 'with', 'the', 'third', 'lar@@', 'ges@@', 't', 'econom@@', 'y', 'in', 'the', 'world', '.']
2025-05-03 12:50:51,390 - DEBUG - joeynmt.training - 	Tokenized hypothesis: ['Mr', 'President', ',', 'the', 'b@@', 'l@@', 'ack', 'of', 'a', 'b@@', 'l@@', 'ack', 'of', 'the', 'world', '&apos;s', 'di@@', 'alo@@', 'gue', 'with', 'the', 'world', ',', 'which', 'are', 'the', 'world', '&apos;s', 'economic', 'and', 'the', 'world', '.', '</s>']
2025-05-03 12:50:51,390 - INFO - joeynmt.training - 	Source:     Herr Modi befindet sich auf einer fünftägigen Reise nach Japan , um die wirtschaftlichen Beziehungen mit der drittgrößten Wirtschaftsnation der Welt zu festigen .
2025-05-03 12:50:51,390 - INFO - joeynmt.training - 	Reference:  Mr Modi is on a five @-@ day trip to Japan to strengthen economic ties with the third largest economy in the world .
2025-05-03 12:50:51,390 - INFO - joeynmt.training - 	Hypothesis: Mr President , the black of a black of the world &apos;s dialogue with the world , which are the world &apos;s economic and the world .
2025-05-03 12:50:51,390 - INFO - joeynmt.training - Example #3
2025-05-03 12:50:51,390 - DEBUG - joeynmt.training - 	Tokenized source:     ['P@@', 'län@@', 'e', 'für', 'eine', 'stärk@@', 'ere', 'k@@', 'ern@@', 'techn@@', 'ische', 'Zusammenarbeit', 'stehen', 'ganz', 'ob@@', 'en', 'auf', 'der', 'Tag@@', 'es@@', 'ordnung', '.']
2025-05-03 12:50:51,390 - DEBUG - joeynmt.training - 	Tokenized reference:  ['high', 'on', 'the', 'agen@@', 'da', 'are', 'pl@@', 'ans', 'for', 'gre@@', 'ater', 'nu@@', 'clear', 'c@@', 'o', '@@@', '-@@', '@', 'operation', '.']
2025-05-03 12:50:51,390 - DEBUG - joeynmt.training - 	Tokenized hypothesis: ['A@@', 'mer@@', 'ic@@', 'a', 'is', 'a', 'great', 'de@@', 'al', 'of', 'the', 'development', 'of', 'the', 're@@', 'lev@@', 'ant', 'development', 'of', 'the', 're@@', 'lev@@', 'ant', 'development', 'of', 'the', 're@@', 'st', 'of', 'the', 're@@', 'st', 'of', 'the', 're@@', 'st', 'of', 'the', 're@@', 'st', 'of', 'the', 're@@', 'st', 'of', 'the', 'A@@', 'mer@@', 'ic@@', 'a', '.', '</s>']
2025-05-03 12:50:51,391 - INFO - joeynmt.training - 	Source:     Pläne für eine stärkere kerntechnische Zusammenarbeit stehen ganz oben auf der Tagesordnung .
2025-05-03 12:50:51,391 - INFO - joeynmt.training - 	Reference:  high on the agenda are plans for greater nuclear co @-@ operation .
2025-05-03 12:50:51,391 - INFO - joeynmt.training - 	Hypothesis: America is a great deal of the development of the relevant development of the relevant development of the rest of the rest of the rest of the rest of the rest of the America .
2025-05-03 12:50:51,391 - INFO - joeynmt.training - Example #4
2025-05-03 12:50:51,391 - DEBUG - joeynmt.training - 	Tokenized source:     ['Berich@@', 'ten', 'zu@@', 'fol@@', 'ge', 'ho@@', 'fft', 'Indi@@', 'en', 'darüber', 'hinaus', 'auf', 'einen', 'Ver@@', 'trag', 'zur', 'Ver@@', 'tei@@', 'dig@@', 'ungs@@', 'zusammen@@', 'arbeit', 'zwischen', 'den', 'beiden', 'N@@', 'ationen', '.']
2025-05-03 12:50:51,391 - DEBUG - joeynmt.training - 	Tokenized reference:  ['Indi@@', 'a', 'is', 'also', 're@@', 'porte@@', 'dly', 'hop@@', 'ing', 'for', 'a', 'de@@', 'al', 'on', 'def@@', 'ence', 'c@@', 'oll@@', 'ab@@', 'or@@', 'ation', 'between', 'the', 'two', 'n@@', 'ations', '.']
2025-05-03 12:50:51,391 - DEBUG - joeynmt.training - 	Tokenized hypothesis: ['the', 're@@', 'form', 'of', 'the', 'United', 'N@@', 'ations', 'has', 'been', 'made', 'to', 'a', 'new', 'agreement', '.', '</s>']
2025-05-03 12:50:51,391 - INFO - joeynmt.training - 	Source:     Berichten zufolge hofft Indien darüber hinaus auf einen Vertrag zur Verteidigungszusammenarbeit zwischen den beiden Nationen .
2025-05-03 12:50:51,391 - INFO - joeynmt.training - 	Reference:  India is also reportedly hoping for a deal on defence collaboration between the two nations .
2025-05-03 12:50:51,391 - INFO - joeynmt.training - 	Hypothesis: the reform of the United Nations has been made to a new agreement .
2025-05-03 12:50:56,705 - INFO - joeynmt.training - Epoch   2, Step:     6100, Batch Loss:     2.360549, Batch Acc: 0.321590, Tokens per Sec:    16981, Lr: 0.000300
2025-05-03 12:51:01,955 - INFO - joeynmt.training - Epoch   2, Step:     6200, Batch Loss:     2.568162, Batch Acc: 0.323283, Tokens per Sec:    17455, Lr: 0.000300
2025-05-03 12:51:07,427 - INFO - joeynmt.training - Epoch   2, Step:     6300, Batch Loss:     2.382853, Batch Acc: 0.327177, Tokens per Sec:    16941, Lr: 0.000300
2025-05-03 12:51:12,664 - INFO - joeynmt.training - Epoch   2, Step:     6400, Batch Loss:     2.313289, Batch Acc: 0.332442, Tokens per Sec:    17425, Lr: 0.000300
2025-05-03 12:51:18,003 - INFO - joeynmt.training - Epoch   2, Step:     6500, Batch Loss:     2.502206, Batch Acc: 0.329894, Tokens per Sec:    16778, Lr: 0.000300
2025-05-03 12:51:18,003 - INFO - joeynmt.prediction - Predicting 500 example(s)... (Greedy decoding with min_output_length=1, max_output_length=-1, return_prob='none', generate_unk=True, repetition_penalty=-1, no_repeat_ngram_size=-1)
2025-05-03 12:51:23,927 - INFO - joeynmt.prediction - Evaluation result (greedy) loss:   2.87, ppl:  17.61, acc:   0.26, generation: 5.9174[sec], evaluation: 0.0000[sec]
2025-05-03 12:51:23,927 - INFO - joeynmt.training - Hooray! New best validation result [ppl]!
2025-05-03 12:51:24,010 - INFO - joeynmt.helpers - delete models/deen_transformer_post/4000.ckpt
2025-05-03 12:51:24,017 - INFO - joeynmt.training - Example #0
2025-05-03 12:51:24,017 - DEBUG - joeynmt.training - 	Tokenized source:     ['die', 'Pre@@', 'mi@@', 'er@@', 'minist@@', 'er', 'Indi@@', 'ens', 'und', 'J@@', 'ap@@', 'ans', 'tra@@', 'fen', 'sich', 'in', 'T@@', 'ok@@', 'i@@', 'o', '.']
2025-05-03 12:51:24,017 - DEBUG - joeynmt.training - 	Tokenized reference:  ['Indi@@', 'a', 'and', 'J@@', 'ap@@', 'an', 'pri@@', 'me', 'minist@@', 'ers', 'me@@', 'et', 'in', 'T@@', 'ok@@', 'y@@', 'o']
2025-05-03 12:51:24,017 - DEBUG - joeynmt.training - 	Tokenized hypothesis: ['the', 'S@@', 'i@@', 'gh@@', 't@@', 'ful', 'and', 'J@@', 'o@@', 'd@@', 'i', 'and', 'J@@', 'o@@', 'd@@', 'i', '.', '</s>']
2025-05-03 12:51:24,017 - INFO - joeynmt.training - 	Source:     die Premierminister Indiens und Japans trafen sich in Tokio .
2025-05-03 12:51:24,017 - INFO - joeynmt.training - 	Reference:  India and Japan prime ministers meet in Tokyo
2025-05-03 12:51:24,017 - INFO - joeynmt.training - 	Hypothesis: the Sightful and Jodi and Jodi .
2025-05-03 12:51:24,017 - INFO - joeynmt.training - Example #1
2025-05-03 12:51:24,018 - DEBUG - joeynmt.training - 	Tokenized source:     ['Indi@@', 'ens', 'neu@@', 'er', 'Pre@@', 'mi@@', 'er@@', 'minist@@', 'er', 'N@@', 'ar@@', 'end@@', 'ra', 'Mo@@', 'd@@', 'i', 'tri@@', 'fft', 'bei', 's@@', 'einem', 'ersten', 'wichti@@', 'gen', 'Aus@@', 'land@@', 's@@', 'bes@@', 'u@@', 'ch', 'seit', 's@@', 'einem', 'W@@', 'ah@@', 'l@@', 'si@@', 'e@@', 'g', 'im', 'Ma@@', 'i', 'seinen', 'j@@', 'ap@@', 'an@@', 'ischen', 'Am@@', 'ts@@', 'k@@', 'olle@@', 'gen', 'S@@', 'hin@@', 'z@@', 'o', 'A@@', 'be', 'in', 'T@@', 'ok@@', 'o', ',', 'um', 'wirtschaf@@', 'tliche', 'und', 'sicher@@', 'heits@@', 'politische', 'Be@@', 'zieh@@', 'ungen', 'zu', 'bes@@', 'pre@@', 'chen', '.']
2025-05-03 12:51:24,018 - DEBUG - joeynmt.training - 	Tokenized reference:  ['Indi@@', 'a', '&apos;s', 'new', 'pri@@', 'me', 'minist@@', 'er', ',', 'N@@', 'ar@@', 'end@@', 'ra', 'Mo@@', 'd@@', 'i', ',', 'is', 'me@@', 'eting', 'his', 'J@@', 'ap@@', 'an@@', 'ese', 'coun@@', 'ter@@', 'part', ',', 'S@@', 'hin@@', 'z@@', 'o', 'A@@', 'be', ',', 'in', 'T@@', 'ok@@', 'y@@', 'o', 'to', 'disc@@', 'uss', 'economic', 'and', 'security', 'ties', ',', 'on', 'his', 'first', 'major', 'fore@@', 'ign', 'visi@@', 't', 'since', 'w@@', 'inn@@', 'ing', 'Ma@@', 'y', '&apos;s', 'elec@@', 'tion', '.']
2025-05-03 12:51:24,018 - DEBUG - joeynmt.training - 	Tokenized hypothesis: ['in', 'the', 'first', 'time', ',', 'the', 'first', 'of', 'the', 'first', 'time', ',', 'the', 'first', 'of', 'the', 'first', 'time', ',', 'in', 'the', 'first', 'time', 'of', 'the', 'first', 'read@@', 'ing', 'of', 'the', 'S@@', 'ol@@', 'den', 'of', 'the', 'S@@', 'ol@@', 'den', 'of', 'the', 'S@@', 'ol@@', 'den', 'of', 'the', 'S@@', 'ol@@', 'den', 'of', 'the', 'S@@', 'ol@@', 'den', 'of', 'the', 'S@@', 'ol@@', 'den', ',', 'and', 'the', 'European', 'ci@@', 'vi@@', 'l', 'of', 'the', 'European', 'poli@@', 'cies', '.', '</s>']
2025-05-03 12:51:24,018 - INFO - joeynmt.training - 	Source:     Indiens neuer Premierminister Narendra Modi trifft bei seinem ersten wichtigen Auslandsbesuch seit seinem Wahlsieg im Mai seinen japanischen Amtskollegen Shinzo Abe in Toko , um wirtschaftliche und sicherheitspolitische Beziehungen zu besprechen .
2025-05-03 12:51:24,018 - INFO - joeynmt.training - 	Reference:  India &apos;s new prime minister , Narendra Modi , is meeting his Japanese counterpart , Shinzo Abe , in Tokyo to discuss economic and security ties , on his first major foreign visit since winning May &apos;s election .
2025-05-03 12:51:24,018 - INFO - joeynmt.training - 	Hypothesis: in the first time , the first of the first time , the first of the first time , in the first time of the first reading of the Solden of the Solden of the Solden of the Solden of the Solden of the Solden , and the European civil of the European policies .
2025-05-03 12:51:24,018 - INFO - joeynmt.training - Example #2
2025-05-03 12:51:24,018 - DEBUG - joeynmt.training - 	Tokenized source:     ['Herr', 'Mo@@', 'd@@', 'i', 'befindet', 'sich', 'auf', 'einer', 'fü@@', 'n@@', 'f@@', 'tä@@', 'gi@@', 'gen', 'Rei@@', 'se', 'nach', 'J@@', 'ap@@', 'an', ',', 'um', 'die', 'wirtschaf@@', 'tlichen', 'Be@@', 'zieh@@', 'ungen', 'mit', 'der', 'd@@', 'rit@@', 't@@', 'größ@@', 'ten', 'Wirtschafts@@', 'n@@', 'ation', 'der', 'Welt', 'zu', 'fes@@', 'tigen', '.']
2025-05-03 12:51:24,018 - DEBUG - joeynmt.training - 	Tokenized reference:  ['Mr', 'Mo@@', 'd@@', 'i', 'is', 'on', 'a', 'fi@@', 've', '@@@', '-@@', '@', 'day', 'tri@@', 'p', 'to', 'J@@', 'ap@@', 'an', 'to', 'streng@@', 'then', 'economic', 'ties', 'with', 'the', 'third', 'lar@@', 'ges@@', 't', 'econom@@', 'y', 'in', 'the', 'world', '.']
2025-05-03 12:51:24,018 - DEBUG - joeynmt.training - 	Tokenized hypothesis: ['Mr', 'President', ',', 'the', 'b@@', 'ig@@', 'ges@@', 't', 'c@@', 'ard', 'of', 'the', 'most', 'of', 'the', 'most', 'important', 'c@@', 'an@@', 'di@@', 'date', 'countries', ',', 'the', 'world', '&apos;s', 'economic', ',', 'the', 'world', '&apos;s', 'most', 'important', 'c@@', 'are@@', 'er', '.', '</s>']
2025-05-03 12:51:24,019 - INFO - joeynmt.training - 	Source:     Herr Modi befindet sich auf einer fünftägigen Reise nach Japan , um die wirtschaftlichen Beziehungen mit der drittgrößten Wirtschaftsnation der Welt zu festigen .
2025-05-03 12:51:24,019 - INFO - joeynmt.training - 	Reference:  Mr Modi is on a five @-@ day trip to Japan to strengthen economic ties with the third largest economy in the world .
2025-05-03 12:51:24,019 - INFO - joeynmt.training - 	Hypothesis: Mr President , the biggest card of the most of the most important candidate countries , the world &apos;s economic , the world &apos;s most important career .
2025-05-03 12:51:24,019 - INFO - joeynmt.training - Example #3
2025-05-03 12:51:24,019 - DEBUG - joeynmt.training - 	Tokenized source:     ['P@@', 'län@@', 'e', 'für', 'eine', 'stärk@@', 'ere', 'k@@', 'ern@@', 'techn@@', 'ische', 'Zusammenarbeit', 'stehen', 'ganz', 'ob@@', 'en', 'auf', 'der', 'Tag@@', 'es@@', 'ordnung', '.']
2025-05-03 12:51:24,019 - DEBUG - joeynmt.training - 	Tokenized reference:  ['high', 'on', 'the', 'agen@@', 'da', 'are', 'pl@@', 'ans', 'for', 'gre@@', 'ater', 'nu@@', 'clear', 'c@@', 'o', '@@@', '-@@', '@', 'operation', '.']
2025-05-03 12:51:24,019 - DEBUG - joeynmt.training - 	Tokenized hypothesis: ['all', 'of', 'the', 'development', 'of', 'the', 'pro@@', 'per@@', 'ty', 'of', 'the', 'Commission', 'is', 'to', 'be', 'able', 'to', 're@@', 'duce', 'the', 're@@', 'st', 'of', 'the', 'Commission', '.', '</s>']
2025-05-03 12:51:24,019 - INFO - joeynmt.training - 	Source:     Pläne für eine stärkere kerntechnische Zusammenarbeit stehen ganz oben auf der Tagesordnung .
2025-05-03 12:51:24,019 - INFO - joeynmt.training - 	Reference:  high on the agenda are plans for greater nuclear co @-@ operation .
2025-05-03 12:51:24,019 - INFO - joeynmt.training - 	Hypothesis: all of the development of the property of the Commission is to be able to reduce the rest of the Commission .
2025-05-03 12:51:24,019 - INFO - joeynmt.training - Example #4
2025-05-03 12:51:24,020 - DEBUG - joeynmt.training - 	Tokenized source:     ['Berich@@', 'ten', 'zu@@', 'fol@@', 'ge', 'ho@@', 'fft', 'Indi@@', 'en', 'darüber', 'hinaus', 'auf', 'einen', 'Ver@@', 'trag', 'zur', 'Ver@@', 'tei@@', 'dig@@', 'ungs@@', 'zusammen@@', 'arbeit', 'zwischen', 'den', 'beiden', 'N@@', 'ationen', '.']
2025-05-03 12:51:24,020 - DEBUG - joeynmt.training - 	Tokenized reference:  ['Indi@@', 'a', 'is', 'also', 're@@', 'porte@@', 'dly', 'hop@@', 'ing', 'for', 'a', 'de@@', 'al', 'on', 'def@@', 'ence', 'c@@', 'oll@@', 'ab@@', 'or@@', 'ation', 'between', 'the', 'two', 'n@@', 'ations', '.']
2025-05-03 12:51:24,020 - DEBUG - joeynmt.training - 	Tokenized hypothesis: ['the', 're@@', 'st', 'of', 'the', 'A@@', 'gen@@', 'cy', 'has', 'to', 'be', 'a', 'number', 'of', 'the', 'two', 'par@@', 'ties', '.', '</s>']
2025-05-03 12:51:24,020 - INFO - joeynmt.training - 	Source:     Berichten zufolge hofft Indien darüber hinaus auf einen Vertrag zur Verteidigungszusammenarbeit zwischen den beiden Nationen .
2025-05-03 12:51:24,020 - INFO - joeynmt.training - 	Reference:  India is also reportedly hoping for a deal on defence collaboration between the two nations .
2025-05-03 12:51:24,020 - INFO - joeynmt.training - 	Hypothesis: the rest of the Agency has to be a number of the two parties .
2025-05-03 12:51:29,384 - INFO - joeynmt.training - Epoch   2, Step:     6600, Batch Loss:     2.458783, Batch Acc: 0.328492, Tokens per Sec:    16822, Lr: 0.000300
2025-05-03 12:51:34,612 - INFO - joeynmt.training - Epoch   2, Step:     6700, Batch Loss:     2.412398, Batch Acc: 0.332793, Tokens per Sec:    17568, Lr: 0.000300
2025-05-03 12:51:40,014 - INFO - joeynmt.training - Epoch   2, Step:     6800, Batch Loss:     2.432528, Batch Acc: 0.333243, Tokens per Sec:    17008, Lr: 0.000300
2025-05-03 12:51:45,307 - INFO - joeynmt.training - Epoch   2, Step:     6900, Batch Loss:     2.390604, Batch Acc: 0.329080, Tokens per Sec:    17309, Lr: 0.000300
2025-05-03 12:51:50,707 - INFO - joeynmt.training - Epoch   2, Step:     7000, Batch Loss:     2.437835, Batch Acc: 0.334631, Tokens per Sec:    16978, Lr: 0.000300
2025-05-03 12:51:50,707 - INFO - joeynmt.prediction - Predicting 500 example(s)... (Greedy decoding with min_output_length=1, max_output_length=-1, return_prob='none', generate_unk=True, repetition_penalty=-1, no_repeat_ngram_size=-1)
2025-05-03 12:51:55,653 - INFO - joeynmt.prediction - Evaluation result (greedy) loss:   2.85, ppl:  17.32, acc:   0.26, generation: 4.9389[sec], evaluation: 0.0000[sec]
2025-05-03 12:51:55,654 - INFO - joeynmt.training - Hooray! New best validation result [ppl]!
2025-05-03 12:51:55,736 - INFO - joeynmt.helpers - delete models/deen_transformer_post/4500.ckpt
2025-05-03 12:51:55,743 - INFO - joeynmt.training - Example #0
2025-05-03 12:51:55,743 - DEBUG - joeynmt.training - 	Tokenized source:     ['die', 'Pre@@', 'mi@@', 'er@@', 'minist@@', 'er', 'Indi@@', 'ens', 'und', 'J@@', 'ap@@', 'ans', 'tra@@', 'fen', 'sich', 'in', 'T@@', 'ok@@', 'i@@', 'o', '.']
2025-05-03 12:51:55,743 - DEBUG - joeynmt.training - 	Tokenized reference:  ['Indi@@', 'a', 'and', 'J@@', 'ap@@', 'an', 'pri@@', 'me', 'minist@@', 'ers', 'me@@', 'et', 'in', 'T@@', 'ok@@', 'y@@', 'o']
2025-05-03 12:51:55,743 - DEBUG - joeynmt.training - 	Tokenized hypothesis: ['the', 'Pre@@', 'siden@@', 'cy', 'of', 'the', 'S@@', 'wi@@', 'ss', 'and', 'J@@', 'o@@', 'z@@', 'z@@', 'z@@', 'z@@', 'o', '.', '</s>']
2025-05-03 12:51:55,744 - INFO - joeynmt.training - 	Source:     die Premierminister Indiens und Japans trafen sich in Tokio .
2025-05-03 12:51:55,744 - INFO - joeynmt.training - 	Reference:  India and Japan prime ministers meet in Tokyo
2025-05-03 12:51:55,744 - INFO - joeynmt.training - 	Hypothesis: the Presidency of the Swiss and Jozzzzo .
2025-05-03 12:51:55,744 - INFO - joeynmt.training - Example #1
2025-05-03 12:51:55,744 - DEBUG - joeynmt.training - 	Tokenized source:     ['Indi@@', 'ens', 'neu@@', 'er', 'Pre@@', 'mi@@', 'er@@', 'minist@@', 'er', 'N@@', 'ar@@', 'end@@', 'ra', 'Mo@@', 'd@@', 'i', 'tri@@', 'fft', 'bei', 's@@', 'einem', 'ersten', 'wichti@@', 'gen', 'Aus@@', 'land@@', 's@@', 'bes@@', 'u@@', 'ch', 'seit', 's@@', 'einem', 'W@@', 'ah@@', 'l@@', 'si@@', 'e@@', 'g', 'im', 'Ma@@', 'i', 'seinen', 'j@@', 'ap@@', 'an@@', 'ischen', 'Am@@', 'ts@@', 'k@@', 'olle@@', 'gen', 'S@@', 'hin@@', 'z@@', 'o', 'A@@', 'be', 'in', 'T@@', 'ok@@', 'o', ',', 'um', 'wirtschaf@@', 'tliche', 'und', 'sicher@@', 'heits@@', 'politische', 'Be@@', 'zieh@@', 'ungen', 'zu', 'bes@@', 'pre@@', 'chen', '.']
2025-05-03 12:51:55,744 - DEBUG - joeynmt.training - 	Tokenized reference:  ['Indi@@', 'a', '&apos;s', 'new', 'pri@@', 'me', 'minist@@', 'er', ',', 'N@@', 'ar@@', 'end@@', 'ra', 'Mo@@', 'd@@', 'i', ',', 'is', 'me@@', 'eting', 'his', 'J@@', 'ap@@', 'an@@', 'ese', 'coun@@', 'ter@@', 'part', ',', 'S@@', 'hin@@', 'z@@', 'o', 'A@@', 'be', ',', 'in', 'T@@', 'ok@@', 'y@@', 'o', 'to', 'disc@@', 'uss', 'economic', 'and', 'security', 'ties', ',', 'on', 'his', 'first', 'major', 'fore@@', 'ign', 'visi@@', 't', 'since', 'w@@', 'inn@@', 'ing', 'Ma@@', 'y', '&apos;s', 'elec@@', 'tion', '.']
2025-05-03 12:51:55,744 - DEBUG - joeynmt.training - 	Tokenized hypothesis: ['in', 'the', 'new', 'comm@@', 'unic@@', 'ation', 'of', 'the', 'F@@', 'ren@@', 'ch', 'of', 'the', 'first', 'time', 'of', 'the', 'first', 'time', 'of', 'the', 'first', 'and', 'the', 'first', 'time', 'of', 'the', 'first', 'and', 'the', 'S@@', 'outh', 'Afri@@', 'ca', ',', 'in', 'the', 'S@@', 'wi@@', 'ss', 'A@@', 'ra@@', 'b', ',', 'and', 'the', 'de@@', 'ath', 'of', 'the', 'C@@', 'hr@@', 'is@@', 'ti@@', 'an', 'political', 'and', 'the', 'political', 'and', 'to', 'the', 'political', 'and', 'to', 'be', 're@@', 'in@@', 'dep@@', 'end@@', 'ent', '.', '</s>']
2025-05-03 12:51:55,744 - INFO - joeynmt.training - 	Source:     Indiens neuer Premierminister Narendra Modi trifft bei seinem ersten wichtigen Auslandsbesuch seit seinem Wahlsieg im Mai seinen japanischen Amtskollegen Shinzo Abe in Toko , um wirtschaftliche und sicherheitspolitische Beziehungen zu besprechen .
2025-05-03 12:51:55,745 - INFO - joeynmt.training - 	Reference:  India &apos;s new prime minister , Narendra Modi , is meeting his Japanese counterpart , Shinzo Abe , in Tokyo to discuss economic and security ties , on his first major foreign visit since winning May &apos;s election .
2025-05-03 12:51:55,745 - INFO - joeynmt.training - 	Hypothesis: in the new communication of the French of the first time of the first time of the first and the first time of the first and the South Africa , in the Swiss Arab , and the death of the Christian political and the political and to the political and to be reindependent .
2025-05-03 12:51:55,745 - INFO - joeynmt.training - Example #2
2025-05-03 12:51:55,745 - DEBUG - joeynmt.training - 	Tokenized source:     ['Herr', 'Mo@@', 'd@@', 'i', 'befindet', 'sich', 'auf', 'einer', 'fü@@', 'n@@', 'f@@', 'tä@@', 'gi@@', 'gen', 'Rei@@', 'se', 'nach', 'J@@', 'ap@@', 'an', ',', 'um', 'die', 'wirtschaf@@', 'tlichen', 'Be@@', 'zieh@@', 'ungen', 'mit', 'der', 'd@@', 'rit@@', 't@@', 'größ@@', 'ten', 'Wirtschafts@@', 'n@@', 'ation', 'der', 'Welt', 'zu', 'fes@@', 'tigen', '.']
2025-05-03 12:51:55,745 - DEBUG - joeynmt.training - 	Tokenized reference:  ['Mr', 'Mo@@', 'd@@', 'i', 'is', 'on', 'a', 'fi@@', 've', '@@@', '-@@', '@', 'day', 'tri@@', 'p', 'to', 'J@@', 'ap@@', 'an', 'to', 'streng@@', 'then', 'economic', 'ties', 'with', 'the', 'third', 'lar@@', 'ges@@', 't', 'econom@@', 'y', 'in', 'the', 'world', '.']
2025-05-03 12:51:55,745 - DEBUG - joeynmt.training - 	Tokenized hypothesis: ['Mr', 'C@@', 'ro@@', 'ati@@', 'a', 'is', 'a', 'very', 'sh@@', 'ort', 'of', 'the', 'most', 'important', 'di@@', 'alo@@', 'gue', 'with', 'the', 'economic', 'and', 'the', 'economic', ',', 'the', 'world', 'of', 'the', 'world', '&apos;s', 'economic', 'situation', '.', '</s>']
2025-05-03 12:51:55,745 - INFO - joeynmt.training - 	Source:     Herr Modi befindet sich auf einer fünftägigen Reise nach Japan , um die wirtschaftlichen Beziehungen mit der drittgrößten Wirtschaftsnation der Welt zu festigen .
2025-05-03 12:51:55,745 - INFO - joeynmt.training - 	Reference:  Mr Modi is on a five @-@ day trip to Japan to strengthen economic ties with the third largest economy in the world .
2025-05-03 12:51:55,745 - INFO - joeynmt.training - 	Hypothesis: Mr Croatia is a very short of the most important dialogue with the economic and the economic , the world of the world &apos;s economic situation .
2025-05-03 12:51:55,745 - INFO - joeynmt.training - Example #3
2025-05-03 12:51:55,745 - DEBUG - joeynmt.training - 	Tokenized source:     ['P@@', 'län@@', 'e', 'für', 'eine', 'stärk@@', 'ere', 'k@@', 'ern@@', 'techn@@', 'ische', 'Zusammenarbeit', 'stehen', 'ganz', 'ob@@', 'en', 'auf', 'der', 'Tag@@', 'es@@', 'ordnung', '.']
2025-05-03 12:51:55,745 - DEBUG - joeynmt.training - 	Tokenized reference:  ['high', 'on', 'the', 'agen@@', 'da', 'are', 'pl@@', 'ans', 'for', 'gre@@', 'ater', 'nu@@', 'clear', 'c@@', 'o', '@@@', '-@@', '@', 'operation', '.']
2025-05-03 12:51:55,745 - DEBUG - joeynmt.training - 	Tokenized hypothesis: ['all', 'of', 'the', 'development', 'development', 'of', 'a', 'development', 'of', 'the', 'Committee', 'on', 'Bu@@', 'd@@', 'get', 'is', 'to', 'be', 'able', 'to', 'the', 'next', '.', '</s>']
2025-05-03 12:51:55,745 - INFO - joeynmt.training - 	Source:     Pläne für eine stärkere kerntechnische Zusammenarbeit stehen ganz oben auf der Tagesordnung .
2025-05-03 12:51:55,745 - INFO - joeynmt.training - 	Reference:  high on the agenda are plans for greater nuclear co @-@ operation .
2025-05-03 12:51:55,745 - INFO - joeynmt.training - 	Hypothesis: all of the development development of a development of the Committee on Budget is to be able to the next .
2025-05-03 12:51:55,745 - INFO - joeynmt.training - Example #4
2025-05-03 12:51:55,746 - DEBUG - joeynmt.training - 	Tokenized source:     ['Berich@@', 'ten', 'zu@@', 'fol@@', 'ge', 'ho@@', 'fft', 'Indi@@', 'en', 'darüber', 'hinaus', 'auf', 'einen', 'Ver@@', 'trag', 'zur', 'Ver@@', 'tei@@', 'dig@@', 'ungs@@', 'zusammen@@', 'arbeit', 'zwischen', 'den', 'beiden', 'N@@', 'ationen', '.']
2025-05-03 12:51:55,746 - DEBUG - joeynmt.training - 	Tokenized reference:  ['Indi@@', 'a', 'is', 'also', 're@@', 'porte@@', 'dly', 'hop@@', 'ing', 'for', 'a', 'de@@', 'al', 'on', 'def@@', 'ence', 'c@@', 'oll@@', 'ab@@', 'or@@', 'ation', 'between', 'the', 'two', 'n@@', 'ations', '.']
2025-05-03 12:51:55,746 - DEBUG - joeynmt.training - 	Tokenized hypothesis: ['the', 'propos@@', 'ed', 'con@@', 'struc@@', 'tive', 're@@', 'form', 'on', 'the', 'Commission', 'to', 're@@', 'duce', 'a', 're@@', 'view', 'of', 'the', 'two', 'comm@@', 'unic@@', 'ation', '.', '</s>']
2025-05-03 12:51:55,746 - INFO - joeynmt.training - 	Source:     Berichten zufolge hofft Indien darüber hinaus auf einen Vertrag zur Verteidigungszusammenarbeit zwischen den beiden Nationen .
2025-05-03 12:51:55,746 - INFO - joeynmt.training - 	Reference:  India is also reportedly hoping for a deal on defence collaboration between the two nations .
2025-05-03 12:51:55,746 - INFO - joeynmt.training - 	Hypothesis: the proposed constructive reform on the Commission to reduce a review of the two communication .
2025-05-03 12:52:01,082 - INFO - joeynmt.training - Epoch   2, Step:     7100, Batch Loss:     2.406404, Batch Acc: 0.339751, Tokens per Sec:    17017, Lr: 0.000300
2025-05-03 12:52:06,531 - INFO - joeynmt.training - Epoch   2, Step:     7200, Batch Loss:     2.312755, Batch Acc: 0.332934, Tokens per Sec:    17019, Lr: 0.000300
2025-05-03 12:52:11,807 - INFO - joeynmt.training - Epoch   2, Step:     7300, Batch Loss:     2.567712, Batch Acc: 0.339272, Tokens per Sec:    17268, Lr: 0.000300
2025-05-03 12:52:17,194 - INFO - joeynmt.training - Epoch   2, Step:     7400, Batch Loss:     2.359532, Batch Acc: 0.340256, Tokens per Sec:    16732, Lr: 0.000300
2025-05-03 12:52:22,498 - INFO - joeynmt.training - Epoch   2, Step:     7500, Batch Loss:     2.475167, Batch Acc: 0.338563, Tokens per Sec:    17578, Lr: 0.000300
2025-05-03 12:52:22,498 - INFO - joeynmt.prediction - Predicting 500 example(s)... (Greedy decoding with min_output_length=1, max_output_length=-1, return_prob='none', generate_unk=True, repetition_penalty=-1, no_repeat_ngram_size=-1)
2025-05-03 12:52:28,482 - INFO - joeynmt.prediction - Evaluation result (greedy) loss:   2.83, ppl:  16.93, acc:   0.27, generation: 5.9756[sec], evaluation: 0.0000[sec]
2025-05-03 12:52:28,482 - INFO - joeynmt.training - Hooray! New best validation result [ppl]!
2025-05-03 12:52:28,563 - INFO - joeynmt.helpers - delete models/deen_transformer_post/5000.ckpt
2025-05-03 12:52:28,569 - INFO - joeynmt.training - Example #0
2025-05-03 12:52:28,569 - DEBUG - joeynmt.training - 	Tokenized source:     ['die', 'Pre@@', 'mi@@', 'er@@', 'minist@@', 'er', 'Indi@@', 'ens', 'und', 'J@@', 'ap@@', 'ans', 'tra@@', 'fen', 'sich', 'in', 'T@@', 'ok@@', 'i@@', 'o', '.']
2025-05-03 12:52:28,570 - DEBUG - joeynmt.training - 	Tokenized reference:  ['Indi@@', 'a', 'and', 'J@@', 'ap@@', 'an', 'pri@@', 'me', 'minist@@', 'ers', 'me@@', 'et', 'in', 'T@@', 'ok@@', 'y@@', 'o']
2025-05-03 12:52:28,570 - DEBUG - joeynmt.training - 	Tokenized hypothesis: ['the', 'Con@@', 'vention', 'of', 'J@@', 'ap@@', 'an', 'and', 'J@@', 'ap@@', 'an', 'and', 'J@@', 'ap@@', 'an', '.', '</s>']
2025-05-03 12:52:28,570 - INFO - joeynmt.training - 	Source:     die Premierminister Indiens und Japans trafen sich in Tokio .
2025-05-03 12:52:28,570 - INFO - joeynmt.training - 	Reference:  India and Japan prime ministers meet in Tokyo
2025-05-03 12:52:28,570 - INFO - joeynmt.training - 	Hypothesis: the Convention of Japan and Japan and Japan .
2025-05-03 12:52:28,570 - INFO - joeynmt.training - Example #1
2025-05-03 12:52:28,570 - DEBUG - joeynmt.training - 	Tokenized source:     ['Indi@@', 'ens', 'neu@@', 'er', 'Pre@@', 'mi@@', 'er@@', 'minist@@', 'er', 'N@@', 'ar@@', 'end@@', 'ra', 'Mo@@', 'd@@', 'i', 'tri@@', 'fft', 'bei', 's@@', 'einem', 'ersten', 'wichti@@', 'gen', 'Aus@@', 'land@@', 's@@', 'bes@@', 'u@@', 'ch', 'seit', 's@@', 'einem', 'W@@', 'ah@@', 'l@@', 'si@@', 'e@@', 'g', 'im', 'Ma@@', 'i', 'seinen', 'j@@', 'ap@@', 'an@@', 'ischen', 'Am@@', 'ts@@', 'k@@', 'olle@@', 'gen', 'S@@', 'hin@@', 'z@@', 'o', 'A@@', 'be', 'in', 'T@@', 'ok@@', 'o', ',', 'um', 'wirtschaf@@', 'tliche', 'und', 'sicher@@', 'heits@@', 'politische', 'Be@@', 'zieh@@', 'ungen', 'zu', 'bes@@', 'pre@@', 'chen', '.']
2025-05-03 12:52:28,570 - DEBUG - joeynmt.training - 	Tokenized reference:  ['Indi@@', 'a', '&apos;s', 'new', 'pri@@', 'me', 'minist@@', 'er', ',', 'N@@', 'ar@@', 'end@@', 'ra', 'Mo@@', 'd@@', 'i', ',', 'is', 'me@@', 'eting', 'his', 'J@@', 'ap@@', 'an@@', 'ese', 'coun@@', 'ter@@', 'part', ',', 'S@@', 'hin@@', 'z@@', 'o', 'A@@', 'be', ',', 'in', 'T@@', 'ok@@', 'y@@', 'o', 'to', 'disc@@', 'uss', 'economic', 'and', 'security', 'ties', ',', 'on', 'his', 'first', 'major', 'fore@@', 'ign', 'visi@@', 't', 'since', 'w@@', 'inn@@', 'ing', 'Ma@@', 'y', '&apos;s', 'elec@@', 'tion', '.']
2025-05-03 12:52:28,570 - DEBUG - joeynmt.training - 	Tokenized hypothesis: ['in', 'the', 'last', 'year', ',', 'the', 'F@@', 'ren@@', 'ch', 'of', 'J@@', 'ap@@', 'an', ',', 'the', 'first', 'first', 'of', 'the', 'first', 'time', 'in', 'the', 'first', 'first', 'time', ',', 'in', 'the', 'first', 'time', ',', 'in', 'the', 'S@@', 'ol@@', 'om@@', 'et@@', 'res', 'in', 'the', 'S@@', 'ol@@', 'om@@', 'et@@', 'res', 'in', 'the', 'S@@', 'ol@@', 'om@@', 'et@@', 'res', 'in', 'the', 'S@@', 'ol@@', 'om@@', 'ic', 'A@@', 'ff@@', 'air@@', 's', ',', 'and', 'the', 'European', 'So@@', 'ci@@', 'ali@@', 'st', 'and', 'the', 'European', 'So@@', 'ci@@', 'ali@@', 'st', 'in', 'the', 'S@@', 'ol@@', 'om@@', 'e@@', 'ver', '.', '</s>']
2025-05-03 12:52:28,571 - INFO - joeynmt.training - 	Source:     Indiens neuer Premierminister Narendra Modi trifft bei seinem ersten wichtigen Auslandsbesuch seit seinem Wahlsieg im Mai seinen japanischen Amtskollegen Shinzo Abe in Toko , um wirtschaftliche und sicherheitspolitische Beziehungen zu besprechen .
2025-05-03 12:52:28,571 - INFO - joeynmt.training - 	Reference:  India &apos;s new prime minister , Narendra Modi , is meeting his Japanese counterpart , Shinzo Abe , in Tokyo to discuss economic and security ties , on his first major foreign visit since winning May &apos;s election .
2025-05-03 12:52:28,571 - INFO - joeynmt.training - 	Hypothesis: in the last year , the French of Japan , the first first of the first time in the first first time , in the first time , in the Solometres in the Solometres in the Solometres in the Solomic Affairs , and the European Socialist and the European Socialist in the Solomever .
2025-05-03 12:52:28,571 - INFO - joeynmt.training - Example #2
2025-05-03 12:52:28,571 - DEBUG - joeynmt.training - 	Tokenized source:     ['Herr', 'Mo@@', 'd@@', 'i', 'befindet', 'sich', 'auf', 'einer', 'fü@@', 'n@@', 'f@@', 'tä@@', 'gi@@', 'gen', 'Rei@@', 'se', 'nach', 'J@@', 'ap@@', 'an', ',', 'um', 'die', 'wirtschaf@@', 'tlichen', 'Be@@', 'zieh@@', 'ungen', 'mit', 'der', 'd@@', 'rit@@', 't@@', 'größ@@', 'ten', 'Wirtschafts@@', 'n@@', 'ation', 'der', 'Welt', 'zu', 'fes@@', 'tigen', '.']
2025-05-03 12:52:28,571 - DEBUG - joeynmt.training - 	Tokenized reference:  ['Mr', 'Mo@@', 'd@@', 'i', 'is', 'on', 'a', 'fi@@', 've', '@@@', '-@@', '@', 'day', 'tri@@', 'p', 'to', 'J@@', 'ap@@', 'an', 'to', 'streng@@', 'then', 'economic', 'ties', 'with', 'the', 'third', 'lar@@', 'ges@@', 't', 'econom@@', 'y', 'in', 'the', 'world', '.']
2025-05-03 12:52:28,571 - DEBUG - joeynmt.training - 	Tokenized hypothesis: ['Mr', 'V@@', 'an', 'S@@', 'an', 'A@@', 's@@', 'soci@@', 'ation', 'is', 'located', 'in', 'the', 'world', ',', 'the', 'economic', 're@@', 'form', 'of', 'the', 'economic', 'and', 'the', 'economic', ',', 'which', 'is', 'the', 'world', '&apos;s', 'economic', 'crisis', '.', '</s>']
2025-05-03 12:52:28,571 - INFO - joeynmt.training - 	Source:     Herr Modi befindet sich auf einer fünftägigen Reise nach Japan , um die wirtschaftlichen Beziehungen mit der drittgrößten Wirtschaftsnation der Welt zu festigen .
2025-05-03 12:52:28,571 - INFO - joeynmt.training - 	Reference:  Mr Modi is on a five @-@ day trip to Japan to strengthen economic ties with the third largest economy in the world .
2025-05-03 12:52:28,571 - INFO - joeynmt.training - 	Hypothesis: Mr Van San Association is located in the world , the economic reform of the economic and the economic , which is the world &apos;s economic crisis .
2025-05-03 12:52:28,572 - INFO - joeynmt.training - Example #3
2025-05-03 12:52:28,572 - DEBUG - joeynmt.training - 	Tokenized source:     ['P@@', 'län@@', 'e', 'für', 'eine', 'stärk@@', 'ere', 'k@@', 'ern@@', 'techn@@', 'ische', 'Zusammenarbeit', 'stehen', 'ganz', 'ob@@', 'en', 'auf', 'der', 'Tag@@', 'es@@', 'ordnung', '.']
2025-05-03 12:52:28,572 - DEBUG - joeynmt.training - 	Tokenized reference:  ['high', 'on', 'the', 'agen@@', 'da', 'are', 'pl@@', 'ans', 'for', 'gre@@', 'ater', 'nu@@', 'clear', 'c@@', 'o', '@@@', '-@@', '@', 'operation', '.']
2025-05-03 12:52:28,572 - DEBUG - joeynmt.training - 	Tokenized hypothesis: ['P@@', 'P@@', 'e@@', 'op@@', 'le', 'for', 'a', 'very', 'important', 'partn@@', 'er@@', 'ship', '.', '</s>']
2025-05-03 12:52:28,572 - INFO - joeynmt.training - 	Source:     Pläne für eine stärkere kerntechnische Zusammenarbeit stehen ganz oben auf der Tagesordnung .
2025-05-03 12:52:28,572 - INFO - joeynmt.training - 	Reference:  high on the agenda are plans for greater nuclear co @-@ operation .
2025-05-03 12:52:28,572 - INFO - joeynmt.training - 	Hypothesis: PPeople for a very important partnership .
2025-05-03 12:52:28,572 - INFO - joeynmt.training - Example #4
2025-05-03 12:52:28,572 - DEBUG - joeynmt.training - 	Tokenized source:     ['Berich@@', 'ten', 'zu@@', 'fol@@', 'ge', 'ho@@', 'fft', 'Indi@@', 'en', 'darüber', 'hinaus', 'auf', 'einen', 'Ver@@', 'trag', 'zur', 'Ver@@', 'tei@@', 'dig@@', 'ungs@@', 'zusammen@@', 'arbeit', 'zwischen', 'den', 'beiden', 'N@@', 'ationen', '.']
2025-05-03 12:52:28,572 - DEBUG - joeynmt.training - 	Tokenized reference:  ['Indi@@', 'a', 'is', 'also', 're@@', 'porte@@', 'dly', 'hop@@', 'ing', 'for', 'a', 'de@@', 'al', 'on', 'def@@', 'ence', 'c@@', 'oll@@', 'ab@@', 'or@@', 'ation', 'between', 'the', 'two', 'n@@', 'ations', '.']
2025-05-03 12:52:28,572 - DEBUG - joeynmt.training - 	Tokenized hypothesis: ['re@@', 'fle@@', 'c@@', 'ts', 'the', 'fact', 'that', 'the', 'Commission', 'has', 'been', 'made', 'to', 'the', 'two', 'comm@@', 'unic@@', 'ations', 'between', 'the', 'two', 'par@@', 'ties', '.', '</s>']
2025-05-03 12:52:28,573 - INFO - joeynmt.training - 	Source:     Berichten zufolge hofft Indien darüber hinaus auf einen Vertrag zur Verteidigungszusammenarbeit zwischen den beiden Nationen .
2025-05-03 12:52:28,573 - INFO - joeynmt.training - 	Reference:  India is also reportedly hoping for a deal on defence collaboration between the two nations .
2025-05-03 12:52:28,573 - INFO - joeynmt.training - 	Hypothesis: reflects the fact that the Commission has been made to the two communications between the two parties .
2025-05-03 12:52:33,907 - INFO - joeynmt.training - Epoch   2, Step:     7600, Batch Loss:     2.482521, Batch Acc: 0.342829, Tokens per Sec:    16944, Lr: 0.000300
2025-05-03 12:52:39,203 - INFO - joeynmt.training - Epoch   2, Step:     7700, Batch Loss:     2.424432, Batch Acc: 0.341911, Tokens per Sec:    17535, Lr: 0.000300
2025-05-03 12:52:44,491 - INFO - joeynmt.training - Epoch   2, Step:     7800, Batch Loss:     2.422147, Batch Acc: 0.349804, Tokens per Sec:    17266, Lr: 0.000300
2025-05-03 12:52:49,836 - INFO - joeynmt.training - Epoch   2, Step:     7900, Batch Loss:     2.393245, Batch Acc: 0.346365, Tokens per Sec:    17247, Lr: 0.000300
2025-05-03 12:52:55,090 - INFO - joeynmt.training - Epoch   2, Step:     8000, Batch Loss:     2.334858, Batch Acc: 0.349936, Tokens per Sec:    17380, Lr: 0.000300
2025-05-03 12:52:55,090 - INFO - joeynmt.prediction - Predicting 500 example(s)... (Greedy decoding with min_output_length=1, max_output_length=-1, return_prob='none', generate_unk=True, repetition_penalty=-1, no_repeat_ngram_size=-1)
2025-05-03 12:53:00,686 - INFO - joeynmt.prediction - Evaluation result (greedy) loss:   2.80, ppl:  16.42, acc:   0.27, generation: 5.5886[sec], evaluation: 0.0000[sec]
2025-05-03 12:53:00,687 - INFO - joeynmt.training - Hooray! New best validation result [ppl]!
2025-05-03 12:53:00,768 - INFO - joeynmt.helpers - delete models/deen_transformer_post/5500.ckpt
2025-05-03 12:53:00,775 - INFO - joeynmt.training - Example #0
2025-05-03 12:53:00,775 - DEBUG - joeynmt.training - 	Tokenized source:     ['die', 'Pre@@', 'mi@@', 'er@@', 'minist@@', 'er', 'Indi@@', 'ens', 'und', 'J@@', 'ap@@', 'ans', 'tra@@', 'fen', 'sich', 'in', 'T@@', 'ok@@', 'i@@', 'o', '.']
2025-05-03 12:53:00,775 - DEBUG - joeynmt.training - 	Tokenized reference:  ['Indi@@', 'a', 'and', 'J@@', 'ap@@', 'an', 'pri@@', 'me', 'minist@@', 'ers', 'me@@', 'et', 'in', 'T@@', 'ok@@', 'y@@', 'o']
2025-05-03 12:53:00,775 - DEBUG - joeynmt.training - 	Tokenized hypothesis: ['the', 'Pre@@', 'sident@@', '-@@', 'in@@', '-@@', 'in@@', '-@@', 'Off@@', 'ice', 'and', 'J@@', 'ap@@', 'an', 'in', 'C@@', 'i@@', 'vi@@', 'l', '.', '</s>']
2025-05-03 12:53:00,775 - INFO - joeynmt.training - 	Source:     die Premierminister Indiens und Japans trafen sich in Tokio .
2025-05-03 12:53:00,775 - INFO - joeynmt.training - 	Reference:  India and Japan prime ministers meet in Tokyo
2025-05-03 12:53:00,775 - INFO - joeynmt.training - 	Hypothesis: the President-in-in-Office and Japan in Civil .
2025-05-03 12:53:00,775 - INFO - joeynmt.training - Example #1
2025-05-03 12:53:00,776 - DEBUG - joeynmt.training - 	Tokenized source:     ['Indi@@', 'ens', 'neu@@', 'er', 'Pre@@', 'mi@@', 'er@@', 'minist@@', 'er', 'N@@', 'ar@@', 'end@@', 'ra', 'Mo@@', 'd@@', 'i', 'tri@@', 'fft', 'bei', 's@@', 'einem', 'ersten', 'wichti@@', 'gen', 'Aus@@', 'land@@', 's@@', 'bes@@', 'u@@', 'ch', 'seit', 's@@', 'einem', 'W@@', 'ah@@', 'l@@', 'si@@', 'e@@', 'g', 'im', 'Ma@@', 'i', 'seinen', 'j@@', 'ap@@', 'an@@', 'ischen', 'Am@@', 'ts@@', 'k@@', 'olle@@', 'gen', 'S@@', 'hin@@', 'z@@', 'o', 'A@@', 'be', 'in', 'T@@', 'ok@@', 'o', ',', 'um', 'wirtschaf@@', 'tliche', 'und', 'sicher@@', 'heits@@', 'politische', 'Be@@', 'zieh@@', 'ungen', 'zu', 'bes@@', 'pre@@', 'chen', '.']
2025-05-03 12:53:00,776 - DEBUG - joeynmt.training - 	Tokenized reference:  ['Indi@@', 'a', '&apos;s', 'new', 'pri@@', 'me', 'minist@@', 'er', ',', 'N@@', 'ar@@', 'end@@', 'ra', 'Mo@@', 'd@@', 'i', ',', 'is', 'me@@', 'eting', 'his', 'J@@', 'ap@@', 'an@@', 'ese', 'coun@@', 'ter@@', 'part', ',', 'S@@', 'hin@@', 'z@@', 'o', 'A@@', 'be', ',', 'in', 'T@@', 'ok@@', 'y@@', 'o', 'to', 'disc@@', 'uss', 'economic', 'and', 'security', 'ties', ',', 'on', 'his', 'first', 'major', 'fore@@', 'ign', 'visi@@', 't', 'since', 'w@@', 'inn@@', 'ing', 'Ma@@', 'y', '&apos;s', 'elec@@', 'tion', '.']
2025-05-03 12:53:00,776 - DEBUG - joeynmt.training - 	Tokenized hypothesis: ['international', 'comm@@', 'er@@', 'cial', 'auth@@', 'orities', 'in', 'the', 'first', 'time', ',', 'the', 'first', 'of', 'a', 'very', 'important', 'role', 'in', 'a', 'first', 'first', 'first', 'first', 'of', 'the', 'European', 'C@@', 'our@@', 't', 'of', 'the', 'C@@', 'our@@', 't', 'of', 'the', 'C@@', 'our@@', 't', 'of', 'S@@', 'ec@@', 'on@@', 'd', ',', 'the', 'C@@', 'our@@', 't', 'of', 'S@@', 'ec@@', 'on@@', 'd', ',', 'the', 'European', 'C@@', 'our@@', 't', 'and', 'the', 'political', 'and', 'the', 'political', 'and', 'the', 'political', 'and', 'the', 'economic', 'and', 'social', 'di@@', 'alo@@', 'gue', '.', '</s>']
2025-05-03 12:53:00,776 - INFO - joeynmt.training - 	Source:     Indiens neuer Premierminister Narendra Modi trifft bei seinem ersten wichtigen Auslandsbesuch seit seinem Wahlsieg im Mai seinen japanischen Amtskollegen Shinzo Abe in Toko , um wirtschaftliche und sicherheitspolitische Beziehungen zu besprechen .
2025-05-03 12:53:00,776 - INFO - joeynmt.training - 	Reference:  India &apos;s new prime minister , Narendra Modi , is meeting his Japanese counterpart , Shinzo Abe , in Tokyo to discuss economic and security ties , on his first major foreign visit since winning May &apos;s election .
2025-05-03 12:53:00,776 - INFO - joeynmt.training - 	Hypothesis: international commercial authorities in the first time , the first of a very important role in a first first first first of the European Court of the Court of the Court of Second , the Court of Second , the European Court and the political and the political and the political and the economic and social dialogue .
2025-05-03 12:53:00,776 - INFO - joeynmt.training - Example #2
2025-05-03 12:53:00,776 - DEBUG - joeynmt.training - 	Tokenized source:     ['Herr', 'Mo@@', 'd@@', 'i', 'befindet', 'sich', 'auf', 'einer', 'fü@@', 'n@@', 'f@@', 'tä@@', 'gi@@', 'gen', 'Rei@@', 'se', 'nach', 'J@@', 'ap@@', 'an', ',', 'um', 'die', 'wirtschaf@@', 'tlichen', 'Be@@', 'zieh@@', 'ungen', 'mit', 'der', 'd@@', 'rit@@', 't@@', 'größ@@', 'ten', 'Wirtschafts@@', 'n@@', 'ation', 'der', 'Welt', 'zu', 'fes@@', 'tigen', '.']
2025-05-03 12:53:00,776 - DEBUG - joeynmt.training - 	Tokenized reference:  ['Mr', 'Mo@@', 'd@@', 'i', 'is', 'on', 'a', 'fi@@', 've', '@@@', '-@@', '@', 'day', 'tri@@', 'p', 'to', 'J@@', 'ap@@', 'an', 'to', 'streng@@', 'then', 'economic', 'ties', 'with', 'the', 'third', 'lar@@', 'ges@@', 't', 'econom@@', 'y', 'in', 'the', 'world', '.']
2025-05-03 12:53:00,776 - DEBUG - joeynmt.training - 	Tokenized hypothesis: ['Mr', 'C@@', 'or@@', 'n@@', 'i', 'is', 'a', 'very', 'c@@', 'are@@', 'ful', 'de@@', 'sign', 'of', 'the', 'economic', 're@@', 'form', 'of', 'the', 'economic', 're@@', 'form', 'of', 'the', 'world', '&apos;s', 'economic', 're@@', 'form', 'of', 'the', 'world', '.', '</s>']
2025-05-03 12:53:00,776 - INFO - joeynmt.training - 	Source:     Herr Modi befindet sich auf einer fünftägigen Reise nach Japan , um die wirtschaftlichen Beziehungen mit der drittgrößten Wirtschaftsnation der Welt zu festigen .
2025-05-03 12:53:00,776 - INFO - joeynmt.training - 	Reference:  Mr Modi is on a five @-@ day trip to Japan to strengthen economic ties with the third largest economy in the world .
2025-05-03 12:53:00,776 - INFO - joeynmt.training - 	Hypothesis: Mr Corni is a very careful design of the economic reform of the economic reform of the world &apos;s economic reform of the world .
2025-05-03 12:53:00,776 - INFO - joeynmt.training - Example #3
2025-05-03 12:53:00,776 - DEBUG - joeynmt.training - 	Tokenized source:     ['P@@', 'län@@', 'e', 'für', 'eine', 'stärk@@', 'ere', 'k@@', 'ern@@', 'techn@@', 'ische', 'Zusammenarbeit', 'stehen', 'ganz', 'ob@@', 'en', 'auf', 'der', 'Tag@@', 'es@@', 'ordnung', '.']
2025-05-03 12:53:00,776 - DEBUG - joeynmt.training - 	Tokenized reference:  ['high', 'on', 'the', 'agen@@', 'da', 'are', 'pl@@', 'ans', 'for', 'gre@@', 'ater', 'nu@@', 'clear', 'c@@', 'o', '@@@', '-@@', '@', 'operation', '.']
2025-05-03 12:53:00,776 - DEBUG - joeynmt.training - 	Tokenized hypothesis: ['P@@', 'A@@', 's', 'for', 'a', 'more', 'techn@@', 'ical', 'cooperation', 'in', 'the', 'field', 'of', 'cooperation', '.', '</s>']
2025-05-03 12:53:00,776 - INFO - joeynmt.training - 	Source:     Pläne für eine stärkere kerntechnische Zusammenarbeit stehen ganz oben auf der Tagesordnung .
2025-05-03 12:53:00,776 - INFO - joeynmt.training - 	Reference:  high on the agenda are plans for greater nuclear co @-@ operation .
2025-05-03 12:53:00,776 - INFO - joeynmt.training - 	Hypothesis: PAs for a more technical cooperation in the field of cooperation .
2025-05-03 12:53:00,776 - INFO - joeynmt.training - Example #4
2025-05-03 12:53:00,777 - DEBUG - joeynmt.training - 	Tokenized source:     ['Berich@@', 'ten', 'zu@@', 'fol@@', 'ge', 'ho@@', 'fft', 'Indi@@', 'en', 'darüber', 'hinaus', 'auf', 'einen', 'Ver@@', 'trag', 'zur', 'Ver@@', 'tei@@', 'dig@@', 'ungs@@', 'zusammen@@', 'arbeit', 'zwischen', 'den', 'beiden', 'N@@', 'ationen', '.']
2025-05-03 12:53:00,777 - DEBUG - joeynmt.training - 	Tokenized reference:  ['Indi@@', 'a', 'is', 'also', 're@@', 'porte@@', 'dly', 'hop@@', 'ing', 'for', 'a', 'de@@', 'al', 'on', 'def@@', 'ence', 'c@@', 'oll@@', 'ab@@', 'or@@', 'ation', 'between', 'the', 'two', 'n@@', 'ations', '.']
2025-05-03 12:53:00,777 - DEBUG - joeynmt.training - 	Tokenized hypothesis: ['re@@', 'form', 'of', 'the', 'two', 'international', 'comm@@', 'unic@@', 'ations', 'in', 'the', 'con@@', 'text', 'of', 'a', 'proposal', 'on', 'a', 'proposal', '.', '</s>']
2025-05-03 12:53:00,777 - INFO - joeynmt.training - 	Source:     Berichten zufolge hofft Indien darüber hinaus auf einen Vertrag zur Verteidigungszusammenarbeit zwischen den beiden Nationen .
2025-05-03 12:53:00,777 - INFO - joeynmt.training - 	Reference:  India is also reportedly hoping for a deal on defence collaboration between the two nations .
2025-05-03 12:53:00,777 - INFO - joeynmt.training - 	Hypothesis: reform of the two international communications in the context of a proposal on a proposal .
2025-05-03 12:53:05,997 - INFO - joeynmt.training - Epoch   2, Step:     8100, Batch Loss:     2.380304, Batch Acc: 0.353423, Tokens per Sec:    16921, Lr: 0.000300
2025-05-03 12:53:07,682 - INFO - joeynmt.training - Epoch   2: total training loss 10165.55
2025-05-03 12:53:07,682 - INFO - joeynmt.training - EPOCH 3
2025-05-03 12:53:11,357 - INFO - joeynmt.training - Epoch   3, Step:     8200, Batch Loss:     2.395567, Batch Acc: 0.353503, Tokens per Sec:    17565, Lr: 0.000300
2025-05-03 12:53:16,592 - INFO - joeynmt.training - Epoch   3, Step:     8300, Batch Loss:     2.149978, Batch Acc: 0.361384, Tokens per Sec:    17441, Lr: 0.000300
2025-05-03 12:53:21,967 - INFO - joeynmt.training - Epoch   3, Step:     8400, Batch Loss:     2.306826, Batch Acc: 0.361929, Tokens per Sec:    16911, Lr: 0.000300
2025-05-03 12:53:27,227 - INFO - joeynmt.training - Epoch   3, Step:     8500, Batch Loss:     2.497910, Batch Acc: 0.362291, Tokens per Sec:    17472, Lr: 0.000300
2025-05-03 12:53:27,228 - INFO - joeynmt.prediction - Predicting 500 example(s)... (Greedy decoding with min_output_length=1, max_output_length=-1, return_prob='none', generate_unk=True, repetition_penalty=-1, no_repeat_ngram_size=-1)
2025-05-03 12:53:33,056 - INFO - joeynmt.prediction - Evaluation result (greedy) loss:   2.76, ppl:  15.77, acc:   0.29, generation: 5.8205[sec], evaluation: 0.0000[sec]
2025-05-03 12:53:33,056 - INFO - joeynmt.training - Hooray! New best validation result [ppl]!
2025-05-03 12:53:33,140 - INFO - joeynmt.helpers - delete models/deen_transformer_post/6000.ckpt
2025-05-03 12:53:33,145 - INFO - joeynmt.training - Example #0
2025-05-03 12:53:33,146 - DEBUG - joeynmt.training - 	Tokenized source:     ['die', 'Pre@@', 'mi@@', 'er@@', 'minist@@', 'er', 'Indi@@', 'ens', 'und', 'J@@', 'ap@@', 'ans', 'tra@@', 'fen', 'sich', 'in', 'T@@', 'ok@@', 'i@@', 'o', '.']
2025-05-03 12:53:33,146 - DEBUG - joeynmt.training - 	Tokenized reference:  ['Indi@@', 'a', 'and', 'J@@', 'ap@@', 'an', 'pri@@', 'me', 'minist@@', 'ers', 'me@@', 'et', 'in', 'T@@', 'ok@@', 'y@@', 'o']
2025-05-03 12:53:33,146 - DEBUG - joeynmt.training - 	Tokenized hypothesis: ['the', 'pro@@', 'gra@@', 'm', 'of', 'the', 'pro@@', 'gra@@', 'm', 'and', 'J@@', 'ap@@', 'an', '.', '</s>']
2025-05-03 12:53:33,146 - INFO - joeynmt.training - 	Source:     die Premierminister Indiens und Japans trafen sich in Tokio .
2025-05-03 12:53:33,146 - INFO - joeynmt.training - 	Reference:  India and Japan prime ministers meet in Tokyo
2025-05-03 12:53:33,146 - INFO - joeynmt.training - 	Hypothesis: the program of the program and Japan .
2025-05-03 12:53:33,146 - INFO - joeynmt.training - Example #1
2025-05-03 12:53:33,147 - DEBUG - joeynmt.training - 	Tokenized source:     ['Indi@@', 'ens', 'neu@@', 'er', 'Pre@@', 'mi@@', 'er@@', 'minist@@', 'er', 'N@@', 'ar@@', 'end@@', 'ra', 'Mo@@', 'd@@', 'i', 'tri@@', 'fft', 'bei', 's@@', 'einem', 'ersten', 'wichti@@', 'gen', 'Aus@@', 'land@@', 's@@', 'bes@@', 'u@@', 'ch', 'seit', 's@@', 'einem', 'W@@', 'ah@@', 'l@@', 'si@@', 'e@@', 'g', 'im', 'Ma@@', 'i', 'seinen', 'j@@', 'ap@@', 'an@@', 'ischen', 'Am@@', 'ts@@', 'k@@', 'olle@@', 'gen', 'S@@', 'hin@@', 'z@@', 'o', 'A@@', 'be', 'in', 'T@@', 'ok@@', 'o', ',', 'um', 'wirtschaf@@', 'tliche', 'und', 'sicher@@', 'heits@@', 'politische', 'Be@@', 'zieh@@', 'ungen', 'zu', 'bes@@', 'pre@@', 'chen', '.']
2025-05-03 12:53:33,147 - DEBUG - joeynmt.training - 	Tokenized reference:  ['Indi@@', 'a', '&apos;s', 'new', 'pri@@', 'me', 'minist@@', 'er', ',', 'N@@', 'ar@@', 'end@@', 'ra', 'Mo@@', 'd@@', 'i', ',', 'is', 'me@@', 'eting', 'his', 'J@@', 'ap@@', 'an@@', 'ese', 'coun@@', 'ter@@', 'part', ',', 'S@@', 'hin@@', 'z@@', 'o', 'A@@', 'be', ',', 'in', 'T@@', 'ok@@', 'y@@', 'o', 'to', 'disc@@', 'uss', 'economic', 'and', 'security', 'ties', ',', 'on', 'his', 'first', 'major', 'fore@@', 'ign', 'visi@@', 't', 'since', 'w@@', 'inn@@', 'ing', 'Ma@@', 'y', '&apos;s', 'elec@@', 'tion', '.']
2025-05-03 12:53:33,147 - DEBUG - joeynmt.training - 	Tokenized hypothesis: ['in', 'I@@', 'tali@@', 'an', 'N@@', 'ational', 'A@@', 'gen@@', 'da', 'N@@', 'G@@', 'A@@', 'R@@', 'R@@', 'A@@', 'A@@', 'R@@', 'R@@', 'R@@', 'O@@', 's', ',', 'in', 'his', 'first', 'first', 'first', 'first', 'first', 'of', 'his', 'own', 'own', ',', 'in', 'the', 'S@@', 'ep@@', 'tem@@', 'ber', ',', 'in', 'L@@', 'A@@', 'C@@', 'P', ',', 'in', 'C@@', 'ap@@', 'ital', 'A@@', 'C@@', 'E', ',', 'in', 'C@@', 'ap@@', 'ital', 'A@@', 'C@@', 'E', 'and', 'economic', 'and', 'social', 'social', 'and', 'social', 'social', 'social', 'and', 'social', 'social', 'and', 'environ@@', 'mental', '.', '</s>']
2025-05-03 12:53:33,147 - INFO - joeynmt.training - 	Source:     Indiens neuer Premierminister Narendra Modi trifft bei seinem ersten wichtigen Auslandsbesuch seit seinem Wahlsieg im Mai seinen japanischen Amtskollegen Shinzo Abe in Toko , um wirtschaftliche und sicherheitspolitische Beziehungen zu besprechen .
2025-05-03 12:53:33,147 - INFO - joeynmt.training - 	Reference:  India &apos;s new prime minister , Narendra Modi , is meeting his Japanese counterpart , Shinzo Abe , in Tokyo to discuss economic and security ties , on his first major foreign visit since winning May &apos;s election .
2025-05-03 12:53:33,147 - INFO - joeynmt.training - 	Hypothesis: in Italian National Agenda NGARRAARRROs , in his first first first first first of his own own , in the September , in LACP , in Capital ACE , in Capital ACE and economic and social social and social social social and social social and environmental .
2025-05-03 12:53:33,147 - INFO - joeynmt.training - Example #2
2025-05-03 12:53:33,147 - DEBUG - joeynmt.training - 	Tokenized source:     ['Herr', 'Mo@@', 'd@@', 'i', 'befindet', 'sich', 'auf', 'einer', 'fü@@', 'n@@', 'f@@', 'tä@@', 'gi@@', 'gen', 'Rei@@', 'se', 'nach', 'J@@', 'ap@@', 'an', ',', 'um', 'die', 'wirtschaf@@', 'tlichen', 'Be@@', 'zieh@@', 'ungen', 'mit', 'der', 'd@@', 'rit@@', 't@@', 'größ@@', 'ten', 'Wirtschafts@@', 'n@@', 'ation', 'der', 'Welt', 'zu', 'fes@@', 'tigen', '.']
2025-05-03 12:53:33,147 - DEBUG - joeynmt.training - 	Tokenized reference:  ['Mr', 'Mo@@', 'd@@', 'i', 'is', 'on', 'a', 'fi@@', 've', '@@@', '-@@', '@', 'day', 'tri@@', 'p', 'to', 'J@@', 'ap@@', 'an', 'to', 'streng@@', 'then', 'economic', 'ties', 'with', 'the', 'third', 'lar@@', 'ges@@', 't', 'econom@@', 'y', 'in', 'the', 'world', '.']
2025-05-03 12:53:33,147 - DEBUG - joeynmt.training - 	Tokenized hypothesis: ['Mr', 'V@@', 'an', 'S@@', 'ol@@', 'i', 'is', 'a', 'c@@', 'are@@', 'ful', 'to', 'the', 'economic', 'growth', 'of', 'the', 'economic', 'econom@@', 'y', 'to', 'the', 'economic', 'economic', 'growth', 'in', 'the', 'world', '.', '</s>']
2025-05-03 12:53:33,148 - INFO - joeynmt.training - 	Source:     Herr Modi befindet sich auf einer fünftägigen Reise nach Japan , um die wirtschaftlichen Beziehungen mit der drittgrößten Wirtschaftsnation der Welt zu festigen .
2025-05-03 12:53:33,148 - INFO - joeynmt.training - 	Reference:  Mr Modi is on a five @-@ day trip to Japan to strengthen economic ties with the third largest economy in the world .
2025-05-03 12:53:33,148 - INFO - joeynmt.training - 	Hypothesis: Mr Van Soli is a careful to the economic growth of the economic economy to the economic economic growth in the world .
2025-05-03 12:53:33,148 - INFO - joeynmt.training - Example #3
2025-05-03 12:53:33,148 - DEBUG - joeynmt.training - 	Tokenized source:     ['P@@', 'län@@', 'e', 'für', 'eine', 'stärk@@', 'ere', 'k@@', 'ern@@', 'techn@@', 'ische', 'Zusammenarbeit', 'stehen', 'ganz', 'ob@@', 'en', 'auf', 'der', 'Tag@@', 'es@@', 'ordnung', '.']
2025-05-03 12:53:33,148 - DEBUG - joeynmt.training - 	Tokenized reference:  ['high', 'on', 'the', 'agen@@', 'da', 'are', 'pl@@', 'ans', 'for', 'gre@@', 'ater', 'nu@@', 'clear', 'c@@', 'o', '@@@', '-@@', '@', 'operation', '.']
2025-05-03 12:53:33,148 - DEBUG - joeynmt.training - 	Tokenized hypothesis: ['P@@', 'P@@', 'P@@', 'P', 'partn@@', 'ers', 'are', 'also', 'a', 'techn@@', 'ical', 'report', 'on', 'the', 'following', 'the', 'next', 'it@@', 'em', '.', '</s>']
2025-05-03 12:53:33,148 - INFO - joeynmt.training - 	Source:     Pläne für eine stärkere kerntechnische Zusammenarbeit stehen ganz oben auf der Tagesordnung .
2025-05-03 12:53:33,148 - INFO - joeynmt.training - 	Reference:  high on the agenda are plans for greater nuclear co @-@ operation .
2025-05-03 12:53:33,148 - INFO - joeynmt.training - 	Hypothesis: PPPP partners are also a technical report on the following the next item .
2025-05-03 12:53:33,148 - INFO - joeynmt.training - Example #4
2025-05-03 12:53:33,149 - DEBUG - joeynmt.training - 	Tokenized source:     ['Berich@@', 'ten', 'zu@@', 'fol@@', 'ge', 'ho@@', 'fft', 'Indi@@', 'en', 'darüber', 'hinaus', 'auf', 'einen', 'Ver@@', 'trag', 'zur', 'Ver@@', 'tei@@', 'dig@@', 'ungs@@', 'zusammen@@', 'arbeit', 'zwischen', 'den', 'beiden', 'N@@', 'ationen', '.']
2025-05-03 12:53:33,149 - DEBUG - joeynmt.training - 	Tokenized reference:  ['Indi@@', 'a', 'is', 'also', 're@@', 'porte@@', 'dly', 'hop@@', 'ing', 'for', 'a', 'de@@', 'al', 'on', 'def@@', 'ence', 'c@@', 'oll@@', 'ab@@', 'or@@', 'ation', 'between', 'the', 'two', 'n@@', 'ations', '.']
2025-05-03 12:53:33,149 - DEBUG - joeynmt.training - 	Tokenized hypothesis: ['re@@', 'form', ',', 'the', 're@@', 'form', 'of', 'the', 're@@', 'form', 'on', 'a', 're@@', 'form', 'of', 'the', 'two', 're@@', 'form', 'of', 'the', 'two', 'comm@@', 'unic@@', 'ations', '.', '</s>']
2025-05-03 12:53:33,149 - INFO - joeynmt.training - 	Source:     Berichten zufolge hofft Indien darüber hinaus auf einen Vertrag zur Verteidigungszusammenarbeit zwischen den beiden Nationen .
2025-05-03 12:53:33,149 - INFO - joeynmt.training - 	Reference:  India is also reportedly hoping for a deal on defence collaboration between the two nations .
2025-05-03 12:53:33,149 - INFO - joeynmt.training - 	Hypothesis: reform , the reform of the reform on a reform of the two reform of the two communications .
2025-05-03 12:53:38,416 - INFO - joeynmt.training - Epoch   3, Step:     8600, Batch Loss:     2.272546, Batch Acc: 0.366740, Tokens per Sec:    17014, Lr: 0.000300
2025-05-03 12:53:43,746 - INFO - joeynmt.training - Epoch   3, Step:     8700, Batch Loss:     2.265977, Batch Acc: 0.366514, Tokens per Sec:    17550, Lr: 0.000300
2025-05-03 12:53:49,018 - INFO - joeynmt.training - Epoch   3, Step:     8800, Batch Loss:     2.381480, Batch Acc: 0.365567, Tokens per Sec:    17895, Lr: 0.000300
2025-05-03 12:53:54,328 - INFO - joeynmt.training - Epoch   3, Step:     8900, Batch Loss:     2.222811, Batch Acc: 0.369649, Tokens per Sec:    17352, Lr: 0.000300
2025-05-03 12:53:59,773 - INFO - joeynmt.training - Epoch   3, Step:     9000, Batch Loss:     2.177506, Batch Acc: 0.372774, Tokens per Sec:    17038, Lr: 0.000300
2025-05-03 12:53:59,773 - INFO - joeynmt.prediction - Predicting 500 example(s)... (Greedy decoding with min_output_length=1, max_output_length=-1, return_prob='none', generate_unk=True, repetition_penalty=-1, no_repeat_ngram_size=-1)
2025-05-03 12:54:05,190 - INFO - joeynmt.prediction - Evaluation result (greedy) loss:   2.75, ppl:  15.68, acc:   0.29, generation: 5.4101[sec], evaluation: 0.0000[sec]
2025-05-03 12:54:05,190 - INFO - joeynmt.training - Hooray! New best validation result [ppl]!
2025-05-03 12:54:05,450 - INFO - joeynmt.helpers - delete models/deen_transformer_post/6500.ckpt
2025-05-03 12:54:05,454 - INFO - joeynmt.training - Example #0
2025-05-03 12:54:05,455 - DEBUG - joeynmt.training - 	Tokenized source:     ['die', 'Pre@@', 'mi@@', 'er@@', 'minist@@', 'er', 'Indi@@', 'ens', 'und', 'J@@', 'ap@@', 'ans', 'tra@@', 'fen', 'sich', 'in', 'T@@', 'ok@@', 'i@@', 'o', '.']
2025-05-03 12:54:05,455 - DEBUG - joeynmt.training - 	Tokenized reference:  ['Indi@@', 'a', 'and', 'J@@', 'ap@@', 'an', 'pri@@', 'me', 'minist@@', 'ers', 'me@@', 'et', 'in', 'T@@', 'ok@@', 'y@@', 'o']
2025-05-03 12:54:05,455 - DEBUG - joeynmt.training - 	Tokenized hypothesis: ['the', 'Pro@@', 'te@@', 'ction', 'Go@@', 'vern@@', 'ment', 'and', 'J@@', 'ap@@', 'an', 'and', 'J@@', 'ap@@', 'an', '.', '</s>']
2025-05-03 12:54:05,455 - INFO - joeynmt.training - 	Source:     die Premierminister Indiens und Japans trafen sich in Tokio .
2025-05-03 12:54:05,455 - INFO - joeynmt.training - 	Reference:  India and Japan prime ministers meet in Tokyo
2025-05-03 12:54:05,455 - INFO - joeynmt.training - 	Hypothesis: the Protection Government and Japan and Japan .
2025-05-03 12:54:05,456 - INFO - joeynmt.training - Example #1
2025-05-03 12:54:05,456 - DEBUG - joeynmt.training - 	Tokenized source:     ['Indi@@', 'ens', 'neu@@', 'er', 'Pre@@', 'mi@@', 'er@@', 'minist@@', 'er', 'N@@', 'ar@@', 'end@@', 'ra', 'Mo@@', 'd@@', 'i', 'tri@@', 'fft', 'bei', 's@@', 'einem', 'ersten', 'wichti@@', 'gen', 'Aus@@', 'land@@', 's@@', 'bes@@', 'u@@', 'ch', 'seit', 's@@', 'einem', 'W@@', 'ah@@', 'l@@', 'si@@', 'e@@', 'g', 'im', 'Ma@@', 'i', 'seinen', 'j@@', 'ap@@', 'an@@', 'ischen', 'Am@@', 'ts@@', 'k@@', 'olle@@', 'gen', 'S@@', 'hin@@', 'z@@', 'o', 'A@@', 'be', 'in', 'T@@', 'ok@@', 'o', ',', 'um', 'wirtschaf@@', 'tliche', 'und', 'sicher@@', 'heits@@', 'politische', 'Be@@', 'zieh@@', 'ungen', 'zu', 'bes@@', 'pre@@', 'chen', '.']
2025-05-03 12:54:05,456 - DEBUG - joeynmt.training - 	Tokenized reference:  ['Indi@@', 'a', '&apos;s', 'new', 'pri@@', 'me', 'minist@@', 'er', ',', 'N@@', 'ar@@', 'end@@', 'ra', 'Mo@@', 'd@@', 'i', ',', 'is', 'me@@', 'eting', 'his', 'J@@', 'ap@@', 'an@@', 'ese', 'coun@@', 'ter@@', 'part', ',', 'S@@', 'hin@@', 'z@@', 'o', 'A@@', 'be', ',', 'in', 'T@@', 'ok@@', 'y@@', 'o', 'to', 'disc@@', 'uss', 'economic', 'and', 'security', 'ties', ',', 'on', 'his', 'first', 'major', 'fore@@', 'ign', 'visi@@', 't', 'since', 'w@@', 'inn@@', 'ing', 'Ma@@', 'y', '&apos;s', 'elec@@', 'tion', '.']
2025-05-03 12:54:05,456 - DEBUG - joeynmt.training - 	Tokenized hypothesis: ['in', 'the', 'first', 'time', ',', 'the', 'N@@', 'ar@@', 'i', 'N@@', 'ar@@', 'i', 'N@@', 'ar@@', 'i', 'was', 'a', 'first', 'ste@@', 'p', 'in', 'the', 'first', 'time', ',', 'the', 'first', 'time', 'of', 'the', 'S@@', 'wi@@', 'ss', 'the', 'S@@', 'ec@@', 'on@@', 'd', 'A@@', 'ra@@', 'v@@', 'o', ',', 'in', 'the', 'S@@', 'um@@', 'mit', ',', 'and', 'the', 'political', 'and', 'political', 'and', 'political', 'and', 'political', 'and', 'political', 'and', 'political', 'and', 'political', 'cooperation', '.', '</s>']
2025-05-03 12:54:05,456 - INFO - joeynmt.training - 	Source:     Indiens neuer Premierminister Narendra Modi trifft bei seinem ersten wichtigen Auslandsbesuch seit seinem Wahlsieg im Mai seinen japanischen Amtskollegen Shinzo Abe in Toko , um wirtschaftliche und sicherheitspolitische Beziehungen zu besprechen .
2025-05-03 12:54:05,456 - INFO - joeynmt.training - 	Reference:  India &apos;s new prime minister , Narendra Modi , is meeting his Japanese counterpart , Shinzo Abe , in Tokyo to discuss economic and security ties , on his first major foreign visit since winning May &apos;s election .
2025-05-03 12:54:05,456 - INFO - joeynmt.training - 	Hypothesis: in the first time , the Nari Nari Nari was a first step in the first time , the first time of the Swiss the Second Aravo , in the Summit , and the political and political and political and political and political and political and political cooperation .
2025-05-03 12:54:05,456 - INFO - joeynmt.training - Example #2
2025-05-03 12:54:05,456 - DEBUG - joeynmt.training - 	Tokenized source:     ['Herr', 'Mo@@', 'd@@', 'i', 'befindet', 'sich', 'auf', 'einer', 'fü@@', 'n@@', 'f@@', 'tä@@', 'gi@@', 'gen', 'Rei@@', 'se', 'nach', 'J@@', 'ap@@', 'an', ',', 'um', 'die', 'wirtschaf@@', 'tlichen', 'Be@@', 'zieh@@', 'ungen', 'mit', 'der', 'd@@', 'rit@@', 't@@', 'größ@@', 'ten', 'Wirtschafts@@', 'n@@', 'ation', 'der', 'Welt', 'zu', 'fes@@', 'tigen', '.']
2025-05-03 12:54:05,456 - DEBUG - joeynmt.training - 	Tokenized reference:  ['Mr', 'Mo@@', 'd@@', 'i', 'is', 'on', 'a', 'fi@@', 've', '@@@', '-@@', '@', 'day', 'tri@@', 'p', 'to', 'J@@', 'ap@@', 'an', 'to', 'streng@@', 'then', 'economic', 'ties', 'with', 'the', 'third', 'lar@@', 'ges@@', 't', 'econom@@', 'y', 'in', 'the', 'world', '.']
2025-05-03 12:54:05,456 - DEBUG - joeynmt.training - 	Tokenized hypothesis: ['Mr', 'S@@', 'un@@', 'i', 'is', 'a', 'c@@', 'ru@@', 'cial', 'de@@', 'mon@@', 'str@@', 'ated', 'to', 'the', 'S@@', 'ep@@', 'tem@@', 'ber', 'of', 'J@@', 'ap@@', 'an', 'to', 're@@', 'ach', 'the', 'economic', 'development', 'of', 'the', 'world', '.', '</s>']
2025-05-03 12:54:05,457 - INFO - joeynmt.training - 	Source:     Herr Modi befindet sich auf einer fünftägigen Reise nach Japan , um die wirtschaftlichen Beziehungen mit der drittgrößten Wirtschaftsnation der Welt zu festigen .
2025-05-03 12:54:05,457 - INFO - joeynmt.training - 	Reference:  Mr Modi is on a five @-@ day trip to Japan to strengthen economic ties with the third largest economy in the world .
2025-05-03 12:54:05,457 - INFO - joeynmt.training - 	Hypothesis: Mr Suni is a crucial demonstrated to the September of Japan to reach the economic development of the world .
2025-05-03 12:54:05,457 - INFO - joeynmt.training - Example #3
2025-05-03 12:54:05,457 - DEBUG - joeynmt.training - 	Tokenized source:     ['P@@', 'län@@', 'e', 'für', 'eine', 'stärk@@', 'ere', 'k@@', 'ern@@', 'techn@@', 'ische', 'Zusammenarbeit', 'stehen', 'ganz', 'ob@@', 'en', 'auf', 'der', 'Tag@@', 'es@@', 'ordnung', '.']
2025-05-03 12:54:05,457 - DEBUG - joeynmt.training - 	Tokenized reference:  ['high', 'on', 'the', 'agen@@', 'da', 'are', 'pl@@', 'ans', 'for', 'gre@@', 'ater', 'nu@@', 'clear', 'c@@', 'o', '@@@', '-@@', '@', 'operation', '.']
2025-05-03 12:54:05,457 - DEBUG - joeynmt.training - 	Tokenized hypothesis: ['P@@', 'P@@', 'P', 'cooperation', 'cooperation', 'cooperation', 'with', 'a', 'high', 'level', 'cooperation', 'cooperation', 'with', 'the', 'agen@@', 'da', '.', '</s>']
2025-05-03 12:54:05,457 - INFO - joeynmt.training - 	Source:     Pläne für eine stärkere kerntechnische Zusammenarbeit stehen ganz oben auf der Tagesordnung .
2025-05-03 12:54:05,457 - INFO - joeynmt.training - 	Reference:  high on the agenda are plans for greater nuclear co @-@ operation .
2025-05-03 12:54:05,457 - INFO - joeynmt.training - 	Hypothesis: PPP cooperation cooperation cooperation with a high level cooperation cooperation with the agenda .
2025-05-03 12:54:05,457 - INFO - joeynmt.training - Example #4
2025-05-03 12:54:05,457 - DEBUG - joeynmt.training - 	Tokenized source:     ['Berich@@', 'ten', 'zu@@', 'fol@@', 'ge', 'ho@@', 'fft', 'Indi@@', 'en', 'darüber', 'hinaus', 'auf', 'einen', 'Ver@@', 'trag', 'zur', 'Ver@@', 'tei@@', 'dig@@', 'ungs@@', 'zusammen@@', 'arbeit', 'zwischen', 'den', 'beiden', 'N@@', 'ationen', '.']
2025-05-03 12:54:05,457 - DEBUG - joeynmt.training - 	Tokenized reference:  ['Indi@@', 'a', 'is', 'also', 're@@', 'porte@@', 'dly', 'hop@@', 'ing', 'for', 'a', 'de@@', 'al', 'on', 'def@@', 'ence', 'c@@', 'oll@@', 'ab@@', 'or@@', 'ation', 'between', 'the', 'two', 'n@@', 'ations', '.']
2025-05-03 12:54:05,457 - DEBUG - joeynmt.training - 	Tokenized hypothesis: ['re@@', 'ports', ',', 'and', 'also', ',', 'also', ',', 'in', 'ad@@', 'dition', 'to', 'a', 'con@@', 'text', 'between', 'the', 'two', 'N@@', 'N@@', 'N@@', 'U', '.', '</s>']
2025-05-03 12:54:05,458 - INFO - joeynmt.training - 	Source:     Berichten zufolge hofft Indien darüber hinaus auf einen Vertrag zur Verteidigungszusammenarbeit zwischen den beiden Nationen .
2025-05-03 12:54:05,458 - INFO - joeynmt.training - 	Reference:  India is also reportedly hoping for a deal on defence collaboration between the two nations .
2025-05-03 12:54:05,458 - INFO - joeynmt.training - 	Hypothesis: reports , and also , also , in addition to a context between the two NNNU .
2025-05-03 12:54:10,788 - INFO - joeynmt.training - Epoch   3, Step:     9100, Batch Loss:     2.247242, Batch Acc: 0.371316, Tokens per Sec:    16251, Lr: 0.000300
2025-05-03 12:54:16,088 - INFO - joeynmt.training - Epoch   3, Step:     9200, Batch Loss:     2.402612, Batch Acc: 0.369619, Tokens per Sec:    17433, Lr: 0.000300
2025-05-03 12:54:21,379 - INFO - joeynmt.training - Epoch   3, Step:     9300, Batch Loss:     2.278169, Batch Acc: 0.369711, Tokens per Sec:    17277, Lr: 0.000300
2025-05-03 12:54:26,595 - INFO - joeynmt.training - Epoch   3, Step:     9400, Batch Loss:     2.259334, Batch Acc: 0.375165, Tokens per Sec:    17727, Lr: 0.000300
2025-05-03 12:54:31,982 - INFO - joeynmt.training - Epoch   3, Step:     9500, Batch Loss:     2.313789, Batch Acc: 0.374475, Tokens per Sec:    17200, Lr: 0.000300
2025-05-03 12:54:31,982 - INFO - joeynmt.prediction - Predicting 500 example(s)... (Greedy decoding with min_output_length=1, max_output_length=-1, return_prob='none', generate_unk=True, repetition_penalty=-1, no_repeat_ngram_size=-1)
2025-05-03 12:54:37,732 - INFO - joeynmt.prediction - Evaluation result (greedy) loss:   2.72, ppl:  15.14, acc:   0.30, generation: 5.7444[sec], evaluation: 0.0000[sec]
2025-05-03 12:54:37,733 - INFO - joeynmt.training - Hooray! New best validation result [ppl]!
2025-05-03 12:54:37,815 - INFO - joeynmt.helpers - delete models/deen_transformer_post/7000.ckpt
2025-05-03 12:54:37,820 - INFO - joeynmt.training - Example #0
2025-05-03 12:54:37,821 - DEBUG - joeynmt.training - 	Tokenized source:     ['die', 'Pre@@', 'mi@@', 'er@@', 'minist@@', 'er', 'Indi@@', 'ens', 'und', 'J@@', 'ap@@', 'ans', 'tra@@', 'fen', 'sich', 'in', 'T@@', 'ok@@', 'i@@', 'o', '.']
2025-05-03 12:54:37,821 - DEBUG - joeynmt.training - 	Tokenized reference:  ['Indi@@', 'a', 'and', 'J@@', 'ap@@', 'an', 'pri@@', 'me', 'minist@@', 'ers', 'me@@', 'et', 'in', 'T@@', 'ok@@', 'y@@', 'o']
2025-05-03 12:54:37,821 - DEBUG - joeynmt.training - 	Tokenized hypothesis: ['the', 'Pre@@', 'sident@@', '-@@', 'in@@', '-@@', 'in@@', '-@@', 'Off@@', 'ice', 'and', 'J@@', 'ap@@', 'o', '.', '</s>']
2025-05-03 12:54:37,821 - INFO - joeynmt.training - 	Source:     die Premierminister Indiens und Japans trafen sich in Tokio .
2025-05-03 12:54:37,821 - INFO - joeynmt.training - 	Reference:  India and Japan prime ministers meet in Tokyo
2025-05-03 12:54:37,821 - INFO - joeynmt.training - 	Hypothesis: the President-in-in-Office and Japo .
2025-05-03 12:54:37,821 - INFO - joeynmt.training - Example #1
2025-05-03 12:54:37,821 - DEBUG - joeynmt.training - 	Tokenized source:     ['Indi@@', 'ens', 'neu@@', 'er', 'Pre@@', 'mi@@', 'er@@', 'minist@@', 'er', 'N@@', 'ar@@', 'end@@', 'ra', 'Mo@@', 'd@@', 'i', 'tri@@', 'fft', 'bei', 's@@', 'einem', 'ersten', 'wichti@@', 'gen', 'Aus@@', 'land@@', 's@@', 'bes@@', 'u@@', 'ch', 'seit', 's@@', 'einem', 'W@@', 'ah@@', 'l@@', 'si@@', 'e@@', 'g', 'im', 'Ma@@', 'i', 'seinen', 'j@@', 'ap@@', 'an@@', 'ischen', 'Am@@', 'ts@@', 'k@@', 'olle@@', 'gen', 'S@@', 'hin@@', 'z@@', 'o', 'A@@', 'be', 'in', 'T@@', 'ok@@', 'o', ',', 'um', 'wirtschaf@@', 'tliche', 'und', 'sicher@@', 'heits@@', 'politische', 'Be@@', 'zieh@@', 'ungen', 'zu', 'bes@@', 'pre@@', 'chen', '.']
2025-05-03 12:54:37,821 - DEBUG - joeynmt.training - 	Tokenized reference:  ['Indi@@', 'a', '&apos;s', 'new', 'pri@@', 'me', 'minist@@', 'er', ',', 'N@@', 'ar@@', 'end@@', 'ra', 'Mo@@', 'd@@', 'i', ',', 'is', 'me@@', 'eting', 'his', 'J@@', 'ap@@', 'an@@', 'ese', 'coun@@', 'ter@@', 'part', ',', 'S@@', 'hin@@', 'z@@', 'o', 'A@@', 'be', ',', 'in', 'T@@', 'ok@@', 'y@@', 'o', 'to', 'disc@@', 'uss', 'economic', 'and', 'security', 'ties', ',', 'on', 'his', 'first', 'major', 'fore@@', 'ign', 'visi@@', 't', 'since', 'w@@', 'inn@@', 'ing', 'Ma@@', 'y', '&apos;s', 'elec@@', 'tion', '.']
2025-05-03 12:54:37,821 - DEBUG - joeynmt.training - 	Tokenized hypothesis: ['in', 'the', 'new', 'mon@@', 'ths', ',', 'he', 'was', 'a', 'first', 'time', 'in', 'his', 'first', 'time', 'in', 'his', 'first', 'time', ',', 'in', 'the', 'S@@', 'ec@@', 'on@@', 'd', 'of', 'his', 'first', 'time', 'in', 'the', 'S@@', 'ec@@', 'urity', 'Council', ',', 'the', 'S@@', 'ec@@', 'o', 'of', 'the', 'S@@', 'ec@@', 'o', ',', 'economic', 'and', 'the', 'political', 'and', 'political', 'and', 'political', 'respon@@', 'sibility', '.', '</s>']
2025-05-03 12:54:37,822 - INFO - joeynmt.training - 	Source:     Indiens neuer Premierminister Narendra Modi trifft bei seinem ersten wichtigen Auslandsbesuch seit seinem Wahlsieg im Mai seinen japanischen Amtskollegen Shinzo Abe in Toko , um wirtschaftliche und sicherheitspolitische Beziehungen zu besprechen .
2025-05-03 12:54:37,822 - INFO - joeynmt.training - 	Reference:  India &apos;s new prime minister , Narendra Modi , is meeting his Japanese counterpart , Shinzo Abe , in Tokyo to discuss economic and security ties , on his first major foreign visit since winning May &apos;s election .
2025-05-03 12:54:37,822 - INFO - joeynmt.training - 	Hypothesis: in the new months , he was a first time in his first time in his first time , in the Second of his first time in the Security Council , the Seco of the Seco , economic and the political and political and political responsibility .
2025-05-03 12:54:37,822 - INFO - joeynmt.training - Example #2
2025-05-03 12:54:37,822 - DEBUG - joeynmt.training - 	Tokenized source:     ['Herr', 'Mo@@', 'd@@', 'i', 'befindet', 'sich', 'auf', 'einer', 'fü@@', 'n@@', 'f@@', 'tä@@', 'gi@@', 'gen', 'Rei@@', 'se', 'nach', 'J@@', 'ap@@', 'an', ',', 'um', 'die', 'wirtschaf@@', 'tlichen', 'Be@@', 'zieh@@', 'ungen', 'mit', 'der', 'd@@', 'rit@@', 't@@', 'größ@@', 'ten', 'Wirtschafts@@', 'n@@', 'ation', 'der', 'Welt', 'zu', 'fes@@', 'tigen', '.']
2025-05-03 12:54:37,822 - DEBUG - joeynmt.training - 	Tokenized reference:  ['Mr', 'Mo@@', 'd@@', 'i', 'is', 'on', 'a', 'fi@@', 've', '@@@', '-@@', '@', 'day', 'tri@@', 'p', 'to', 'J@@', 'ap@@', 'an', 'to', 'streng@@', 'then', 'economic', 'ties', 'with', 'the', 'third', 'lar@@', 'ges@@', 't', 'econom@@', 'y', 'in', 'the', 'world', '.']
2025-05-03 12:54:37,822 - DEBUG - joeynmt.training - 	Tokenized hypothesis: ['Mr', 'Mo@@', 'z@@', 'i', 'is', 'a', 'c@@', 'ru@@', 'cial', 'de@@', 'sign', 'of', 'J@@', 'ap@@', 'an', 'to', 'J@@', 'ap@@', 'an', 'to', 'the', 'economic', 'rel@@', 'ations', 'with', 'the', 'economic', 'rel@@', 'ations', 'with', 'the', 'world', '&apos;s', 'economic', 'con@@', 'ference', '.', '</s>']
2025-05-03 12:54:37,822 - INFO - joeynmt.training - 	Source:     Herr Modi befindet sich auf einer fünftägigen Reise nach Japan , um die wirtschaftlichen Beziehungen mit der drittgrößten Wirtschaftsnation der Welt zu festigen .
2025-05-03 12:54:37,822 - INFO - joeynmt.training - 	Reference:  Mr Modi is on a five @-@ day trip to Japan to strengthen economic ties with the third largest economy in the world .
2025-05-03 12:54:37,822 - INFO - joeynmt.training - 	Hypothesis: Mr Mozi is a crucial design of Japan to Japan to the economic relations with the economic relations with the world &apos;s economic conference .
2025-05-03 12:54:37,822 - INFO - joeynmt.training - Example #3
2025-05-03 12:54:37,822 - DEBUG - joeynmt.training - 	Tokenized source:     ['P@@', 'län@@', 'e', 'für', 'eine', 'stärk@@', 'ere', 'k@@', 'ern@@', 'techn@@', 'ische', 'Zusammenarbeit', 'stehen', 'ganz', 'ob@@', 'en', 'auf', 'der', 'Tag@@', 'es@@', 'ordnung', '.']
2025-05-03 12:54:37,822 - DEBUG - joeynmt.training - 	Tokenized reference:  ['high', 'on', 'the', 'agen@@', 'da', 'are', 'pl@@', 'ans', 'for', 'gre@@', 'ater', 'nu@@', 'clear', 'c@@', 'o', '@@@', '-@@', '@', 'operation', '.']
2025-05-03 12:54:37,823 - DEBUG - joeynmt.training - 	Tokenized hypothesis: ['P@@', 'at@@', 'ch', 'for', 'more', 'techn@@', 'ical', 'cooperation', 'in', 'the', 'debate', '.', '</s>']
2025-05-03 12:54:37,823 - INFO - joeynmt.training - 	Source:     Pläne für eine stärkere kerntechnische Zusammenarbeit stehen ganz oben auf der Tagesordnung .
2025-05-03 12:54:37,823 - INFO - joeynmt.training - 	Reference:  high on the agenda are plans for greater nuclear co @-@ operation .
2025-05-03 12:54:37,823 - INFO - joeynmt.training - 	Hypothesis: Patch for more technical cooperation in the debate .
2025-05-03 12:54:37,823 - INFO - joeynmt.training - Example #4
2025-05-03 12:54:37,823 - DEBUG - joeynmt.training - 	Tokenized source:     ['Berich@@', 'ten', 'zu@@', 'fol@@', 'ge', 'ho@@', 'fft', 'Indi@@', 'en', 'darüber', 'hinaus', 'auf', 'einen', 'Ver@@', 'trag', 'zur', 'Ver@@', 'tei@@', 'dig@@', 'ungs@@', 'zusammen@@', 'arbeit', 'zwischen', 'den', 'beiden', 'N@@', 'ationen', '.']
2025-05-03 12:54:37,823 - DEBUG - joeynmt.training - 	Tokenized reference:  ['Indi@@', 'a', 'is', 'also', 're@@', 'porte@@', 'dly', 'hop@@', 'ing', 'for', 'a', 'de@@', 'al', 'on', 'def@@', 'ence', 'c@@', 'oll@@', 'ab@@', 'or@@', 'ation', 'between', 'the', 'two', 'n@@', 'ations', '.']
2025-05-03 12:54:37,823 - DEBUG - joeynmt.training - 	Tokenized hypothesis: ['re@@', 'ports', 'organis@@', 'ations', 'in', 'ad@@', 'dition', 'to', 'the', 'two', 'as@@', 'pec@@', 'ts', 'of', 'the', 'two', 'propos@@', 'als', '.', '</s>']
2025-05-03 12:54:37,823 - INFO - joeynmt.training - 	Source:     Berichten zufolge hofft Indien darüber hinaus auf einen Vertrag zur Verteidigungszusammenarbeit zwischen den beiden Nationen .
2025-05-03 12:54:37,823 - INFO - joeynmt.training - 	Reference:  India is also reportedly hoping for a deal on defence collaboration between the two nations .
2025-05-03 12:54:37,823 - INFO - joeynmt.training - 	Hypothesis: reports organisations in addition to the two aspects of the two proposals .
2025-05-03 12:54:43,186 - INFO - joeynmt.training - Epoch   3, Step:     9600, Batch Loss:     2.345489, Batch Acc: 0.375184, Tokens per Sec:    16584, Lr: 0.000300
2025-05-03 12:54:48,454 - INFO - joeynmt.training - Epoch   3, Step:     9700, Batch Loss:     2.128085, Batch Acc: 0.384930, Tokens per Sec:    17046, Lr: 0.000300
2025-05-03 12:54:53,867 - INFO - joeynmt.training - Epoch   3, Step:     9800, Batch Loss:     2.243467, Batch Acc: 0.378200, Tokens per Sec:    17299, Lr: 0.000300
2025-05-03 12:54:59,194 - INFO - joeynmt.training - Epoch   3, Step:     9900, Batch Loss:     2.194778, Batch Acc: 0.386785, Tokens per Sec:    17324, Lr: 0.000300
2025-05-03 12:55:04,473 - INFO - joeynmt.training - Epoch   3, Step:    10000, Batch Loss:     2.415461, Batch Acc: 0.386415, Tokens per Sec:    17518, Lr: 0.000300
2025-05-03 12:55:04,473 - INFO - joeynmt.prediction - Predicting 500 example(s)... (Greedy decoding with min_output_length=1, max_output_length=-1, return_prob='none', generate_unk=True, repetition_penalty=-1, no_repeat_ngram_size=-1)
2025-05-03 12:55:09,704 - INFO - joeynmt.prediction - Evaluation result (greedy) loss:   2.70, ppl:  14.81, acc:   0.31, generation: 5.2220[sec], evaluation: 0.0000[sec]
2025-05-03 12:55:09,704 - INFO - joeynmt.training - Hooray! New best validation result [ppl]!
2025-05-03 12:55:09,786 - INFO - joeynmt.helpers - delete models/deen_transformer_post/7500.ckpt
2025-05-03 12:55:09,791 - INFO - joeynmt.training - Example #0
2025-05-03 12:55:09,791 - DEBUG - joeynmt.training - 	Tokenized source:     ['die', 'Pre@@', 'mi@@', 'er@@', 'minist@@', 'er', 'Indi@@', 'ens', 'und', 'J@@', 'ap@@', 'ans', 'tra@@', 'fen', 'sich', 'in', 'T@@', 'ok@@', 'i@@', 'o', '.']
2025-05-03 12:55:09,791 - DEBUG - joeynmt.training - 	Tokenized reference:  ['Indi@@', 'a', 'and', 'J@@', 'ap@@', 'an', 'pri@@', 'me', 'minist@@', 'ers', 'me@@', 'et', 'in', 'T@@', 'ok@@', 'y@@', 'o']
2025-05-03 12:55:09,791 - DEBUG - joeynmt.training - 	Tokenized hypothesis: ['the', 'pro@@', 'per@@', 'ty', 'of', 'Indi@@', 'a', 'and', 'J@@', 'ap@@', 'an', 'and', 'J@@', 'ap@@', 'an', '.', '</s>']
2025-05-03 12:55:09,791 - INFO - joeynmt.training - 	Source:     die Premierminister Indiens und Japans trafen sich in Tokio .
2025-05-03 12:55:09,791 - INFO - joeynmt.training - 	Reference:  India and Japan prime ministers meet in Tokyo
2025-05-03 12:55:09,791 - INFO - joeynmt.training - 	Hypothesis: the property of India and Japan and Japan .
2025-05-03 12:55:09,791 - INFO - joeynmt.training - Example #1
2025-05-03 12:55:09,792 - DEBUG - joeynmt.training - 	Tokenized source:     ['Indi@@', 'ens', 'neu@@', 'er', 'Pre@@', 'mi@@', 'er@@', 'minist@@', 'er', 'N@@', 'ar@@', 'end@@', 'ra', 'Mo@@', 'd@@', 'i', 'tri@@', 'fft', 'bei', 's@@', 'einem', 'ersten', 'wichti@@', 'gen', 'Aus@@', 'land@@', 's@@', 'bes@@', 'u@@', 'ch', 'seit', 's@@', 'einem', 'W@@', 'ah@@', 'l@@', 'si@@', 'e@@', 'g', 'im', 'Ma@@', 'i', 'seinen', 'j@@', 'ap@@', 'an@@', 'ischen', 'Am@@', 'ts@@', 'k@@', 'olle@@', 'gen', 'S@@', 'hin@@', 'z@@', 'o', 'A@@', 'be', 'in', 'T@@', 'ok@@', 'o', ',', 'um', 'wirtschaf@@', 'tliche', 'und', 'sicher@@', 'heits@@', 'politische', 'Be@@', 'zieh@@', 'ungen', 'zu', 'bes@@', 'pre@@', 'chen', '.']
2025-05-03 12:55:09,792 - DEBUG - joeynmt.training - 	Tokenized reference:  ['Indi@@', 'a', '&apos;s', 'new', 'pri@@', 'me', 'minist@@', 'er', ',', 'N@@', 'ar@@', 'end@@', 'ra', 'Mo@@', 'd@@', 'i', ',', 'is', 'me@@', 'eting', 'his', 'J@@', 'ap@@', 'an@@', 'ese', 'coun@@', 'ter@@', 'part', ',', 'S@@', 'hin@@', 'z@@', 'o', 'A@@', 'be', ',', 'in', 'T@@', 'ok@@', 'y@@', 'o', 'to', 'disc@@', 'uss', 'economic', 'and', 'security', 'ties', ',', 'on', 'his', 'first', 'major', 'fore@@', 'ign', 'visi@@', 't', 'since', 'w@@', 'inn@@', 'ing', 'Ma@@', 'y', '&apos;s', 'elec@@', 'tion', '.']
2025-05-03 12:55:09,792 - DEBUG - joeynmt.training - 	Tokenized hypothesis: ['Indi@@', 'a', '&apos;s', 'pri@@', 'ority', 'of', 'the', 'pro@@', 'per@@', 'ty', 'of', 'the', 'first', 'mo@@', 'un@@', 'tain@@', 's', 'in', 'his', 'first', 'time', ',', 'has', 'been', 'a', 'first', 'first', 'time', 'in', 'the', 'S@@', 'ec@@', 're@@', 't@@', 'ary', 'of', 'his', 'first', 'time', ',', 'in', 'S@@', 'ec@@', 're@@', 't@@', 'ary', ',', 'economic', 'and', 'social', 'rel@@', 'ations', '.', '</s>']
2025-05-03 12:55:09,792 - INFO - joeynmt.training - 	Source:     Indiens neuer Premierminister Narendra Modi trifft bei seinem ersten wichtigen Auslandsbesuch seit seinem Wahlsieg im Mai seinen japanischen Amtskollegen Shinzo Abe in Toko , um wirtschaftliche und sicherheitspolitische Beziehungen zu besprechen .
2025-05-03 12:55:09,792 - INFO - joeynmt.training - 	Reference:  India &apos;s new prime minister , Narendra Modi , is meeting his Japanese counterpart , Shinzo Abe , in Tokyo to discuss economic and security ties , on his first major foreign visit since winning May &apos;s election .
2025-05-03 12:55:09,792 - INFO - joeynmt.training - 	Hypothesis: India &apos;s priority of the property of the first mountains in his first time , has been a first first time in the Secretary of his first time , in Secretary , economic and social relations .
2025-05-03 12:55:09,792 - INFO - joeynmt.training - Example #2
2025-05-03 12:55:09,792 - DEBUG - joeynmt.training - 	Tokenized source:     ['Herr', 'Mo@@', 'd@@', 'i', 'befindet', 'sich', 'auf', 'einer', 'fü@@', 'n@@', 'f@@', 'tä@@', 'gi@@', 'gen', 'Rei@@', 'se', 'nach', 'J@@', 'ap@@', 'an', ',', 'um', 'die', 'wirtschaf@@', 'tlichen', 'Be@@', 'zieh@@', 'ungen', 'mit', 'der', 'd@@', 'rit@@', 't@@', 'größ@@', 'ten', 'Wirtschafts@@', 'n@@', 'ation', 'der', 'Welt', 'zu', 'fes@@', 'tigen', '.']
2025-05-03 12:55:09,792 - DEBUG - joeynmt.training - 	Tokenized reference:  ['Mr', 'Mo@@', 'd@@', 'i', 'is', 'on', 'a', 'fi@@', 've', '@@@', '-@@', '@', 'day', 'tri@@', 'p', 'to', 'J@@', 'ap@@', 'an', 'to', 'streng@@', 'then', 'economic', 'ties', 'with', 'the', 'third', 'lar@@', 'ges@@', 't', 'econom@@', 'y', 'in', 'the', 'world', '.']
2025-05-03 12:55:09,792 - DEBUG - joeynmt.training - 	Tokenized hypothesis: ['Mr', 'Mo@@', 'd@@', 'i', 'is', 'a', 'c@@', 'ru@@', 'cial', 'area', 'of', 'J@@', 'ap@@', 'an', 'to', 'the', 'economic', 'rel@@', 'ations', 'with', 'the', 'economic', 'rel@@', 'ations', 'with', 'the', 'economic', 'environ@@', 'ment', '.', '</s>']
2025-05-03 12:55:09,793 - INFO - joeynmt.training - 	Source:     Herr Modi befindet sich auf einer fünftägigen Reise nach Japan , um die wirtschaftlichen Beziehungen mit der drittgrößten Wirtschaftsnation der Welt zu festigen .
2025-05-03 12:55:09,793 - INFO - joeynmt.training - 	Reference:  Mr Modi is on a five @-@ day trip to Japan to strengthen economic ties with the third largest economy in the world .
2025-05-03 12:55:09,793 - INFO - joeynmt.training - 	Hypothesis: Mr Modi is a crucial area of Japan to the economic relations with the economic relations with the economic environment .
2025-05-03 12:55:09,793 - INFO - joeynmt.training - Example #3
2025-05-03 12:55:09,793 - DEBUG - joeynmt.training - 	Tokenized source:     ['P@@', 'län@@', 'e', 'für', 'eine', 'stärk@@', 'ere', 'k@@', 'ern@@', 'techn@@', 'ische', 'Zusammenarbeit', 'stehen', 'ganz', 'ob@@', 'en', 'auf', 'der', 'Tag@@', 'es@@', 'ordnung', '.']
2025-05-03 12:55:09,793 - DEBUG - joeynmt.training - 	Tokenized reference:  ['high', 'on', 'the', 'agen@@', 'da', 'are', 'pl@@', 'ans', 'for', 'gre@@', 'ater', 'nu@@', 'clear', 'c@@', 'o', '@@@', '-@@', '@', 'operation', '.']
2025-05-03 12:55:09,793 - DEBUG - joeynmt.training - 	Tokenized hypothesis: ['P@@', 'countries', 'are', 'a', 'more', 'effective', 'development', 'of', 'techn@@', 'ologi@@', 'es', '.', '</s>']
2025-05-03 12:55:09,793 - INFO - joeynmt.training - 	Source:     Pläne für eine stärkere kerntechnische Zusammenarbeit stehen ganz oben auf der Tagesordnung .
2025-05-03 12:55:09,793 - INFO - joeynmt.training - 	Reference:  high on the agenda are plans for greater nuclear co @-@ operation .
2025-05-03 12:55:09,793 - INFO - joeynmt.training - 	Hypothesis: Pcountries are a more effective development of technologies .
2025-05-03 12:55:09,793 - INFO - joeynmt.training - Example #4
2025-05-03 12:55:09,793 - DEBUG - joeynmt.training - 	Tokenized source:     ['Berich@@', 'ten', 'zu@@', 'fol@@', 'ge', 'ho@@', 'fft', 'Indi@@', 'en', 'darüber', 'hinaus', 'auf', 'einen', 'Ver@@', 'trag', 'zur', 'Ver@@', 'tei@@', 'dig@@', 'ungs@@', 'zusammen@@', 'arbeit', 'zwischen', 'den', 'beiden', 'N@@', 'ationen', '.']
2025-05-03 12:55:09,793 - DEBUG - joeynmt.training - 	Tokenized reference:  ['Indi@@', 'a', 'is', 'also', 're@@', 'porte@@', 'dly', 'hop@@', 'ing', 'for', 'a', 'de@@', 'al', 'on', 'def@@', 'ence', 'c@@', 'oll@@', 'ab@@', 'or@@', 'ation', 'between', 'the', 'two', 'n@@', 'ations', '.']
2025-05-03 12:55:09,793 - DEBUG - joeynmt.training - 	Tokenized hypothesis: ['the', 're@@', 'ports', 'of', 'the', 'pro@@', 'gress', 'has', 'also', 'been', 'made', 'to', 'a', 'con@@', 'stitu@@', 'tion', 'between', 'the', 'two', 'N@@', 'N@@', 'N@@', 'ational', 'A@@', 'N', '.', '</s>']
2025-05-03 12:55:09,794 - INFO - joeynmt.training - 	Source:     Berichten zufolge hofft Indien darüber hinaus auf einen Vertrag zur Verteidigungszusammenarbeit zwischen den beiden Nationen .
2025-05-03 12:55:09,794 - INFO - joeynmt.training - 	Reference:  India is also reportedly hoping for a deal on defence collaboration between the two nations .
2025-05-03 12:55:09,794 - INFO - joeynmt.training - 	Hypothesis: the reports of the progress has also been made to a constitution between the two NNNational AN .
2025-05-03 12:55:15,135 - INFO - joeynmt.training - Epoch   3, Step:    10100, Batch Loss:     2.387021, Batch Acc: 0.387782, Tokens per Sec:    17016, Lr: 0.000300
2025-05-03 12:55:20,436 - INFO - joeynmt.training - Epoch   3, Step:    10200, Batch Loss:     2.160590, Batch Acc: 0.391329, Tokens per Sec:    17288, Lr: 0.000300
2025-05-03 12:55:25,648 - INFO - joeynmt.training - Epoch   3, Step:    10300, Batch Loss:     2.116114, Batch Acc: 0.388414, Tokens per Sec:    17563, Lr: 0.000300
2025-05-03 12:55:30,991 - INFO - joeynmt.training - Epoch   3, Step:    10400, Batch Loss:     2.220722, Batch Acc: 0.392238, Tokens per Sec:    17383, Lr: 0.000300
2025-05-03 12:55:36,183 - INFO - joeynmt.training - Epoch   3, Step:    10500, Batch Loss:     2.275966, Batch Acc: 0.396641, Tokens per Sec:    17448, Lr: 0.000300
2025-05-03 12:55:36,183 - INFO - joeynmt.prediction - Predicting 500 example(s)... (Greedy decoding with min_output_length=1, max_output_length=-1, return_prob='none', generate_unk=True, repetition_penalty=-1, no_repeat_ngram_size=-1)
2025-05-03 12:55:42,186 - INFO - joeynmt.prediction - Evaluation result (greedy) loss:   2.64, ppl:  13.99, acc:   0.32, generation: 5.9949[sec], evaluation: 0.0000[sec]
2025-05-03 12:55:42,186 - INFO - joeynmt.training - Hooray! New best validation result [ppl]!
2025-05-03 12:55:42,267 - INFO - joeynmt.helpers - delete models/deen_transformer_post/8000.ckpt
2025-05-03 12:55:42,273 - INFO - joeynmt.training - Example #0
2025-05-03 12:55:42,273 - DEBUG - joeynmt.training - 	Tokenized source:     ['die', 'Pre@@', 'mi@@', 'er@@', 'minist@@', 'er', 'Indi@@', 'ens', 'und', 'J@@', 'ap@@', 'ans', 'tra@@', 'fen', 'sich', 'in', 'T@@', 'ok@@', 'i@@', 'o', '.']
2025-05-03 12:55:42,273 - DEBUG - joeynmt.training - 	Tokenized reference:  ['Indi@@', 'a', 'and', 'J@@', 'ap@@', 'an', 'pri@@', 'me', 'minist@@', 'ers', 'me@@', 'et', 'in', 'T@@', 'ok@@', 'y@@', 'o']
2025-05-03 12:55:42,273 - DEBUG - joeynmt.training - 	Tokenized hypothesis: ['the', 'Pre@@', 'sident@@', '-@@', 'in@@', '-@@', 'in@@', '-@@', 'in@@', '-@@', 'Off@@', 'ice', 'and', 'J@@', 'ap@@', 'an', '.', '</s>']
2025-05-03 12:55:42,273 - INFO - joeynmt.training - 	Source:     die Premierminister Indiens und Japans trafen sich in Tokio .
2025-05-03 12:55:42,273 - INFO - joeynmt.training - 	Reference:  India and Japan prime ministers meet in Tokyo
2025-05-03 12:55:42,273 - INFO - joeynmt.training - 	Hypothesis: the President-in-in-in-Office and Japan .
2025-05-03 12:55:42,273 - INFO - joeynmt.training - Example #1
2025-05-03 12:55:42,273 - DEBUG - joeynmt.training - 	Tokenized source:     ['Indi@@', 'ens', 'neu@@', 'er', 'Pre@@', 'mi@@', 'er@@', 'minist@@', 'er', 'N@@', 'ar@@', 'end@@', 'ra', 'Mo@@', 'd@@', 'i', 'tri@@', 'fft', 'bei', 's@@', 'einem', 'ersten', 'wichti@@', 'gen', 'Aus@@', 'land@@', 's@@', 'bes@@', 'u@@', 'ch', 'seit', 's@@', 'einem', 'W@@', 'ah@@', 'l@@', 'si@@', 'e@@', 'g', 'im', 'Ma@@', 'i', 'seinen', 'j@@', 'ap@@', 'an@@', 'ischen', 'Am@@', 'ts@@', 'k@@', 'olle@@', 'gen', 'S@@', 'hin@@', 'z@@', 'o', 'A@@', 'be', 'in', 'T@@', 'ok@@', 'o', ',', 'um', 'wirtschaf@@', 'tliche', 'und', 'sicher@@', 'heits@@', 'politische', 'Be@@', 'zieh@@', 'ungen', 'zu', 'bes@@', 'pre@@', 'chen', '.']
2025-05-03 12:55:42,273 - DEBUG - joeynmt.training - 	Tokenized reference:  ['Indi@@', 'a', '&apos;s', 'new', 'pri@@', 'me', 'minist@@', 'er', ',', 'N@@', 'ar@@', 'end@@', 'ra', 'Mo@@', 'd@@', 'i', ',', 'is', 'me@@', 'eting', 'his', 'J@@', 'ap@@', 'an@@', 'ese', 'coun@@', 'ter@@', 'part', ',', 'S@@', 'hin@@', 'z@@', 'o', 'A@@', 'be', ',', 'in', 'T@@', 'ok@@', 'y@@', 'o', 'to', 'disc@@', 'uss', 'economic', 'and', 'security', 'ties', ',', 'on', 'his', 'first', 'major', 'fore@@', 'ign', 'visi@@', 't', 'since', 'w@@', 'inn@@', 'ing', 'Ma@@', 'y', '&apos;s', 'elec@@', 'tion', '.']
2025-05-03 12:55:42,273 - DEBUG - joeynmt.training - 	Tokenized hypothesis: ['Indi@@', 'a', '&apos;s', 'pri@@', 'ority', 'of', 'the', 'M@@', 'us@@', 'li@@', 'm', 'N@@', 'ar@@', 'd@@', 'i', 'Mo@@', 'un@@', 't', 'J@@', 'ar@@', 'd@@', 'i', 'J@@', 'ac@@', 'qu@@', 'es', 'in', 'his', 'first', 'first', 'time', 'in', 'the', 'Ma@@', 'y', 'of', 'the', 'S@@', 'ec@@', 'urity', 'Council', 'in', 'the', 'S@@', 'ec@@', 'urity', 'Council', ',', 'economic', 'and', 'the', 'political', 'rel@@', 'ations', 'to', 'the', 'political', 'and', 'to', 'the', 'political', 'and', 'to', 'the', 'political', 'rel@@', 'ations', '.', '</s>']
2025-05-03 12:55:42,273 - INFO - joeynmt.training - 	Source:     Indiens neuer Premierminister Narendra Modi trifft bei seinem ersten wichtigen Auslandsbesuch seit seinem Wahlsieg im Mai seinen japanischen Amtskollegen Shinzo Abe in Toko , um wirtschaftliche und sicherheitspolitische Beziehungen zu besprechen .
2025-05-03 12:55:42,273 - INFO - joeynmt.training - 	Reference:  India &apos;s new prime minister , Narendra Modi , is meeting his Japanese counterpart , Shinzo Abe , in Tokyo to discuss economic and security ties , on his first major foreign visit since winning May &apos;s election .
2025-05-03 12:55:42,273 - INFO - joeynmt.training - 	Hypothesis: India &apos;s priority of the Muslim Nardi Mount Jardi Jacques in his first first time in the May of the Security Council in the Security Council , economic and the political relations to the political and to the political and to the political relations .
2025-05-03 12:55:42,273 - INFO - joeynmt.training - Example #2
2025-05-03 12:55:42,273 - DEBUG - joeynmt.training - 	Tokenized source:     ['Herr', 'Mo@@', 'd@@', 'i', 'befindet', 'sich', 'auf', 'einer', 'fü@@', 'n@@', 'f@@', 'tä@@', 'gi@@', 'gen', 'Rei@@', 'se', 'nach', 'J@@', 'ap@@', 'an', ',', 'um', 'die', 'wirtschaf@@', 'tlichen', 'Be@@', 'zieh@@', 'ungen', 'mit', 'der', 'd@@', 'rit@@', 't@@', 'größ@@', 'ten', 'Wirtschafts@@', 'n@@', 'ation', 'der', 'Welt', 'zu', 'fes@@', 'tigen', '.']
2025-05-03 12:55:42,275 - DEBUG - joeynmt.training - 	Tokenized reference:  ['Mr', 'Mo@@', 'd@@', 'i', 'is', 'on', 'a', 'fi@@', 've', '@@@', '-@@', '@', 'day', 'tri@@', 'p', 'to', 'J@@', 'ap@@', 'an', 'to', 'streng@@', 'then', 'economic', 'ties', 'with', 'the', 'third', 'lar@@', 'ges@@', 't', 'econom@@', 'y', 'in', 'the', 'world', '.']
2025-05-03 12:55:42,275 - DEBUG - joeynmt.training - 	Tokenized hypothesis: ['Mr', 'Mo@@', 'd@@', 'i', 'is', 'located', 'on', 'a', 'few', 'min@@', 'utes', 'from', 'J@@', 'ap@@', 'an', ',', 'in', 'order', 'to', 're@@', 'ach', 'the', 'economic', 'rel@@', 'ations', 'with', 'the', 'economic', 'rel@@', 'ations', 'to', 'the', 'world', '.', '</s>']
2025-05-03 12:55:42,275 - INFO - joeynmt.training - 	Source:     Herr Modi befindet sich auf einer fünftägigen Reise nach Japan , um die wirtschaftlichen Beziehungen mit der drittgrößten Wirtschaftsnation der Welt zu festigen .
2025-05-03 12:55:42,275 - INFO - joeynmt.training - 	Reference:  Mr Modi is on a five @-@ day trip to Japan to strengthen economic ties with the third largest economy in the world .
2025-05-03 12:55:42,275 - INFO - joeynmt.training - 	Hypothesis: Mr Modi is located on a few minutes from Japan , in order to reach the economic relations with the economic relations to the world .
2025-05-03 12:55:42,275 - INFO - joeynmt.training - Example #3
2025-05-03 12:55:42,275 - DEBUG - joeynmt.training - 	Tokenized source:     ['P@@', 'län@@', 'e', 'für', 'eine', 'stärk@@', 'ere', 'k@@', 'ern@@', 'techn@@', 'ische', 'Zusammenarbeit', 'stehen', 'ganz', 'ob@@', 'en', 'auf', 'der', 'Tag@@', 'es@@', 'ordnung', '.']
2025-05-03 12:55:42,275 - DEBUG - joeynmt.training - 	Tokenized reference:  ['high', 'on', 'the', 'agen@@', 'da', 'are', 'pl@@', 'ans', 'for', 'gre@@', 'ater', 'nu@@', 'clear', 'c@@', 'o', '@@@', '-@@', '@', 'operation', '.']
2025-05-03 12:55:42,275 - DEBUG - joeynmt.training - 	Tokenized hypothesis: ['P@@', 'countries', 'are', 'a', 'more', 'techn@@', 'ical', 'cooperation', 'in', 'the', 'debate', '.', '</s>']
2025-05-03 12:55:42,275 - INFO - joeynmt.training - 	Source:     Pläne für eine stärkere kerntechnische Zusammenarbeit stehen ganz oben auf der Tagesordnung .
2025-05-03 12:55:42,275 - INFO - joeynmt.training - 	Reference:  high on the agenda are plans for greater nuclear co @-@ operation .
2025-05-03 12:55:42,275 - INFO - joeynmt.training - 	Hypothesis: Pcountries are a more technical cooperation in the debate .
2025-05-03 12:55:42,275 - INFO - joeynmt.training - Example #4
2025-05-03 12:55:42,276 - DEBUG - joeynmt.training - 	Tokenized source:     ['Berich@@', 'ten', 'zu@@', 'fol@@', 'ge', 'ho@@', 'fft', 'Indi@@', 'en', 'darüber', 'hinaus', 'auf', 'einen', 'Ver@@', 'trag', 'zur', 'Ver@@', 'tei@@', 'dig@@', 'ungs@@', 'zusammen@@', 'arbeit', 'zwischen', 'den', 'beiden', 'N@@', 'ationen', '.']
2025-05-03 12:55:42,276 - DEBUG - joeynmt.training - 	Tokenized reference:  ['Indi@@', 'a', 'is', 'also', 're@@', 'porte@@', 'dly', 'hop@@', 'ing', 'for', 'a', 'de@@', 'al', 'on', 'def@@', 'ence', 'c@@', 'oll@@', 'ab@@', 'or@@', 'ation', 'between', 'the', 'two', 'n@@', 'ations', '.']
2025-05-03 12:55:42,276 - DEBUG - joeynmt.training - 	Tokenized hypothesis: ['re@@', 'ports', 'in', 'the', 'very', 'much', 'more', 'than', 'the', 're@@', 'ports', 'of', 'the', 'two', 'N@@', 'ations', '.', '</s>']
2025-05-03 12:55:42,276 - INFO - joeynmt.training - 	Source:     Berichten zufolge hofft Indien darüber hinaus auf einen Vertrag zur Verteidigungszusammenarbeit zwischen den beiden Nationen .
2025-05-03 12:55:42,276 - INFO - joeynmt.training - 	Reference:  India is also reportedly hoping for a deal on defence collaboration between the two nations .
2025-05-03 12:55:42,276 - INFO - joeynmt.training - 	Hypothesis: reports in the very much more than the reports of the two Nations .
2025-05-03 12:55:47,574 - INFO - joeynmt.training - Epoch   3, Step:    10600, Batch Loss:     2.150639, Batch Acc: 0.390040, Tokens per Sec:    17142, Lr: 0.000300
2025-05-03 12:55:52,916 - INFO - joeynmt.training - Epoch   3, Step:    10700, Batch Loss:     2.187767, Batch Acc: 0.400762, Tokens per Sec:    17256, Lr: 0.000300
2025-05-03 12:55:58,200 - INFO - joeynmt.training - Epoch   3, Step:    10800, Batch Loss:     2.212170, Batch Acc: 0.395863, Tokens per Sec:    17301, Lr: 0.000300
2025-05-03 12:56:03,586 - INFO - joeynmt.training - Epoch   3, Step:    10900, Batch Loss:     2.336279, Batch Acc: 0.396543, Tokens per Sec:    17166, Lr: 0.000300
2025-05-03 12:56:08,891 - INFO - joeynmt.training - Epoch   3, Step:    11000, Batch Loss:     2.029029, Batch Acc: 0.402785, Tokens per Sec:    17326, Lr: 0.000300
2025-05-03 12:56:08,891 - INFO - joeynmt.prediction - Predicting 500 example(s)... (Greedy decoding with min_output_length=1, max_output_length=-1, return_prob='none', generate_unk=True, repetition_penalty=-1, no_repeat_ngram_size=-1)
2025-05-03 12:56:13,957 - INFO - joeynmt.prediction - Evaluation result (greedy) loss:   2.59, ppl:  13.38, acc:   0.33, generation: 5.0581[sec], evaluation: 0.0000[sec]
2025-05-03 12:56:13,957 - INFO - joeynmt.training - Hooray! New best validation result [ppl]!
2025-05-03 12:56:14,038 - INFO - joeynmt.helpers - delete models/deen_transformer_post/8500.ckpt
2025-05-03 12:56:14,044 - INFO - joeynmt.training - Example #0
2025-05-03 12:56:14,044 - DEBUG - joeynmt.training - 	Tokenized source:     ['die', 'Pre@@', 'mi@@', 'er@@', 'minist@@', 'er', 'Indi@@', 'ens', 'und', 'J@@', 'ap@@', 'ans', 'tra@@', 'fen', 'sich', 'in', 'T@@', 'ok@@', 'i@@', 'o', '.']
2025-05-03 12:56:14,044 - DEBUG - joeynmt.training - 	Tokenized reference:  ['Indi@@', 'a', 'and', 'J@@', 'ap@@', 'an', 'pri@@', 'me', 'minist@@', 'ers', 'me@@', 'et', 'in', 'T@@', 'ok@@', 'y@@', 'o']
2025-05-03 12:56:14,044 - DEBUG - joeynmt.training - 	Tokenized hypothesis: ['the', 'pri@@', 'ority', 'of', 'Indi@@', 'a', 'and', 'J@@', 'ap@@', 'an', 'and', 'J@@', 'ap@@', 'an', '.', '</s>']
2025-05-03 12:56:14,044 - INFO - joeynmt.training - 	Source:     die Premierminister Indiens und Japans trafen sich in Tokio .
2025-05-03 12:56:14,044 - INFO - joeynmt.training - 	Reference:  India and Japan prime ministers meet in Tokyo
2025-05-03 12:56:14,044 - INFO - joeynmt.training - 	Hypothesis: the priority of India and Japan and Japan .
2025-05-03 12:56:14,044 - INFO - joeynmt.training - Example #1
2025-05-03 12:56:14,045 - DEBUG - joeynmt.training - 	Tokenized source:     ['Indi@@', 'ens', 'neu@@', 'er', 'Pre@@', 'mi@@', 'er@@', 'minist@@', 'er', 'N@@', 'ar@@', 'end@@', 'ra', 'Mo@@', 'd@@', 'i', 'tri@@', 'fft', 'bei', 's@@', 'einem', 'ersten', 'wichti@@', 'gen', 'Aus@@', 'land@@', 's@@', 'bes@@', 'u@@', 'ch', 'seit', 's@@', 'einem', 'W@@', 'ah@@', 'l@@', 'si@@', 'e@@', 'g', 'im', 'Ma@@', 'i', 'seinen', 'j@@', 'ap@@', 'an@@', 'ischen', 'Am@@', 'ts@@', 'k@@', 'olle@@', 'gen', 'S@@', 'hin@@', 'z@@', 'o', 'A@@', 'be', 'in', 'T@@', 'ok@@', 'o', ',', 'um', 'wirtschaf@@', 'tliche', 'und', 'sicher@@', 'heits@@', 'politische', 'Be@@', 'zieh@@', 'ungen', 'zu', 'bes@@', 'pre@@', 'chen', '.']
2025-05-03 12:56:14,045 - DEBUG - joeynmt.training - 	Tokenized reference:  ['Indi@@', 'a', '&apos;s', 'new', 'pri@@', 'me', 'minist@@', 'er', ',', 'N@@', 'ar@@', 'end@@', 'ra', 'Mo@@', 'd@@', 'i', ',', 'is', 'me@@', 'eting', 'his', 'J@@', 'ap@@', 'an@@', 'ese', 'coun@@', 'ter@@', 'part', ',', 'S@@', 'hin@@', 'z@@', 'o', 'A@@', 'be', ',', 'in', 'T@@', 'ok@@', 'y@@', 'o', 'to', 'disc@@', 'uss', 'economic', 'and', 'security', 'ties', ',', 'on', 'his', 'first', 'major', 'fore@@', 'ign', 'visi@@', 't', 'since', 'w@@', 'inn@@', 'ing', 'Ma@@', 'y', '&apos;s', 'elec@@', 'tion', '.']
2025-05-03 12:56:14,045 - DEBUG - joeynmt.training - 	Tokenized hypothesis: ['Indi@@', 'a', '&apos;s', 'new', 'pri@@', 'ority', ',', 'the', 'most', 'important', 'pro@@', 'gress', 'in', 'his', 'first', 'first', 'first', 'of', 'all', 'of', 'the', 'first', 'important', 'ex@@', 'am@@', 'in@@', 'ation', 'of', 'the', 'W@@', 'h@@', 'ite', ',', 'in', 'the', 'S@@', 'ec@@', 're@@', 't@@', 'ary', 'of', 'his', 'first', 'first', 'first', 'of', 'all', 'its', 'own', 'political', 'and', 'security', 'and', 'security', ',', 'to', 'ensure', 'that', 'economic', 'and', 'security', 'and', 'saf@@', 'ety', '.', '</s>']
2025-05-03 12:56:14,046 - INFO - joeynmt.training - 	Source:     Indiens neuer Premierminister Narendra Modi trifft bei seinem ersten wichtigen Auslandsbesuch seit seinem Wahlsieg im Mai seinen japanischen Amtskollegen Shinzo Abe in Toko , um wirtschaftliche und sicherheitspolitische Beziehungen zu besprechen .
2025-05-03 12:56:14,046 - INFO - joeynmt.training - 	Reference:  India &apos;s new prime minister , Narendra Modi , is meeting his Japanese counterpart , Shinzo Abe , in Tokyo to discuss economic and security ties , on his first major foreign visit since winning May &apos;s election .
2025-05-03 12:56:14,046 - INFO - joeynmt.training - 	Hypothesis: India &apos;s new priority , the most important progress in his first first first of all of the first important examination of the White , in the Secretary of his first first first of all its own political and security and security , to ensure that economic and security and safety .
2025-05-03 12:56:14,046 - INFO - joeynmt.training - Example #2
2025-05-03 12:56:14,046 - DEBUG - joeynmt.training - 	Tokenized source:     ['Herr', 'Mo@@', 'd@@', 'i', 'befindet', 'sich', 'auf', 'einer', 'fü@@', 'n@@', 'f@@', 'tä@@', 'gi@@', 'gen', 'Rei@@', 'se', 'nach', 'J@@', 'ap@@', 'an', ',', 'um', 'die', 'wirtschaf@@', 'tlichen', 'Be@@', 'zieh@@', 'ungen', 'mit', 'der', 'd@@', 'rit@@', 't@@', 'größ@@', 'ten', 'Wirtschafts@@', 'n@@', 'ation', 'der', 'Welt', 'zu', 'fes@@', 'tigen', '.']
2025-05-03 12:56:14,046 - DEBUG - joeynmt.training - 	Tokenized reference:  ['Mr', 'Mo@@', 'd@@', 'i', 'is', 'on', 'a', 'fi@@', 've', '@@@', '-@@', '@', 'day', 'tri@@', 'p', 'to', 'J@@', 'ap@@', 'an', 'to', 'streng@@', 'then', 'economic', 'ties', 'with', 'the', 'third', 'lar@@', 'ges@@', 't', 'econom@@', 'y', 'in', 'the', 'world', '.']
2025-05-03 12:56:14,046 - DEBUG - joeynmt.training - 	Tokenized hypothesis: ['Mr', 'Mo@@', 'd@@', 'i', 'is', 'a', 'c@@', 'are@@', 'ful', 'number', 'of', 'j@@', 'ap@@', 'an', 'to', 'the', 'economic', 'rel@@', 'ations', 'with', 'the', 'economic', 'rel@@', 'ation', 'to', 'the', 'economic', 'rel@@', 'ation', 'to', 'the', 'world', '&apos;s', 'economic', 'rel@@', 'ation', 'to', 'the', 'world', '.', '</s>']
2025-05-03 12:56:14,046 - INFO - joeynmt.training - 	Source:     Herr Modi befindet sich auf einer fünftägigen Reise nach Japan , um die wirtschaftlichen Beziehungen mit der drittgrößten Wirtschaftsnation der Welt zu festigen .
2025-05-03 12:56:14,046 - INFO - joeynmt.training - 	Reference:  Mr Modi is on a five @-@ day trip to Japan to strengthen economic ties with the third largest economy in the world .
2025-05-03 12:56:14,046 - INFO - joeynmt.training - 	Hypothesis: Mr Modi is a careful number of japan to the economic relations with the economic relation to the economic relation to the world &apos;s economic relation to the world .
2025-05-03 12:56:14,046 - INFO - joeynmt.training - Example #3
2025-05-03 12:56:14,046 - DEBUG - joeynmt.training - 	Tokenized source:     ['P@@', 'län@@', 'e', 'für', 'eine', 'stärk@@', 'ere', 'k@@', 'ern@@', 'techn@@', 'ische', 'Zusammenarbeit', 'stehen', 'ganz', 'ob@@', 'en', 'auf', 'der', 'Tag@@', 'es@@', 'ordnung', '.']
2025-05-03 12:56:14,047 - DEBUG - joeynmt.training - 	Tokenized reference:  ['high', 'on', 'the', 'agen@@', 'da', 'are', 'pl@@', 'ans', 'for', 'gre@@', 'ater', 'nu@@', 'clear', 'c@@', 'o', '@@@', '-@@', '@', 'operation', '.']
2025-05-03 12:56:14,047 - DEBUG - joeynmt.training - 	Tokenized hypothesis: ['P@@', 'countries', 'are', 'a', 'more', 'difficul@@', 't', 'cooperation', 'on', 'the', 'agen@@', 'da', '.', '</s>']
2025-05-03 12:56:14,047 - INFO - joeynmt.training - 	Source:     Pläne für eine stärkere kerntechnische Zusammenarbeit stehen ganz oben auf der Tagesordnung .
2025-05-03 12:56:14,047 - INFO - joeynmt.training - 	Reference:  high on the agenda are plans for greater nuclear co @-@ operation .
2025-05-03 12:56:14,047 - INFO - joeynmt.training - 	Hypothesis: Pcountries are a more difficult cooperation on the agenda .
2025-05-03 12:56:14,047 - INFO - joeynmt.training - Example #4
2025-05-03 12:56:14,047 - DEBUG - joeynmt.training - 	Tokenized source:     ['Berich@@', 'ten', 'zu@@', 'fol@@', 'ge', 'ho@@', 'fft', 'Indi@@', 'en', 'darüber', 'hinaus', 'auf', 'einen', 'Ver@@', 'trag', 'zur', 'Ver@@', 'tei@@', 'dig@@', 'ungs@@', 'zusammen@@', 'arbeit', 'zwischen', 'den', 'beiden', 'N@@', 'ationen', '.']
2025-05-03 12:56:14,047 - DEBUG - joeynmt.training - 	Tokenized reference:  ['Indi@@', 'a', 'is', 'also', 're@@', 'porte@@', 'dly', 'hop@@', 'ing', 'for', 'a', 'de@@', 'al', 'on', 'def@@', 'ence', 'c@@', 'oll@@', 'ab@@', 'or@@', 'ation', 'between', 'the', 'two', 'n@@', 'ations', '.']
2025-05-03 12:56:14,047 - DEBUG - joeynmt.training - 	Tokenized hypothesis: ['the', 're@@', 'ports', 'are', 'also', 'sup@@', 'pos@@', 'ed', 'to', 'a', 'con@@', 'text', 'on', 'the', 'con@@', 'text', 'of', 'the', 'two', 'N@@', 'N@@', 'N@@', 'N@@', 'ations', '.', '</s>']
2025-05-03 12:56:14,047 - INFO - joeynmt.training - 	Source:     Berichten zufolge hofft Indien darüber hinaus auf einen Vertrag zur Verteidigungszusammenarbeit zwischen den beiden Nationen .
2025-05-03 12:56:14,048 - INFO - joeynmt.training - 	Reference:  India is also reportedly hoping for a deal on defence collaboration between the two nations .
2025-05-03 12:56:14,048 - INFO - joeynmt.training - 	Hypothesis: the reports are also supposed to a context on the context of the two NNNNations .
2025-05-03 12:56:19,346 - INFO - joeynmt.training - Epoch   3, Step:    11100, Batch Loss:     2.402167, Batch Acc: 0.403598, Tokens per Sec:    17028, Lr: 0.000300
2025-05-03 12:56:24,741 - INFO - joeynmt.training - Epoch   3, Step:    11200, Batch Loss:     2.067742, Batch Acc: 0.401618, Tokens per Sec:    17253, Lr: 0.000300
2025-05-03 12:56:30,066 - INFO - joeynmt.training - Epoch   3, Step:    11300, Batch Loss:     2.202375, Batch Acc: 0.405160, Tokens per Sec:    17001, Lr: 0.000300
2025-05-03 12:56:35,314 - INFO - joeynmt.training - Epoch   3, Step:    11400, Batch Loss:     2.288744, Batch Acc: 0.410828, Tokens per Sec:    17469, Lr: 0.000300
2025-05-03 12:56:40,590 - INFO - joeynmt.training - Epoch   3, Step:    11500, Batch Loss:     2.304111, Batch Acc: 0.408812, Tokens per Sec:    17165, Lr: 0.000300
2025-05-03 12:56:40,590 - INFO - joeynmt.prediction - Predicting 500 example(s)... (Greedy decoding with min_output_length=1, max_output_length=-1, return_prob='none', generate_unk=True, repetition_penalty=-1, no_repeat_ngram_size=-1)
2025-05-03 12:56:45,822 - INFO - joeynmt.prediction - Evaluation result (greedy) loss:   2.55, ppl:  12.87, acc:   0.34, generation: 5.2257[sec], evaluation: 0.0000[sec]
2025-05-03 12:56:45,823 - INFO - joeynmt.training - Hooray! New best validation result [ppl]!
2025-05-03 12:56:45,905 - INFO - joeynmt.helpers - delete models/deen_transformer_post/9000.ckpt
2025-05-03 12:56:45,911 - INFO - joeynmt.training - Example #0
2025-05-03 12:56:45,911 - DEBUG - joeynmt.training - 	Tokenized source:     ['die', 'Pre@@', 'mi@@', 'er@@', 'minist@@', 'er', 'Indi@@', 'ens', 'und', 'J@@', 'ap@@', 'ans', 'tra@@', 'fen', 'sich', 'in', 'T@@', 'ok@@', 'i@@', 'o', '.']
2025-05-03 12:56:45,911 - DEBUG - joeynmt.training - 	Tokenized reference:  ['Indi@@', 'a', 'and', 'J@@', 'ap@@', 'an', 'pri@@', 'me', 'minist@@', 'ers', 'me@@', 'et', 'in', 'T@@', 'ok@@', 'y@@', 'o']
2025-05-03 12:56:45,911 - DEBUG - joeynmt.training - 	Tokenized hypothesis: ['the', 'Pre@@', 'siden@@', 'cy', 'of', 'the', 'Pre@@', 'siden@@', 'cy', 'and', 'J@@', 'ap@@', 'an', '.', '</s>']
2025-05-03 12:56:45,911 - INFO - joeynmt.training - 	Source:     die Premierminister Indiens und Japans trafen sich in Tokio .
2025-05-03 12:56:45,911 - INFO - joeynmt.training - 	Reference:  India and Japan prime ministers meet in Tokyo
2025-05-03 12:56:45,911 - INFO - joeynmt.training - 	Hypothesis: the Presidency of the Presidency and Japan .
2025-05-03 12:56:45,911 - INFO - joeynmt.training - Example #1
2025-05-03 12:56:45,911 - DEBUG - joeynmt.training - 	Tokenized source:     ['Indi@@', 'ens', 'neu@@', 'er', 'Pre@@', 'mi@@', 'er@@', 'minist@@', 'er', 'N@@', 'ar@@', 'end@@', 'ra', 'Mo@@', 'd@@', 'i', 'tri@@', 'fft', 'bei', 's@@', 'einem', 'ersten', 'wichti@@', 'gen', 'Aus@@', 'land@@', 's@@', 'bes@@', 'u@@', 'ch', 'seit', 's@@', 'einem', 'W@@', 'ah@@', 'l@@', 'si@@', 'e@@', 'g', 'im', 'Ma@@', 'i', 'seinen', 'j@@', 'ap@@', 'an@@', 'ischen', 'Am@@', 'ts@@', 'k@@', 'olle@@', 'gen', 'S@@', 'hin@@', 'z@@', 'o', 'A@@', 'be', 'in', 'T@@', 'ok@@', 'o', ',', 'um', 'wirtschaf@@', 'tliche', 'und', 'sicher@@', 'heits@@', 'politische', 'Be@@', 'zieh@@', 'ungen', 'zu', 'bes@@', 'pre@@', 'chen', '.']
2025-05-03 12:56:45,912 - DEBUG - joeynmt.training - 	Tokenized reference:  ['Indi@@', 'a', '&apos;s', 'new', 'pri@@', 'me', 'minist@@', 'er', ',', 'N@@', 'ar@@', 'end@@', 'ra', 'Mo@@', 'd@@', 'i', ',', 'is', 'me@@', 'eting', 'his', 'J@@', 'ap@@', 'an@@', 'ese', 'coun@@', 'ter@@', 'part', ',', 'S@@', 'hin@@', 'z@@', 'o', 'A@@', 'be', ',', 'in', 'T@@', 'ok@@', 'y@@', 'o', 'to', 'disc@@', 'uss', 'economic', 'and', 'security', 'ties', ',', 'on', 'his', 'first', 'major', 'fore@@', 'ign', 'visi@@', 't', 'since', 'w@@', 'inn@@', 'ing', 'Ma@@', 'y', '&apos;s', 'elec@@', 'tion', '.']
2025-05-03 12:56:45,912 - DEBUG - joeynmt.training - 	Tokenized hypothesis: ['Indi@@', 'a', '&apos;s', 'pri@@', 'ority', 'has', 'been', 're@@', 'ach@@', 'ed', 'in', 'the', 'first', 'time', ',', 'the', 'most', 'important', 'ex@@', 'am@@', 'in@@', 'ed', 'in', 'the', 'S@@', 'h@@', 'on@@', 'ze', 'of', 'his', 'first', 'time', 'in', 'the', 'Ma@@', 'y', 'of', 'S@@', 'h@@', 'an@@', 'o', ',', 'economic', 'and', 'security', 'policy', 'in', 'T@@', 'ri@@', 'o', ',', 'economic', 'and', 'security', 'policy', '.', '</s>']
2025-05-03 12:56:45,912 - INFO - joeynmt.training - 	Source:     Indiens neuer Premierminister Narendra Modi trifft bei seinem ersten wichtigen Auslandsbesuch seit seinem Wahlsieg im Mai seinen japanischen Amtskollegen Shinzo Abe in Toko , um wirtschaftliche und sicherheitspolitische Beziehungen zu besprechen .
2025-05-03 12:56:45,912 - INFO - joeynmt.training - 	Reference:  India &apos;s new prime minister , Narendra Modi , is meeting his Japanese counterpart , Shinzo Abe , in Tokyo to discuss economic and security ties , on his first major foreign visit since winning May &apos;s election .
2025-05-03 12:56:45,912 - INFO - joeynmt.training - 	Hypothesis: India &apos;s priority has been reached in the first time , the most important examined in the Shonze of his first time in the May of Shano , economic and security policy in Trio , economic and security policy .
2025-05-03 12:56:45,912 - INFO - joeynmt.training - Example #2
2025-05-03 12:56:45,912 - DEBUG - joeynmt.training - 	Tokenized source:     ['Herr', 'Mo@@', 'd@@', 'i', 'befindet', 'sich', 'auf', 'einer', 'fü@@', 'n@@', 'f@@', 'tä@@', 'gi@@', 'gen', 'Rei@@', 'se', 'nach', 'J@@', 'ap@@', 'an', ',', 'um', 'die', 'wirtschaf@@', 'tlichen', 'Be@@', 'zieh@@', 'ungen', 'mit', 'der', 'd@@', 'rit@@', 't@@', 'größ@@', 'ten', 'Wirtschafts@@', 'n@@', 'ation', 'der', 'Welt', 'zu', 'fes@@', 'tigen', '.']
2025-05-03 12:56:45,912 - DEBUG - joeynmt.training - 	Tokenized reference:  ['Mr', 'Mo@@', 'd@@', 'i', 'is', 'on', 'a', 'fi@@', 've', '@@@', '-@@', '@', 'day', 'tri@@', 'p', 'to', 'J@@', 'ap@@', 'an', 'to', 'streng@@', 'then', 'economic', 'ties', 'with', 'the', 'third', 'lar@@', 'ges@@', 't', 'econom@@', 'y', 'in', 'the', 'world', '.']
2025-05-03 12:56:45,912 - DEBUG - joeynmt.training - 	Tokenized hypothesis: ['Mr', 'Mo@@', 'd@@', 'i', 'is', 'a', 'fi@@', 'le', 'on', 'a', 'fi@@', 'le', 'of', 'the', 'world', 'to', 'J@@', 'ap@@', 'an', 'to', 'J@@', 'ap@@', 'an', 'to', 'J@@', 'ap@@', 'an', '&apos;s', 'economic', 'rel@@', 'ations', 'with', 'the', 'world', '&apos;s', 'world', '.', '</s>']
2025-05-03 12:56:45,912 - INFO - joeynmt.training - 	Source:     Herr Modi befindet sich auf einer fünftägigen Reise nach Japan , um die wirtschaftlichen Beziehungen mit der drittgrößten Wirtschaftsnation der Welt zu festigen .
2025-05-03 12:56:45,912 - INFO - joeynmt.training - 	Reference:  Mr Modi is on a five @-@ day trip to Japan to strengthen economic ties with the third largest economy in the world .
2025-05-03 12:56:45,912 - INFO - joeynmt.training - 	Hypothesis: Mr Modi is a file on a file of the world to Japan to Japan to Japan &apos;s economic relations with the world &apos;s world .
2025-05-03 12:56:45,912 - INFO - joeynmt.training - Example #3
2025-05-03 12:56:45,913 - DEBUG - joeynmt.training - 	Tokenized source:     ['P@@', 'län@@', 'e', 'für', 'eine', 'stärk@@', 'ere', 'k@@', 'ern@@', 'techn@@', 'ische', 'Zusammenarbeit', 'stehen', 'ganz', 'ob@@', 'en', 'auf', 'der', 'Tag@@', 'es@@', 'ordnung', '.']
2025-05-03 12:56:45,913 - DEBUG - joeynmt.training - 	Tokenized reference:  ['high', 'on', 'the', 'agen@@', 'da', 'are', 'pl@@', 'ans', 'for', 'gre@@', 'ater', 'nu@@', 'clear', 'c@@', 'o', '@@@', '-@@', '@', 'operation', '.']
2025-05-03 12:56:45,913 - DEBUG - joeynmt.training - 	Tokenized hypothesis: ['P@@', 'countries', 'countries', 'are', 'still', 'a', 'great', 'de@@', 'al', 'with', 'a', 'more', 'techn@@', 'ical', 'cooperation', '.', '</s>']
2025-05-03 12:56:45,913 - INFO - joeynmt.training - 	Source:     Pläne für eine stärkere kerntechnische Zusammenarbeit stehen ganz oben auf der Tagesordnung .
2025-05-03 12:56:45,913 - INFO - joeynmt.training - 	Reference:  high on the agenda are plans for greater nuclear co @-@ operation .
2025-05-03 12:56:45,913 - INFO - joeynmt.training - 	Hypothesis: Pcountries countries are still a great deal with a more technical cooperation .
2025-05-03 12:56:45,913 - INFO - joeynmt.training - Example #4
2025-05-03 12:56:45,913 - DEBUG - joeynmt.training - 	Tokenized source:     ['Berich@@', 'ten', 'zu@@', 'fol@@', 'ge', 'ho@@', 'fft', 'Indi@@', 'en', 'darüber', 'hinaus', 'auf', 'einen', 'Ver@@', 'trag', 'zur', 'Ver@@', 'tei@@', 'dig@@', 'ungs@@', 'zusammen@@', 'arbeit', 'zwischen', 'den', 'beiden', 'N@@', 'ationen', '.']
2025-05-03 12:56:45,913 - DEBUG - joeynmt.training - 	Tokenized reference:  ['Indi@@', 'a', 'is', 'also', 're@@', 'porte@@', 'dly', 'hop@@', 'ing', 'for', 'a', 'de@@', 'al', 'on', 'def@@', 'ence', 'c@@', 'oll@@', 'ab@@', 'or@@', 'ation', 'between', 'the', 'two', 'n@@', 'ations', '.']
2025-05-03 12:56:45,913 - DEBUG - joeynmt.training - 	Tokenized hypothesis: ['re@@', 'ports', 'in', 'the', 'very', 'much', 'more', 'than', 'the', 're@@', 'lev@@', 'ant', 'pro@@', 'gress', 'between', 'the', 'two', 'N@@', 'ations', '.', '</s>']
2025-05-03 12:56:45,913 - INFO - joeynmt.training - 	Source:     Berichten zufolge hofft Indien darüber hinaus auf einen Vertrag zur Verteidigungszusammenarbeit zwischen den beiden Nationen .
2025-05-03 12:56:45,913 - INFO - joeynmt.training - 	Reference:  India is also reportedly hoping for a deal on defence collaboration between the two nations .
2025-05-03 12:56:45,913 - INFO - joeynmt.training - 	Hypothesis: reports in the very much more than the relevant progress between the two Nations .
2025-05-03 12:56:51,286 - INFO - joeynmt.training - Epoch   3, Step:    11600, Batch Loss:     2.182632, Batch Acc: 0.412486, Tokens per Sec:    16991, Lr: 0.000300
2025-05-03 12:56:56,578 - INFO - joeynmt.training - Epoch   3, Step:    11700, Batch Loss:     2.287333, Batch Acc: 0.414738, Tokens per Sec:    17308, Lr: 0.000300
2025-05-03 12:57:01,946 - INFO - joeynmt.training - Epoch   3, Step:    11800, Batch Loss:     2.234807, Batch Acc: 0.412725, Tokens per Sec:    16891, Lr: 0.000300
2025-05-03 12:57:07,312 - INFO - joeynmt.training - Epoch   3, Step:    11900, Batch Loss:     2.134180, Batch Acc: 0.417196, Tokens per Sec:    17205, Lr: 0.000300
2025-05-03 12:57:12,686 - INFO - joeynmt.training - Epoch   3, Step:    12000, Batch Loss:     2.309901, Batch Acc: 0.412568, Tokens per Sec:    17208, Lr: 0.000300
2025-05-03 12:57:12,686 - INFO - joeynmt.prediction - Predicting 500 example(s)... (Greedy decoding with min_output_length=1, max_output_length=-1, return_prob='none', generate_unk=True, repetition_penalty=-1, no_repeat_ngram_size=-1)
2025-05-03 12:57:17,687 - INFO - joeynmt.prediction - Evaluation result (greedy) loss:   2.52, ppl:  12.49, acc:   0.35, generation: 4.9925[sec], evaluation: 0.0000[sec]
2025-05-03 12:57:17,687 - INFO - joeynmt.training - Hooray! New best validation result [ppl]!
2025-05-03 12:57:17,767 - INFO - joeynmt.helpers - delete models/deen_transformer_post/9500.ckpt
2025-05-03 12:57:17,772 - INFO - joeynmt.training - Example #0
2025-05-03 12:57:17,772 - DEBUG - joeynmt.training - 	Tokenized source:     ['die', 'Pre@@', 'mi@@', 'er@@', 'minist@@', 'er', 'Indi@@', 'ens', 'und', 'J@@', 'ap@@', 'ans', 'tra@@', 'fen', 'sich', 'in', 'T@@', 'ok@@', 'i@@', 'o', '.']
2025-05-03 12:57:17,773 - DEBUG - joeynmt.training - 	Tokenized reference:  ['Indi@@', 'a', 'and', 'J@@', 'ap@@', 'an', 'pri@@', 'me', 'minist@@', 'ers', 'me@@', 'et', 'in', 'T@@', 'ok@@', 'y@@', 'o']
2025-05-03 12:57:17,773 - DEBUG - joeynmt.training - 	Tokenized hypothesis: ['the', 'Pre@@', 'siden@@', 'cy', 'of', 'the', 'Minist@@', 'er', 'and', 'J@@', 'ap@@', 'an', 'in', 'T@@', 'ok@@', 'i@@', 'o', '.', '</s>']
2025-05-03 12:57:17,773 - INFO - joeynmt.training - 	Source:     die Premierminister Indiens und Japans trafen sich in Tokio .
2025-05-03 12:57:17,773 - INFO - joeynmt.training - 	Reference:  India and Japan prime ministers meet in Tokyo
2025-05-03 12:57:17,773 - INFO - joeynmt.training - 	Hypothesis: the Presidency of the Minister and Japan in Tokio .
2025-05-03 12:57:17,773 - INFO - joeynmt.training - Example #1
2025-05-03 12:57:17,773 - DEBUG - joeynmt.training - 	Tokenized source:     ['Indi@@', 'ens', 'neu@@', 'er', 'Pre@@', 'mi@@', 'er@@', 'minist@@', 'er', 'N@@', 'ar@@', 'end@@', 'ra', 'Mo@@', 'd@@', 'i', 'tri@@', 'fft', 'bei', 's@@', 'einem', 'ersten', 'wichti@@', 'gen', 'Aus@@', 'land@@', 's@@', 'bes@@', 'u@@', 'ch', 'seit', 's@@', 'einem', 'W@@', 'ah@@', 'l@@', 'si@@', 'e@@', 'g', 'im', 'Ma@@', 'i', 'seinen', 'j@@', 'ap@@', 'an@@', 'ischen', 'Am@@', 'ts@@', 'k@@', 'olle@@', 'gen', 'S@@', 'hin@@', 'z@@', 'o', 'A@@', 'be', 'in', 'T@@', 'ok@@', 'o', ',', 'um', 'wirtschaf@@', 'tliche', 'und', 'sicher@@', 'heits@@', 'politische', 'Be@@', 'zieh@@', 'ungen', 'zu', 'bes@@', 'pre@@', 'chen', '.']
2025-05-03 12:57:17,773 - DEBUG - joeynmt.training - 	Tokenized reference:  ['Indi@@', 'a', '&apos;s', 'new', 'pri@@', 'me', 'minist@@', 'er', ',', 'N@@', 'ar@@', 'end@@', 'ra', 'Mo@@', 'd@@', 'i', ',', 'is', 'me@@', 'eting', 'his', 'J@@', 'ap@@', 'an@@', 'ese', 'coun@@', 'ter@@', 'part', ',', 'S@@', 'hin@@', 'z@@', 'o', 'A@@', 'be', ',', 'in', 'T@@', 'ok@@', 'y@@', 'o', 'to', 'disc@@', 'uss', 'economic', 'and', 'security', 'ties', ',', 'on', 'his', 'first', 'major', 'fore@@', 'ign', 'visi@@', 't', 'since', 'w@@', 'inn@@', 'ing', 'Ma@@', 'y', '&apos;s', 'elec@@', 'tion', '.']
2025-05-03 12:57:17,773 - DEBUG - joeynmt.training - 	Tokenized hypothesis: ['Indi@@', 'an', 'Pre@@', 'siden@@', 'cy', 'M@@', 'er@@', 'j@@', 'ap@@', 's', 'N@@', 'ar@@', 'i', 'Mo@@', 'd@@', 'i', 'M@@', 'un@@', 'ich', '&apos;s', 'first', 'ex@@', 'ec@@', 'u@@', 'tive', 'ex@@', 'hi@@', 'bi@@', 'tion', ',', 'has', 'been', 'in', 'a', 'm@@', 'ember', 'of', 'the', 'S@@', 'ec@@', 'tion', 'of', 'the', 'S@@', 'ec@@', 're@@', 't@@', 'ary', 'of', 'the', 'S@@', 'ec@@', 'tion', 'A@@', 'f@@', 'gh@@', 'an@@', 'ist@@', 'an', ',', 'economic', 'and', 'security', '.', '</s>']
2025-05-03 12:57:17,774 - INFO - joeynmt.training - 	Source:     Indiens neuer Premierminister Narendra Modi trifft bei seinem ersten wichtigen Auslandsbesuch seit seinem Wahlsieg im Mai seinen japanischen Amtskollegen Shinzo Abe in Toko , um wirtschaftliche und sicherheitspolitische Beziehungen zu besprechen .
2025-05-03 12:57:17,774 - INFO - joeynmt.training - 	Reference:  India &apos;s new prime minister , Narendra Modi , is meeting his Japanese counterpart , Shinzo Abe , in Tokyo to discuss economic and security ties , on his first major foreign visit since winning May &apos;s election .
2025-05-03 12:57:17,774 - INFO - joeynmt.training - 	Hypothesis: Indian Presidency Merjaps Nari Modi Munich &apos;s first executive exhibition , has been in a member of the Section of the Secretary of the Section Afghanistan , economic and security .
2025-05-03 12:57:17,774 - INFO - joeynmt.training - Example #2
2025-05-03 12:57:17,774 - DEBUG - joeynmt.training - 	Tokenized source:     ['Herr', 'Mo@@', 'd@@', 'i', 'befindet', 'sich', 'auf', 'einer', 'fü@@', 'n@@', 'f@@', 'tä@@', 'gi@@', 'gen', 'Rei@@', 'se', 'nach', 'J@@', 'ap@@', 'an', ',', 'um', 'die', 'wirtschaf@@', 'tlichen', 'Be@@', 'zieh@@', 'ungen', 'mit', 'der', 'd@@', 'rit@@', 't@@', 'größ@@', 'ten', 'Wirtschafts@@', 'n@@', 'ation', 'der', 'Welt', 'zu', 'fes@@', 'tigen', '.']
2025-05-03 12:57:17,774 - DEBUG - joeynmt.training - 	Tokenized reference:  ['Mr', 'Mo@@', 'd@@', 'i', 'is', 'on', 'a', 'fi@@', 've', '@@@', '-@@', '@', 'day', 'tri@@', 'p', 'to', 'J@@', 'ap@@', 'an', 'to', 'streng@@', 'then', 'economic', 'ties', 'with', 'the', 'third', 'lar@@', 'ges@@', 't', 'econom@@', 'y', 'in', 'the', 'world', '.']
2025-05-03 12:57:17,774 - DEBUG - joeynmt.training - 	Tokenized hypothesis: ['Mr', 'Mo@@', 'd@@', 'i', 'is', 'the', 'fi@@', 'f@@', 'th', 'of', 'a', 'fi@@', 've', 't@@', 'ar@@', 'ge@@', 'ts', 'to', 'J@@', 'ap@@', 'an', 'to', 'J@@', 'ap@@', 'an', 'to', 'be', 'able', 'to', 're@@', 'ali@@', 'se', 'economic', 'rel@@', 'ations', 'with', 'the', 'world', '.', '</s>']
2025-05-03 12:57:17,774 - INFO - joeynmt.training - 	Source:     Herr Modi befindet sich auf einer fünftägigen Reise nach Japan , um die wirtschaftlichen Beziehungen mit der drittgrößten Wirtschaftsnation der Welt zu festigen .
2025-05-03 12:57:17,774 - INFO - joeynmt.training - 	Reference:  Mr Modi is on a five @-@ day trip to Japan to strengthen economic ties with the third largest economy in the world .
2025-05-03 12:57:17,774 - INFO - joeynmt.training - 	Hypothesis: Mr Modi is the fifth of a five targets to Japan to Japan to be able to realise economic relations with the world .
2025-05-03 12:57:17,774 - INFO - joeynmt.training - Example #3
2025-05-03 12:57:17,774 - DEBUG - joeynmt.training - 	Tokenized source:     ['P@@', 'län@@', 'e', 'für', 'eine', 'stärk@@', 'ere', 'k@@', 'ern@@', 'techn@@', 'ische', 'Zusammenarbeit', 'stehen', 'ganz', 'ob@@', 'en', 'auf', 'der', 'Tag@@', 'es@@', 'ordnung', '.']
2025-05-03 12:57:17,774 - DEBUG - joeynmt.training - 	Tokenized reference:  ['high', 'on', 'the', 'agen@@', 'da', 'are', 'pl@@', 'ans', 'for', 'gre@@', 'ater', 'nu@@', 'clear', 'c@@', 'o', '@@@', '-@@', '@', 'operation', '.']
2025-05-03 12:57:17,775 - DEBUG - joeynmt.training - 	Tokenized hypothesis: ['the', 'di@@', 'sch@@', 'ar@@', 'ge', 'techn@@', 'ology', 'is', 'very', 'much', 'more', 'techn@@', 'ical', 'cooperation', '.', '</s>']
2025-05-03 12:57:17,775 - INFO - joeynmt.training - 	Source:     Pläne für eine stärkere kerntechnische Zusammenarbeit stehen ganz oben auf der Tagesordnung .
2025-05-03 12:57:17,775 - INFO - joeynmt.training - 	Reference:  high on the agenda are plans for greater nuclear co @-@ operation .
2025-05-03 12:57:17,775 - INFO - joeynmt.training - 	Hypothesis: the discharge technology is very much more technical cooperation .
2025-05-03 12:57:17,775 - INFO - joeynmt.training - Example #4
2025-05-03 12:57:17,775 - DEBUG - joeynmt.training - 	Tokenized source:     ['Berich@@', 'ten', 'zu@@', 'fol@@', 'ge', 'ho@@', 'fft', 'Indi@@', 'en', 'darüber', 'hinaus', 'auf', 'einen', 'Ver@@', 'trag', 'zur', 'Ver@@', 'tei@@', 'dig@@', 'ungs@@', 'zusammen@@', 'arbeit', 'zwischen', 'den', 'beiden', 'N@@', 'ationen', '.']
2025-05-03 12:57:17,775 - DEBUG - joeynmt.training - 	Tokenized reference:  ['Indi@@', 'a', 'is', 'also', 're@@', 'porte@@', 'dly', 'hop@@', 'ing', 'for', 'a', 'de@@', 'al', 'on', 'def@@', 'ence', 'c@@', 'oll@@', 'ab@@', 'or@@', 'ation', 'between', 'the', 'two', 'n@@', 'ations', '.']
2025-05-03 12:57:17,775 - DEBUG - joeynmt.training - 	Tokenized hypothesis: ['re@@', 'ports', 'on', 'a', 'con@@', 'text', 'of', 'the', 'ex@@', 't@@', 'ent', 'of', 'the', 'two', 'N@@', 'ations', '.', '</s>']
2025-05-03 12:57:17,775 - INFO - joeynmt.training - 	Source:     Berichten zufolge hofft Indien darüber hinaus auf einen Vertrag zur Verteidigungszusammenarbeit zwischen den beiden Nationen .
2025-05-03 12:57:17,775 - INFO - joeynmt.training - 	Reference:  India is also reportedly hoping for a deal on defence collaboration between the two nations .
2025-05-03 12:57:17,775 - INFO - joeynmt.training - 	Hypothesis: reports on a context of the extent of the two Nations .
2025-05-03 12:57:23,133 - INFO - joeynmt.training - Epoch   3, Step:    12100, Batch Loss:     2.148196, Batch Acc: 0.418627, Tokens per Sec:    16897, Lr: 0.000300
2025-05-03 12:57:28,128 - INFO - joeynmt.training - Epoch   3: total training loss 9176.25
2025-05-03 12:57:28,128 - INFO - joeynmt.training - EPOCH 4
2025-05-03 12:57:28,397 - INFO - joeynmt.training - Epoch   4, Step:    12200, Batch Loss:     2.167904, Batch Acc: 0.430092, Tokens per Sec:    17469, Lr: 0.000300
2025-05-03 12:57:33,699 - INFO - joeynmt.training - Epoch   4, Step:    12300, Batch Loss:     2.049774, Batch Acc: 0.432680, Tokens per Sec:    17430, Lr: 0.000300
2025-05-03 12:57:39,023 - INFO - joeynmt.training - Epoch   4, Step:    12400, Batch Loss:     2.265864, Batch Acc: 0.432144, Tokens per Sec:    17320, Lr: 0.000300
2025-05-03 12:57:44,405 - INFO - joeynmt.training - Epoch   4, Step:    12500, Batch Loss:     2.221336, Batch Acc: 0.432713, Tokens per Sec:    17157, Lr: 0.000300
2025-05-03 12:57:44,405 - INFO - joeynmt.prediction - Predicting 500 example(s)... (Greedy decoding with min_output_length=1, max_output_length=-1, return_prob='none', generate_unk=True, repetition_penalty=-1, no_repeat_ngram_size=-1)
2025-05-03 12:57:50,189 - INFO - joeynmt.prediction - Evaluation result (greedy) loss:   2.49, ppl:  12.11, acc:   0.36, generation: 5.7779[sec], evaluation: 0.0000[sec]
2025-05-03 12:57:50,190 - INFO - joeynmt.training - Hooray! New best validation result [ppl]!
2025-05-03 12:57:50,275 - INFO - joeynmt.helpers - delete models/deen_transformer_post/10000.ckpt
2025-05-03 12:57:50,281 - INFO - joeynmt.training - Example #0
2025-05-03 12:57:50,281 - DEBUG - joeynmt.training - 	Tokenized source:     ['die', 'Pre@@', 'mi@@', 'er@@', 'minist@@', 'er', 'Indi@@', 'ens', 'und', 'J@@', 'ap@@', 'ans', 'tra@@', 'fen', 'sich', 'in', 'T@@', 'ok@@', 'i@@', 'o', '.']
2025-05-03 12:57:50,282 - DEBUG - joeynmt.training - 	Tokenized reference:  ['Indi@@', 'a', 'and', 'J@@', 'ap@@', 'an', 'pri@@', 'me', 'minist@@', 'ers', 'me@@', 'et', 'in', 'T@@', 'ok@@', 'y@@', 'o']
2025-05-03 12:57:50,282 - DEBUG - joeynmt.training - 	Tokenized hypothesis: ['the', 'Pri@@', 'me', 'Minist@@', 'er', 'of', 'Indi@@', 'a', 'and', 'J@@', 'ap@@', 'ans', ',', 'the', 'Pri@@', 'me', 'Minist@@', 'er', '.', '</s>']
2025-05-03 12:57:50,282 - INFO - joeynmt.training - 	Source:     die Premierminister Indiens und Japans trafen sich in Tokio .
2025-05-03 12:57:50,282 - INFO - joeynmt.training - 	Reference:  India and Japan prime ministers meet in Tokyo
2025-05-03 12:57:50,282 - INFO - joeynmt.training - 	Hypothesis: the Prime Minister of India and Japans , the Prime Minister .
2025-05-03 12:57:50,282 - INFO - joeynmt.training - Example #1
2025-05-03 12:57:50,282 - DEBUG - joeynmt.training - 	Tokenized source:     ['Indi@@', 'ens', 'neu@@', 'er', 'Pre@@', 'mi@@', 'er@@', 'minist@@', 'er', 'N@@', 'ar@@', 'end@@', 'ra', 'Mo@@', 'd@@', 'i', 'tri@@', 'fft', 'bei', 's@@', 'einem', 'ersten', 'wichti@@', 'gen', 'Aus@@', 'land@@', 's@@', 'bes@@', 'u@@', 'ch', 'seit', 's@@', 'einem', 'W@@', 'ah@@', 'l@@', 'si@@', 'e@@', 'g', 'im', 'Ma@@', 'i', 'seinen', 'j@@', 'ap@@', 'an@@', 'ischen', 'Am@@', 'ts@@', 'k@@', 'olle@@', 'gen', 'S@@', 'hin@@', 'z@@', 'o', 'A@@', 'be', 'in', 'T@@', 'ok@@', 'o', ',', 'um', 'wirtschaf@@', 'tliche', 'und', 'sicher@@', 'heits@@', 'politische', 'Be@@', 'zieh@@', 'ungen', 'zu', 'bes@@', 'pre@@', 'chen', '.']
2025-05-03 12:57:50,282 - DEBUG - joeynmt.training - 	Tokenized reference:  ['Indi@@', 'a', '&apos;s', 'new', 'pri@@', 'me', 'minist@@', 'er', ',', 'N@@', 'ar@@', 'end@@', 'ra', 'Mo@@', 'd@@', 'i', ',', 'is', 'me@@', 'eting', 'his', 'J@@', 'ap@@', 'an@@', 'ese', 'coun@@', 'ter@@', 'part', ',', 'S@@', 'hin@@', 'z@@', 'o', 'A@@', 'be', ',', 'in', 'T@@', 'ok@@', 'y@@', 'o', 'to', 'disc@@', 'uss', 'economic', 'and', 'security', 'ties', ',', 'on', 'his', 'first', 'major', 'fore@@', 'ign', 'visi@@', 't', 'since', 'w@@', 'inn@@', 'ing', 'Ma@@', 'y', '&apos;s', 'elec@@', 'tion', '.']
2025-05-03 12:57:50,282 - DEBUG - joeynmt.training - 	Tokenized hypothesis: ['Indi@@', 'a', '&apos;s', 'new', 'pri@@', 'ority', 'of', 'the', 'M@@', 'ul@@', 'j@@', 'i', 'Mo@@', 'd@@', 'i', ',', 'was', 'a', 'first', 'important', 'ex@@', 'ec@@', 'ution', 'of', 'the', 'S@@', 'ec@@', 'urity', 'Council', ',', 'in', 'the', 'Ma@@', 'y@@', 'e@@', 'f', 'of', 'the', 'F@@', 'e@@', 'der@@', 'ation', 'of', 'A@@', 'mer@@', 'ic@@', 'a', ',', 'in', 'T@@', 'ok@@', 'o', ',', 'the', 'S@@', 'ec@@', 'urity', 'and', 'security', 'policy', '.', '</s>']
2025-05-03 12:57:50,283 - INFO - joeynmt.training - 	Source:     Indiens neuer Premierminister Narendra Modi trifft bei seinem ersten wichtigen Auslandsbesuch seit seinem Wahlsieg im Mai seinen japanischen Amtskollegen Shinzo Abe in Toko , um wirtschaftliche und sicherheitspolitische Beziehungen zu besprechen .
2025-05-03 12:57:50,283 - INFO - joeynmt.training - 	Reference:  India &apos;s new prime minister , Narendra Modi , is meeting his Japanese counterpart , Shinzo Abe , in Tokyo to discuss economic and security ties , on his first major foreign visit since winning May &apos;s election .
2025-05-03 12:57:50,283 - INFO - joeynmt.training - 	Hypothesis: India &apos;s new priority of the Mulji Modi , was a first important execution of the Security Council , in the Mayef of the Federation of America , in Toko , the Security and security policy .
2025-05-03 12:57:50,283 - INFO - joeynmt.training - Example #2
2025-05-03 12:57:50,283 - DEBUG - joeynmt.training - 	Tokenized source:     ['Herr', 'Mo@@', 'd@@', 'i', 'befindet', 'sich', 'auf', 'einer', 'fü@@', 'n@@', 'f@@', 'tä@@', 'gi@@', 'gen', 'Rei@@', 'se', 'nach', 'J@@', 'ap@@', 'an', ',', 'um', 'die', 'wirtschaf@@', 'tlichen', 'Be@@', 'zieh@@', 'ungen', 'mit', 'der', 'd@@', 'rit@@', 't@@', 'größ@@', 'ten', 'Wirtschafts@@', 'n@@', 'ation', 'der', 'Welt', 'zu', 'fes@@', 'tigen', '.']
2025-05-03 12:57:50,283 - DEBUG - joeynmt.training - 	Tokenized reference:  ['Mr', 'Mo@@', 'd@@', 'i', 'is', 'on', 'a', 'fi@@', 've', '@@@', '-@@', '@', 'day', 'tri@@', 'p', 'to', 'J@@', 'ap@@', 'an', 'to', 'streng@@', 'then', 'economic', 'ties', 'with', 'the', 'third', 'lar@@', 'ges@@', 't', 'econom@@', 'y', 'in', 'the', 'world', '.']
2025-05-03 12:57:50,283 - DEBUG - joeynmt.training - 	Tokenized hypothesis: ['Mr', 'Mo@@', 'd@@', 'i', 'is', 'a', 'fi@@', 've', 'years', 'after', 'the', 'world', '&apos;s', 're@@', 'lev@@', 'ant', 't@@', 'ask', 'of', 'the', 'economic', 'rel@@', 'ations', 'with', 'the', 'third', 'world', '&apos;s', 'economic', 'rel@@', 'ations', 'with', 'the', 'third', 'world', '.', '</s>']
2025-05-03 12:57:50,283 - INFO - joeynmt.training - 	Source:     Herr Modi befindet sich auf einer fünftägigen Reise nach Japan , um die wirtschaftlichen Beziehungen mit der drittgrößten Wirtschaftsnation der Welt zu festigen .
2025-05-03 12:57:50,283 - INFO - joeynmt.training - 	Reference:  Mr Modi is on a five @-@ day trip to Japan to strengthen economic ties with the third largest economy in the world .
2025-05-03 12:57:50,283 - INFO - joeynmt.training - 	Hypothesis: Mr Modi is a five years after the world &apos;s relevant task of the economic relations with the third world &apos;s economic relations with the third world .
2025-05-03 12:57:50,283 - INFO - joeynmt.training - Example #3
2025-05-03 12:57:50,284 - DEBUG - joeynmt.training - 	Tokenized source:     ['P@@', 'län@@', 'e', 'für', 'eine', 'stärk@@', 'ere', 'k@@', 'ern@@', 'techn@@', 'ische', 'Zusammenarbeit', 'stehen', 'ganz', 'ob@@', 'en', 'auf', 'der', 'Tag@@', 'es@@', 'ordnung', '.']
2025-05-03 12:57:50,284 - DEBUG - joeynmt.training - 	Tokenized reference:  ['high', 'on', 'the', 'agen@@', 'da', 'are', 'pl@@', 'ans', 'for', 'gre@@', 'ater', 'nu@@', 'clear', 'c@@', 'o', '@@@', '-@@', '@', 'operation', '.']
2025-05-03 12:57:50,284 - DEBUG - joeynmt.training - 	Tokenized hypothesis: ['P@@', 'lan@@', 'ce', 'is', 'a', 'gre@@', 'ater', 'co@@', 'he@@', 'sion', 'of', 'cooperation', '.', '</s>']
2025-05-03 12:57:50,284 - INFO - joeynmt.training - 	Source:     Pläne für eine stärkere kerntechnische Zusammenarbeit stehen ganz oben auf der Tagesordnung .
2025-05-03 12:57:50,284 - INFO - joeynmt.training - 	Reference:  high on the agenda are plans for greater nuclear co @-@ operation .
2025-05-03 12:57:50,284 - INFO - joeynmt.training - 	Hypothesis: Plance is a greater cohesion of cooperation .
2025-05-03 12:57:50,284 - INFO - joeynmt.training - Example #4
2025-05-03 12:57:50,284 - DEBUG - joeynmt.training - 	Tokenized source:     ['Berich@@', 'ten', 'zu@@', 'fol@@', 'ge', 'ho@@', 'fft', 'Indi@@', 'en', 'darüber', 'hinaus', 'auf', 'einen', 'Ver@@', 'trag', 'zur', 'Ver@@', 'tei@@', 'dig@@', 'ungs@@', 'zusammen@@', 'arbeit', 'zwischen', 'den', 'beiden', 'N@@', 'ationen', '.']
2025-05-03 12:57:50,284 - DEBUG - joeynmt.training - 	Tokenized reference:  ['Indi@@', 'a', 'is', 'also', 're@@', 'porte@@', 'dly', 'hop@@', 'ing', 'for', 'a', 'de@@', 'al', 'on', 'def@@', 'ence', 'c@@', 'oll@@', 'ab@@', 'or@@', 'ation', 'between', 'the', 'two', 'n@@', 'ations', '.']
2025-05-03 12:57:50,284 - DEBUG - joeynmt.training - 	Tokenized hypothesis: ['re@@', 'ports', 'on', 'the', 'basis', 'of', 'the', 'two', 'N@@', 'ations', ',', 'on', 'the', 'con@@', 'text', 'of', 'the', 'two', 'N@@', 'ations', '.', '</s>']
2025-05-03 12:57:50,285 - INFO - joeynmt.training - 	Source:     Berichten zufolge hofft Indien darüber hinaus auf einen Vertrag zur Verteidigungszusammenarbeit zwischen den beiden Nationen .
2025-05-03 12:57:50,285 - INFO - joeynmt.training - 	Reference:  India is also reportedly hoping for a deal on defence collaboration between the two nations .
2025-05-03 12:57:50,285 - INFO - joeynmt.training - 	Hypothesis: reports on the basis of the two Nations , on the context of the two Nations .
2025-05-03 12:57:55,634 - INFO - joeynmt.training - Epoch   4, Step:    12600, Batch Loss:     2.045171, Batch Acc: 0.432760, Tokens per Sec:    16994, Lr: 0.000300
2025-05-03 12:58:01,046 - INFO - joeynmt.training - Epoch   4, Step:    12700, Batch Loss:     2.078546, Batch Acc: 0.434500, Tokens per Sec:    16698, Lr: 0.000300
2025-05-03 12:58:06,332 - INFO - joeynmt.training - Epoch   4, Step:    12800, Batch Loss:     1.921884, Batch Acc: 0.434730, Tokens per Sec:    17368, Lr: 0.000300
2025-05-03 12:58:11,636 - INFO - joeynmt.training - Epoch   4, Step:    12900, Batch Loss:     1.967833, Batch Acc: 0.438351, Tokens per Sec:    17280, Lr: 0.000300
2025-05-03 12:58:16,875 - INFO - joeynmt.training - Epoch   4, Step:    13000, Batch Loss:     2.200979, Batch Acc: 0.436890, Tokens per Sec:    17431, Lr: 0.000300
2025-05-03 12:58:16,876 - INFO - joeynmt.prediction - Predicting 500 example(s)... (Greedy decoding with min_output_length=1, max_output_length=-1, return_prob='none', generate_unk=True, repetition_penalty=-1, no_repeat_ngram_size=-1)
2025-05-03 12:58:22,720 - INFO - joeynmt.prediction - Evaluation result (greedy) loss:   2.47, ppl:  11.82, acc:   0.37, generation: 5.8351[sec], evaluation: 0.0000[sec]
2025-05-03 12:58:22,720 - INFO - joeynmt.training - Hooray! New best validation result [ppl]!
2025-05-03 12:58:22,802 - INFO - joeynmt.helpers - delete models/deen_transformer_post/10500.ckpt
2025-05-03 12:58:22,807 - INFO - joeynmt.training - Example #0
2025-05-03 12:58:22,807 - DEBUG - joeynmt.training - 	Tokenized source:     ['die', 'Pre@@', 'mi@@', 'er@@', 'minist@@', 'er', 'Indi@@', 'ens', 'und', 'J@@', 'ap@@', 'ans', 'tra@@', 'fen', 'sich', 'in', 'T@@', 'ok@@', 'i@@', 'o', '.']
2025-05-03 12:58:22,807 - DEBUG - joeynmt.training - 	Tokenized reference:  ['Indi@@', 'a', 'and', 'J@@', 'ap@@', 'an', 'pri@@', 'me', 'minist@@', 'ers', 'me@@', 'et', 'in', 'T@@', 'ok@@', 'y@@', 'o']
2025-05-03 12:58:22,807 - DEBUG - joeynmt.training - 	Tokenized hypothesis: ['the', 'pri@@', 'm@@', 'ari@@', 'ly', 'Indi@@', 'an', 'and', 'J@@', 'ap@@', 'ans', 'in', 'T@@', 'ok@@', 'i@@', 'o', '.', '</s>']
2025-05-03 12:58:22,808 - INFO - joeynmt.training - 	Source:     die Premierminister Indiens und Japans trafen sich in Tokio .
2025-05-03 12:58:22,808 - INFO - joeynmt.training - 	Reference:  India and Japan prime ministers meet in Tokyo
2025-05-03 12:58:22,808 - INFO - joeynmt.training - 	Hypothesis: the primarily Indian and Japans in Tokio .
2025-05-03 12:58:22,808 - INFO - joeynmt.training - Example #1
2025-05-03 12:58:22,808 - DEBUG - joeynmt.training - 	Tokenized source:     ['Indi@@', 'ens', 'neu@@', 'er', 'Pre@@', 'mi@@', 'er@@', 'minist@@', 'er', 'N@@', 'ar@@', 'end@@', 'ra', 'Mo@@', 'd@@', 'i', 'tri@@', 'fft', 'bei', 's@@', 'einem', 'ersten', 'wichti@@', 'gen', 'Aus@@', 'land@@', 's@@', 'bes@@', 'u@@', 'ch', 'seit', 's@@', 'einem', 'W@@', 'ah@@', 'l@@', 'si@@', 'e@@', 'g', 'im', 'Ma@@', 'i', 'seinen', 'j@@', 'ap@@', 'an@@', 'ischen', 'Am@@', 'ts@@', 'k@@', 'olle@@', 'gen', 'S@@', 'hin@@', 'z@@', 'o', 'A@@', 'be', 'in', 'T@@', 'ok@@', 'o', ',', 'um', 'wirtschaf@@', 'tliche', 'und', 'sicher@@', 'heits@@', 'politische', 'Be@@', 'zieh@@', 'ungen', 'zu', 'bes@@', 'pre@@', 'chen', '.']
2025-05-03 12:58:22,808 - DEBUG - joeynmt.training - 	Tokenized reference:  ['Indi@@', 'a', '&apos;s', 'new', 'pri@@', 'me', 'minist@@', 'er', ',', 'N@@', 'ar@@', 'end@@', 'ra', 'Mo@@', 'd@@', 'i', ',', 'is', 'me@@', 'eting', 'his', 'J@@', 'ap@@', 'an@@', 'ese', 'coun@@', 'ter@@', 'part', ',', 'S@@', 'hin@@', 'z@@', 'o', 'A@@', 'be', ',', 'in', 'T@@', 'ok@@', 'y@@', 'o', 'to', 'disc@@', 'uss', 'economic', 'and', 'security', 'ties', ',', 'on', 'his', 'first', 'major', 'fore@@', 'ign', 'visi@@', 't', 'since', 'w@@', 'inn@@', 'ing', 'Ma@@', 'y', '&apos;s', 'elec@@', 'tion', '.']
2025-05-03 12:58:22,808 - DEBUG - joeynmt.training - 	Tokenized hypothesis: ['Indi@@', 'an', 'Pre@@', 'mi@@', 'mi@@', 'mi@@', 'mi@@', 'gration', ',', 'the', 'first', 'time', 'of', 'the', 'S@@', 'ec@@', 'urity', 'Council', ',', 'the', 'first', 'time', 'in', 'his', 'first', 'time', ',', 'since', 'it', 'was', 'the', 'first', 'time', 'in', 'the', 'Ma@@', 'j@@', 'ap@@', 'an@@', 'ese', 'colle@@', 'c@@', 'tive', 'S@@', 'ec@@', 'urity', 'and', 'security', 'policy', '.', '</s>']
2025-05-03 12:58:22,808 - INFO - joeynmt.training - 	Source:     Indiens neuer Premierminister Narendra Modi trifft bei seinem ersten wichtigen Auslandsbesuch seit seinem Wahlsieg im Mai seinen japanischen Amtskollegen Shinzo Abe in Toko , um wirtschaftliche und sicherheitspolitische Beziehungen zu besprechen .
2025-05-03 12:58:22,808 - INFO - joeynmt.training - 	Reference:  India &apos;s new prime minister , Narendra Modi , is meeting his Japanese counterpart , Shinzo Abe , in Tokyo to discuss economic and security ties , on his first major foreign visit since winning May &apos;s election .
2025-05-03 12:58:22,808 - INFO - joeynmt.training - 	Hypothesis: Indian Premimimimigration , the first time of the Security Council , the first time in his first time , since it was the first time in the Majapanese collective Security and security policy .
2025-05-03 12:58:22,808 - INFO - joeynmt.training - Example #2
2025-05-03 12:58:22,809 - DEBUG - joeynmt.training - 	Tokenized source:     ['Herr', 'Mo@@', 'd@@', 'i', 'befindet', 'sich', 'auf', 'einer', 'fü@@', 'n@@', 'f@@', 'tä@@', 'gi@@', 'gen', 'Rei@@', 'se', 'nach', 'J@@', 'ap@@', 'an', ',', 'um', 'die', 'wirtschaf@@', 'tlichen', 'Be@@', 'zieh@@', 'ungen', 'mit', 'der', 'd@@', 'rit@@', 't@@', 'größ@@', 'ten', 'Wirtschafts@@', 'n@@', 'ation', 'der', 'Welt', 'zu', 'fes@@', 'tigen', '.']
2025-05-03 12:58:22,809 - DEBUG - joeynmt.training - 	Tokenized reference:  ['Mr', 'Mo@@', 'd@@', 'i', 'is', 'on', 'a', 'fi@@', 've', '@@@', '-@@', '@', 'day', 'tri@@', 'p', 'to', 'J@@', 'ap@@', 'an', 'to', 'streng@@', 'then', 'economic', 'ties', 'with', 'the', 'third', 'lar@@', 'ges@@', 't', 'econom@@', 'y', 'in', 'the', 'world', '.']
2025-05-03 12:58:22,809 - DEBUG - joeynmt.training - 	Tokenized hypothesis: ['Mr', 'Mo@@', 'd@@', 'i', 'is', 'a', 'fi@@', 've', 'f@@', 'te@@', 'ach@@', 'ing', 'to', 'J@@', 'ap@@', 'an', 'to', 'J@@', 'ap@@', 'an', 'to', 'J@@', 'ap@@', 'an', 'to', 'J@@', 'ap@@', 'an', 'to', 'J@@', 'ap@@', 'an', 'to', 'the', 'world', '.', '</s>']
2025-05-03 12:58:22,809 - INFO - joeynmt.training - 	Source:     Herr Modi befindet sich auf einer fünftägigen Reise nach Japan , um die wirtschaftlichen Beziehungen mit der drittgrößten Wirtschaftsnation der Welt zu festigen .
2025-05-03 12:58:22,809 - INFO - joeynmt.training - 	Reference:  Mr Modi is on a five @-@ day trip to Japan to strengthen economic ties with the third largest economy in the world .
2025-05-03 12:58:22,809 - INFO - joeynmt.training - 	Hypothesis: Mr Modi is a five fteaching to Japan to Japan to Japan to Japan to Japan to the world .
2025-05-03 12:58:22,809 - INFO - joeynmt.training - Example #3
2025-05-03 12:58:22,809 - DEBUG - joeynmt.training - 	Tokenized source:     ['P@@', 'län@@', 'e', 'für', 'eine', 'stärk@@', 'ere', 'k@@', 'ern@@', 'techn@@', 'ische', 'Zusammenarbeit', 'stehen', 'ganz', 'ob@@', 'en', 'auf', 'der', 'Tag@@', 'es@@', 'ordnung', '.']
2025-05-03 12:58:22,809 - DEBUG - joeynmt.training - 	Tokenized reference:  ['high', 'on', 'the', 'agen@@', 'da', 'are', 'pl@@', 'ans', 'for', 'gre@@', 'ater', 'nu@@', 'clear', 'c@@', 'o', '@@@', '-@@', '@', 'operation', '.']
2025-05-03 12:58:22,809 - DEBUG - joeynmt.training - 	Tokenized hypothesis: ['P@@', 'countries', 'are', 'in', 'a', 'more', 'c@@', 'ru@@', 'cial', 'cooperation', 'on', 'the', 'agen@@', 'da', '.', '</s>']
2025-05-03 12:58:22,809 - INFO - joeynmt.training - 	Source:     Pläne für eine stärkere kerntechnische Zusammenarbeit stehen ganz oben auf der Tagesordnung .
2025-05-03 12:58:22,809 - INFO - joeynmt.training - 	Reference:  high on the agenda are plans for greater nuclear co @-@ operation .
2025-05-03 12:58:22,809 - INFO - joeynmt.training - 	Hypothesis: Pcountries are in a more crucial cooperation on the agenda .
2025-05-03 12:58:22,809 - INFO - joeynmt.training - Example #4
2025-05-03 12:58:22,810 - DEBUG - joeynmt.training - 	Tokenized source:     ['Berich@@', 'ten', 'zu@@', 'fol@@', 'ge', 'ho@@', 'fft', 'Indi@@', 'en', 'darüber', 'hinaus', 'auf', 'einen', 'Ver@@', 'trag', 'zur', 'Ver@@', 'tei@@', 'dig@@', 'ungs@@', 'zusammen@@', 'arbeit', 'zwischen', 'den', 'beiden', 'N@@', 'ationen', '.']
2025-05-03 12:58:22,810 - DEBUG - joeynmt.training - 	Tokenized reference:  ['Indi@@', 'a', 'is', 'also', 're@@', 'porte@@', 'dly', 'hop@@', 'ing', 'for', 'a', 'de@@', 'al', 'on', 'def@@', 'ence', 'c@@', 'oll@@', 'ab@@', 'or@@', 'ation', 'between', 'the', 'two', 'n@@', 'ations', '.']
2025-05-03 12:58:22,810 - DEBUG - joeynmt.training - 	Tokenized hypothesis: ['re@@', 'ports', 'on', 'a', 'con@@', 'text', 'on', 'a', 'con@@', 'text', 'on', 'a', 'con@@', 'text', 'of', 'the', 'two', 'N@@', 'ations', '.', '</s>']
2025-05-03 12:58:22,810 - INFO - joeynmt.training - 	Source:     Berichten zufolge hofft Indien darüber hinaus auf einen Vertrag zur Verteidigungszusammenarbeit zwischen den beiden Nationen .
2025-05-03 12:58:22,810 - INFO - joeynmt.training - 	Reference:  India is also reportedly hoping for a deal on defence collaboration between the two nations .
2025-05-03 12:58:22,810 - INFO - joeynmt.training - 	Hypothesis: reports on a context on a context on a context of the two Nations .
2025-05-03 12:58:28,124 - INFO - joeynmt.training - Epoch   4, Step:    13100, Batch Loss:     2.188277, Batch Acc: 0.439842, Tokens per Sec:    16992, Lr: 0.000300
2025-05-03 12:58:33,422 - INFO - joeynmt.training - Epoch   4, Step:    13200, Batch Loss:     2.081942, Batch Acc: 0.442618, Tokens per Sec:    17330, Lr: 0.000300
2025-05-03 12:58:38,734 - INFO - joeynmt.training - Epoch   4, Step:    13300, Batch Loss:     2.161214, Batch Acc: 0.439897, Tokens per Sec:    17250, Lr: 0.000300
2025-05-03 12:58:44,141 - INFO - joeynmt.training - Epoch   4, Step:    13400, Batch Loss:     2.049232, Batch Acc: 0.443054, Tokens per Sec:    16925, Lr: 0.000300
2025-05-03 12:58:49,492 - INFO - joeynmt.training - Epoch   4, Step:    13500, Batch Loss:     2.366771, Batch Acc: 0.444183, Tokens per Sec:    17244, Lr: 0.000300
2025-05-03 12:58:49,492 - INFO - joeynmt.prediction - Predicting 500 example(s)... (Greedy decoding with min_output_length=1, max_output_length=-1, return_prob='none', generate_unk=True, repetition_penalty=-1, no_repeat_ngram_size=-1)
2025-05-03 12:58:54,653 - INFO - joeynmt.prediction - Evaluation result (greedy) loss:   2.43, ppl:  11.41, acc:   0.37, generation: 5.1538[sec], evaluation: 0.0000[sec]
2025-05-03 12:58:54,653 - INFO - joeynmt.training - Hooray! New best validation result [ppl]!
2025-05-03 12:58:54,735 - INFO - joeynmt.helpers - delete models/deen_transformer_post/11000.ckpt
2025-05-03 12:58:54,740 - INFO - joeynmt.training - Example #0
2025-05-03 12:58:54,740 - DEBUG - joeynmt.training - 	Tokenized source:     ['die', 'Pre@@', 'mi@@', 'er@@', 'minist@@', 'er', 'Indi@@', 'ens', 'und', 'J@@', 'ap@@', 'ans', 'tra@@', 'fen', 'sich', 'in', 'T@@', 'ok@@', 'i@@', 'o', '.']
2025-05-03 12:58:54,740 - DEBUG - joeynmt.training - 	Tokenized reference:  ['Indi@@', 'a', 'and', 'J@@', 'ap@@', 'an', 'pri@@', 'me', 'minist@@', 'ers', 'me@@', 'et', 'in', 'T@@', 'ok@@', 'y@@', 'o']
2025-05-03 12:58:54,740 - DEBUG - joeynmt.training - 	Tokenized hypothesis: ['the', 'Pri@@', 'me', 'Minist@@', 'er', 'of', 'Indi@@', 'an', 'and', 'J@@', 'ap@@', 'an', 'and', 'J@@', 'ap@@', 'an', '.', '</s>']
2025-05-03 12:58:54,740 - INFO - joeynmt.training - 	Source:     die Premierminister Indiens und Japans trafen sich in Tokio .
2025-05-03 12:58:54,740 - INFO - joeynmt.training - 	Reference:  India and Japan prime ministers meet in Tokyo
2025-05-03 12:58:54,741 - INFO - joeynmt.training - 	Hypothesis: the Prime Minister of Indian and Japan and Japan .
2025-05-03 12:58:54,741 - INFO - joeynmt.training - Example #1
2025-05-03 12:58:54,741 - DEBUG - joeynmt.training - 	Tokenized source:     ['Indi@@', 'ens', 'neu@@', 'er', 'Pre@@', 'mi@@', 'er@@', 'minist@@', 'er', 'N@@', 'ar@@', 'end@@', 'ra', 'Mo@@', 'd@@', 'i', 'tri@@', 'fft', 'bei', 's@@', 'einem', 'ersten', 'wichti@@', 'gen', 'Aus@@', 'land@@', 's@@', 'bes@@', 'u@@', 'ch', 'seit', 's@@', 'einem', 'W@@', 'ah@@', 'l@@', 'si@@', 'e@@', 'g', 'im', 'Ma@@', 'i', 'seinen', 'j@@', 'ap@@', 'an@@', 'ischen', 'Am@@', 'ts@@', 'k@@', 'olle@@', 'gen', 'S@@', 'hin@@', 'z@@', 'o', 'A@@', 'be', 'in', 'T@@', 'ok@@', 'o', ',', 'um', 'wirtschaf@@', 'tliche', 'und', 'sicher@@', 'heits@@', 'politische', 'Be@@', 'zieh@@', 'ungen', 'zu', 'bes@@', 'pre@@', 'chen', '.']
2025-05-03 12:58:54,741 - DEBUG - joeynmt.training - 	Tokenized reference:  ['Indi@@', 'a', '&apos;s', 'new', 'pri@@', 'me', 'minist@@', 'er', ',', 'N@@', 'ar@@', 'end@@', 'ra', 'Mo@@', 'd@@', 'i', ',', 'is', 'me@@', 'eting', 'his', 'J@@', 'ap@@', 'an@@', 'ese', 'coun@@', 'ter@@', 'part', ',', 'S@@', 'hin@@', 'z@@', 'o', 'A@@', 'be', ',', 'in', 'T@@', 'ok@@', 'y@@', 'o', 'to', 'disc@@', 'uss', 'economic', 'and', 'security', 'ties', ',', 'on', 'his', 'first', 'major', 'fore@@', 'ign', 'visi@@', 't', 'since', 'w@@', 'inn@@', 'ing', 'Ma@@', 'y', '&apos;s', 'elec@@', 'tion', '.']
2025-05-03 12:58:54,741 - DEBUG - joeynmt.training - 	Tokenized hypothesis: ['Indi@@', 'an', 'Pre@@', 'mi@@', 'er', 'N@@', 'ar@@', 'i', 'Mo@@', 'd@@', 'i', 'N@@', 'ar@@', 'i', 'Mo@@', 'd@@', 'i', 'was', 'the', 'first', 'of', 'all', 'his', 'first', 'ex@@', 'hi@@', 'bi@@', 'tion', 'in', 'the', 'Ma@@', 'i', 'D@@', 'an@@', 'ish', 'Pre@@', 'mi@@', 'er', ',', 'in', 'the', 'Ma@@', 'i', 'D@@', 'an@@', 'i@@', 'r', 'A@@', 'be', 'A@@', 'sia', ',', 'to', 'the', 'economic', 'and', 'security', 'policy', '.', '</s>']
2025-05-03 12:58:54,741 - INFO - joeynmt.training - 	Source:     Indiens neuer Premierminister Narendra Modi trifft bei seinem ersten wichtigen Auslandsbesuch seit seinem Wahlsieg im Mai seinen japanischen Amtskollegen Shinzo Abe in Toko , um wirtschaftliche und sicherheitspolitische Beziehungen zu besprechen .
2025-05-03 12:58:54,741 - INFO - joeynmt.training - 	Reference:  India &apos;s new prime minister , Narendra Modi , is meeting his Japanese counterpart , Shinzo Abe , in Tokyo to discuss economic and security ties , on his first major foreign visit since winning May &apos;s election .
2025-05-03 12:58:54,741 - INFO - joeynmt.training - 	Hypothesis: Indian Premier Nari Modi Nari Modi was the first of all his first exhibition in the Mai Danish Premier , in the Mai Danir Abe Asia , to the economic and security policy .
2025-05-03 12:58:54,741 - INFO - joeynmt.training - Example #2
2025-05-03 12:58:54,741 - DEBUG - joeynmt.training - 	Tokenized source:     ['Herr', 'Mo@@', 'd@@', 'i', 'befindet', 'sich', 'auf', 'einer', 'fü@@', 'n@@', 'f@@', 'tä@@', 'gi@@', 'gen', 'Rei@@', 'se', 'nach', 'J@@', 'ap@@', 'an', ',', 'um', 'die', 'wirtschaf@@', 'tlichen', 'Be@@', 'zieh@@', 'ungen', 'mit', 'der', 'd@@', 'rit@@', 't@@', 'größ@@', 'ten', 'Wirtschafts@@', 'n@@', 'ation', 'der', 'Welt', 'zu', 'fes@@', 'tigen', '.']
2025-05-03 12:58:54,741 - DEBUG - joeynmt.training - 	Tokenized reference:  ['Mr', 'Mo@@', 'd@@', 'i', 'is', 'on', 'a', 'fi@@', 've', '@@@', '-@@', '@', 'day', 'tri@@', 'p', 'to', 'J@@', 'ap@@', 'an', 'to', 'streng@@', 'then', 'economic', 'ties', 'with', 'the', 'third', 'lar@@', 'ges@@', 't', 'econom@@', 'y', 'in', 'the', 'world', '.']
2025-05-03 12:58:54,741 - DEBUG - joeynmt.training - 	Tokenized hypothesis: ['Mr', 'Mo@@', 'd@@', 'i', 'is', 'a', 'fi@@', 've', 't@@', 'ar@@', 'ge@@', 'ted', 'to', 'J@@', 'ap@@', 'an', 'to', 'J@@', 'ap@@', 'an', 'to', 'J@@', 'ap@@', 'an', 'to', 'J@@', 'ap@@', 'an', 'to', 'J@@', 'ap@@', 'an', 'to', 're@@', 'duce', 'the', 'world', '.', '</s>']
2025-05-03 12:58:54,742 - INFO - joeynmt.training - 	Source:     Herr Modi befindet sich auf einer fünftägigen Reise nach Japan , um die wirtschaftlichen Beziehungen mit der drittgrößten Wirtschaftsnation der Welt zu festigen .
2025-05-03 12:58:54,742 - INFO - joeynmt.training - 	Reference:  Mr Modi is on a five @-@ day trip to Japan to strengthen economic ties with the third largest economy in the world .
2025-05-03 12:58:54,742 - INFO - joeynmt.training - 	Hypothesis: Mr Modi is a five targeted to Japan to Japan to Japan to Japan to Japan to reduce the world .
2025-05-03 12:58:54,742 - INFO - joeynmt.training - Example #3
2025-05-03 12:58:54,742 - DEBUG - joeynmt.training - 	Tokenized source:     ['P@@', 'län@@', 'e', 'für', 'eine', 'stärk@@', 'ere', 'k@@', 'ern@@', 'techn@@', 'ische', 'Zusammenarbeit', 'stehen', 'ganz', 'ob@@', 'en', 'auf', 'der', 'Tag@@', 'es@@', 'ordnung', '.']
2025-05-03 12:58:54,742 - DEBUG - joeynmt.training - 	Tokenized reference:  ['high', 'on', 'the', 'agen@@', 'da', 'are', 'pl@@', 'ans', 'for', 'gre@@', 'ater', 'nu@@', 'clear', 'c@@', 'o', '@@@', '-@@', '@', 'operation', '.']
2025-05-03 12:58:54,742 - DEBUG - joeynmt.training - 	Tokenized hypothesis: ['P@@', 'lan@@', 'e', 'for', 'more', 'techn@@', 'ical', 'cooperation', 'in', 'the', 'agen@@', 'da', '.', '</s>']
2025-05-03 12:58:54,742 - INFO - joeynmt.training - 	Source:     Pläne für eine stärkere kerntechnische Zusammenarbeit stehen ganz oben auf der Tagesordnung .
2025-05-03 12:58:54,742 - INFO - joeynmt.training - 	Reference:  high on the agenda are plans for greater nuclear co @-@ operation .
2025-05-03 12:58:54,742 - INFO - joeynmt.training - 	Hypothesis: Plane for more technical cooperation in the agenda .
2025-05-03 12:58:54,742 - INFO - joeynmt.training - Example #4
2025-05-03 12:58:54,742 - DEBUG - joeynmt.training - 	Tokenized source:     ['Berich@@', 'ten', 'zu@@', 'fol@@', 'ge', 'ho@@', 'fft', 'Indi@@', 'en', 'darüber', 'hinaus', 'auf', 'einen', 'Ver@@', 'trag', 'zur', 'Ver@@', 'tei@@', 'dig@@', 'ungs@@', 'zusammen@@', 'arbeit', 'zwischen', 'den', 'beiden', 'N@@', 'ationen', '.']
2025-05-03 12:58:54,742 - DEBUG - joeynmt.training - 	Tokenized reference:  ['Indi@@', 'a', 'is', 'also', 're@@', 'porte@@', 'dly', 'hop@@', 'ing', 'for', 'a', 'de@@', 'al', 'on', 'def@@', 'ence', 'c@@', 'oll@@', 'ab@@', 'or@@', 'ation', 'between', 'the', 'two', 'n@@', 'ations', '.']
2025-05-03 12:58:54,742 - DEBUG - joeynmt.training - 	Tokenized hypothesis: ['the', 're@@', 'ports', 'of', 'the', 'pro@@', 'gress', 'of', 'of', 'the', 'two', 'N@@', 'ations', 'on', 'the', 'con@@', 'text', 'of', 'dig@@', 'ital', 'cooperation', 'between', 'the', 'two', 'N@@', 'ations', '.', '</s>']
2025-05-03 12:58:54,743 - INFO - joeynmt.training - 	Source:     Berichten zufolge hofft Indien darüber hinaus auf einen Vertrag zur Verteidigungszusammenarbeit zwischen den beiden Nationen .
2025-05-03 12:58:54,743 - INFO - joeynmt.training - 	Reference:  India is also reportedly hoping for a deal on defence collaboration between the two nations .
2025-05-03 12:58:54,743 - INFO - joeynmt.training - 	Hypothesis: the reports of the progress of of the two Nations on the context of digital cooperation between the two Nations .
2025-05-03 12:59:00,017 - INFO - joeynmt.training - Epoch   4, Step:    13600, Batch Loss:     2.107368, Batch Acc: 0.437846, Tokens per Sec:    17083, Lr: 0.000300
2025-05-03 12:59:05,417 - INFO - joeynmt.training - Epoch   4, Step:    13700, Batch Loss:     1.906463, Batch Acc: 0.443615, Tokens per Sec:    16993, Lr: 0.000300
2025-05-03 12:59:10,732 - INFO - joeynmt.training - Epoch   4, Step:    13800, Batch Loss:     2.069015, Batch Acc: 0.441152, Tokens per Sec:    17271, Lr: 0.000300
2025-05-03 12:59:16,035 - INFO - joeynmt.training - Epoch   4, Step:    13900, Batch Loss:     2.101712, Batch Acc: 0.446135, Tokens per Sec:    16882, Lr: 0.000300
2025-05-03 12:59:21,337 - INFO - joeynmt.training - Epoch   4, Step:    14000, Batch Loss:     2.179178, Batch Acc: 0.448391, Tokens per Sec:    17492, Lr: 0.000300
2025-05-03 12:59:21,337 - INFO - joeynmt.prediction - Predicting 500 example(s)... (Greedy decoding with min_output_length=1, max_output_length=-1, return_prob='none', generate_unk=True, repetition_penalty=-1, no_repeat_ngram_size=-1)
2025-05-03 12:59:26,822 - INFO - joeynmt.prediction - Evaluation result (greedy) loss:   2.42, ppl:  11.25, acc:   0.38, generation: 5.4784[sec], evaluation: 0.0000[sec]
2025-05-03 12:59:26,824 - INFO - joeynmt.training - Hooray! New best validation result [ppl]!
2025-05-03 12:59:26,904 - INFO - joeynmt.helpers - delete models/deen_transformer_post/11500.ckpt
2025-05-03 12:59:26,911 - INFO - joeynmt.training - Example #0
2025-05-03 12:59:26,911 - DEBUG - joeynmt.training - 	Tokenized source:     ['die', 'Pre@@', 'mi@@', 'er@@', 'minist@@', 'er', 'Indi@@', 'ens', 'und', 'J@@', 'ap@@', 'ans', 'tra@@', 'fen', 'sich', 'in', 'T@@', 'ok@@', 'i@@', 'o', '.']
2025-05-03 12:59:26,911 - DEBUG - joeynmt.training - 	Tokenized reference:  ['Indi@@', 'a', 'and', 'J@@', 'ap@@', 'an', 'pri@@', 'me', 'minist@@', 'ers', 'me@@', 'et', 'in', 'T@@', 'ok@@', 'y@@', 'o']
2025-05-03 12:59:26,911 - DEBUG - joeynmt.training - 	Tokenized hypothesis: ['the', 'Pri@@', 'me', 'Minist@@', 'er', 'and', 'J@@', 'ap@@', 'an', 'and', 'J@@', 'ap@@', 'an', 'and', 'J@@', 'ap@@', 'an', 'and', 'J@@', 'ap@@', 'an', '.', '</s>']
2025-05-03 12:59:26,911 - INFO - joeynmt.training - 	Source:     die Premierminister Indiens und Japans trafen sich in Tokio .
2025-05-03 12:59:26,911 - INFO - joeynmt.training - 	Reference:  India and Japan prime ministers meet in Tokyo
2025-05-03 12:59:26,911 - INFO - joeynmt.training - 	Hypothesis: the Prime Minister and Japan and Japan and Japan and Japan .
2025-05-03 12:59:26,911 - INFO - joeynmt.training - Example #1
2025-05-03 12:59:26,911 - DEBUG - joeynmt.training - 	Tokenized source:     ['Indi@@', 'ens', 'neu@@', 'er', 'Pre@@', 'mi@@', 'er@@', 'minist@@', 'er', 'N@@', 'ar@@', 'end@@', 'ra', 'Mo@@', 'd@@', 'i', 'tri@@', 'fft', 'bei', 's@@', 'einem', 'ersten', 'wichti@@', 'gen', 'Aus@@', 'land@@', 's@@', 'bes@@', 'u@@', 'ch', 'seit', 's@@', 'einem', 'W@@', 'ah@@', 'l@@', 'si@@', 'e@@', 'g', 'im', 'Ma@@', 'i', 'seinen', 'j@@', 'ap@@', 'an@@', 'ischen', 'Am@@', 'ts@@', 'k@@', 'olle@@', 'gen', 'S@@', 'hin@@', 'z@@', 'o', 'A@@', 'be', 'in', 'T@@', 'ok@@', 'o', ',', 'um', 'wirtschaf@@', 'tliche', 'und', 'sicher@@', 'heits@@', 'politische', 'Be@@', 'zieh@@', 'ungen', 'zu', 'bes@@', 'pre@@', 'chen', '.']
2025-05-03 12:59:26,912 - DEBUG - joeynmt.training - 	Tokenized reference:  ['Indi@@', 'a', '&apos;s', 'new', 'pri@@', 'me', 'minist@@', 'er', ',', 'N@@', 'ar@@', 'end@@', 'ra', 'Mo@@', 'd@@', 'i', ',', 'is', 'me@@', 'eting', 'his', 'J@@', 'ap@@', 'an@@', 'ese', 'coun@@', 'ter@@', 'part', ',', 'S@@', 'hin@@', 'z@@', 'o', 'A@@', 'be', ',', 'in', 'T@@', 'ok@@', 'y@@', 'o', 'to', 'disc@@', 'uss', 'economic', 'and', 'security', 'ties', ',', 'on', 'his', 'first', 'major', 'fore@@', 'ign', 'visi@@', 't', 'since', 'w@@', 'inn@@', 'ing', 'Ma@@', 'y', '&apos;s', 'elec@@', 'tion', '.']
2025-05-03 12:59:26,912 - DEBUG - joeynmt.training - 	Tokenized hypothesis: ['Indi@@', 'a', '&apos;s', 'new', 'pri@@', 'ces', 'of', 'M@@', 'us@@', 'li@@', 'm', 'N@@', 'ar@@', 'j@@', 'e', 'Mo@@', 'd@@', 'i', 'was', 're@@', 'ach@@', 'ed', 'in', 'his', 'first', 'first', 'first', 'time', ',', 'in', 'the', 'Ma@@', 'y', 'of', 'his', 'elec@@', 'tions', ',', 'in', 'the', 'Ma@@', 'y', 'A@@', 'be', 'A@@', 'be', 'A@@', 'be', ',', 'to', 'be', 're@@', 'plac@@', 'ed', 'in', 'T@@', 'or@@', 'o', ',', 'economic', 'and', 'security', 'policy', 'rel@@', 'ations', '.', '</s>']
2025-05-03 12:59:26,912 - INFO - joeynmt.training - 	Source:     Indiens neuer Premierminister Narendra Modi trifft bei seinem ersten wichtigen Auslandsbesuch seit seinem Wahlsieg im Mai seinen japanischen Amtskollegen Shinzo Abe in Toko , um wirtschaftliche und sicherheitspolitische Beziehungen zu besprechen .
2025-05-03 12:59:26,912 - INFO - joeynmt.training - 	Reference:  India &apos;s new prime minister , Narendra Modi , is meeting his Japanese counterpart , Shinzo Abe , in Tokyo to discuss economic and security ties , on his first major foreign visit since winning May &apos;s election .
2025-05-03 12:59:26,912 - INFO - joeynmt.training - 	Hypothesis: India &apos;s new prices of Muslim Narje Modi was reached in his first first first time , in the May of his elections , in the May Abe Abe Abe , to be replaced in Toro , economic and security policy relations .
2025-05-03 12:59:26,912 - INFO - joeynmt.training - Example #2
2025-05-03 12:59:26,912 - DEBUG - joeynmt.training - 	Tokenized source:     ['Herr', 'Mo@@', 'd@@', 'i', 'befindet', 'sich', 'auf', 'einer', 'fü@@', 'n@@', 'f@@', 'tä@@', 'gi@@', 'gen', 'Rei@@', 'se', 'nach', 'J@@', 'ap@@', 'an', ',', 'um', 'die', 'wirtschaf@@', 'tlichen', 'Be@@', 'zieh@@', 'ungen', 'mit', 'der', 'd@@', 'rit@@', 't@@', 'größ@@', 'ten', 'Wirtschafts@@', 'n@@', 'ation', 'der', 'Welt', 'zu', 'fes@@', 'tigen', '.']
2025-05-03 12:59:26,912 - DEBUG - joeynmt.training - 	Tokenized reference:  ['Mr', 'Mo@@', 'd@@', 'i', 'is', 'on', 'a', 'fi@@', 've', '@@@', '-@@', '@', 'day', 'tri@@', 'p', 'to', 'J@@', 'ap@@', 'an', 'to', 'streng@@', 'then', 'economic', 'ties', 'with', 'the', 'third', 'lar@@', 'ges@@', 't', 'econom@@', 'y', 'in', 'the', 'world', '.']
2025-05-03 12:59:26,912 - DEBUG - joeynmt.training - 	Tokenized hypothesis: ['Mr', 'Mo@@', 'd@@', 'i', 'is', 'a', 'fi@@', 've', 'de@@', 'vi@@', 'ce', 'to', 'J@@', 'ap@@', 'an', 'to', 'J@@', 'ap@@', 'an', 'to', 'J@@', 'ap@@', 'an', 'to', 'the', 'economic', 'rel@@', 'ation@@', 'ship', 'with', 'the', 'third', 'world', '.', '</s>']
2025-05-03 12:59:26,912 - INFO - joeynmt.training - 	Source:     Herr Modi befindet sich auf einer fünftägigen Reise nach Japan , um die wirtschaftlichen Beziehungen mit der drittgrößten Wirtschaftsnation der Welt zu festigen .
2025-05-03 12:59:26,912 - INFO - joeynmt.training - 	Reference:  Mr Modi is on a five @-@ day trip to Japan to strengthen economic ties with the third largest economy in the world .
2025-05-03 12:59:26,912 - INFO - joeynmt.training - 	Hypothesis: Mr Modi is a five device to Japan to Japan to Japan to the economic relationship with the third world .
2025-05-03 12:59:26,912 - INFO - joeynmt.training - Example #3
2025-05-03 12:59:26,912 - DEBUG - joeynmt.training - 	Tokenized source:     ['P@@', 'län@@', 'e', 'für', 'eine', 'stärk@@', 'ere', 'k@@', 'ern@@', 'techn@@', 'ische', 'Zusammenarbeit', 'stehen', 'ganz', 'ob@@', 'en', 'auf', 'der', 'Tag@@', 'es@@', 'ordnung', '.']
2025-05-03 12:59:26,912 - DEBUG - joeynmt.training - 	Tokenized reference:  ['high', 'on', 'the', 'agen@@', 'da', 'are', 'pl@@', 'ans', 'for', 'gre@@', 'ater', 'nu@@', 'clear', 'c@@', 'o', '@@@', '-@@', '@', 'operation', '.']
2025-05-03 12:59:26,912 - DEBUG - joeynmt.training - 	Tokenized hypothesis: ['P@@', 'lan@@', 'e', 'is', 'a', 'more', 'techn@@', 'ical', 'cooperation', 'in', 'the', 'agen@@', 'da', '.', '</s>']
2025-05-03 12:59:26,912 - INFO - joeynmt.training - 	Source:     Pläne für eine stärkere kerntechnische Zusammenarbeit stehen ganz oben auf der Tagesordnung .
2025-05-03 12:59:26,912 - INFO - joeynmt.training - 	Reference:  high on the agenda are plans for greater nuclear co @-@ operation .
2025-05-03 12:59:26,912 - INFO - joeynmt.training - 	Hypothesis: Plane is a more technical cooperation in the agenda .
2025-05-03 12:59:26,912 - INFO - joeynmt.training - Example #4
2025-05-03 12:59:26,912 - DEBUG - joeynmt.training - 	Tokenized source:     ['Berich@@', 'ten', 'zu@@', 'fol@@', 'ge', 'ho@@', 'fft', 'Indi@@', 'en', 'darüber', 'hinaus', 'auf', 'einen', 'Ver@@', 'trag', 'zur', 'Ver@@', 'tei@@', 'dig@@', 'ungs@@', 'zusammen@@', 'arbeit', 'zwischen', 'den', 'beiden', 'N@@', 'ationen', '.']
2025-05-03 12:59:26,912 - DEBUG - joeynmt.training - 	Tokenized reference:  ['Indi@@', 'a', 'is', 'also', 're@@', 'porte@@', 'dly', 'hop@@', 'ing', 'for', 'a', 'de@@', 'al', 'on', 'def@@', 'ence', 'c@@', 'oll@@', 'ab@@', 'or@@', 'ation', 'between', 'the', 'two', 'n@@', 'ations', '.']
2025-05-03 12:59:26,914 - DEBUG - joeynmt.training - 	Tokenized hypothesis: ['re@@', 'ports', 'on', 'the', 'basis', 'of', 'the', 'con@@', 'text', 'on', 'a', 'con@@', 'text', 'on', 'a', 'con@@', 'text', 'of', 'the', 'Commission', '.', '</s>']
2025-05-03 12:59:26,914 - INFO - joeynmt.training - 	Source:     Berichten zufolge hofft Indien darüber hinaus auf einen Vertrag zur Verteidigungszusammenarbeit zwischen den beiden Nationen .
2025-05-03 12:59:26,914 - INFO - joeynmt.training - 	Reference:  India is also reportedly hoping for a deal on defence collaboration between the two nations .
2025-05-03 12:59:26,914 - INFO - joeynmt.training - 	Hypothesis: reports on the basis of the context on a context on a context of the Commission .
2025-05-03 12:59:32,242 - INFO - joeynmt.training - Epoch   4, Step:    14100, Batch Loss:     2.028086, Batch Acc: 0.445739, Tokens per Sec:    17439, Lr: 0.000300
2025-05-03 12:59:37,603 - INFO - joeynmt.training - Epoch   4, Step:    14200, Batch Loss:     1.922604, Batch Acc: 0.453821, Tokens per Sec:    17060, Lr: 0.000300
2025-05-03 12:59:43,093 - INFO - joeynmt.training - Epoch   4, Step:    14300, Batch Loss:     2.028706, Batch Acc: 0.445471, Tokens per Sec:    16810, Lr: 0.000300
2025-05-03 12:59:48,417 - INFO - joeynmt.training - Epoch   4, Step:    14400, Batch Loss:     2.138820, Batch Acc: 0.443342, Tokens per Sec:    17458, Lr: 0.000300
2025-05-03 12:59:53,726 - INFO - joeynmt.training - Epoch   4, Step:    14500, Batch Loss:     2.200643, Batch Acc: 0.451356, Tokens per Sec:    16884, Lr: 0.000300
2025-05-03 12:59:53,726 - INFO - joeynmt.prediction - Predicting 500 example(s)... (Greedy decoding with min_output_length=1, max_output_length=-1, return_prob='none', generate_unk=True, repetition_penalty=-1, no_repeat_ngram_size=-1)
2025-05-03 12:59:58,758 - INFO - joeynmt.prediction - Evaluation result (greedy) loss:   2.41, ppl:  11.08, acc:   0.38, generation: 5.0264[sec], evaluation: 0.0000[sec]
2025-05-03 12:59:58,758 - INFO - joeynmt.training - Hooray! New best validation result [ppl]!
2025-05-03 12:59:58,840 - INFO - joeynmt.helpers - delete models/deen_transformer_post/12000.ckpt
2025-05-03 12:59:58,845 - INFO - joeynmt.training - Example #0
2025-05-03 12:59:58,845 - DEBUG - joeynmt.training - 	Tokenized source:     ['die', 'Pre@@', 'mi@@', 'er@@', 'minist@@', 'er', 'Indi@@', 'ens', 'und', 'J@@', 'ap@@', 'ans', 'tra@@', 'fen', 'sich', 'in', 'T@@', 'ok@@', 'i@@', 'o', '.']
2025-05-03 12:59:58,845 - DEBUG - joeynmt.training - 	Tokenized reference:  ['Indi@@', 'a', 'and', 'J@@', 'ap@@', 'an', 'pri@@', 'me', 'minist@@', 'ers', 'me@@', 'et', 'in', 'T@@', 'ok@@', 'y@@', 'o']
2025-05-03 12:59:58,845 - DEBUG - joeynmt.training - 	Tokenized hypothesis: ['the', 'Pri@@', 'me', 'Minist@@', 'er', 'and', 'J@@', 'ap@@', 'ans', 'are', 'in', 'T@@', 'ok@@', 'i@@', 'o', '.', '</s>']
2025-05-03 12:59:58,846 - INFO - joeynmt.training - 	Source:     die Premierminister Indiens und Japans trafen sich in Tokio .
2025-05-03 12:59:58,846 - INFO - joeynmt.training - 	Reference:  India and Japan prime ministers meet in Tokyo
2025-05-03 12:59:58,846 - INFO - joeynmt.training - 	Hypothesis: the Prime Minister and Japans are in Tokio .
2025-05-03 12:59:58,846 - INFO - joeynmt.training - Example #1
2025-05-03 12:59:58,846 - DEBUG - joeynmt.training - 	Tokenized source:     ['Indi@@', 'ens', 'neu@@', 'er', 'Pre@@', 'mi@@', 'er@@', 'minist@@', 'er', 'N@@', 'ar@@', 'end@@', 'ra', 'Mo@@', 'd@@', 'i', 'tri@@', 'fft', 'bei', 's@@', 'einem', 'ersten', 'wichti@@', 'gen', 'Aus@@', 'land@@', 's@@', 'bes@@', 'u@@', 'ch', 'seit', 's@@', 'einem', 'W@@', 'ah@@', 'l@@', 'si@@', 'e@@', 'g', 'im', 'Ma@@', 'i', 'seinen', 'j@@', 'ap@@', 'an@@', 'ischen', 'Am@@', 'ts@@', 'k@@', 'olle@@', 'gen', 'S@@', 'hin@@', 'z@@', 'o', 'A@@', 'be', 'in', 'T@@', 'ok@@', 'o', ',', 'um', 'wirtschaf@@', 'tliche', 'und', 'sicher@@', 'heits@@', 'politische', 'Be@@', 'zieh@@', 'ungen', 'zu', 'bes@@', 'pre@@', 'chen', '.']
2025-05-03 12:59:58,846 - DEBUG - joeynmt.training - 	Tokenized reference:  ['Indi@@', 'a', '&apos;s', 'new', 'pri@@', 'me', 'minist@@', 'er', ',', 'N@@', 'ar@@', 'end@@', 'ra', 'Mo@@', 'd@@', 'i', ',', 'is', 'me@@', 'eting', 'his', 'J@@', 'ap@@', 'an@@', 'ese', 'coun@@', 'ter@@', 'part', ',', 'S@@', 'hin@@', 'z@@', 'o', 'A@@', 'be', ',', 'in', 'T@@', 'ok@@', 'y@@', 'o', 'to', 'disc@@', 'uss', 'economic', 'and', 'security', 'ties', ',', 'on', 'his', 'first', 'major', 'fore@@', 'ign', 'visi@@', 't', 'since', 'w@@', 'inn@@', 'ing', 'Ma@@', 'y', '&apos;s', 'elec@@', 'tion', '.']
2025-05-03 12:59:58,846 - DEBUG - joeynmt.training - 	Tokenized hypothesis: ['Indi@@', 'a', '&apos;s', 'lat@@', 'est', 'pri@@', 'm@@', 'ari@@', 'ly', ',', 'N@@', 'ar@@', 'end@@', 'ra', 'Mo@@', 'd@@', 'i', 'was', 'a', 'first', 'important', 'ex@@', 'ec@@', 'ution', 'of', 'the', 'S@@', 'hin@@', 'z@@', 'be@@', 'e@@', 'f', 'in', 'the', 'Ma@@', 'y', 'of', 'the', 'M@@', 'ini@@', 'stry', 'of', 'the', 'M@@', 'ini@@', 'stry', 'of', 'A@@', 'ff@@', 'o', ',', 'economic', 'and', 'security', 'policy', '.', '</s>']
2025-05-03 12:59:58,846 - INFO - joeynmt.training - 	Source:     Indiens neuer Premierminister Narendra Modi trifft bei seinem ersten wichtigen Auslandsbesuch seit seinem Wahlsieg im Mai seinen japanischen Amtskollegen Shinzo Abe in Toko , um wirtschaftliche und sicherheitspolitische Beziehungen zu besprechen .
2025-05-03 12:59:58,846 - INFO - joeynmt.training - 	Reference:  India &apos;s new prime minister , Narendra Modi , is meeting his Japanese counterpart , Shinzo Abe , in Tokyo to discuss economic and security ties , on his first major foreign visit since winning May &apos;s election .
2025-05-03 12:59:58,846 - INFO - joeynmt.training - 	Hypothesis: India &apos;s latest primarily , Narendra Modi was a first important execution of the Shinzbeef in the May of the Ministry of the Ministry of Affo , economic and security policy .
2025-05-03 12:59:58,846 - INFO - joeynmt.training - Example #2
2025-05-03 12:59:58,846 - DEBUG - joeynmt.training - 	Tokenized source:     ['Herr', 'Mo@@', 'd@@', 'i', 'befindet', 'sich', 'auf', 'einer', 'fü@@', 'n@@', 'f@@', 'tä@@', 'gi@@', 'gen', 'Rei@@', 'se', 'nach', 'J@@', 'ap@@', 'an', ',', 'um', 'die', 'wirtschaf@@', 'tlichen', 'Be@@', 'zieh@@', 'ungen', 'mit', 'der', 'd@@', 'rit@@', 't@@', 'größ@@', 'ten', 'Wirtschafts@@', 'n@@', 'ation', 'der', 'Welt', 'zu', 'fes@@', 'tigen', '.']
2025-05-03 12:59:58,846 - DEBUG - joeynmt.training - 	Tokenized reference:  ['Mr', 'Mo@@', 'd@@', 'i', 'is', 'on', 'a', 'fi@@', 've', '@@@', '-@@', '@', 'day', 'tri@@', 'p', 'to', 'J@@', 'ap@@', 'an', 'to', 'streng@@', 'then', 'economic', 'ties', 'with', 'the', 'third', 'lar@@', 'ges@@', 't', 'econom@@', 'y', 'in', 'the', 'world', '.']
2025-05-03 12:59:58,847 - DEBUG - joeynmt.training - 	Tokenized hypothesis: ['Mr', 'Mo@@', 'd@@', 'i', 'is', 'a', 'f@@', 'air', 'of', 'the', 'world', '&apos;s', 'f@@', 'ron@@', 't', 'to', 'J@@', 'ap@@', 'an', 'to', 'J@@', 'ap@@', 'an', 'to', 'J@@', 'ap@@', 'an', ',', 'to', 'be', 'able', 'to', 're@@', 'ali@@', 'se', 'economic', 'and', '.', '</s>']
2025-05-03 12:59:58,847 - INFO - joeynmt.training - 	Source:     Herr Modi befindet sich auf einer fünftägigen Reise nach Japan , um die wirtschaftlichen Beziehungen mit der drittgrößten Wirtschaftsnation der Welt zu festigen .
2025-05-03 12:59:58,847 - INFO - joeynmt.training - 	Reference:  Mr Modi is on a five @-@ day trip to Japan to strengthen economic ties with the third largest economy in the world .
2025-05-03 12:59:58,847 - INFO - joeynmt.training - 	Hypothesis: Mr Modi is a fair of the world &apos;s front to Japan to Japan to Japan , to be able to realise economic and .
2025-05-03 12:59:58,847 - INFO - joeynmt.training - Example #3
2025-05-03 12:59:58,847 - DEBUG - joeynmt.training - 	Tokenized source:     ['P@@', 'län@@', 'e', 'für', 'eine', 'stärk@@', 'ere', 'k@@', 'ern@@', 'techn@@', 'ische', 'Zusammenarbeit', 'stehen', 'ganz', 'ob@@', 'en', 'auf', 'der', 'Tag@@', 'es@@', 'ordnung', '.']
2025-05-03 12:59:58,847 - DEBUG - joeynmt.training - 	Tokenized reference:  ['high', 'on', 'the', 'agen@@', 'da', 'are', 'pl@@', 'ans', 'for', 'gre@@', 'ater', 'nu@@', 'clear', 'c@@', 'o', '@@@', '-@@', '@', 'operation', '.']
2025-05-03 12:59:58,847 - DEBUG - joeynmt.training - 	Tokenized hypothesis: ['P@@', 'lan@@', 'e', 'for', 'more', 'more', 'techn@@', 'ical', 'cooperation', ',', 'in', 'the', 'agen@@', 'da', '.', '</s>']
2025-05-03 12:59:58,847 - INFO - joeynmt.training - 	Source:     Pläne für eine stärkere kerntechnische Zusammenarbeit stehen ganz oben auf der Tagesordnung .
2025-05-03 12:59:58,847 - INFO - joeynmt.training - 	Reference:  high on the agenda are plans for greater nuclear co @-@ operation .
2025-05-03 12:59:58,847 - INFO - joeynmt.training - 	Hypothesis: Plane for more more technical cooperation , in the agenda .
2025-05-03 12:59:58,847 - INFO - joeynmt.training - Example #4
2025-05-03 12:59:58,847 - DEBUG - joeynmt.training - 	Tokenized source:     ['Berich@@', 'ten', 'zu@@', 'fol@@', 'ge', 'ho@@', 'fft', 'Indi@@', 'en', 'darüber', 'hinaus', 'auf', 'einen', 'Ver@@', 'trag', 'zur', 'Ver@@', 'tei@@', 'dig@@', 'ungs@@', 'zusammen@@', 'arbeit', 'zwischen', 'den', 'beiden', 'N@@', 'ationen', '.']
2025-05-03 12:59:58,847 - DEBUG - joeynmt.training - 	Tokenized reference:  ['Indi@@', 'a', 'is', 'also', 're@@', 'porte@@', 'dly', 'hop@@', 'ing', 'for', 'a', 'de@@', 'al', 'on', 'def@@', 'ence', 'c@@', 'oll@@', 'ab@@', 'or@@', 'ation', 'between', 'the', 'two', 'n@@', 'ations', '.']
2025-05-03 12:59:58,847 - DEBUG - joeynmt.training - 	Tokenized hypothesis: ['re@@', 'ports', 'on', 'the', 'basis', 'of', 'the', 'two', 'N@@', 'ations', 'on', 'the', 'con@@', 'text', 'of', 'the', 'two', 'N@@', 'ations', '.', '</s>']
2025-05-03 12:59:58,848 - INFO - joeynmt.training - 	Source:     Berichten zufolge hofft Indien darüber hinaus auf einen Vertrag zur Verteidigungszusammenarbeit zwischen den beiden Nationen .
2025-05-03 12:59:58,848 - INFO - joeynmt.training - 	Reference:  India is also reportedly hoping for a deal on defence collaboration between the two nations .
2025-05-03 12:59:58,848 - INFO - joeynmt.training - 	Hypothesis: reports on the basis of the two Nations on the context of the two Nations .
2025-05-03 13:00:04,239 - INFO - joeynmt.training - Epoch   4, Step:    14600, Batch Loss:     2.142427, Batch Acc: 0.451159, Tokens per Sec:    16629, Lr: 0.000300
2025-05-03 13:00:09,650 - INFO - joeynmt.training - Epoch   4, Step:    14700, Batch Loss:     2.044869, Batch Acc: 0.449313, Tokens per Sec:    16879, Lr: 0.000300
2025-05-03 13:00:14,983 - INFO - joeynmt.training - Epoch   4, Step:    14800, Batch Loss:     1.834948, Batch Acc: 0.448528, Tokens per Sec:    17239, Lr: 0.000300
2025-05-03 13:00:20,232 - INFO - joeynmt.training - Epoch   4, Step:    14900, Batch Loss:     1.904800, Batch Acc: 0.444358, Tokens per Sec:    17457, Lr: 0.000300
2025-05-03 13:00:25,487 - INFO - joeynmt.training - Epoch   4, Step:    15000, Batch Loss:     1.819319, Batch Acc: 0.454189, Tokens per Sec:    17157, Lr: 0.000300
2025-05-03 13:00:25,487 - INFO - joeynmt.prediction - Predicting 500 example(s)... (Greedy decoding with min_output_length=1, max_output_length=-1, return_prob='none', generate_unk=True, repetition_penalty=-1, no_repeat_ngram_size=-1)
2025-05-03 13:00:30,688 - INFO - joeynmt.prediction - Evaluation result (greedy) loss:   2.38, ppl:  10.82, acc:   0.39, generation: 5.1945[sec], evaluation: 0.0000[sec]
2025-05-03 13:00:30,688 - INFO - joeynmt.training - Hooray! New best validation result [ppl]!
2025-05-03 13:00:30,768 - INFO - joeynmt.helpers - delete models/deen_transformer_post/12500.ckpt
2025-05-03 13:00:30,773 - INFO - joeynmt.training - Example #0
2025-05-03 13:00:30,773 - DEBUG - joeynmt.training - 	Tokenized source:     ['die', 'Pre@@', 'mi@@', 'er@@', 'minist@@', 'er', 'Indi@@', 'ens', 'und', 'J@@', 'ap@@', 'ans', 'tra@@', 'fen', 'sich', 'in', 'T@@', 'ok@@', 'i@@', 'o', '.']
2025-05-03 13:00:30,773 - DEBUG - joeynmt.training - 	Tokenized reference:  ['Indi@@', 'a', 'and', 'J@@', 'ap@@', 'an', 'pri@@', 'me', 'minist@@', 'ers', 'me@@', 'et', 'in', 'T@@', 'ok@@', 'y@@', 'o']
2025-05-03 13:00:30,773 - DEBUG - joeynmt.training - 	Tokenized hypothesis: ['the', 'Pri@@', 'me', 'Minist@@', 'er', 'and', 'J@@', 'ap@@', 'an', 'and', 'J@@', 'ap@@', 'an', 'and', 'J@@', 'ap@@', 'an', '.', '</s>']
2025-05-03 13:00:30,774 - INFO - joeynmt.training - 	Source:     die Premierminister Indiens und Japans trafen sich in Tokio .
2025-05-03 13:00:30,774 - INFO - joeynmt.training - 	Reference:  India and Japan prime ministers meet in Tokyo
2025-05-03 13:00:30,774 - INFO - joeynmt.training - 	Hypothesis: the Prime Minister and Japan and Japan and Japan .
2025-05-03 13:00:30,774 - INFO - joeynmt.training - Example #1
2025-05-03 13:00:30,774 - DEBUG - joeynmt.training - 	Tokenized source:     ['Indi@@', 'ens', 'neu@@', 'er', 'Pre@@', 'mi@@', 'er@@', 'minist@@', 'er', 'N@@', 'ar@@', 'end@@', 'ra', 'Mo@@', 'd@@', 'i', 'tri@@', 'fft', 'bei', 's@@', 'einem', 'ersten', 'wichti@@', 'gen', 'Aus@@', 'land@@', 's@@', 'bes@@', 'u@@', 'ch', 'seit', 's@@', 'einem', 'W@@', 'ah@@', 'l@@', 'si@@', 'e@@', 'g', 'im', 'Ma@@', 'i', 'seinen', 'j@@', 'ap@@', 'an@@', 'ischen', 'Am@@', 'ts@@', 'k@@', 'olle@@', 'gen', 'S@@', 'hin@@', 'z@@', 'o', 'A@@', 'be', 'in', 'T@@', 'ok@@', 'o', ',', 'um', 'wirtschaf@@', 'tliche', 'und', 'sicher@@', 'heits@@', 'politische', 'Be@@', 'zieh@@', 'ungen', 'zu', 'bes@@', 'pre@@', 'chen', '.']
2025-05-03 13:00:30,774 - DEBUG - joeynmt.training - 	Tokenized reference:  ['Indi@@', 'a', '&apos;s', 'new', 'pri@@', 'me', 'minist@@', 'er', ',', 'N@@', 'ar@@', 'end@@', 'ra', 'Mo@@', 'd@@', 'i', ',', 'is', 'me@@', 'eting', 'his', 'J@@', 'ap@@', 'an@@', 'ese', 'coun@@', 'ter@@', 'part', ',', 'S@@', 'hin@@', 'z@@', 'o', 'A@@', 'be', ',', 'in', 'T@@', 'ok@@', 'y@@', 'o', 'to', 'disc@@', 'uss', 'economic', 'and', 'security', 'ties', ',', 'on', 'his', 'first', 'major', 'fore@@', 'ign', 'visi@@', 't', 'since', 'w@@', 'inn@@', 'ing', 'Ma@@', 'y', '&apos;s', 'elec@@', 'tion', '.']
2025-05-03 13:00:30,774 - DEBUG - joeynmt.training - 	Tokenized hypothesis: ['Indi@@', 'a', '&apos;s', 'pri@@', 'me', 'minist@@', 'er', 'N@@', 'ar@@', 'ra', 'N@@', 'ar@@', 'ra', 'Mo@@', 'd@@', 'i', 'N@@', 'ar@@', 'j@@', 'ap@@', 'an', 'on', 'his', 'first', 'important', 'ex@@', 'per@@', 'ti@@', 'se', 'in', 'the', 'Ma@@', 'y', 'of', 'the', 'S@@', 'hin@@', 'e', ',', 'in', 'T@@', 'ok@@', 'o', ',', 'A@@', 'th@@', 'an@@', 'ic', 'Am@@', 'b@@', 'an', ',', 'A@@', 'th@@', 'ens', 'in', 'T@@', 'ok@@', 'o', ',', 'in', 'T@@', 'ok@@', 'o', ',', 'A@@', 'th@@', 'ens', ',', 'and', 'saf@@', 'ety', '.', '</s>']
2025-05-03 13:00:30,774 - INFO - joeynmt.training - 	Source:     Indiens neuer Premierminister Narendra Modi trifft bei seinem ersten wichtigen Auslandsbesuch seit seinem Wahlsieg im Mai seinen japanischen Amtskollegen Shinzo Abe in Toko , um wirtschaftliche und sicherheitspolitische Beziehungen zu besprechen .
2025-05-03 13:00:30,774 - INFO - joeynmt.training - 	Reference:  India &apos;s new prime minister , Narendra Modi , is meeting his Japanese counterpart , Shinzo Abe , in Tokyo to discuss economic and security ties , on his first major foreign visit since winning May &apos;s election .
2025-05-03 13:00:30,774 - INFO - joeynmt.training - 	Hypothesis: India &apos;s prime minister Narra Narra Modi Narjapan on his first important expertise in the May of the Shine , in Toko , Athanic Amban , Athens in Toko , in Toko , Athens , and safety .
2025-05-03 13:00:30,774 - INFO - joeynmt.training - Example #2
2025-05-03 13:00:30,775 - DEBUG - joeynmt.training - 	Tokenized source:     ['Herr', 'Mo@@', 'd@@', 'i', 'befindet', 'sich', 'auf', 'einer', 'fü@@', 'n@@', 'f@@', 'tä@@', 'gi@@', 'gen', 'Rei@@', 'se', 'nach', 'J@@', 'ap@@', 'an', ',', 'um', 'die', 'wirtschaf@@', 'tlichen', 'Be@@', 'zieh@@', 'ungen', 'mit', 'der', 'd@@', 'rit@@', 't@@', 'größ@@', 'ten', 'Wirtschafts@@', 'n@@', 'ation', 'der', 'Welt', 'zu', 'fes@@', 'tigen', '.']
2025-05-03 13:00:30,775 - DEBUG - joeynmt.training - 	Tokenized reference:  ['Mr', 'Mo@@', 'd@@', 'i', 'is', 'on', 'a', 'fi@@', 've', '@@@', '-@@', '@', 'day', 'tri@@', 'p', 'to', 'J@@', 'ap@@', 'an', 'to', 'streng@@', 'then', 'economic', 'ties', 'with', 'the', 'third', 'lar@@', 'ges@@', 't', 'econom@@', 'y', 'in', 'the', 'world', '.']
2025-05-03 13:00:30,775 - DEBUG - joeynmt.training - 	Tokenized hypothesis: ['Mr', 'Mo@@', 'd@@', 'i', 'is', 'a', 'fi@@', 'f@@', 'th', 'number', 'of', 'j@@', 'ap@@', 'an', 'to', 'J@@', 'ap@@', 'an', 'to', 'J@@', 'ap@@', 'an', 'to', 'J@@', 'ap@@', 'an', 'to', 'the', 'economic', 'rel@@', 'ations', 'with', 'the', 'third', 'world', '.', '</s>']
2025-05-03 13:00:30,775 - INFO - joeynmt.training - 	Source:     Herr Modi befindet sich auf einer fünftägigen Reise nach Japan , um die wirtschaftlichen Beziehungen mit der drittgrößten Wirtschaftsnation der Welt zu festigen .
2025-05-03 13:00:30,775 - INFO - joeynmt.training - 	Reference:  Mr Modi is on a five @-@ day trip to Japan to strengthen economic ties with the third largest economy in the world .
2025-05-03 13:00:30,775 - INFO - joeynmt.training - 	Hypothesis: Mr Modi is a fifth number of japan to Japan to Japan to Japan to the economic relations with the third world .
2025-05-03 13:00:30,775 - INFO - joeynmt.training - Example #3
2025-05-03 13:00:30,775 - DEBUG - joeynmt.training - 	Tokenized source:     ['P@@', 'län@@', 'e', 'für', 'eine', 'stärk@@', 'ere', 'k@@', 'ern@@', 'techn@@', 'ische', 'Zusammenarbeit', 'stehen', 'ganz', 'ob@@', 'en', 'auf', 'der', 'Tag@@', 'es@@', 'ordnung', '.']
2025-05-03 13:00:30,775 - DEBUG - joeynmt.training - 	Tokenized reference:  ['high', 'on', 'the', 'agen@@', 'da', 'are', 'pl@@', 'ans', 'for', 'gre@@', 'ater', 'nu@@', 'clear', 'c@@', 'o', '@@@', '-@@', '@', 'operation', '.']
2025-05-03 13:00:30,775 - DEBUG - joeynmt.training - 	Tokenized hypothesis: ['P@@', 'countries', 'are', 'very', 'much', 'more', 'difficul@@', 't', 'to', 'be', 'more', 'difficul@@', 't', 'to', 'the', 'agen@@', 'da', '.', '</s>']
2025-05-03 13:00:30,775 - INFO - joeynmt.training - 	Source:     Pläne für eine stärkere kerntechnische Zusammenarbeit stehen ganz oben auf der Tagesordnung .
2025-05-03 13:00:30,776 - INFO - joeynmt.training - 	Reference:  high on the agenda are plans for greater nuclear co @-@ operation .
2025-05-03 13:00:30,776 - INFO - joeynmt.training - 	Hypothesis: Pcountries are very much more difficult to be more difficult to the agenda .
2025-05-03 13:00:30,776 - INFO - joeynmt.training - Example #4
2025-05-03 13:00:30,776 - DEBUG - joeynmt.training - 	Tokenized source:     ['Berich@@', 'ten', 'zu@@', 'fol@@', 'ge', 'ho@@', 'fft', 'Indi@@', 'en', 'darüber', 'hinaus', 'auf', 'einen', 'Ver@@', 'trag', 'zur', 'Ver@@', 'tei@@', 'dig@@', 'ungs@@', 'zusammen@@', 'arbeit', 'zwischen', 'den', 'beiden', 'N@@', 'ationen', '.']
2025-05-03 13:00:30,776 - DEBUG - joeynmt.training - 	Tokenized reference:  ['Indi@@', 'a', 'is', 'also', 're@@', 'porte@@', 'dly', 'hop@@', 'ing', 'for', 'a', 'de@@', 'al', 'on', 'def@@', 'ence', 'c@@', 'oll@@', 'ab@@', 'or@@', 'ation', 'between', 'the', 'two', 'n@@', 'ations', '.']
2025-05-03 13:00:30,776 - DEBUG - joeynmt.training - 	Tokenized hypothesis: ['the', 're@@', 'ports', 'on', 'a', 'con@@', 'text', 'on', 'a', 'con@@', 'text', 'on', 'a', 'con@@', 'text', 'on', 'the', 'con@@', 'text', 'of', 'the', 'two', 'N@@', 'ations', '.', '</s>']
2025-05-03 13:00:30,776 - INFO - joeynmt.training - 	Source:     Berichten zufolge hofft Indien darüber hinaus auf einen Vertrag zur Verteidigungszusammenarbeit zwischen den beiden Nationen .
2025-05-03 13:00:30,776 - INFO - joeynmt.training - 	Reference:  India is also reportedly hoping for a deal on defence collaboration between the two nations .
2025-05-03 13:00:30,776 - INFO - joeynmt.training - 	Hypothesis: the reports on a context on a context on a context on the context of the two Nations .
2025-05-03 13:00:36,072 - INFO - joeynmt.training - Epoch   4, Step:    15100, Batch Loss:     2.080713, Batch Acc: 0.455534, Tokens per Sec:    16955, Lr: 0.000300
2025-05-03 13:00:41,336 - INFO - joeynmt.training - Epoch   4, Step:    15200, Batch Loss:     1.907179, Batch Acc: 0.456159, Tokens per Sec:    17316, Lr: 0.000300
2025-05-03 13:00:46,614 - INFO - joeynmt.training - Epoch   4, Step:    15300, Batch Loss:     2.036172, Batch Acc: 0.451546, Tokens per Sec:    17531, Lr: 0.000300
2025-05-03 13:00:51,960 - INFO - joeynmt.training - Epoch   4, Step:    15400, Batch Loss:     2.065863, Batch Acc: 0.453833, Tokens per Sec:    17113, Lr: 0.000300
2025-05-03 13:00:57,284 - INFO - joeynmt.training - Epoch   4, Step:    15500, Batch Loss:     1.978710, Batch Acc: 0.454879, Tokens per Sec:    17401, Lr: 0.000300
2025-05-03 13:00:57,285 - INFO - joeynmt.prediction - Predicting 500 example(s)... (Greedy decoding with min_output_length=1, max_output_length=-1, return_prob='none', generate_unk=True, repetition_penalty=-1, no_repeat_ngram_size=-1)
2025-05-03 13:01:02,822 - INFO - joeynmt.prediction - Evaluation result (greedy) loss:   2.37, ppl:  10.67, acc:   0.39, generation: 5.5294[sec], evaluation: 0.0000[sec]
2025-05-03 13:01:02,822 - INFO - joeynmt.training - Hooray! New best validation result [ppl]!
2025-05-03 13:01:02,904 - INFO - joeynmt.helpers - delete models/deen_transformer_post/13000.ckpt
2025-05-03 13:01:02,910 - INFO - joeynmt.training - Example #0
2025-05-03 13:01:02,910 - DEBUG - joeynmt.training - 	Tokenized source:     ['die', 'Pre@@', 'mi@@', 'er@@', 'minist@@', 'er', 'Indi@@', 'ens', 'und', 'J@@', 'ap@@', 'ans', 'tra@@', 'fen', 'sich', 'in', 'T@@', 'ok@@', 'i@@', 'o', '.']
2025-05-03 13:01:02,910 - DEBUG - joeynmt.training - 	Tokenized reference:  ['Indi@@', 'a', 'and', 'J@@', 'ap@@', 'an', 'pri@@', 'me', 'minist@@', 'ers', 'me@@', 'et', 'in', 'T@@', 'ok@@', 'y@@', 'o']
2025-05-03 13:01:02,910 - DEBUG - joeynmt.training - 	Tokenized hypothesis: ['the', 'Pre@@', 'mi@@', 'er', 'Minist@@', 'er', 'of', 'the', 'Minist@@', 'er', 'and', 'J@@', 'ap@@', 'an', '&apos;s', 'pri@@', 'm@@', 'ari@@', 'ly', '.', '</s>']
2025-05-03 13:01:02,911 - INFO - joeynmt.training - 	Source:     die Premierminister Indiens und Japans trafen sich in Tokio .
2025-05-03 13:01:02,911 - INFO - joeynmt.training - 	Reference:  India and Japan prime ministers meet in Tokyo
2025-05-03 13:01:02,911 - INFO - joeynmt.training - 	Hypothesis: the Premier Minister of the Minister and Japan &apos;s primarily .
2025-05-03 13:01:02,911 - INFO - joeynmt.training - Example #1
2025-05-03 13:01:02,911 - DEBUG - joeynmt.training - 	Tokenized source:     ['Indi@@', 'ens', 'neu@@', 'er', 'Pre@@', 'mi@@', 'er@@', 'minist@@', 'er', 'N@@', 'ar@@', 'end@@', 'ra', 'Mo@@', 'd@@', 'i', 'tri@@', 'fft', 'bei', 's@@', 'einem', 'ersten', 'wichti@@', 'gen', 'Aus@@', 'land@@', 's@@', 'bes@@', 'u@@', 'ch', 'seit', 's@@', 'einem', 'W@@', 'ah@@', 'l@@', 'si@@', 'e@@', 'g', 'im', 'Ma@@', 'i', 'seinen', 'j@@', 'ap@@', 'an@@', 'ischen', 'Am@@', 'ts@@', 'k@@', 'olle@@', 'gen', 'S@@', 'hin@@', 'z@@', 'o', 'A@@', 'be', 'in', 'T@@', 'ok@@', 'o', ',', 'um', 'wirtschaf@@', 'tliche', 'und', 'sicher@@', 'heits@@', 'politische', 'Be@@', 'zieh@@', 'ungen', 'zu', 'bes@@', 'pre@@', 'chen', '.']
2025-05-03 13:01:02,911 - DEBUG - joeynmt.training - 	Tokenized reference:  ['Indi@@', 'a', '&apos;s', 'new', 'pri@@', 'me', 'minist@@', 'er', ',', 'N@@', 'ar@@', 'end@@', 'ra', 'Mo@@', 'd@@', 'i', ',', 'is', 'me@@', 'eting', 'his', 'J@@', 'ap@@', 'an@@', 'ese', 'coun@@', 'ter@@', 'part', ',', 'S@@', 'hin@@', 'z@@', 'o', 'A@@', 'be', ',', 'in', 'T@@', 'ok@@', 'y@@', 'o', 'to', 'disc@@', 'uss', 'economic', 'and', 'security', 'ties', ',', 'on', 'his', 'first', 'major', 'fore@@', 'ign', 'visi@@', 't', 'since', 'w@@', 'inn@@', 'ing', 'Ma@@', 'y', '&apos;s', 'elec@@', 'tion', '.']
2025-05-03 13:01:02,911 - DEBUG - joeynmt.training - 	Tokenized hypothesis: ['Indi@@', 'a', '&apos;s', 'first', 'pri@@', 'm@@', 'ari@@', 'ly', ',', 'the', 'first', 'pri@@', 'm@@', 'ari@@', 'ly', 'of', 'the', 'first', 'important', 'fore@@', 'ign', 'fore@@', 'ign', 'fore@@', 'ign', 'fore@@', 'ign', 'policy', 'rel@@', 'ating', 'to', 'the', 'first', 'important', 'ex@@', 'clu@@', 'sion', 'of', 'the', 'S@@', 'hin@@', 'z@@', 'z@@', 'o', 'A@@', 'ff@@', 'air@@', 's', ',', 'in', 'T@@', 'ok@@', 'o', ',', 'to', 'the', 'C@@', 'olle@@', 'ge', 'of', 'A@@', 'gen@@', 'cy', ',', 'and', 'security', 'policy', 'rel@@', 'ations', '.', '</s>']
2025-05-03 13:01:02,911 - INFO - joeynmt.training - 	Source:     Indiens neuer Premierminister Narendra Modi trifft bei seinem ersten wichtigen Auslandsbesuch seit seinem Wahlsieg im Mai seinen japanischen Amtskollegen Shinzo Abe in Toko , um wirtschaftliche und sicherheitspolitische Beziehungen zu besprechen .
2025-05-03 13:01:02,911 - INFO - joeynmt.training - 	Reference:  India &apos;s new prime minister , Narendra Modi , is meeting his Japanese counterpart , Shinzo Abe , in Tokyo to discuss economic and security ties , on his first major foreign visit since winning May &apos;s election .
2025-05-03 13:01:02,911 - INFO - joeynmt.training - 	Hypothesis: India &apos;s first primarily , the first primarily of the first important foreign foreign foreign foreign policy relating to the first important exclusion of the Shinzzo Affairs , in Toko , to the College of Agency , and security policy relations .
2025-05-03 13:01:02,911 - INFO - joeynmt.training - Example #2
2025-05-03 13:01:02,912 - DEBUG - joeynmt.training - 	Tokenized source:     ['Herr', 'Mo@@', 'd@@', 'i', 'befindet', 'sich', 'auf', 'einer', 'fü@@', 'n@@', 'f@@', 'tä@@', 'gi@@', 'gen', 'Rei@@', 'se', 'nach', 'J@@', 'ap@@', 'an', ',', 'um', 'die', 'wirtschaf@@', 'tlichen', 'Be@@', 'zieh@@', 'ungen', 'mit', 'der', 'd@@', 'rit@@', 't@@', 'größ@@', 'ten', 'Wirtschafts@@', 'n@@', 'ation', 'der', 'Welt', 'zu', 'fes@@', 'tigen', '.']
2025-05-03 13:01:02,912 - DEBUG - joeynmt.training - 	Tokenized reference:  ['Mr', 'Mo@@', 'd@@', 'i', 'is', 'on', 'a', 'fi@@', 've', '@@@', '-@@', '@', 'day', 'tri@@', 'p', 'to', 'J@@', 'ap@@', 'an', 'to', 'streng@@', 'then', 'economic', 'ties', 'with', 'the', 'third', 'lar@@', 'ges@@', 't', 'econom@@', 'y', 'in', 'the', 'world', '.']
2025-05-03 13:01:02,912 - DEBUG - joeynmt.training - 	Tokenized hypothesis: ['Mr', 'Mo@@', 'd@@', 'i', 'is', 'a', 'fi@@', 'f@@', 'th', 't@@', 'ou@@', 'ch', 'of', 'a', 'fi@@', 'f@@', 'te@@', 'en', 'tra@@', 'ining', 'to', 'the', 'economic', 'rel@@', 'ations', 'with', 'the', 'third', 'world', '&apos;s', 'economic', 'rel@@', 'ations', 'with', 'the', 'third', 'world', '&apos;s', 'economic', 'rel@@', 'ations', '.', '</s>']
2025-05-03 13:01:02,912 - INFO - joeynmt.training - 	Source:     Herr Modi befindet sich auf einer fünftägigen Reise nach Japan , um die wirtschaftlichen Beziehungen mit der drittgrößten Wirtschaftsnation der Welt zu festigen .
2025-05-03 13:01:02,912 - INFO - joeynmt.training - 	Reference:  Mr Modi is on a five @-@ day trip to Japan to strengthen economic ties with the third largest economy in the world .
2025-05-03 13:01:02,912 - INFO - joeynmt.training - 	Hypothesis: Mr Modi is a fifth touch of a fifteen training to the economic relations with the third world &apos;s economic relations with the third world &apos;s economic relations .
2025-05-03 13:01:02,912 - INFO - joeynmt.training - Example #3
2025-05-03 13:01:02,913 - DEBUG - joeynmt.training - 	Tokenized source:     ['P@@', 'län@@', 'e', 'für', 'eine', 'stärk@@', 'ere', 'k@@', 'ern@@', 'techn@@', 'ische', 'Zusammenarbeit', 'stehen', 'ganz', 'ob@@', 'en', 'auf', 'der', 'Tag@@', 'es@@', 'ordnung', '.']
2025-05-03 13:01:02,913 - DEBUG - joeynmt.training - 	Tokenized reference:  ['high', 'on', 'the', 'agen@@', 'da', 'are', 'pl@@', 'ans', 'for', 'gre@@', 'ater', 'nu@@', 'clear', 'c@@', 'o', '@@@', '-@@', '@', 'operation', '.']
2025-05-03 13:01:02,913 - DEBUG - joeynmt.training - 	Tokenized hypothesis: ['the', 'fact', 'that', 'there', 'is', 'a', 'more', 'co@@', 'her@@', 'ent', 'techn@@', 'ical', 'cooperation', 'is', 'in', 'the', 'agen@@', 'da', '.', '</s>']
2025-05-03 13:01:02,913 - INFO - joeynmt.training - 	Source:     Pläne für eine stärkere kerntechnische Zusammenarbeit stehen ganz oben auf der Tagesordnung .
2025-05-03 13:01:02,913 - INFO - joeynmt.training - 	Reference:  high on the agenda are plans for greater nuclear co @-@ operation .
2025-05-03 13:01:02,913 - INFO - joeynmt.training - 	Hypothesis: the fact that there is a more coherent technical cooperation is in the agenda .
2025-05-03 13:01:02,913 - INFO - joeynmt.training - Example #4
2025-05-03 13:01:02,913 - DEBUG - joeynmt.training - 	Tokenized source:     ['Berich@@', 'ten', 'zu@@', 'fol@@', 'ge', 'ho@@', 'fft', 'Indi@@', 'en', 'darüber', 'hinaus', 'auf', 'einen', 'Ver@@', 'trag', 'zur', 'Ver@@', 'tei@@', 'dig@@', 'ungs@@', 'zusammen@@', 'arbeit', 'zwischen', 'den', 'beiden', 'N@@', 'ationen', '.']
2025-05-03 13:01:02,913 - DEBUG - joeynmt.training - 	Tokenized reference:  ['Indi@@', 'a', 'is', 'also', 're@@', 'porte@@', 'dly', 'hop@@', 'ing', 'for', 'a', 'de@@', 'al', 'on', 'def@@', 'ence', 'c@@', 'oll@@', 'ab@@', 'or@@', 'ation', 'between', 'the', 'two', 'n@@', 'ations', '.']
2025-05-03 13:01:02,913 - DEBUG - joeynmt.training - 	Tokenized hypothesis: ['re@@', 'ports', 'on', 'the', 'basis', 'of', 'the', 'A@@', 'gen@@', 'cy', 'for', 'a', 'Tre@@', 'aty', 'on', 'the', 'con@@', 'tra@@', 'ct', 'of', 'the', 'two', 'N@@', 'ations', '.', '</s>']
2025-05-03 13:01:02,913 - INFO - joeynmt.training - 	Source:     Berichten zufolge hofft Indien darüber hinaus auf einen Vertrag zur Verteidigungszusammenarbeit zwischen den beiden Nationen .
2025-05-03 13:01:02,913 - INFO - joeynmt.training - 	Reference:  India is also reportedly hoping for a deal on defence collaboration between the two nations .
2025-05-03 13:01:02,913 - INFO - joeynmt.training - 	Hypothesis: reports on the basis of the Agency for a Treaty on the contract of the two Nations .
2025-05-03 13:01:08,128 - INFO - joeynmt.training - Epoch   4, Step:    15600, Batch Loss:     1.949408, Batch Acc: 0.454646, Tokens per Sec:    17218, Lr: 0.000300
2025-05-03 13:01:13,448 - INFO - joeynmt.training - Epoch   4, Step:    15700, Batch Loss:     1.936938, Batch Acc: 0.453977, Tokens per Sec:    17410, Lr: 0.000300
2025-05-03 13:01:18,743 - INFO - joeynmt.training - Epoch   4, Step:    15800, Batch Loss:     1.915256, Batch Acc: 0.459503, Tokens per Sec:    17341, Lr: 0.000300
2025-05-03 13:01:24,061 - INFO - joeynmt.training - Epoch   4, Step:    15900, Batch Loss:     2.030751, Batch Acc: 0.453370, Tokens per Sec:    17475, Lr: 0.000300
2025-05-03 13:01:29,458 - INFO - joeynmt.training - Epoch   4, Step:    16000, Batch Loss:     1.838216, Batch Acc: 0.455867, Tokens per Sec:    17106, Lr: 0.000300
2025-05-03 13:01:29,458 - INFO - joeynmt.prediction - Predicting 500 example(s)... (Greedy decoding with min_output_length=1, max_output_length=-1, return_prob='none', generate_unk=True, repetition_penalty=-1, no_repeat_ngram_size=-1)
2025-05-03 13:01:35,124 - INFO - joeynmt.prediction - Evaluation result (greedy) loss:   2.34, ppl:  10.42, acc:   0.40, generation: 5.6592[sec], evaluation: 0.0000[sec]
2025-05-03 13:01:35,124 - INFO - joeynmt.training - Hooray! New best validation result [ppl]!
2025-05-03 13:01:35,207 - INFO - joeynmt.helpers - delete models/deen_transformer_post/13500.ckpt
2025-05-03 13:01:35,212 - INFO - joeynmt.training - Example #0
2025-05-03 13:01:35,212 - DEBUG - joeynmt.training - 	Tokenized source:     ['die', 'Pre@@', 'mi@@', 'er@@', 'minist@@', 'er', 'Indi@@', 'ens', 'und', 'J@@', 'ap@@', 'ans', 'tra@@', 'fen', 'sich', 'in', 'T@@', 'ok@@', 'i@@', 'o', '.']
2025-05-03 13:01:35,212 - DEBUG - joeynmt.training - 	Tokenized reference:  ['Indi@@', 'a', 'and', 'J@@', 'ap@@', 'an', 'pri@@', 'me', 'minist@@', 'ers', 'me@@', 'et', 'in', 'T@@', 'ok@@', 'y@@', 'o']
2025-05-03 13:01:35,214 - DEBUG - joeynmt.training - 	Tokenized hypothesis: ['the', 'Pri@@', 'me', 'Minist@@', 'er', 'and', 'J@@', 'ap@@', 'an', '&apos;s', 'minist@@', 'ers', 'and', 'J@@', 'ap@@', 'an', 'in', 'T@@', 'ok@@', 'i@@', 'o', '.', '</s>']
2025-05-03 13:01:35,214 - INFO - joeynmt.training - 	Source:     die Premierminister Indiens und Japans trafen sich in Tokio .
2025-05-03 13:01:35,214 - INFO - joeynmt.training - 	Reference:  India and Japan prime ministers meet in Tokyo
2025-05-03 13:01:35,214 - INFO - joeynmt.training - 	Hypothesis: the Prime Minister and Japan &apos;s ministers and Japan in Tokio .
2025-05-03 13:01:35,214 - INFO - joeynmt.training - Example #1
2025-05-03 13:01:35,214 - DEBUG - joeynmt.training - 	Tokenized source:     ['Indi@@', 'ens', 'neu@@', 'er', 'Pre@@', 'mi@@', 'er@@', 'minist@@', 'er', 'N@@', 'ar@@', 'end@@', 'ra', 'Mo@@', 'd@@', 'i', 'tri@@', 'fft', 'bei', 's@@', 'einem', 'ersten', 'wichti@@', 'gen', 'Aus@@', 'land@@', 's@@', 'bes@@', 'u@@', 'ch', 'seit', 's@@', 'einem', 'W@@', 'ah@@', 'l@@', 'si@@', 'e@@', 'g', 'im', 'Ma@@', 'i', 'seinen', 'j@@', 'ap@@', 'an@@', 'ischen', 'Am@@', 'ts@@', 'k@@', 'olle@@', 'gen', 'S@@', 'hin@@', 'z@@', 'o', 'A@@', 'be', 'in', 'T@@', 'ok@@', 'o', ',', 'um', 'wirtschaf@@', 'tliche', 'und', 'sicher@@', 'heits@@', 'politische', 'Be@@', 'zieh@@', 'ungen', 'zu', 'bes@@', 'pre@@', 'chen', '.']
2025-05-03 13:01:35,214 - DEBUG - joeynmt.training - 	Tokenized reference:  ['Indi@@', 'a', '&apos;s', 'new', 'pri@@', 'me', 'minist@@', 'er', ',', 'N@@', 'ar@@', 'end@@', 'ra', 'Mo@@', 'd@@', 'i', ',', 'is', 'me@@', 'eting', 'his', 'J@@', 'ap@@', 'an@@', 'ese', 'coun@@', 'ter@@', 'part', ',', 'S@@', 'hin@@', 'z@@', 'o', 'A@@', 'be', ',', 'in', 'T@@', 'ok@@', 'y@@', 'o', 'to', 'disc@@', 'uss', 'economic', 'and', 'security', 'ties', ',', 'on', 'his', 'first', 'major', 'fore@@', 'ign', 'visi@@', 't', 'since', 'w@@', 'inn@@', 'ing', 'Ma@@', 'y', '&apos;s', 'elec@@', 'tion', '.']
2025-05-03 13:01:35,214 - DEBUG - joeynmt.training - 	Tokenized hypothesis: ['Indi@@', 'a', '&apos;s', 'Pri@@', 'me', 'Minist@@', 'er', 'N@@', 'ar@@', 'd@@', 'i', 'was', 'a', 'first', 'of', 'all', 'of', 'the', 'most', 'important', 'ex@@', 'hi@@', 'bi@@', 'tion', 'of', 'the', 'M@@', 'ini@@', 'stry', 'of', 'the', 'M@@', 'ah@@', 'l@@', 'si@@', 'e@@', 'ad', 'in', 'the', 'Ma@@', 'y', 'A@@', 'be', 'A@@', 'sia', 'A@@', 'be', 'A@@', 'be', 'A@@', 'be', 'A@@', 'sia', 'in', 'T@@', 'ok@@', 'o', ',', 'in', 'T@@', 'ok@@', 'o', ',', 'economic', 'and', 'security', 'policy', 'rel@@', 'ations', '.', '</s>']
2025-05-03 13:01:35,215 - INFO - joeynmt.training - 	Source:     Indiens neuer Premierminister Narendra Modi trifft bei seinem ersten wichtigen Auslandsbesuch seit seinem Wahlsieg im Mai seinen japanischen Amtskollegen Shinzo Abe in Toko , um wirtschaftliche und sicherheitspolitische Beziehungen zu besprechen .
2025-05-03 13:01:35,215 - INFO - joeynmt.training - 	Reference:  India &apos;s new prime minister , Narendra Modi , is meeting his Japanese counterpart , Shinzo Abe , in Tokyo to discuss economic and security ties , on his first major foreign visit since winning May &apos;s election .
2025-05-03 13:01:35,215 - INFO - joeynmt.training - 	Hypothesis: India &apos;s Prime Minister Nardi was a first of all of the most important exhibition of the Ministry of the Mahlsiead in the May Abe Asia Abe Abe Abe Asia in Toko , in Toko , economic and security policy relations .
2025-05-03 13:01:35,215 - INFO - joeynmt.training - Example #2
2025-05-03 13:01:35,215 - DEBUG - joeynmt.training - 	Tokenized source:     ['Herr', 'Mo@@', 'd@@', 'i', 'befindet', 'sich', 'auf', 'einer', 'fü@@', 'n@@', 'f@@', 'tä@@', 'gi@@', 'gen', 'Rei@@', 'se', 'nach', 'J@@', 'ap@@', 'an', ',', 'um', 'die', 'wirtschaf@@', 'tlichen', 'Be@@', 'zieh@@', 'ungen', 'mit', 'der', 'd@@', 'rit@@', 't@@', 'größ@@', 'ten', 'Wirtschafts@@', 'n@@', 'ation', 'der', 'Welt', 'zu', 'fes@@', 'tigen', '.']
2025-05-03 13:01:35,215 - DEBUG - joeynmt.training - 	Tokenized reference:  ['Mr', 'Mo@@', 'd@@', 'i', 'is', 'on', 'a', 'fi@@', 've', '@@@', '-@@', '@', 'day', 'tri@@', 'p', 'to', 'J@@', 'ap@@', 'an', 'to', 'streng@@', 'then', 'economic', 'ties', 'with', 'the', 'third', 'lar@@', 'ges@@', 't', 'econom@@', 'y', 'in', 'the', 'world', '.']
2025-05-03 13:01:35,215 - DEBUG - joeynmt.training - 	Tokenized hypothesis: ['Mr', 'Mo@@', 'd@@', 'i', 'is', 'a', 'very', 'fi@@', 'f@@', 'te@@', 'en', 'in', 'order', 'to', 'j@@', 'ap@@', 'an', 'to', 'J@@', 'ap@@', 'an', 'to', 'J@@', 'ap@@', 'an', 'to', 'the', 'economic', 'rel@@', 'ations', 'with', 'the', 'third', 'world', '&apos;s', 'economic', 'rel@@', 'ations', '.', '</s>']
2025-05-03 13:01:35,215 - INFO - joeynmt.training - 	Source:     Herr Modi befindet sich auf einer fünftägigen Reise nach Japan , um die wirtschaftlichen Beziehungen mit der drittgrößten Wirtschaftsnation der Welt zu festigen .
2025-05-03 13:01:35,215 - INFO - joeynmt.training - 	Reference:  Mr Modi is on a five @-@ day trip to Japan to strengthen economic ties with the third largest economy in the world .
2025-05-03 13:01:35,215 - INFO - joeynmt.training - 	Hypothesis: Mr Modi is a very fifteen in order to japan to Japan to Japan to the economic relations with the third world &apos;s economic relations .
2025-05-03 13:01:35,215 - INFO - joeynmt.training - Example #3
2025-05-03 13:01:35,216 - DEBUG - joeynmt.training - 	Tokenized source:     ['P@@', 'län@@', 'e', 'für', 'eine', 'stärk@@', 'ere', 'k@@', 'ern@@', 'techn@@', 'ische', 'Zusammenarbeit', 'stehen', 'ganz', 'ob@@', 'en', 'auf', 'der', 'Tag@@', 'es@@', 'ordnung', '.']
2025-05-03 13:01:35,216 - DEBUG - joeynmt.training - 	Tokenized reference:  ['high', 'on', 'the', 'agen@@', 'da', 'are', 'pl@@', 'ans', 'for', 'gre@@', 'ater', 'nu@@', 'clear', 'c@@', 'o', '@@@', '-@@', '@', 'operation', '.']
2025-05-03 13:01:35,216 - DEBUG - joeynmt.training - 	Tokenized hypothesis: ['P@@', 'en@@', 'o@@', 'k', '&apos;s', '&apos;s', '&apos;s', 'agen@@', 'da', '.', '</s>']
2025-05-03 13:01:35,216 - INFO - joeynmt.training - 	Source:     Pläne für eine stärkere kerntechnische Zusammenarbeit stehen ganz oben auf der Tagesordnung .
2025-05-03 13:01:35,216 - INFO - joeynmt.training - 	Reference:  high on the agenda are plans for greater nuclear co @-@ operation .
2025-05-03 13:01:35,216 - INFO - joeynmt.training - 	Hypothesis: Penok &apos;s &apos;s &apos;s agenda .
2025-05-03 13:01:35,216 - INFO - joeynmt.training - Example #4
2025-05-03 13:01:35,216 - DEBUG - joeynmt.training - 	Tokenized source:     ['Berich@@', 'ten', 'zu@@', 'fol@@', 'ge', 'ho@@', 'fft', 'Indi@@', 'en', 'darüber', 'hinaus', 'auf', 'einen', 'Ver@@', 'trag', 'zur', 'Ver@@', 'tei@@', 'dig@@', 'ungs@@', 'zusammen@@', 'arbeit', 'zwischen', 'den', 'beiden', 'N@@', 'ationen', '.']
2025-05-03 13:01:35,216 - DEBUG - joeynmt.training - 	Tokenized reference:  ['Indi@@', 'a', 'is', 'also', 're@@', 'porte@@', 'dly', 'hop@@', 'ing', 'for', 'a', 'de@@', 'al', 'on', 'def@@', 'ence', 'c@@', 'oll@@', 'ab@@', 'or@@', 'ation', 'between', 'the', 'two', 'n@@', 'ations', '.']
2025-05-03 13:01:35,216 - DEBUG - joeynmt.training - 	Tokenized hypothesis: ['the', 're@@', 'ports', 'on', 'the', 'con@@', 'text', 'of', 'the', 'con@@', 'text', 'on', 'the', 'con@@', 'text', 'of', 'the', 'two', 'N@@', 'ations', '.', '</s>']
2025-05-03 13:01:35,216 - INFO - joeynmt.training - 	Source:     Berichten zufolge hofft Indien darüber hinaus auf einen Vertrag zur Verteidigungszusammenarbeit zwischen den beiden Nationen .
2025-05-03 13:01:35,217 - INFO - joeynmt.training - 	Reference:  India is also reportedly hoping for a deal on defence collaboration between the two nations .
2025-05-03 13:01:35,217 - INFO - joeynmt.training - 	Hypothesis: the reports on the context of the context on the context of the two Nations .
2025-05-03 13:01:40,534 - INFO - joeynmt.training - Epoch   4, Step:    16100, Batch Loss:     2.091725, Batch Acc: 0.458143, Tokens per Sec:    16938, Lr: 0.000300
2025-05-03 13:01:45,888 - INFO - joeynmt.training - Epoch   4, Step:    16200, Batch Loss:     2.020948, Batch Acc: 0.461098, Tokens per Sec:    17408, Lr: 0.000300
2025-05-03 13:01:49,393 - INFO - joeynmt.training - Epoch   4: total training loss 8332.61
2025-05-03 13:01:49,393 - INFO - joeynmt.training - EPOCH 5
2025-05-03 13:01:51,283 - INFO - joeynmt.training - Epoch   5, Step:    16300, Batch Loss:     1.989513, Batch Acc: 0.476292, Tokens per Sec:    17395, Lr: 0.000300
2025-05-03 13:01:56,533 - INFO - joeynmt.training - Epoch   5, Step:    16400, Batch Loss:     1.918597, Batch Acc: 0.477830, Tokens per Sec:    17497, Lr: 0.000300
2025-05-03 13:02:01,885 - INFO - joeynmt.training - Epoch   5, Step:    16500, Batch Loss:     2.060593, Batch Acc: 0.474012, Tokens per Sec:    17408, Lr: 0.000300
2025-05-03 13:02:01,885 - INFO - joeynmt.prediction - Predicting 500 example(s)... (Greedy decoding with min_output_length=1, max_output_length=-1, return_prob='none', generate_unk=True, repetition_penalty=-1, no_repeat_ngram_size=-1)
2025-05-03 13:02:07,327 - INFO - joeynmt.prediction - Evaluation result (greedy) loss:   2.34, ppl:  10.39, acc:   0.40, generation: 5.4361[sec], evaluation: 0.0000[sec]
2025-05-03 13:02:07,327 - INFO - joeynmt.training - Hooray! New best validation result [ppl]!
2025-05-03 13:02:07,409 - INFO - joeynmt.helpers - delete models/deen_transformer_post/14000.ckpt
2025-05-03 13:02:07,416 - INFO - joeynmt.training - Example #0
2025-05-03 13:02:07,416 - DEBUG - joeynmt.training - 	Tokenized source:     ['die', 'Pre@@', 'mi@@', 'er@@', 'minist@@', 'er', 'Indi@@', 'ens', 'und', 'J@@', 'ap@@', 'ans', 'tra@@', 'fen', 'sich', 'in', 'T@@', 'ok@@', 'i@@', 'o', '.']
2025-05-03 13:02:07,416 - DEBUG - joeynmt.training - 	Tokenized reference:  ['Indi@@', 'a', 'and', 'J@@', 'ap@@', 'an', 'pri@@', 'me', 'minist@@', 'ers', 'me@@', 'et', 'in', 'T@@', 'ok@@', 'y@@', 'o']
2025-05-03 13:02:07,416 - DEBUG - joeynmt.training - 	Tokenized hypothesis: ['the', 'Pre@@', 'mi@@', 'er', 'Indi@@', 'a', 'and', 'J@@', 'ap@@', 'ans', 'are', 'the', 'first', 'of', 'all', 'of', 'the', 'people', 'of', 'the', 'A@@', 'gre@@', 'ement', 'of', 'the', 'S@@', 'um@@', 'mit', '.', '</s>']
2025-05-03 13:02:07,417 - INFO - joeynmt.training - 	Source:     die Premierminister Indiens und Japans trafen sich in Tokio .
2025-05-03 13:02:07,417 - INFO - joeynmt.training - 	Reference:  India and Japan prime ministers meet in Tokyo
2025-05-03 13:02:07,417 - INFO - joeynmt.training - 	Hypothesis: the Premier India and Japans are the first of all of the people of the Agreement of the Summit .
2025-05-03 13:02:07,417 - INFO - joeynmt.training - Example #1
2025-05-03 13:02:07,417 - DEBUG - joeynmt.training - 	Tokenized source:     ['Indi@@', 'ens', 'neu@@', 'er', 'Pre@@', 'mi@@', 'er@@', 'minist@@', 'er', 'N@@', 'ar@@', 'end@@', 'ra', 'Mo@@', 'd@@', 'i', 'tri@@', 'fft', 'bei', 's@@', 'einem', 'ersten', 'wichti@@', 'gen', 'Aus@@', 'land@@', 's@@', 'bes@@', 'u@@', 'ch', 'seit', 's@@', 'einem', 'W@@', 'ah@@', 'l@@', 'si@@', 'e@@', 'g', 'im', 'Ma@@', 'i', 'seinen', 'j@@', 'ap@@', 'an@@', 'ischen', 'Am@@', 'ts@@', 'k@@', 'olle@@', 'gen', 'S@@', 'hin@@', 'z@@', 'o', 'A@@', 'be', 'in', 'T@@', 'ok@@', 'o', ',', 'um', 'wirtschaf@@', 'tliche', 'und', 'sicher@@', 'heits@@', 'politische', 'Be@@', 'zieh@@', 'ungen', 'zu', 'bes@@', 'pre@@', 'chen', '.']
2025-05-03 13:02:07,417 - DEBUG - joeynmt.training - 	Tokenized reference:  ['Indi@@', 'a', '&apos;s', 'new', 'pri@@', 'me', 'minist@@', 'er', ',', 'N@@', 'ar@@', 'end@@', 'ra', 'Mo@@', 'd@@', 'i', ',', 'is', 'me@@', 'eting', 'his', 'J@@', 'ap@@', 'an@@', 'ese', 'coun@@', 'ter@@', 'part', ',', 'S@@', 'hin@@', 'z@@', 'o', 'A@@', 'be', ',', 'in', 'T@@', 'ok@@', 'y@@', 'o', 'to', 'disc@@', 'uss', 'economic', 'and', 'security', 'ties', ',', 'on', 'his', 'first', 'major', 'fore@@', 'ign', 'visi@@', 't', 'since', 'w@@', 'inn@@', 'ing', 'Ma@@', 'y', '&apos;s', 'elec@@', 'tion', '.']
2025-05-03 13:02:07,417 - DEBUG - joeynmt.training - 	Tokenized hypothesis: ['Indi@@', 'a', '&apos;s', 'new', 'Pri@@', 'me', 'Minist@@', 'er', 'N@@', 'ar@@', 'ri@@', 'v@@', 'al', ',', 'the', 'first', 'of', 'all', 'of', 'the', 'most', 'important', 'fore@@', 'ign', 'fore@@', 'ign', 'fore@@', 'ign', 'fore@@', 'ign', 'ar@@', 'ri@@', 'v@@', 'al', ',', 'the', 'J@@', 'ap@@', 'an@@', 'ese', 'Pre@@', 'mi@@', 'er', 'S@@', 'hin@@', 'z@@', 'o', 'A@@', 'da@@', 'p@@', 'ted', 'to', 'the', 'S@@', 'hin@@', 'z@@', 'o', 'A@@', 'be', ',', 'and', 'saf@@', 'ety', '.', '</s>']
2025-05-03 13:02:07,417 - INFO - joeynmt.training - 	Source:     Indiens neuer Premierminister Narendra Modi trifft bei seinem ersten wichtigen Auslandsbesuch seit seinem Wahlsieg im Mai seinen japanischen Amtskollegen Shinzo Abe in Toko , um wirtschaftliche und sicherheitspolitische Beziehungen zu besprechen .
2025-05-03 13:02:07,417 - INFO - joeynmt.training - 	Reference:  India &apos;s new prime minister , Narendra Modi , is meeting his Japanese counterpart , Shinzo Abe , in Tokyo to discuss economic and security ties , on his first major foreign visit since winning May &apos;s election .
2025-05-03 13:02:07,418 - INFO - joeynmt.training - 	Hypothesis: India &apos;s new Prime Minister Narrival , the first of all of the most important foreign foreign foreign foreign arrival , the Japanese Premier Shinzo Adapted to the Shinzo Abe , and safety .
2025-05-03 13:02:07,418 - INFO - joeynmt.training - Example #2
2025-05-03 13:02:07,418 - DEBUG - joeynmt.training - 	Tokenized source:     ['Herr', 'Mo@@', 'd@@', 'i', 'befindet', 'sich', 'auf', 'einer', 'fü@@', 'n@@', 'f@@', 'tä@@', 'gi@@', 'gen', 'Rei@@', 'se', 'nach', 'J@@', 'ap@@', 'an', ',', 'um', 'die', 'wirtschaf@@', 'tlichen', 'Be@@', 'zieh@@', 'ungen', 'mit', 'der', 'd@@', 'rit@@', 't@@', 'größ@@', 'ten', 'Wirtschafts@@', 'n@@', 'ation', 'der', 'Welt', 'zu', 'fes@@', 'tigen', '.']
2025-05-03 13:02:07,418 - DEBUG - joeynmt.training - 	Tokenized reference:  ['Mr', 'Mo@@', 'd@@', 'i', 'is', 'on', 'a', 'fi@@', 've', '@@@', '-@@', '@', 'day', 'tri@@', 'p', 'to', 'J@@', 'ap@@', 'an', 'to', 'streng@@', 'then', 'economic', 'ties', 'with', 'the', 'third', 'lar@@', 'ges@@', 't', 'econom@@', 'y', 'in', 'the', 'world', '.']
2025-05-03 13:02:07,418 - DEBUG - joeynmt.training - 	Tokenized hypothesis: ['Mr', 'Mo@@', 'd@@', 'i', 'is', 'a', 'fi@@', 'f@@', 'te@@', 'en', 'on', 'a', 'fi@@', 'f@@', 'te@@', 'en', 'tra@@', 'ff@@', 'ic', 'rel@@', 'ations', 'with', 'the', 'third', 'lar@@', 'ges@@', 't', 'economic', 'rel@@', 'ations', 'with', 'the', 'world', '&apos;s', 'economic', 'rel@@', 'ations', '.', '</s>']
2025-05-03 13:02:07,418 - INFO - joeynmt.training - 	Source:     Herr Modi befindet sich auf einer fünftägigen Reise nach Japan , um die wirtschaftlichen Beziehungen mit der drittgrößten Wirtschaftsnation der Welt zu festigen .
2025-05-03 13:02:07,418 - INFO - joeynmt.training - 	Reference:  Mr Modi is on a five @-@ day trip to Japan to strengthen economic ties with the third largest economy in the world .
2025-05-03 13:02:07,418 - INFO - joeynmt.training - 	Hypothesis: Mr Modi is a fifteen on a fifteen traffic relations with the third largest economic relations with the world &apos;s economic relations .
2025-05-03 13:02:07,418 - INFO - joeynmt.training - Example #3
2025-05-03 13:02:07,418 - DEBUG - joeynmt.training - 	Tokenized source:     ['P@@', 'län@@', 'e', 'für', 'eine', 'stärk@@', 'ere', 'k@@', 'ern@@', 'techn@@', 'ische', 'Zusammenarbeit', 'stehen', 'ganz', 'ob@@', 'en', 'auf', 'der', 'Tag@@', 'es@@', 'ordnung', '.']
2025-05-03 13:02:07,418 - DEBUG - joeynmt.training - 	Tokenized reference:  ['high', 'on', 'the', 'agen@@', 'da', 'are', 'pl@@', 'ans', 'for', 'gre@@', 'ater', 'nu@@', 'clear', 'c@@', 'o', '@@@', '-@@', '@', 'operation', '.']
2025-05-03 13:02:07,418 - DEBUG - joeynmt.training - 	Tokenized hypothesis: ['P@@', 'countries', '&apos;', 's', 'cooperation', 'are', 'very', 'ob@@', 'li@@', 'g@@', 'ations', 'to', 'the', 'agen@@', 'da', '.', '</s>']
2025-05-03 13:02:07,419 - INFO - joeynmt.training - 	Source:     Pläne für eine stärkere kerntechnische Zusammenarbeit stehen ganz oben auf der Tagesordnung .
2025-05-03 13:02:07,419 - INFO - joeynmt.training - 	Reference:  high on the agenda are plans for greater nuclear co @-@ operation .
2025-05-03 13:02:07,419 - INFO - joeynmt.training - 	Hypothesis: Pcountries &apos; s cooperation are very obligations to the agenda .
2025-05-03 13:02:07,419 - INFO - joeynmt.training - Example #4
2025-05-03 13:02:07,419 - DEBUG - joeynmt.training - 	Tokenized source:     ['Berich@@', 'ten', 'zu@@', 'fol@@', 'ge', 'ho@@', 'fft', 'Indi@@', 'en', 'darüber', 'hinaus', 'auf', 'einen', 'Ver@@', 'trag', 'zur', 'Ver@@', 'tei@@', 'dig@@', 'ungs@@', 'zusammen@@', 'arbeit', 'zwischen', 'den', 'beiden', 'N@@', 'ationen', '.']
2025-05-03 13:02:07,419 - DEBUG - joeynmt.training - 	Tokenized reference:  ['Indi@@', 'a', 'is', 'also', 're@@', 'porte@@', 'dly', 'hop@@', 'ing', 'for', 'a', 'de@@', 'al', 'on', 'def@@', 'ence', 'c@@', 'oll@@', 'ab@@', 'or@@', 'ation', 'between', 'the', 'two', 'n@@', 'ations', '.']
2025-05-03 13:02:07,419 - DEBUG - joeynmt.training - 	Tokenized hypothesis: ['the', 're@@', 'ports', 'on', 'the', 'con@@', 'stitu@@', 'tion', 'of', 'the', 'two', 'N@@', 'ations', 'on', 'the', 'con@@', 'text', 'of', 'the', 'two', 'N@@', 'ations', '.', '</s>']
2025-05-03 13:02:07,419 - INFO - joeynmt.training - 	Source:     Berichten zufolge hofft Indien darüber hinaus auf einen Vertrag zur Verteidigungszusammenarbeit zwischen den beiden Nationen .
2025-05-03 13:02:07,419 - INFO - joeynmt.training - 	Reference:  India is also reportedly hoping for a deal on defence collaboration between the two nations .
2025-05-03 13:02:07,419 - INFO - joeynmt.training - 	Hypothesis: the reports on the constitution of the two Nations on the context of the two Nations .
2025-05-03 13:02:12,835 - INFO - joeynmt.training - Epoch   5, Step:    16600, Batch Loss:     2.027619, Batch Acc: 0.472973, Tokens per Sec:    16573, Lr: 0.000300
2025-05-03 13:02:18,080 - INFO - joeynmt.training - Epoch   5, Step:    16700, Batch Loss:     2.029608, Batch Acc: 0.473930, Tokens per Sec:    17445, Lr: 0.000300
2025-05-03 13:02:23,476 - INFO - joeynmt.training - Epoch   5, Step:    16800, Batch Loss:     1.876758, Batch Acc: 0.472734, Tokens per Sec:    17280, Lr: 0.000300
2025-05-03 13:02:28,740 - INFO - joeynmt.training - Epoch   5, Step:    16900, Batch Loss:     1.854112, Batch Acc: 0.476410, Tokens per Sec:    17495, Lr: 0.000300
2025-05-03 13:02:34,023 - INFO - joeynmt.training - Epoch   5, Step:    17000, Batch Loss:     1.885041, Batch Acc: 0.470712, Tokens per Sec:    17881, Lr: 0.000300
2025-05-03 13:02:34,023 - INFO - joeynmt.prediction - Predicting 500 example(s)... (Greedy decoding with min_output_length=1, max_output_length=-1, return_prob='none', generate_unk=True, repetition_penalty=-1, no_repeat_ngram_size=-1)
2025-05-03 13:02:39,253 - INFO - joeynmt.prediction - Evaluation result (greedy) loss:   2.33, ppl:  10.30, acc:   0.40, generation: 5.2241[sec], evaluation: 0.0000[sec]
2025-05-03 13:02:39,253 - INFO - joeynmt.training - Hooray! New best validation result [ppl]!
2025-05-03 13:02:39,335 - INFO - joeynmt.helpers - delete models/deen_transformer_post/14500.ckpt
2025-05-03 13:02:39,340 - INFO - joeynmt.training - Example #0
2025-05-03 13:02:39,340 - DEBUG - joeynmt.training - 	Tokenized source:     ['die', 'Pre@@', 'mi@@', 'er@@', 'minist@@', 'er', 'Indi@@', 'ens', 'und', 'J@@', 'ap@@', 'ans', 'tra@@', 'fen', 'sich', 'in', 'T@@', 'ok@@', 'i@@', 'o', '.']
2025-05-03 13:02:39,340 - DEBUG - joeynmt.training - 	Tokenized reference:  ['Indi@@', 'a', 'and', 'J@@', 'ap@@', 'an', 'pri@@', 'me', 'minist@@', 'ers', 'me@@', 'et', 'in', 'T@@', 'ok@@', 'y@@', 'o']
2025-05-03 13:02:39,341 - DEBUG - joeynmt.training - 	Tokenized hypothesis: ['the', 'Pri@@', 'me', 'Minist@@', 'er', 'and', 'J@@', 'ap@@', 'an', 'and', 'J@@', 'ap@@', 'an', '&apos;s', 'pro@@', 'per@@', 'ty', 'in', 'T@@', 'ok@@', 'i@@', 'o', '.', '</s>']
2025-05-03 13:02:39,341 - INFO - joeynmt.training - 	Source:     die Premierminister Indiens und Japans trafen sich in Tokio .
2025-05-03 13:02:39,341 - INFO - joeynmt.training - 	Reference:  India and Japan prime ministers meet in Tokyo
2025-05-03 13:02:39,341 - INFO - joeynmt.training - 	Hypothesis: the Prime Minister and Japan and Japan &apos;s property in Tokio .
2025-05-03 13:02:39,341 - INFO - joeynmt.training - Example #1
2025-05-03 13:02:39,341 - DEBUG - joeynmt.training - 	Tokenized source:     ['Indi@@', 'ens', 'neu@@', 'er', 'Pre@@', 'mi@@', 'er@@', 'minist@@', 'er', 'N@@', 'ar@@', 'end@@', 'ra', 'Mo@@', 'd@@', 'i', 'tri@@', 'fft', 'bei', 's@@', 'einem', 'ersten', 'wichti@@', 'gen', 'Aus@@', 'land@@', 's@@', 'bes@@', 'u@@', 'ch', 'seit', 's@@', 'einem', 'W@@', 'ah@@', 'l@@', 'si@@', 'e@@', 'g', 'im', 'Ma@@', 'i', 'seinen', 'j@@', 'ap@@', 'an@@', 'ischen', 'Am@@', 'ts@@', 'k@@', 'olle@@', 'gen', 'S@@', 'hin@@', 'z@@', 'o', 'A@@', 'be', 'in', 'T@@', 'ok@@', 'o', ',', 'um', 'wirtschaf@@', 'tliche', 'und', 'sicher@@', 'heits@@', 'politische', 'Be@@', 'zieh@@', 'ungen', 'zu', 'bes@@', 'pre@@', 'chen', '.']
2025-05-03 13:02:39,341 - DEBUG - joeynmt.training - 	Tokenized reference:  ['Indi@@', 'a', '&apos;s', 'new', 'pri@@', 'me', 'minist@@', 'er', ',', 'N@@', 'ar@@', 'end@@', 'ra', 'Mo@@', 'd@@', 'i', ',', 'is', 'me@@', 'eting', 'his', 'J@@', 'ap@@', 'an@@', 'ese', 'coun@@', 'ter@@', 'part', ',', 'S@@', 'hin@@', 'z@@', 'o', 'A@@', 'be', ',', 'in', 'T@@', 'ok@@', 'y@@', 'o', 'to', 'disc@@', 'uss', 'economic', 'and', 'security', 'ties', ',', 'on', 'his', 'first', 'major', 'fore@@', 'ign', 'visi@@', 't', 'since', 'w@@', 'inn@@', 'ing', 'Ma@@', 'y', '&apos;s', 'elec@@', 'tion', '.']
2025-05-03 13:02:39,341 - DEBUG - joeynmt.training - 	Tokenized hypothesis: ['Indi@@', 'a', 'N@@', 'ar@@', 'd@@', 'i', 'N@@', 'ar@@', 'd@@', 'i', ',', 'N@@', 'ar@@', 'd@@', 'i', ',', 'the', 'first', 'of', 'all', 'of', 'the', 'most', 'important', 'fore@@', 'st', ',', 'the', 'European', 'C@@', 'our@@', 't', 'of', 'M@@', 'j@@', 'ap@@', 'an@@', 'ese', 'Pre@@', 'mi@@', 'er', 'S@@', 'hin@@', 'z@@', 'o', 'A@@', 'be', ',', 'to', 'the', 'economic', 'and', 'security', 'policy', 'rel@@', 'ations', '.', '</s>']
2025-05-03 13:02:39,341 - INFO - joeynmt.training - 	Source:     Indiens neuer Premierminister Narendra Modi trifft bei seinem ersten wichtigen Auslandsbesuch seit seinem Wahlsieg im Mai seinen japanischen Amtskollegen Shinzo Abe in Toko , um wirtschaftliche und sicherheitspolitische Beziehungen zu besprechen .
2025-05-03 13:02:39,341 - INFO - joeynmt.training - 	Reference:  India &apos;s new prime minister , Narendra Modi , is meeting his Japanese counterpart , Shinzo Abe , in Tokyo to discuss economic and security ties , on his first major foreign visit since winning May &apos;s election .
2025-05-03 13:02:39,341 - INFO - joeynmt.training - 	Hypothesis: India Nardi Nardi , Nardi , the first of all of the most important forest , the European Court of Mjapanese Premier Shinzo Abe , to the economic and security policy relations .
2025-05-03 13:02:39,342 - INFO - joeynmt.training - Example #2
2025-05-03 13:02:39,342 - DEBUG - joeynmt.training - 	Tokenized source:     ['Herr', 'Mo@@', 'd@@', 'i', 'befindet', 'sich', 'auf', 'einer', 'fü@@', 'n@@', 'f@@', 'tä@@', 'gi@@', 'gen', 'Rei@@', 'se', 'nach', 'J@@', 'ap@@', 'an', ',', 'um', 'die', 'wirtschaf@@', 'tlichen', 'Be@@', 'zieh@@', 'ungen', 'mit', 'der', 'd@@', 'rit@@', 't@@', 'größ@@', 'ten', 'Wirtschafts@@', 'n@@', 'ation', 'der', 'Welt', 'zu', 'fes@@', 'tigen', '.']
2025-05-03 13:02:39,342 - DEBUG - joeynmt.training - 	Tokenized reference:  ['Mr', 'Mo@@', 'd@@', 'i', 'is', 'on', 'a', 'fi@@', 've', '@@@', '-@@', '@', 'day', 'tri@@', 'p', 'to', 'J@@', 'ap@@', 'an', 'to', 'streng@@', 'then', 'economic', 'ties', 'with', 'the', 'third', 'lar@@', 'ges@@', 't', 'econom@@', 'y', 'in', 'the', 'world', '.']
2025-05-03 13:02:39,342 - DEBUG - joeynmt.training - 	Tokenized hypothesis: ['Mr', 'Mo@@', 'd@@', 'i', 'is', 'a', 'fi@@', 'f@@', 'te@@', 'en', 'to', 'J@@', 'ap@@', 'an', 'to', 'J@@', 'ap@@', 'an', 'to', 'J@@', 'ap@@', 'an', 'to', 'the', 'economic', 'rel@@', 'ations', 'with', 'third', 'lar@@', 'ges@@', 't', 'economic', 'rel@@', 'ations', '.', '</s>']
2025-05-03 13:02:39,342 - INFO - joeynmt.training - 	Source:     Herr Modi befindet sich auf einer fünftägigen Reise nach Japan , um die wirtschaftlichen Beziehungen mit der drittgrößten Wirtschaftsnation der Welt zu festigen .
2025-05-03 13:02:39,342 - INFO - joeynmt.training - 	Reference:  Mr Modi is on a five @-@ day trip to Japan to strengthen economic ties with the third largest economy in the world .
2025-05-03 13:02:39,342 - INFO - joeynmt.training - 	Hypothesis: Mr Modi is a fifteen to Japan to Japan to Japan to the economic relations with third largest economic relations .
2025-05-03 13:02:39,342 - INFO - joeynmt.training - Example #3
2025-05-03 13:02:39,342 - DEBUG - joeynmt.training - 	Tokenized source:     ['P@@', 'län@@', 'e', 'für', 'eine', 'stärk@@', 'ere', 'k@@', 'ern@@', 'techn@@', 'ische', 'Zusammenarbeit', 'stehen', 'ganz', 'ob@@', 'en', 'auf', 'der', 'Tag@@', 'es@@', 'ordnung', '.']
2025-05-03 13:02:39,342 - DEBUG - joeynmt.training - 	Tokenized reference:  ['high', 'on', 'the', 'agen@@', 'da', 'are', 'pl@@', 'ans', 'for', 'gre@@', 'ater', 'nu@@', 'clear', 'c@@', 'o', '@@@', '-@@', '@', 'operation', '.']
2025-05-03 13:02:39,342 - DEBUG - joeynmt.training - 	Tokenized hypothesis: ['P@@', 'lan@@', 'e', ',', 'a', 'gre@@', 'ater', 'c@@', 'are', ',', 'a', 'more', 'co@@', 'her@@', 'it@@', 'age', 'in', 'the', 'agen@@', 'da', '.', '</s>']
2025-05-03 13:02:39,342 - INFO - joeynmt.training - 	Source:     Pläne für eine stärkere kerntechnische Zusammenarbeit stehen ganz oben auf der Tagesordnung .
2025-05-03 13:02:39,342 - INFO - joeynmt.training - 	Reference:  high on the agenda are plans for greater nuclear co @-@ operation .
2025-05-03 13:02:39,343 - INFO - joeynmt.training - 	Hypothesis: Plane , a greater care , a more coheritage in the agenda .
2025-05-03 13:02:39,343 - INFO - joeynmt.training - Example #4
2025-05-03 13:02:39,343 - DEBUG - joeynmt.training - 	Tokenized source:     ['Berich@@', 'ten', 'zu@@', 'fol@@', 'ge', 'ho@@', 'fft', 'Indi@@', 'en', 'darüber', 'hinaus', 'auf', 'einen', 'Ver@@', 'trag', 'zur', 'Ver@@', 'tei@@', 'dig@@', 'ungs@@', 'zusammen@@', 'arbeit', 'zwischen', 'den', 'beiden', 'N@@', 'ationen', '.']
2025-05-03 13:02:39,343 - DEBUG - joeynmt.training - 	Tokenized reference:  ['Indi@@', 'a', 'is', 'also', 're@@', 'porte@@', 'dly', 'hop@@', 'ing', 'for', 'a', 'de@@', 'al', 'on', 'def@@', 'ence', 'c@@', 'oll@@', 'ab@@', 'or@@', 'ation', 'between', 'the', 'two', 'n@@', 'ations', '.']
2025-05-03 13:02:39,343 - DEBUG - joeynmt.training - 	Tokenized hypothesis: ['the', 're@@', 'ports', 'also', 'has', 'a', 'sign@@', 'ific@@', 'ant', 'pro@@', 'per@@', 'ty', 'to', 'the', 'con@@', 'text', 'on', 'the', 'con@@', 'text', 'of', 'the', 'two', 'N@@', 'ations', '.', '</s>']
2025-05-03 13:02:39,343 - INFO - joeynmt.training - 	Source:     Berichten zufolge hofft Indien darüber hinaus auf einen Vertrag zur Verteidigungszusammenarbeit zwischen den beiden Nationen .
2025-05-03 13:02:39,343 - INFO - joeynmt.training - 	Reference:  India is also reportedly hoping for a deal on defence collaboration between the two nations .
2025-05-03 13:02:39,343 - INFO - joeynmt.training - 	Hypothesis: the reports also has a significant property to the context on the context of the two Nations .
2025-05-03 13:02:44,713 - INFO - joeynmt.training - Epoch   5, Step:    17100, Batch Loss:     1.852440, Batch Acc: 0.472070, Tokens per Sec:    16662, Lr: 0.000300
2025-05-03 13:02:49,974 - INFO - joeynmt.training - Epoch   5, Step:    17200, Batch Loss:     1.991619, Batch Acc: 0.476386, Tokens per Sec:    17250, Lr: 0.000300
2025-05-03 13:02:55,339 - INFO - joeynmt.training - Epoch   5, Step:    17300, Batch Loss:     2.082865, Batch Acc: 0.473297, Tokens per Sec:    17210, Lr: 0.000300
2025-05-03 13:03:00,723 - INFO - joeynmt.training - Epoch   5, Step:    17400, Batch Loss:     2.352998, Batch Acc: 0.476417, Tokens per Sec:    16985, Lr: 0.000300
2025-05-03 13:03:06,021 - INFO - joeynmt.training - Epoch   5, Step:    17500, Batch Loss:     1.983659, Batch Acc: 0.474057, Tokens per Sec:    17610, Lr: 0.000300
2025-05-03 13:03:06,021 - INFO - joeynmt.prediction - Predicting 500 example(s)... (Greedy decoding with min_output_length=1, max_output_length=-1, return_prob='none', generate_unk=True, repetition_penalty=-1, no_repeat_ngram_size=-1)
2025-05-03 13:03:11,220 - INFO - joeynmt.prediction - Evaluation result (greedy) loss:   2.32, ppl:  10.17, acc:   0.41, generation: 5.1911[sec], evaluation: 0.0000[sec]
2025-05-03 13:03:11,220 - INFO - joeynmt.training - Hooray! New best validation result [ppl]!
2025-05-03 13:03:11,301 - INFO - joeynmt.helpers - delete models/deen_transformer_post/15000.ckpt
2025-05-03 13:03:11,307 - INFO - joeynmt.training - Example #0
2025-05-03 13:03:11,307 - DEBUG - joeynmt.training - 	Tokenized source:     ['die', 'Pre@@', 'mi@@', 'er@@', 'minist@@', 'er', 'Indi@@', 'ens', 'und', 'J@@', 'ap@@', 'ans', 'tra@@', 'fen', 'sich', 'in', 'T@@', 'ok@@', 'i@@', 'o', '.']
2025-05-03 13:03:11,307 - DEBUG - joeynmt.training - 	Tokenized reference:  ['Indi@@', 'a', 'and', 'J@@', 'ap@@', 'an', 'pri@@', 'me', 'minist@@', 'ers', 'me@@', 'et', 'in', 'T@@', 'ok@@', 'y@@', 'o']
2025-05-03 13:03:11,307 - DEBUG - joeynmt.training - 	Tokenized hypothesis: ['the', 'Pri@@', 'me', 'Minist@@', 'er', 'of', 'Indi@@', 'a', 'and', 'J@@', 'ap@@', 'an', '&apos;s', 'de@@', 'si@@', 're', 'to', 'the', 'S@@', 'ec@@', 'urity', 'Council', '.', '</s>']
2025-05-03 13:03:11,307 - INFO - joeynmt.training - 	Source:     die Premierminister Indiens und Japans trafen sich in Tokio .
2025-05-03 13:03:11,307 - INFO - joeynmt.training - 	Reference:  India and Japan prime ministers meet in Tokyo
2025-05-03 13:03:11,307 - INFO - joeynmt.training - 	Hypothesis: the Prime Minister of India and Japan &apos;s desire to the Security Council .
2025-05-03 13:03:11,307 - INFO - joeynmt.training - Example #1
2025-05-03 13:03:11,308 - DEBUG - joeynmt.training - 	Tokenized source:     ['Indi@@', 'ens', 'neu@@', 'er', 'Pre@@', 'mi@@', 'er@@', 'minist@@', 'er', 'N@@', 'ar@@', 'end@@', 'ra', 'Mo@@', 'd@@', 'i', 'tri@@', 'fft', 'bei', 's@@', 'einem', 'ersten', 'wichti@@', 'gen', 'Aus@@', 'land@@', 's@@', 'bes@@', 'u@@', 'ch', 'seit', 's@@', 'einem', 'W@@', 'ah@@', 'l@@', 'si@@', 'e@@', 'g', 'im', 'Ma@@', 'i', 'seinen', 'j@@', 'ap@@', 'an@@', 'ischen', 'Am@@', 'ts@@', 'k@@', 'olle@@', 'gen', 'S@@', 'hin@@', 'z@@', 'o', 'A@@', 'be', 'in', 'T@@', 'ok@@', 'o', ',', 'um', 'wirtschaf@@', 'tliche', 'und', 'sicher@@', 'heits@@', 'politische', 'Be@@', 'zieh@@', 'ungen', 'zu', 'bes@@', 'pre@@', 'chen', '.']
2025-05-03 13:03:11,308 - DEBUG - joeynmt.training - 	Tokenized reference:  ['Indi@@', 'a', '&apos;s', 'new', 'pri@@', 'me', 'minist@@', 'er', ',', 'N@@', 'ar@@', 'end@@', 'ra', 'Mo@@', 'd@@', 'i', ',', 'is', 'me@@', 'eting', 'his', 'J@@', 'ap@@', 'an@@', 'ese', 'coun@@', 'ter@@', 'part', ',', 'S@@', 'hin@@', 'z@@', 'o', 'A@@', 'be', ',', 'in', 'T@@', 'ok@@', 'y@@', 'o', 'to', 'disc@@', 'uss', 'economic', 'and', 'security', 'ties', ',', 'on', 'his', 'first', 'major', 'fore@@', 'ign', 'visi@@', 't', 'since', 'w@@', 'inn@@', 'ing', 'Ma@@', 'y', '&apos;s', 'elec@@', 'tion', '.']
2025-05-03 13:03:11,308 - DEBUG - joeynmt.training - 	Tokenized hypothesis: ['Indi@@', 'a', '&apos;s', 'new', 'Pri@@', 'me', 'Minist@@', 'er', 'N@@', 'ar@@', 'end@@', 'ra', 'Mo@@', 'd@@', 'i', 'N@@', 'ar@@', 'end@@', 'ra', 'Mo@@', 'd@@', 'i', '&apos;s', 'first', 'de@@', 'vi@@', 'ces', 'for', 'his', 'elec@@', 'tion', 'of', 'his', 'elec@@', 'tion', 'in', 'the', 'Ma@@', 'y', 'of', 'S@@', 'hin@@', 'z@@', 'o', 'A@@', 'be', ',', 'to', 'the', 'economic', 'and', 'saf@@', 'ety', 'policy', 'rel@@', 'ations', '.', '</s>']
2025-05-03 13:03:11,308 - INFO - joeynmt.training - 	Source:     Indiens neuer Premierminister Narendra Modi trifft bei seinem ersten wichtigen Auslandsbesuch seit seinem Wahlsieg im Mai seinen japanischen Amtskollegen Shinzo Abe in Toko , um wirtschaftliche und sicherheitspolitische Beziehungen zu besprechen .
2025-05-03 13:03:11,309 - INFO - joeynmt.training - 	Reference:  India &apos;s new prime minister , Narendra Modi , is meeting his Japanese counterpart , Shinzo Abe , in Tokyo to discuss economic and security ties , on his first major foreign visit since winning May &apos;s election .
2025-05-03 13:03:11,309 - INFO - joeynmt.training - 	Hypothesis: India &apos;s new Prime Minister Narendra Modi Narendra Modi &apos;s first devices for his election of his election in the May of Shinzo Abe , to the economic and safety policy relations .
2025-05-03 13:03:11,309 - INFO - joeynmt.training - Example #2
2025-05-03 13:03:11,309 - DEBUG - joeynmt.training - 	Tokenized source:     ['Herr', 'Mo@@', 'd@@', 'i', 'befindet', 'sich', 'auf', 'einer', 'fü@@', 'n@@', 'f@@', 'tä@@', 'gi@@', 'gen', 'Rei@@', 'se', 'nach', 'J@@', 'ap@@', 'an', ',', 'um', 'die', 'wirtschaf@@', 'tlichen', 'Be@@', 'zieh@@', 'ungen', 'mit', 'der', 'd@@', 'rit@@', 't@@', 'größ@@', 'ten', 'Wirtschafts@@', 'n@@', 'ation', 'der', 'Welt', 'zu', 'fes@@', 'tigen', '.']
2025-05-03 13:03:11,309 - DEBUG - joeynmt.training - 	Tokenized reference:  ['Mr', 'Mo@@', 'd@@', 'i', 'is', 'on', 'a', 'fi@@', 've', '@@@', '-@@', '@', 'day', 'tri@@', 'p', 'to', 'J@@', 'ap@@', 'an', 'to', 'streng@@', 'then', 'economic', 'ties', 'with', 'the', 'third', 'lar@@', 'ges@@', 't', 'econom@@', 'y', 'in', 'the', 'world', '.']
2025-05-03 13:03:11,309 - DEBUG - joeynmt.training - 	Tokenized hypothesis: ['Mr', 'Mo@@', 'd@@', 'i', 'is', 'located', 'on', 'a', 'fi@@', 'f@@', 'th', 'cent@@', 'ury', 'by', 'J@@', 'ap@@', 'an', 'to', 'J@@', 'ap@@', 'an', 'to', 'J@@', 'ap@@', 'an', 'to', 'the', 'economic', 'rel@@', 'ation@@', 'ship', 'with', 'the', 'third', 'world', '.', '</s>']
2025-05-03 13:03:11,309 - INFO - joeynmt.training - 	Source:     Herr Modi befindet sich auf einer fünftägigen Reise nach Japan , um die wirtschaftlichen Beziehungen mit der drittgrößten Wirtschaftsnation der Welt zu festigen .
2025-05-03 13:03:11,309 - INFO - joeynmt.training - 	Reference:  Mr Modi is on a five @-@ day trip to Japan to strengthen economic ties with the third largest economy in the world .
2025-05-03 13:03:11,309 - INFO - joeynmt.training - 	Hypothesis: Mr Modi is located on a fifth century by Japan to Japan to Japan to the economic relationship with the third world .
2025-05-03 13:03:11,309 - INFO - joeynmt.training - Example #3
2025-05-03 13:03:11,309 - DEBUG - joeynmt.training - 	Tokenized source:     ['P@@', 'län@@', 'e', 'für', 'eine', 'stärk@@', 'ere', 'k@@', 'ern@@', 'techn@@', 'ische', 'Zusammenarbeit', 'stehen', 'ganz', 'ob@@', 'en', 'auf', 'der', 'Tag@@', 'es@@', 'ordnung', '.']
2025-05-03 13:03:11,309 - DEBUG - joeynmt.training - 	Tokenized reference:  ['high', 'on', 'the', 'agen@@', 'da', 'are', 'pl@@', 'ans', 'for', 'gre@@', 'ater', 'nu@@', 'clear', 'c@@', 'o', '@@@', '-@@', '@', 'operation', '.']
2025-05-03 13:03:11,309 - DEBUG - joeynmt.training - 	Tokenized hypothesis: ['P@@', 'lan@@', 'e', 'for', 'a', 'str@@', 'ong', 'techn@@', 'ical', 'cooperation', ',', 'in', 'the', 'agen@@', 'da', '.', '</s>']
2025-05-03 13:03:11,309 - INFO - joeynmt.training - 	Source:     Pläne für eine stärkere kerntechnische Zusammenarbeit stehen ganz oben auf der Tagesordnung .
2025-05-03 13:03:11,309 - INFO - joeynmt.training - 	Reference:  high on the agenda are plans for greater nuclear co @-@ operation .
2025-05-03 13:03:11,309 - INFO - joeynmt.training - 	Hypothesis: Plane for a strong technical cooperation , in the agenda .
2025-05-03 13:03:11,309 - INFO - joeynmt.training - Example #4
2025-05-03 13:03:11,309 - DEBUG - joeynmt.training - 	Tokenized source:     ['Berich@@', 'ten', 'zu@@', 'fol@@', 'ge', 'ho@@', 'fft', 'Indi@@', 'en', 'darüber', 'hinaus', 'auf', 'einen', 'Ver@@', 'trag', 'zur', 'Ver@@', 'tei@@', 'dig@@', 'ungs@@', 'zusammen@@', 'arbeit', 'zwischen', 'den', 'beiden', 'N@@', 'ationen', '.']
2025-05-03 13:03:11,309 - DEBUG - joeynmt.training - 	Tokenized reference:  ['Indi@@', 'a', 'is', 'also', 're@@', 'porte@@', 'dly', 'hop@@', 'ing', 'for', 'a', 'de@@', 'al', 'on', 'def@@', 'ence', 'c@@', 'oll@@', 'ab@@', 'or@@', 'ation', 'between', 'the', 'two', 'n@@', 'ations', '.']
2025-05-03 13:03:11,309 - DEBUG - joeynmt.training - 	Tokenized hypothesis: ['the', 'report', 'also', 'also', 'emp@@', 'ha@@', 'si@@', 'se', 'the', 'con@@', 'tra@@', 'ct', 'on', 'the', 'def@@', 'en@@', 'ding', 'work', 'together', '.', '</s>']
2025-05-03 13:03:11,309 - INFO - joeynmt.training - 	Source:     Berichten zufolge hofft Indien darüber hinaus auf einen Vertrag zur Verteidigungszusammenarbeit zwischen den beiden Nationen .
2025-05-03 13:03:11,310 - INFO - joeynmt.training - 	Reference:  India is also reportedly hoping for a deal on defence collaboration between the two nations .
2025-05-03 13:03:11,310 - INFO - joeynmt.training - 	Hypothesis: the report also also emphasise the contract on the defending work together .
2025-05-03 13:03:16,583 - INFO - joeynmt.training - Epoch   5, Step:    17600, Batch Loss:     1.874675, Batch Acc: 0.476882, Tokens per Sec:    16873, Lr: 0.000300
2025-05-03 13:03:21,908 - INFO - joeynmt.training - Epoch   5, Step:    17700, Batch Loss:     2.054674, Batch Acc: 0.474148, Tokens per Sec:    17102, Lr: 0.000300
2025-05-03 13:03:27,227 - INFO - joeynmt.training - Epoch   5, Step:    17800, Batch Loss:     1.835808, Batch Acc: 0.473432, Tokens per Sec:    17429, Lr: 0.000300
2025-05-03 13:03:32,569 - INFO - joeynmt.training - Epoch   5, Step:    17900, Batch Loss:     1.837569, Batch Acc: 0.475991, Tokens per Sec:    17252, Lr: 0.000300
2025-05-03 13:03:37,805 - INFO - joeynmt.training - Epoch   5, Step:    18000, Batch Loss:     2.028808, Batch Acc: 0.479260, Tokens per Sec:    17512, Lr: 0.000300
2025-05-03 13:03:37,805 - INFO - joeynmt.prediction - Predicting 500 example(s)... (Greedy decoding with min_output_length=1, max_output_length=-1, return_prob='none', generate_unk=True, repetition_penalty=-1, no_repeat_ngram_size=-1)
2025-05-03 13:03:43,223 - INFO - joeynmt.prediction - Evaluation result (greedy) loss:   2.30, ppl:   9.99, acc:   0.41, generation: 5.4100[sec], evaluation: 0.0000[sec]
2025-05-03 13:03:43,224 - INFO - joeynmt.training - Hooray! New best validation result [ppl]!
2025-05-03 13:03:43,305 - INFO - joeynmt.helpers - delete models/deen_transformer_post/15500.ckpt
2025-05-03 13:03:43,311 - INFO - joeynmt.training - Example #0
2025-05-03 13:03:43,311 - DEBUG - joeynmt.training - 	Tokenized source:     ['die', 'Pre@@', 'mi@@', 'er@@', 'minist@@', 'er', 'Indi@@', 'ens', 'und', 'J@@', 'ap@@', 'ans', 'tra@@', 'fen', 'sich', 'in', 'T@@', 'ok@@', 'i@@', 'o', '.']
2025-05-03 13:03:43,311 - DEBUG - joeynmt.training - 	Tokenized reference:  ['Indi@@', 'a', 'and', 'J@@', 'ap@@', 'an', 'pri@@', 'me', 'minist@@', 'ers', 'me@@', 'et', 'in', 'T@@', 'ok@@', 'y@@', 'o']
2025-05-03 13:03:43,312 - DEBUG - joeynmt.training - 	Tokenized hypothesis: ['the', 'Pri@@', 'me', 'Minist@@', 'er', 'and', 'J@@', 'ap@@', 'ans', ',', 'J@@', 'ap@@', 'ans', ',', 'and', 'J@@', 'ap@@', 'ans', 'are', 'in', 'T@@', 'ok@@', 'i@@', 'o', '.', '</s>']
2025-05-03 13:03:43,312 - INFO - joeynmt.training - 	Source:     die Premierminister Indiens und Japans trafen sich in Tokio .
2025-05-03 13:03:43,312 - INFO - joeynmt.training - 	Reference:  India and Japan prime ministers meet in Tokyo
2025-05-03 13:03:43,312 - INFO - joeynmt.training - 	Hypothesis: the Prime Minister and Japans , Japans , and Japans are in Tokio .
2025-05-03 13:03:43,312 - INFO - joeynmt.training - Example #1
2025-05-03 13:03:43,312 - DEBUG - joeynmt.training - 	Tokenized source:     ['Indi@@', 'ens', 'neu@@', 'er', 'Pre@@', 'mi@@', 'er@@', 'minist@@', 'er', 'N@@', 'ar@@', 'end@@', 'ra', 'Mo@@', 'd@@', 'i', 'tri@@', 'fft', 'bei', 's@@', 'einem', 'ersten', 'wichti@@', 'gen', 'Aus@@', 'land@@', 's@@', 'bes@@', 'u@@', 'ch', 'seit', 's@@', 'einem', 'W@@', 'ah@@', 'l@@', 'si@@', 'e@@', 'g', 'im', 'Ma@@', 'i', 'seinen', 'j@@', 'ap@@', 'an@@', 'ischen', 'Am@@', 'ts@@', 'k@@', 'olle@@', 'gen', 'S@@', 'hin@@', 'z@@', 'o', 'A@@', 'be', 'in', 'T@@', 'ok@@', 'o', ',', 'um', 'wirtschaf@@', 'tliche', 'und', 'sicher@@', 'heits@@', 'politische', 'Be@@', 'zieh@@', 'ungen', 'zu', 'bes@@', 'pre@@', 'chen', '.']
2025-05-03 13:03:43,312 - DEBUG - joeynmt.training - 	Tokenized reference:  ['Indi@@', 'a', '&apos;s', 'new', 'pri@@', 'me', 'minist@@', 'er', ',', 'N@@', 'ar@@', 'end@@', 'ra', 'Mo@@', 'd@@', 'i', ',', 'is', 'me@@', 'eting', 'his', 'J@@', 'ap@@', 'an@@', 'ese', 'coun@@', 'ter@@', 'part', ',', 'S@@', 'hin@@', 'z@@', 'o', 'A@@', 'be', ',', 'in', 'T@@', 'ok@@', 'y@@', 'o', 'to', 'disc@@', 'uss', 'economic', 'and', 'security', 'ties', ',', 'on', 'his', 'first', 'major', 'fore@@', 'ign', 'visi@@', 't', 'since', 'w@@', 'inn@@', 'ing', 'Ma@@', 'y', '&apos;s', 'elec@@', 'tion', '.']
2025-05-03 13:03:43,312 - DEBUG - joeynmt.training - 	Tokenized hypothesis: ['Indi@@', 'a', '&apos;s', 'Pri@@', 'me', 'Minist@@', 'er', 'N@@', 'ar@@', 'end@@', 'ra', 'Mo@@', 'd@@', 'i', 'N@@', 'ar@@', 'end@@', 'ra', 'Mo@@', 'd@@', 'i', '&apos;s', 'first', 'fore@@', 'ign', 'fore@@', 'ign', 'minist@@', 'er', ',', 'in', 'the', 'Mi@@', 'd@@', 'i', 'F@@', 'ren@@', 'ch', 'colle@@', 'c@@', 'ted', 'in', 'the', 'Ma@@', 'y', 'of', 'S@@', 'hin@@', 'z@@', 'o', 'A@@', 'be', ',', 'to', 're@@', 'present', 'economic', 'and', 'saf@@', 'ety', 'policy', 'rel@@', 'ations', '.', '</s>']
2025-05-03 13:03:43,312 - INFO - joeynmt.training - 	Source:     Indiens neuer Premierminister Narendra Modi trifft bei seinem ersten wichtigen Auslandsbesuch seit seinem Wahlsieg im Mai seinen japanischen Amtskollegen Shinzo Abe in Toko , um wirtschaftliche und sicherheitspolitische Beziehungen zu besprechen .
2025-05-03 13:03:43,312 - INFO - joeynmt.training - 	Reference:  India &apos;s new prime minister , Narendra Modi , is meeting his Japanese counterpart , Shinzo Abe , in Tokyo to discuss economic and security ties , on his first major foreign visit since winning May &apos;s election .
2025-05-03 13:03:43,312 - INFO - joeynmt.training - 	Hypothesis: India &apos;s Prime Minister Narendra Modi Narendra Modi &apos;s first foreign foreign minister , in the Midi French collected in the May of Shinzo Abe , to represent economic and safety policy relations .
2025-05-03 13:03:43,312 - INFO - joeynmt.training - Example #2
2025-05-03 13:03:43,313 - DEBUG - joeynmt.training - 	Tokenized source:     ['Herr', 'Mo@@', 'd@@', 'i', 'befindet', 'sich', 'auf', 'einer', 'fü@@', 'n@@', 'f@@', 'tä@@', 'gi@@', 'gen', 'Rei@@', 'se', 'nach', 'J@@', 'ap@@', 'an', ',', 'um', 'die', 'wirtschaf@@', 'tlichen', 'Be@@', 'zieh@@', 'ungen', 'mit', 'der', 'd@@', 'rit@@', 't@@', 'größ@@', 'ten', 'Wirtschafts@@', 'n@@', 'ation', 'der', 'Welt', 'zu', 'fes@@', 'tigen', '.']
2025-05-03 13:03:43,313 - DEBUG - joeynmt.training - 	Tokenized reference:  ['Mr', 'Mo@@', 'd@@', 'i', 'is', 'on', 'a', 'fi@@', 've', '@@@', '-@@', '@', 'day', 'tri@@', 'p', 'to', 'J@@', 'ap@@', 'an', 'to', 'streng@@', 'then', 'economic', 'ties', 'with', 'the', 'third', 'lar@@', 'ges@@', 't', 'econom@@', 'y', 'in', 'the', 'world', '.']
2025-05-03 13:03:43,313 - DEBUG - joeynmt.training - 	Tokenized hypothesis: ['Mr', 'Mo@@', 'd@@', 'i', 'is', 'on', 'a', 'fi@@', 'f@@', 'te@@', 'en', 'tra@@', 'v@@', 'ell@@', 'ing', 'to', 'J@@', 'ap@@', 'an', 'to', 'J@@', 'ap@@', 'an', 'to', 'the', 'economic', 'rel@@', 'ations', 'with', 'the', 'third', 'lar@@', 'ges@@', 't', 'economic', 'rel@@', 'ations', '.', '</s>']
2025-05-03 13:03:43,313 - INFO - joeynmt.training - 	Source:     Herr Modi befindet sich auf einer fünftägigen Reise nach Japan , um die wirtschaftlichen Beziehungen mit der drittgrößten Wirtschaftsnation der Welt zu festigen .
2025-05-03 13:03:43,313 - INFO - joeynmt.training - 	Reference:  Mr Modi is on a five @-@ day trip to Japan to strengthen economic ties with the third largest economy in the world .
2025-05-03 13:03:43,313 - INFO - joeynmt.training - 	Hypothesis: Mr Modi is on a fifteen travelling to Japan to Japan to the economic relations with the third largest economic relations .
2025-05-03 13:03:43,313 - INFO - joeynmt.training - Example #3
2025-05-03 13:03:43,313 - DEBUG - joeynmt.training - 	Tokenized source:     ['P@@', 'län@@', 'e', 'für', 'eine', 'stärk@@', 'ere', 'k@@', 'ern@@', 'techn@@', 'ische', 'Zusammenarbeit', 'stehen', 'ganz', 'ob@@', 'en', 'auf', 'der', 'Tag@@', 'es@@', 'ordnung', '.']
2025-05-03 13:03:43,313 - DEBUG - joeynmt.training - 	Tokenized reference:  ['high', 'on', 'the', 'agen@@', 'da', 'are', 'pl@@', 'ans', 'for', 'gre@@', 'ater', 'nu@@', 'clear', 'c@@', 'o', '@@@', '-@@', '@', 'operation', '.']
2025-05-03 13:03:43,313 - DEBUG - joeynmt.training - 	Tokenized hypothesis: ['P@@', 'lan@@', 'e', 'for', 'more', 'seri@@', 'ous', 'techn@@', 'ical', 'cooperation', ',', 'which', 'is', 'the', 'same', 'in', 'the', 'agen@@', 'da', '.', '</s>']
2025-05-03 13:03:43,313 - INFO - joeynmt.training - 	Source:     Pläne für eine stärkere kerntechnische Zusammenarbeit stehen ganz oben auf der Tagesordnung .
2025-05-03 13:03:43,313 - INFO - joeynmt.training - 	Reference:  high on the agenda are plans for greater nuclear co @-@ operation .
2025-05-03 13:03:43,313 - INFO - joeynmt.training - 	Hypothesis: Plane for more serious technical cooperation , which is the same in the agenda .
2025-05-03 13:03:43,314 - INFO - joeynmt.training - Example #4
2025-05-03 13:03:43,314 - DEBUG - joeynmt.training - 	Tokenized source:     ['Berich@@', 'ten', 'zu@@', 'fol@@', 'ge', 'ho@@', 'fft', 'Indi@@', 'en', 'darüber', 'hinaus', 'auf', 'einen', 'Ver@@', 'trag', 'zur', 'Ver@@', 'tei@@', 'dig@@', 'ungs@@', 'zusammen@@', 'arbeit', 'zwischen', 'den', 'beiden', 'N@@', 'ationen', '.']
2025-05-03 13:03:43,314 - DEBUG - joeynmt.training - 	Tokenized reference:  ['Indi@@', 'a', 'is', 'also', 're@@', 'porte@@', 'dly', 'hop@@', 'ing', 'for', 'a', 'de@@', 'al', 'on', 'def@@', 'ence', 'c@@', 'oll@@', 'ab@@', 'or@@', 'ation', 'between', 'the', 'two', 'n@@', 'ations', '.']
2025-05-03 13:03:43,314 - DEBUG - joeynmt.training - 	Tokenized hypothesis: ['the', 're@@', 'ports', 'on', 'the', 'con@@', 'text', 'of', 'the', 'con@@', 'tra@@', 'ct', 'in', 'the', 'con@@', 'text', 'of', 'the', 'two', 'N@@', 'ations', '.', '</s>']
2025-05-03 13:03:43,314 - INFO - joeynmt.training - 	Source:     Berichten zufolge hofft Indien darüber hinaus auf einen Vertrag zur Verteidigungszusammenarbeit zwischen den beiden Nationen .
2025-05-03 13:03:43,314 - INFO - joeynmt.training - 	Reference:  India is also reportedly hoping for a deal on defence collaboration between the two nations .
2025-05-03 13:03:43,314 - INFO - joeynmt.training - 	Hypothesis: the reports on the context of the contract in the context of the two Nations .
2025-05-03 13:03:48,595 - INFO - joeynmt.training - Epoch   5, Step:    18100, Batch Loss:     1.962268, Batch Acc: 0.473628, Tokens per Sec:    17010, Lr: 0.000300
2025-05-03 13:03:53,899 - INFO - joeynmt.training - Epoch   5, Step:    18200, Batch Loss:     1.882768, Batch Acc: 0.477847, Tokens per Sec:    17176, Lr: 0.000300
2025-05-03 13:03:59,181 - INFO - joeynmt.training - Epoch   5, Step:    18300, Batch Loss:     2.015334, Batch Acc: 0.469111, Tokens per Sec:    17475, Lr: 0.000300
2025-05-03 13:04:04,484 - INFO - joeynmt.training - Epoch   5, Step:    18400, Batch Loss:     2.123092, Batch Acc: 0.468817, Tokens per Sec:    17362, Lr: 0.000300
2025-05-03 13:04:09,766 - INFO - joeynmt.training - Epoch   5, Step:    18500, Batch Loss:     1.905461, Batch Acc: 0.471811, Tokens per Sec:    17649, Lr: 0.000300
2025-05-03 13:04:09,766 - INFO - joeynmt.prediction - Predicting 500 example(s)... (Greedy decoding with min_output_length=1, max_output_length=-1, return_prob='none', generate_unk=True, repetition_penalty=-1, no_repeat_ngram_size=-1)
2025-05-03 13:04:15,343 - INFO - joeynmt.prediction - Evaluation result (greedy) loss:   2.30, ppl:  10.01, acc:   0.41, generation: 5.5693[sec], evaluation: 0.0000[sec]
2025-05-03 13:04:15,429 - INFO - joeynmt.helpers - delete models/deen_transformer_post/16000.ckpt
2025-05-03 13:04:15,434 - INFO - joeynmt.training - Example #0
2025-05-03 13:04:15,434 - DEBUG - joeynmt.training - 	Tokenized source:     ['die', 'Pre@@', 'mi@@', 'er@@', 'minist@@', 'er', 'Indi@@', 'ens', 'und', 'J@@', 'ap@@', 'ans', 'tra@@', 'fen', 'sich', 'in', 'T@@', 'ok@@', 'i@@', 'o', '.']
2025-05-03 13:04:15,434 - DEBUG - joeynmt.training - 	Tokenized reference:  ['Indi@@', 'a', 'and', 'J@@', 'ap@@', 'an', 'pri@@', 'me', 'minist@@', 'ers', 'me@@', 'et', 'in', 'T@@', 'ok@@', 'y@@', 'o']
2025-05-03 13:04:15,434 - DEBUG - joeynmt.training - 	Tokenized hypothesis: ['the', 'Pri@@', 'me', 'Minist@@', 'er', 'and', 'J@@', 'ap@@', 'ans', 'are', 'in', 'T@@', 'ok@@', 'i@@', 'o', '.', '</s>']
2025-05-03 13:04:15,434 - INFO - joeynmt.training - 	Source:     die Premierminister Indiens und Japans trafen sich in Tokio .
2025-05-03 13:04:15,434 - INFO - joeynmt.training - 	Reference:  India and Japan prime ministers meet in Tokyo
2025-05-03 13:04:15,434 - INFO - joeynmt.training - 	Hypothesis: the Prime Minister and Japans are in Tokio .
2025-05-03 13:04:15,435 - INFO - joeynmt.training - Example #1
2025-05-03 13:04:15,435 - DEBUG - joeynmt.training - 	Tokenized source:     ['Indi@@', 'ens', 'neu@@', 'er', 'Pre@@', 'mi@@', 'er@@', 'minist@@', 'er', 'N@@', 'ar@@', 'end@@', 'ra', 'Mo@@', 'd@@', 'i', 'tri@@', 'fft', 'bei', 's@@', 'einem', 'ersten', 'wichti@@', 'gen', 'Aus@@', 'land@@', 's@@', 'bes@@', 'u@@', 'ch', 'seit', 's@@', 'einem', 'W@@', 'ah@@', 'l@@', 'si@@', 'e@@', 'g', 'im', 'Ma@@', 'i', 'seinen', 'j@@', 'ap@@', 'an@@', 'ischen', 'Am@@', 'ts@@', 'k@@', 'olle@@', 'gen', 'S@@', 'hin@@', 'z@@', 'o', 'A@@', 'be', 'in', 'T@@', 'ok@@', 'o', ',', 'um', 'wirtschaf@@', 'tliche', 'und', 'sicher@@', 'heits@@', 'politische', 'Be@@', 'zieh@@', 'ungen', 'zu', 'bes@@', 'pre@@', 'chen', '.']
2025-05-03 13:04:15,435 - DEBUG - joeynmt.training - 	Tokenized reference:  ['Indi@@', 'a', '&apos;s', 'new', 'pri@@', 'me', 'minist@@', 'er', ',', 'N@@', 'ar@@', 'end@@', 'ra', 'Mo@@', 'd@@', 'i', ',', 'is', 'me@@', 'eting', 'his', 'J@@', 'ap@@', 'an@@', 'ese', 'coun@@', 'ter@@', 'part', ',', 'S@@', 'hin@@', 'z@@', 'o', 'A@@', 'be', ',', 'in', 'T@@', 'ok@@', 'y@@', 'o', 'to', 'disc@@', 'uss', 'economic', 'and', 'security', 'ties', ',', 'on', 'his', 'first', 'major', 'fore@@', 'ign', 'visi@@', 't', 'since', 'w@@', 'inn@@', 'ing', 'Ma@@', 'y', '&apos;s', 'elec@@', 'tion', '.']
2025-05-03 13:04:15,435 - DEBUG - joeynmt.training - 	Tokenized hypothesis: ['Indi@@', 'a', '&apos;s', 'new', 'pri@@', 'me', 'Minist@@', 'er', 'N@@', 'ar@@', 'd@@', 'i', '&apos;s', 'first', 'important', 'fore@@', 'ign', 'and', 'his', 'first', 'important', 'fore@@', 'ign', 'fore@@', 'ign', 'and', 'his', 'first', 'si@@', 'ze', 'in', 'the', 'Mi@@', 'd@@', 'd@@', 'i', 'F@@', 'e@@', 'g', ',', 'in', 'the', 'Ma@@', 'y', 'A@@', 'be', ',', 'in', 'T@@', 'ok@@', 'o', ',', 'in', 'T@@', 'ok@@', 'o', ',', 'and', 'the', 'economic', 'and', 'security', 'policy', 'rel@@', 'ations', '.', '</s>']
2025-05-03 13:04:15,435 - INFO - joeynmt.training - 	Source:     Indiens neuer Premierminister Narendra Modi trifft bei seinem ersten wichtigen Auslandsbesuch seit seinem Wahlsieg im Mai seinen japanischen Amtskollegen Shinzo Abe in Toko , um wirtschaftliche und sicherheitspolitische Beziehungen zu besprechen .
2025-05-03 13:04:15,435 - INFO - joeynmt.training - 	Reference:  India &apos;s new prime minister , Narendra Modi , is meeting his Japanese counterpart , Shinzo Abe , in Tokyo to discuss economic and security ties , on his first major foreign visit since winning May &apos;s election .
2025-05-03 13:04:15,435 - INFO - joeynmt.training - 	Hypothesis: India &apos;s new prime Minister Nardi &apos;s first important foreign and his first important foreign foreign and his first size in the Middi Feg , in the May Abe , in Toko , in Toko , and the economic and security policy relations .
2025-05-03 13:04:15,435 - INFO - joeynmt.training - Example #2
2025-05-03 13:04:15,435 - DEBUG - joeynmt.training - 	Tokenized source:     ['Herr', 'Mo@@', 'd@@', 'i', 'befindet', 'sich', 'auf', 'einer', 'fü@@', 'n@@', 'f@@', 'tä@@', 'gi@@', 'gen', 'Rei@@', 'se', 'nach', 'J@@', 'ap@@', 'an', ',', 'um', 'die', 'wirtschaf@@', 'tlichen', 'Be@@', 'zieh@@', 'ungen', 'mit', 'der', 'd@@', 'rit@@', 't@@', 'größ@@', 'ten', 'Wirtschafts@@', 'n@@', 'ation', 'der', 'Welt', 'zu', 'fes@@', 'tigen', '.']
2025-05-03 13:04:15,436 - DEBUG - joeynmt.training - 	Tokenized reference:  ['Mr', 'Mo@@', 'd@@', 'i', 'is', 'on', 'a', 'fi@@', 've', '@@@', '-@@', '@', 'day', 'tri@@', 'p', 'to', 'J@@', 'ap@@', 'an', 'to', 'streng@@', 'then', 'economic', 'ties', 'with', 'the', 'third', 'lar@@', 'ges@@', 't', 'econom@@', 'y', 'in', 'the', 'world', '.']
2025-05-03 13:04:15,436 - DEBUG - joeynmt.training - 	Tokenized hypothesis: ['Mr', 'Mo@@', 'd@@', 'i', 'is', 'located', 'on', 'a', 'fi@@', 'f@@', 'te@@', 'en', 'tra@@', 'ff@@', 'ic', 'in', 'order', 'to', 'the', 'economic', 'rel@@', 'ations', 'with', 'third', 'countries', '.', '</s>']
2025-05-03 13:04:15,436 - INFO - joeynmt.training - 	Source:     Herr Modi befindet sich auf einer fünftägigen Reise nach Japan , um die wirtschaftlichen Beziehungen mit der drittgrößten Wirtschaftsnation der Welt zu festigen .
2025-05-03 13:04:15,436 - INFO - joeynmt.training - 	Reference:  Mr Modi is on a five @-@ day trip to Japan to strengthen economic ties with the third largest economy in the world .
2025-05-03 13:04:15,436 - INFO - joeynmt.training - 	Hypothesis: Mr Modi is located on a fifteen traffic in order to the economic relations with third countries .
2025-05-03 13:04:15,436 - INFO - joeynmt.training - Example #3
2025-05-03 13:04:15,436 - DEBUG - joeynmt.training - 	Tokenized source:     ['P@@', 'län@@', 'e', 'für', 'eine', 'stärk@@', 'ere', 'k@@', 'ern@@', 'techn@@', 'ische', 'Zusammenarbeit', 'stehen', 'ganz', 'ob@@', 'en', 'auf', 'der', 'Tag@@', 'es@@', 'ordnung', '.']
2025-05-03 13:04:15,436 - DEBUG - joeynmt.training - 	Tokenized reference:  ['high', 'on', 'the', 'agen@@', 'da', 'are', 'pl@@', 'ans', 'for', 'gre@@', 'ater', 'nu@@', 'clear', 'c@@', 'o', '@@@', '-@@', '@', 'operation', '.']
2025-05-03 13:04:15,436 - DEBUG - joeynmt.training - 	Tokenized hypothesis: ['P@@', 'countries', ',', 'a', 'str@@', 'ong', 'techn@@', 'ical', 'cooperation', 'are', 'in', 'the', 'agen@@', 'da', '.', '</s>']
2025-05-03 13:04:15,436 - INFO - joeynmt.training - 	Source:     Pläne für eine stärkere kerntechnische Zusammenarbeit stehen ganz oben auf der Tagesordnung .
2025-05-03 13:04:15,436 - INFO - joeynmt.training - 	Reference:  high on the agenda are plans for greater nuclear co @-@ operation .
2025-05-03 13:04:15,436 - INFO - joeynmt.training - 	Hypothesis: Pcountries , a strong technical cooperation are in the agenda .
2025-05-03 13:04:15,436 - INFO - joeynmt.training - Example #4
2025-05-03 13:04:15,436 - DEBUG - joeynmt.training - 	Tokenized source:     ['Berich@@', 'ten', 'zu@@', 'fol@@', 'ge', 'ho@@', 'fft', 'Indi@@', 'en', 'darüber', 'hinaus', 'auf', 'einen', 'Ver@@', 'trag', 'zur', 'Ver@@', 'tei@@', 'dig@@', 'ungs@@', 'zusammen@@', 'arbeit', 'zwischen', 'den', 'beiden', 'N@@', 'ationen', '.']
2025-05-03 13:04:15,436 - DEBUG - joeynmt.training - 	Tokenized reference:  ['Indi@@', 'a', 'is', 'also', 're@@', 'porte@@', 'dly', 'hop@@', 'ing', 'for', 'a', 'de@@', 'al', 'on', 'def@@', 'ence', 'c@@', 'oll@@', 'ab@@', 'or@@', 'ation', 'between', 'the', 'two', 'n@@', 'ations', '.']
2025-05-03 13:04:15,437 - DEBUG - joeynmt.training - 	Tokenized hypothesis: ['the', 're@@', 'ports', 'on', 'the', 'con@@', 'text', 'of', 'the', 'two', 'N@@', 'ations', 'on', 'the', 'con@@', 'text', 'of', 'the', 'two', 'N@@', 'ations', '.', '</s>']
2025-05-03 13:04:15,437 - INFO - joeynmt.training - 	Source:     Berichten zufolge hofft Indien darüber hinaus auf einen Vertrag zur Verteidigungszusammenarbeit zwischen den beiden Nationen .
2025-05-03 13:04:15,437 - INFO - joeynmt.training - 	Reference:  India is also reportedly hoping for a deal on defence collaboration between the two nations .
2025-05-03 13:04:15,437 - INFO - joeynmt.training - 	Hypothesis: the reports on the context of the two Nations on the context of the two Nations .
2025-05-03 13:04:20,663 - INFO - joeynmt.training - Epoch   5, Step:    18600, Batch Loss:     1.837297, Batch Acc: 0.472660, Tokens per Sec:    17266, Lr: 0.000300
2025-05-03 13:04:25,985 - INFO - joeynmt.training - Epoch   5, Step:    18700, Batch Loss:     1.869461, Batch Acc: 0.476271, Tokens per Sec:    17093, Lr: 0.000300
2025-05-03 13:04:31,322 - INFO - joeynmt.training - Epoch   5, Step:    18800, Batch Loss:     1.861923, Batch Acc: 0.477230, Tokens per Sec:    17153, Lr: 0.000300
2025-05-03 13:04:36,652 - INFO - joeynmt.training - Epoch   5, Step:    18900, Batch Loss:     2.009198, Batch Acc: 0.470995, Tokens per Sec:    17662, Lr: 0.000300
2025-05-03 13:04:41,974 - INFO - joeynmt.training - Epoch   5, Step:    19000, Batch Loss:     1.886931, Batch Acc: 0.474322, Tokens per Sec:    16984, Lr: 0.000300
2025-05-03 13:04:41,975 - INFO - joeynmt.prediction - Predicting 500 example(s)... (Greedy decoding with min_output_length=1, max_output_length=-1, return_prob='none', generate_unk=True, repetition_penalty=-1, no_repeat_ngram_size=-1)
2025-05-03 13:04:47,733 - INFO - joeynmt.prediction - Evaluation result (greedy) loss:   2.28, ppl:   9.82, acc:   0.41, generation: 5.7510[sec], evaluation: 0.0000[sec]
2025-05-03 13:04:47,734 - INFO - joeynmt.training - Hooray! New best validation result [ppl]!
2025-05-03 13:04:47,816 - INFO - joeynmt.helpers - delete models/deen_transformer_post/16500.ckpt
2025-05-03 13:04:47,822 - INFO - joeynmt.training - Example #0
2025-05-03 13:04:47,822 - DEBUG - joeynmt.training - 	Tokenized source:     ['die', 'Pre@@', 'mi@@', 'er@@', 'minist@@', 'er', 'Indi@@', 'ens', 'und', 'J@@', 'ap@@', 'ans', 'tra@@', 'fen', 'sich', 'in', 'T@@', 'ok@@', 'i@@', 'o', '.']
2025-05-03 13:04:47,822 - DEBUG - joeynmt.training - 	Tokenized reference:  ['Indi@@', 'a', 'and', 'J@@', 'ap@@', 'an', 'pri@@', 'me', 'minist@@', 'ers', 'me@@', 'et', 'in', 'T@@', 'ok@@', 'y@@', 'o']
2025-05-03 13:04:47,822 - DEBUG - joeynmt.training - 	Tokenized hypothesis: ['the', 'Pri@@', 'me', 'Minist@@', 'er', 'of', 'Indi@@', 'a', 'and', 'J@@', 'ap@@', 'ans', 'are', 'de@@', 'termin@@', 'ed', 'in', 'T@@', 'ok@@', 'i@@', 'o', '.', '</s>']
2025-05-03 13:04:47,822 - INFO - joeynmt.training - 	Source:     die Premierminister Indiens und Japans trafen sich in Tokio .
2025-05-03 13:04:47,822 - INFO - joeynmt.training - 	Reference:  India and Japan prime ministers meet in Tokyo
2025-05-03 13:04:47,823 - INFO - joeynmt.training - 	Hypothesis: the Prime Minister of India and Japans are determined in Tokio .
2025-05-03 13:04:47,823 - INFO - joeynmt.training - Example #1
2025-05-03 13:04:47,823 - DEBUG - joeynmt.training - 	Tokenized source:     ['Indi@@', 'ens', 'neu@@', 'er', 'Pre@@', 'mi@@', 'er@@', 'minist@@', 'er', 'N@@', 'ar@@', 'end@@', 'ra', 'Mo@@', 'd@@', 'i', 'tri@@', 'fft', 'bei', 's@@', 'einem', 'ersten', 'wichti@@', 'gen', 'Aus@@', 'land@@', 's@@', 'bes@@', 'u@@', 'ch', 'seit', 's@@', 'einem', 'W@@', 'ah@@', 'l@@', 'si@@', 'e@@', 'g', 'im', 'Ma@@', 'i', 'seinen', 'j@@', 'ap@@', 'an@@', 'ischen', 'Am@@', 'ts@@', 'k@@', 'olle@@', 'gen', 'S@@', 'hin@@', 'z@@', 'o', 'A@@', 'be', 'in', 'T@@', 'ok@@', 'o', ',', 'um', 'wirtschaf@@', 'tliche', 'und', 'sicher@@', 'heits@@', 'politische', 'Be@@', 'zieh@@', 'ungen', 'zu', 'bes@@', 'pre@@', 'chen', '.']
2025-05-03 13:04:47,823 - DEBUG - joeynmt.training - 	Tokenized reference:  ['Indi@@', 'a', '&apos;s', 'new', 'pri@@', 'me', 'minist@@', 'er', ',', 'N@@', 'ar@@', 'end@@', 'ra', 'Mo@@', 'd@@', 'i', ',', 'is', 'me@@', 'eting', 'his', 'J@@', 'ap@@', 'an@@', 'ese', 'coun@@', 'ter@@', 'part', ',', 'S@@', 'hin@@', 'z@@', 'o', 'A@@', 'be', ',', 'in', 'T@@', 'ok@@', 'y@@', 'o', 'to', 'disc@@', 'uss', 'economic', 'and', 'security', 'ties', ',', 'on', 'his', 'first', 'major', 'fore@@', 'ign', 'visi@@', 't', 'since', 'w@@', 'inn@@', 'ing', 'Ma@@', 'y', '&apos;s', 'elec@@', 'tion', '.']
2025-05-03 13:04:47,823 - DEBUG - joeynmt.training - 	Tokenized hypothesis: ['Indi@@', 'a', ',', 'N@@', 'ar@@', 'ra', 'M@@', 'us@@', 'h@@', 'i', ',', 'the', 'first', 'sign@@', 'ific@@', 'ant', 'M@@', 'us@@', 'li@@', 'm', 'of', 'his', 'first', 'important', 'fore@@', 'ign', 'and', 'his', 'first', 'me@@', 'eting', 'was', 're@@', 'tur@@', 'ned', 'to', 'his', 'year', 'in', 'the', 'Ma@@', 'y', 'of', 'the', 'F@@', 'ren@@', 'ch', 'F@@', 'ren@@', 'ch', 'F@@', 'ren@@', 'ch', 'and', 'security', 'policy', 'rel@@', 'ations', '.', '</s>']
2025-05-03 13:04:47,823 - INFO - joeynmt.training - 	Source:     Indiens neuer Premierminister Narendra Modi trifft bei seinem ersten wichtigen Auslandsbesuch seit seinem Wahlsieg im Mai seinen japanischen Amtskollegen Shinzo Abe in Toko , um wirtschaftliche und sicherheitspolitische Beziehungen zu besprechen .
2025-05-03 13:04:47,823 - INFO - joeynmt.training - 	Reference:  India &apos;s new prime minister , Narendra Modi , is meeting his Japanese counterpart , Shinzo Abe , in Tokyo to discuss economic and security ties , on his first major foreign visit since winning May &apos;s election .
2025-05-03 13:04:47,823 - INFO - joeynmt.training - 	Hypothesis: India , Narra Mushi , the first significant Muslim of his first important foreign and his first meeting was returned to his year in the May of the French French French and security policy relations .
2025-05-03 13:04:47,823 - INFO - joeynmt.training - Example #2
2025-05-03 13:04:47,823 - DEBUG - joeynmt.training - 	Tokenized source:     ['Herr', 'Mo@@', 'd@@', 'i', 'befindet', 'sich', 'auf', 'einer', 'fü@@', 'n@@', 'f@@', 'tä@@', 'gi@@', 'gen', 'Rei@@', 'se', 'nach', 'J@@', 'ap@@', 'an', ',', 'um', 'die', 'wirtschaf@@', 'tlichen', 'Be@@', 'zieh@@', 'ungen', 'mit', 'der', 'd@@', 'rit@@', 't@@', 'größ@@', 'ten', 'Wirtschafts@@', 'n@@', 'ation', 'der', 'Welt', 'zu', 'fes@@', 'tigen', '.']
2025-05-03 13:04:47,823 - DEBUG - joeynmt.training - 	Tokenized reference:  ['Mr', 'Mo@@', 'd@@', 'i', 'is', 'on', 'a', 'fi@@', 've', '@@@', '-@@', '@', 'day', 'tri@@', 'p', 'to', 'J@@', 'ap@@', 'an', 'to', 'streng@@', 'then', 'economic', 'ties', 'with', 'the', 'third', 'lar@@', 'ges@@', 't', 'econom@@', 'y', 'in', 'the', 'world', '.']
2025-05-03 13:04:47,823 - DEBUG - joeynmt.training - 	Tokenized hypothesis: ['Mr', 'Mo@@', 'd@@', 'i', 'is', 'located', 'on', 'a', 'fi@@', 'f@@', 'ty', 'to@@', 'p', 'of', 'J@@', 'ap@@', 'an', 'to', 'J@@', 'ap@@', 'an', 'to', 'the', 'economic', 'rel@@', 'ations', 'with', 'the', 'third', 'lar@@', 'ges@@', 't', 'economic', 'rel@@', 'ations', '.', '</s>']
2025-05-03 13:04:47,823 - INFO - joeynmt.training - 	Source:     Herr Modi befindet sich auf einer fünftägigen Reise nach Japan , um die wirtschaftlichen Beziehungen mit der drittgrößten Wirtschaftsnation der Welt zu festigen .
2025-05-03 13:04:47,823 - INFO - joeynmt.training - 	Reference:  Mr Modi is on a five @-@ day trip to Japan to strengthen economic ties with the third largest economy in the world .
2025-05-03 13:04:47,823 - INFO - joeynmt.training - 	Hypothesis: Mr Modi is located on a fifty top of Japan to Japan to the economic relations with the third largest economic relations .
2025-05-03 13:04:47,823 - INFO - joeynmt.training - Example #3
2025-05-03 13:04:47,823 - DEBUG - joeynmt.training - 	Tokenized source:     ['P@@', 'län@@', 'e', 'für', 'eine', 'stärk@@', 'ere', 'k@@', 'ern@@', 'techn@@', 'ische', 'Zusammenarbeit', 'stehen', 'ganz', 'ob@@', 'en', 'auf', 'der', 'Tag@@', 'es@@', 'ordnung', '.']
2025-05-03 13:04:47,823 - DEBUG - joeynmt.training - 	Tokenized reference:  ['high', 'on', 'the', 'agen@@', 'da', 'are', 'pl@@', 'ans', 'for', 'gre@@', 'ater', 'nu@@', 'clear', 'c@@', 'o', '@@@', '-@@', '@', 'operation', '.']
2025-05-03 13:04:47,823 - DEBUG - joeynmt.training - 	Tokenized hypothesis: ['the', 'fact', 'that', 'the', 'e@@', 'duc@@', 'ational', 'cooperation', 'is', 'a', 'more', 'c@@', 'ru@@', 'cial', 'cooperation', 'is', 'the', 'agen@@', 'da', '.', '</s>']
2025-05-03 13:04:47,823 - INFO - joeynmt.training - 	Source:     Pläne für eine stärkere kerntechnische Zusammenarbeit stehen ganz oben auf der Tagesordnung .
2025-05-03 13:04:47,823 - INFO - joeynmt.training - 	Reference:  high on the agenda are plans for greater nuclear co @-@ operation .
2025-05-03 13:04:47,823 - INFO - joeynmt.training - 	Hypothesis: the fact that the educational cooperation is a more crucial cooperation is the agenda .
2025-05-03 13:04:47,823 - INFO - joeynmt.training - Example #4
2025-05-03 13:04:47,823 - DEBUG - joeynmt.training - 	Tokenized source:     ['Berich@@', 'ten', 'zu@@', 'fol@@', 'ge', 'ho@@', 'fft', 'Indi@@', 'en', 'darüber', 'hinaus', 'auf', 'einen', 'Ver@@', 'trag', 'zur', 'Ver@@', 'tei@@', 'dig@@', 'ungs@@', 'zusammen@@', 'arbeit', 'zwischen', 'den', 'beiden', 'N@@', 'ationen', '.']
2025-05-03 13:04:47,823 - DEBUG - joeynmt.training - 	Tokenized reference:  ['Indi@@', 'a', 'is', 'also', 're@@', 'porte@@', 'dly', 'hop@@', 'ing', 'for', 'a', 'de@@', 'al', 'on', 'def@@', 'ence', 'c@@', 'oll@@', 'ab@@', 'or@@', 'ation', 'between', 'the', 'two', 'n@@', 'ations', '.']
2025-05-03 13:04:47,825 - DEBUG - joeynmt.training - 	Tokenized hypothesis: ['in', 'ad@@', 'dition', ',', 'the', 'report', 'also', ',', 'in', 'ad@@', 'dition', 'to', 'the', 'def@@', 'ence', 'cooperation', 'between', 'the', 'two', 'N@@', 'ations', '.', '</s>']
2025-05-03 13:04:47,825 - INFO - joeynmt.training - 	Source:     Berichten zufolge hofft Indien darüber hinaus auf einen Vertrag zur Verteidigungszusammenarbeit zwischen den beiden Nationen .
2025-05-03 13:04:47,825 - INFO - joeynmt.training - 	Reference:  India is also reportedly hoping for a deal on defence collaboration between the two nations .
2025-05-03 13:04:47,825 - INFO - joeynmt.training - 	Hypothesis: in addition , the report also , in addition to the defence cooperation between the two Nations .
2025-05-03 13:04:53,192 - INFO - joeynmt.training - Epoch   5, Step:    19100, Batch Loss:     1.621631, Batch Acc: 0.478172, Tokens per Sec:    16709, Lr: 0.000300
2025-05-03 13:04:58,430 - INFO - joeynmt.training - Epoch   5, Step:    19200, Batch Loss:     1.706215, Batch Acc: 0.479127, Tokens per Sec:    17437, Lr: 0.000300
2025-05-03 13:05:03,771 - INFO - joeynmt.training - Epoch   5, Step:    19300, Batch Loss:     1.808343, Batch Acc: 0.475914, Tokens per Sec:    17037, Lr: 0.000300
2025-05-03 13:05:09,040 - INFO - joeynmt.training - Epoch   5, Step:    19400, Batch Loss:     2.049071, Batch Acc: 0.475613, Tokens per Sec:    17261, Lr: 0.000300
2025-05-03 13:05:14,418 - INFO - joeynmt.training - Epoch   5, Step:    19500, Batch Loss:     1.791173, Batch Acc: 0.480162, Tokens per Sec:    17192, Lr: 0.000300
2025-05-03 13:05:14,418 - INFO - joeynmt.prediction - Predicting 500 example(s)... (Greedy decoding with min_output_length=1, max_output_length=-1, return_prob='none', generate_unk=True, repetition_penalty=-1, no_repeat_ngram_size=-1)
2025-05-03 13:05:19,344 - INFO - joeynmt.prediction - Evaluation result (greedy) loss:   2.26, ppl:   9.59, acc:   0.42, generation: 4.9201[sec], evaluation: 0.0000[sec]
2025-05-03 13:05:19,344 - INFO - joeynmt.training - Hooray! New best validation result [ppl]!
2025-05-03 13:05:19,427 - INFO - joeynmt.helpers - delete models/deen_transformer_post/17000.ckpt
2025-05-03 13:05:19,432 - INFO - joeynmt.training - Example #0
2025-05-03 13:05:19,432 - DEBUG - joeynmt.training - 	Tokenized source:     ['die', 'Pre@@', 'mi@@', 'er@@', 'minist@@', 'er', 'Indi@@', 'ens', 'und', 'J@@', 'ap@@', 'ans', 'tra@@', 'fen', 'sich', 'in', 'T@@', 'ok@@', 'i@@', 'o', '.']
2025-05-03 13:05:19,432 - DEBUG - joeynmt.training - 	Tokenized reference:  ['Indi@@', 'a', 'and', 'J@@', 'ap@@', 'an', 'pri@@', 'me', 'minist@@', 'ers', 'me@@', 'et', 'in', 'T@@', 'ok@@', 'y@@', 'o']
2025-05-03 13:05:19,433 - DEBUG - joeynmt.training - 	Tokenized hypothesis: ['the', 'Pri@@', 'me', 'Minist@@', 'er', 'and', 'J@@', 'ap@@', 'ans', 'are', 'de@@', 'mon@@', 'str@@', 'ated', 'in', 'T@@', 'ok@@', 'i@@', 'o', '.', '</s>']
2025-05-03 13:05:19,433 - INFO - joeynmt.training - 	Source:     die Premierminister Indiens und Japans trafen sich in Tokio .
2025-05-03 13:05:19,433 - INFO - joeynmt.training - 	Reference:  India and Japan prime ministers meet in Tokyo
2025-05-03 13:05:19,433 - INFO - joeynmt.training - 	Hypothesis: the Prime Minister and Japans are demonstrated in Tokio .
2025-05-03 13:05:19,433 - INFO - joeynmt.training - Example #1
2025-05-03 13:05:19,433 - DEBUG - joeynmt.training - 	Tokenized source:     ['Indi@@', 'ens', 'neu@@', 'er', 'Pre@@', 'mi@@', 'er@@', 'minist@@', 'er', 'N@@', 'ar@@', 'end@@', 'ra', 'Mo@@', 'd@@', 'i', 'tri@@', 'fft', 'bei', 's@@', 'einem', 'ersten', 'wichti@@', 'gen', 'Aus@@', 'land@@', 's@@', 'bes@@', 'u@@', 'ch', 'seit', 's@@', 'einem', 'W@@', 'ah@@', 'l@@', 'si@@', 'e@@', 'g', 'im', 'Ma@@', 'i', 'seinen', 'j@@', 'ap@@', 'an@@', 'ischen', 'Am@@', 'ts@@', 'k@@', 'olle@@', 'gen', 'S@@', 'hin@@', 'z@@', 'o', 'A@@', 'be', 'in', 'T@@', 'ok@@', 'o', ',', 'um', 'wirtschaf@@', 'tliche', 'und', 'sicher@@', 'heits@@', 'politische', 'Be@@', 'zieh@@', 'ungen', 'zu', 'bes@@', 'pre@@', 'chen', '.']
2025-05-03 13:05:19,433 - DEBUG - joeynmt.training - 	Tokenized reference:  ['Indi@@', 'a', '&apos;s', 'new', 'pri@@', 'me', 'minist@@', 'er', ',', 'N@@', 'ar@@', 'end@@', 'ra', 'Mo@@', 'd@@', 'i', ',', 'is', 'me@@', 'eting', 'his', 'J@@', 'ap@@', 'an@@', 'ese', 'coun@@', 'ter@@', 'part', ',', 'S@@', 'hin@@', 'z@@', 'o', 'A@@', 'be', ',', 'in', 'T@@', 'ok@@', 'y@@', 'o', 'to', 'disc@@', 'uss', 'economic', 'and', 'security', 'ties', ',', 'on', 'his', 'first', 'major', 'fore@@', 'ign', 'visi@@', 't', 'since', 'w@@', 'inn@@', 'ing', 'Ma@@', 'y', '&apos;s', 'elec@@', 'tion', '.']
2025-05-03 13:05:19,433 - DEBUG - joeynmt.training - 	Tokenized hypothesis: ['Indi@@', 'a', 'N@@', 'ar@@', 'd@@', 'i', 'Pri@@', 'me', 'Minist@@', 'er', 'N@@', 'ar@@', 'd@@', 'i', ',', 'the', 'first', 'important', 'ex@@', 'hi@@', 'bi@@', 'tion', 'of', 'the', 'first', 'important', 'ex@@', 'hi@@', 'bi@@', 'tion', 'of', 'the', 'M@@', 'us@@', 'i', '&apos;s', 'm@@', 'ic@@', 'ro@@', '-@@', 'th@@', 'e-@@', 'o@@', 'il', ',', 'in', 'T@@', 'ok@@', 'o', ',', 'in', 'T@@', 'ok@@', 'o', ',', 'in', 'T@@', 'ok@@', 'o', ',', 'in', 'T@@', 'ok@@', 'o', ',', 'and', 'saf@@', 'ety', '.', '</s>']
2025-05-03 13:05:19,433 - INFO - joeynmt.training - 	Source:     Indiens neuer Premierminister Narendra Modi trifft bei seinem ersten wichtigen Auslandsbesuch seit seinem Wahlsieg im Mai seinen japanischen Amtskollegen Shinzo Abe in Toko , um wirtschaftliche und sicherheitspolitische Beziehungen zu besprechen .
2025-05-03 13:05:19,433 - INFO - joeynmt.training - 	Reference:  India &apos;s new prime minister , Narendra Modi , is meeting his Japanese counterpart , Shinzo Abe , in Tokyo to discuss economic and security ties , on his first major foreign visit since winning May &apos;s election .
2025-05-03 13:05:19,433 - INFO - joeynmt.training - 	Hypothesis: India Nardi Prime Minister Nardi , the first important exhibition of the first important exhibition of the Musi &apos;s micro-the-oil , in Toko , in Toko , in Toko , in Toko , and safety .
2025-05-03 13:05:19,434 - INFO - joeynmt.training - Example #2
2025-05-03 13:05:19,434 - DEBUG - joeynmt.training - 	Tokenized source:     ['Herr', 'Mo@@', 'd@@', 'i', 'befindet', 'sich', 'auf', 'einer', 'fü@@', 'n@@', 'f@@', 'tä@@', 'gi@@', 'gen', 'Rei@@', 'se', 'nach', 'J@@', 'ap@@', 'an', ',', 'um', 'die', 'wirtschaf@@', 'tlichen', 'Be@@', 'zieh@@', 'ungen', 'mit', 'der', 'd@@', 'rit@@', 't@@', 'größ@@', 'ten', 'Wirtschafts@@', 'n@@', 'ation', 'der', 'Welt', 'zu', 'fes@@', 'tigen', '.']
2025-05-03 13:05:19,434 - DEBUG - joeynmt.training - 	Tokenized reference:  ['Mr', 'Mo@@', 'd@@', 'i', 'is', 'on', 'a', 'fi@@', 've', '@@@', '-@@', '@', 'day', 'tri@@', 'p', 'to', 'J@@', 'ap@@', 'an', 'to', 'streng@@', 'then', 'economic', 'ties', 'with', 'the', 'third', 'lar@@', 'ges@@', 't', 'econom@@', 'y', 'in', 'the', 'world', '.']
2025-05-03 13:05:19,434 - DEBUG - joeynmt.training - 	Tokenized hypothesis: ['Mr', 'Mo@@', 'd@@', 'i', 'is', 'located', 'on', 'a', 'fi@@', 'f@@', 'te@@', 'en', 'tra@@', 'v@@', 'el', 'to', 'J@@', 'ap@@', 'an', 'to', 'J@@', 'ap@@', 'an', ',', 'to', 'the', 'economic', 'rel@@', 'ations', 'with', 'the', 'third', 'lar@@', 'ges@@', 't', 'economic', 'rel@@', 'ations', 'with', 'the', 'third', 'lar@@', 'ges@@', 't', 'economic', 'rel@@', 'ations', '.', '</s>']
2025-05-03 13:05:19,434 - INFO - joeynmt.training - 	Source:     Herr Modi befindet sich auf einer fünftägigen Reise nach Japan , um die wirtschaftlichen Beziehungen mit der drittgrößten Wirtschaftsnation der Welt zu festigen .
2025-05-03 13:05:19,434 - INFO - joeynmt.training - 	Reference:  Mr Modi is on a five @-@ day trip to Japan to strengthen economic ties with the third largest economy in the world .
2025-05-03 13:05:19,434 - INFO - joeynmt.training - 	Hypothesis: Mr Modi is located on a fifteen travel to Japan to Japan , to the economic relations with the third largest economic relations with the third largest economic relations .
2025-05-03 13:05:19,434 - INFO - joeynmt.training - Example #3
2025-05-03 13:05:19,434 - DEBUG - joeynmt.training - 	Tokenized source:     ['P@@', 'län@@', 'e', 'für', 'eine', 'stärk@@', 'ere', 'k@@', 'ern@@', 'techn@@', 'ische', 'Zusammenarbeit', 'stehen', 'ganz', 'ob@@', 'en', 'auf', 'der', 'Tag@@', 'es@@', 'ordnung', '.']
2025-05-03 13:05:19,434 - DEBUG - joeynmt.training - 	Tokenized reference:  ['high', 'on', 'the', 'agen@@', 'da', 'are', 'pl@@', 'ans', 'for', 'gre@@', 'ater', 'nu@@', 'clear', 'c@@', 'o', '@@@', '-@@', '@', 'operation', '.']
2025-05-03 13:05:19,434 - DEBUG - joeynmt.training - 	Tokenized hypothesis: ['P@@', 'e@@', 'op@@', 'le', 'for', 'a', 'more', 'seri@@', 'ous', 'techn@@', 'ical', 'cooperation', 'is', 'very', 'ob@@', 'tain@@', 'ed', 'on', 'the', 'agen@@', 'da', '.', '</s>']
2025-05-03 13:05:19,434 - INFO - joeynmt.training - 	Source:     Pläne für eine stärkere kerntechnische Zusammenarbeit stehen ganz oben auf der Tagesordnung .
2025-05-03 13:05:19,434 - INFO - joeynmt.training - 	Reference:  high on the agenda are plans for greater nuclear co @-@ operation .
2025-05-03 13:05:19,434 - INFO - joeynmt.training - 	Hypothesis: People for a more serious technical cooperation is very obtained on the agenda .
2025-05-03 13:05:19,435 - INFO - joeynmt.training - Example #4
2025-05-03 13:05:19,435 - DEBUG - joeynmt.training - 	Tokenized source:     ['Berich@@', 'ten', 'zu@@', 'fol@@', 'ge', 'ho@@', 'fft', 'Indi@@', 'en', 'darüber', 'hinaus', 'auf', 'einen', 'Ver@@', 'trag', 'zur', 'Ver@@', 'tei@@', 'dig@@', 'ungs@@', 'zusammen@@', 'arbeit', 'zwischen', 'den', 'beiden', 'N@@', 'ationen', '.']
2025-05-03 13:05:19,435 - DEBUG - joeynmt.training - 	Tokenized reference:  ['Indi@@', 'a', 'is', 'also', 're@@', 'porte@@', 'dly', 'hop@@', 'ing', 'for', 'a', 'de@@', 'al', 'on', 'def@@', 'ence', 'c@@', 'oll@@', 'ab@@', 'or@@', 'ation', 'between', 'the', 'two', 'n@@', 'ations', '.']
2025-05-03 13:05:19,435 - DEBUG - joeynmt.training - 	Tokenized hypothesis: ['re@@', 'ports', 'on', 'the', 'con@@', 'tra@@', 'ct', 'of', 'the', 'two', 'N@@', 'ations', ',', 'which', 'are', 'also', 'very', 'much', 'more', 'than', 'two', 'N@@', 'ations', '.', '</s>']
2025-05-03 13:05:19,435 - INFO - joeynmt.training - 	Source:     Berichten zufolge hofft Indien darüber hinaus auf einen Vertrag zur Verteidigungszusammenarbeit zwischen den beiden Nationen .
2025-05-03 13:05:19,435 - INFO - joeynmt.training - 	Reference:  India is also reportedly hoping for a deal on defence collaboration between the two nations .
2025-05-03 13:05:19,435 - INFO - joeynmt.training - 	Hypothesis: reports on the contract of the two Nations , which are also very much more than two Nations .
2025-05-03 13:05:24,739 - INFO - joeynmt.training - Epoch   5, Step:    19600, Batch Loss:     1.953313, Batch Acc: 0.479293, Tokens per Sec:    17118, Lr: 0.000300
2025-05-03 13:05:30,052 - INFO - joeynmt.training - Epoch   5, Step:    19700, Batch Loss:     1.924072, Batch Acc: 0.479820, Tokens per Sec:    17647, Lr: 0.000300
2025-05-03 13:05:35,397 - INFO - joeynmt.training - Epoch   5, Step:    19800, Batch Loss:     1.903677, Batch Acc: 0.477537, Tokens per Sec:    17198, Lr: 0.000300
2025-05-03 13:05:40,731 - INFO - joeynmt.training - Epoch   5, Step:    19900, Batch Loss:     1.821855, Batch Acc: 0.474813, Tokens per Sec:    17408, Lr: 0.000300
2025-05-03 13:05:46,001 - INFO - joeynmt.training - Epoch   5, Step:    20000, Batch Loss:     1.875167, Batch Acc: 0.484359, Tokens per Sec:    17517, Lr: 0.000300
2025-05-03 13:05:46,002 - INFO - joeynmt.prediction - Predicting 500 example(s)... (Greedy decoding with min_output_length=1, max_output_length=-1, return_prob='none', generate_unk=True, repetition_penalty=-1, no_repeat_ngram_size=-1)
2025-05-03 13:05:51,427 - INFO - joeynmt.prediction - Evaluation result (greedy) loss:   2.26, ppl:   9.58, acc:   0.42, generation: 5.4181[sec], evaluation: 0.0000[sec]
2025-05-03 13:05:51,427 - INFO - joeynmt.training - Hooray! New best validation result [ppl]!
2025-05-03 13:05:51,510 - INFO - joeynmt.helpers - delete models/deen_transformer_post/17500.ckpt
2025-05-03 13:05:51,516 - INFO - joeynmt.training - Example #0
2025-05-03 13:05:51,516 - DEBUG - joeynmt.training - 	Tokenized source:     ['die', 'Pre@@', 'mi@@', 'er@@', 'minist@@', 'er', 'Indi@@', 'ens', 'und', 'J@@', 'ap@@', 'ans', 'tra@@', 'fen', 'sich', 'in', 'T@@', 'ok@@', 'i@@', 'o', '.']
2025-05-03 13:05:51,516 - DEBUG - joeynmt.training - 	Tokenized reference:  ['Indi@@', 'a', 'and', 'J@@', 'ap@@', 'an', 'pri@@', 'me', 'minist@@', 'ers', 'me@@', 'et', 'in', 'T@@', 'ok@@', 'y@@', 'o']
2025-05-03 13:05:51,516 - DEBUG - joeynmt.training - 	Tokenized hypothesis: ['the', 'Pri@@', 'me', 'Minist@@', 'er', 'of', 'Indi@@', 'a', 'and', 'J@@', 'ap@@', 'ans', 'are', 'tra@@', 'ding', 'in', 'T@@', 'ok@@', 'i@@', 'o', '.', '</s>']
2025-05-03 13:05:51,516 - INFO - joeynmt.training - 	Source:     die Premierminister Indiens und Japans trafen sich in Tokio .
2025-05-03 13:05:51,516 - INFO - joeynmt.training - 	Reference:  India and Japan prime ministers meet in Tokyo
2025-05-03 13:05:51,516 - INFO - joeynmt.training - 	Hypothesis: the Prime Minister of India and Japans are trading in Tokio .
2025-05-03 13:05:51,516 - INFO - joeynmt.training - Example #1
2025-05-03 13:05:51,517 - DEBUG - joeynmt.training - 	Tokenized source:     ['Indi@@', 'ens', 'neu@@', 'er', 'Pre@@', 'mi@@', 'er@@', 'minist@@', 'er', 'N@@', 'ar@@', 'end@@', 'ra', 'Mo@@', 'd@@', 'i', 'tri@@', 'fft', 'bei', 's@@', 'einem', 'ersten', 'wichti@@', 'gen', 'Aus@@', 'land@@', 's@@', 'bes@@', 'u@@', 'ch', 'seit', 's@@', 'einem', 'W@@', 'ah@@', 'l@@', 'si@@', 'e@@', 'g', 'im', 'Ma@@', 'i', 'seinen', 'j@@', 'ap@@', 'an@@', 'ischen', 'Am@@', 'ts@@', 'k@@', 'olle@@', 'gen', 'S@@', 'hin@@', 'z@@', 'o', 'A@@', 'be', 'in', 'T@@', 'ok@@', 'o', ',', 'um', 'wirtschaf@@', 'tliche', 'und', 'sicher@@', 'heits@@', 'politische', 'Be@@', 'zieh@@', 'ungen', 'zu', 'bes@@', 'pre@@', 'chen', '.']
2025-05-03 13:05:51,517 - DEBUG - joeynmt.training - 	Tokenized reference:  ['Indi@@', 'a', '&apos;s', 'new', 'pri@@', 'me', 'minist@@', 'er', ',', 'N@@', 'ar@@', 'end@@', 'ra', 'Mo@@', 'd@@', 'i', ',', 'is', 'me@@', 'eting', 'his', 'J@@', 'ap@@', 'an@@', 'ese', 'coun@@', 'ter@@', 'part', ',', 'S@@', 'hin@@', 'z@@', 'o', 'A@@', 'be', ',', 'in', 'T@@', 'ok@@', 'y@@', 'o', 'to', 'disc@@', 'uss', 'economic', 'and', 'security', 'ties', ',', 'on', 'his', 'first', 'major', 'fore@@', 'ign', 'visi@@', 't', 'since', 'w@@', 'inn@@', 'ing', 'Ma@@', 'y', '&apos;s', 'elec@@', 'tion', '.']
2025-05-03 13:05:51,517 - DEBUG - joeynmt.training - 	Tokenized hypothesis: ['Indi@@', 'a', '&apos;s', 'pri@@', 'me', 'minist@@', 'er', 'N@@', 'ar@@', 'end@@', 'i', '&apos;s', 'first', 'important', 'fore@@', 'ign', 'policy', 'in', 'the', 'first', 'important', 'fore@@', 'ign', 'fore@@', 'ign', 'ag@@', 'ri@@', 'cultural', 'and', 'con@@', 'duc@@', 't', 'in', 'the', 'M@@', 'ini@@', 'stry', 'of', 'the', 'J@@', 'ap@@', 'an@@', 'ese', 'Pre@@', 'mi@@', 'er', 'S@@', 'hin@@', 'z@@', 'o', ',', 'in', 'T@@', 'ok@@', 'o', ',', 'in', 'T@@', 'ok@@', 'o', ',', 'in', 'the', 'S@@', 'hin@@', 'z@@', 'o', 'A@@', 'be', ',', 'and', 'S@@', 'hin@@', 'z@@', 'o', ',', 'and', 'saf@@', 'ety', '.', '</s>']
2025-05-03 13:05:51,517 - INFO - joeynmt.training - 	Source:     Indiens neuer Premierminister Narendra Modi trifft bei seinem ersten wichtigen Auslandsbesuch seit seinem Wahlsieg im Mai seinen japanischen Amtskollegen Shinzo Abe in Toko , um wirtschaftliche und sicherheitspolitische Beziehungen zu besprechen .
2025-05-03 13:05:51,517 - INFO - joeynmt.training - 	Reference:  India &apos;s new prime minister , Narendra Modi , is meeting his Japanese counterpart , Shinzo Abe , in Tokyo to discuss economic and security ties , on his first major foreign visit since winning May &apos;s election .
2025-05-03 13:05:51,517 - INFO - joeynmt.training - 	Hypothesis: India &apos;s prime minister Narendi &apos;s first important foreign policy in the first important foreign foreign agricultural and conduct in the Ministry of the Japanese Premier Shinzo , in Toko , in Toko , in the Shinzo Abe , and Shinzo , and safety .
2025-05-03 13:05:51,517 - INFO - joeynmt.training - Example #2
2025-05-03 13:05:51,517 - DEBUG - joeynmt.training - 	Tokenized source:     ['Herr', 'Mo@@', 'd@@', 'i', 'befindet', 'sich', 'auf', 'einer', 'fü@@', 'n@@', 'f@@', 'tä@@', 'gi@@', 'gen', 'Rei@@', 'se', 'nach', 'J@@', 'ap@@', 'an', ',', 'um', 'die', 'wirtschaf@@', 'tlichen', 'Be@@', 'zieh@@', 'ungen', 'mit', 'der', 'd@@', 'rit@@', 't@@', 'größ@@', 'ten', 'Wirtschafts@@', 'n@@', 'ation', 'der', 'Welt', 'zu', 'fes@@', 'tigen', '.']
2025-05-03 13:05:51,517 - DEBUG - joeynmt.training - 	Tokenized reference:  ['Mr', 'Mo@@', 'd@@', 'i', 'is', 'on', 'a', 'fi@@', 've', '@@@', '-@@', '@', 'day', 'tri@@', 'p', 'to', 'J@@', 'ap@@', 'an', 'to', 'streng@@', 'then', 'economic', 'ties', 'with', 'the', 'third', 'lar@@', 'ges@@', 't', 'econom@@', 'y', 'in', 'the', 'world', '.']
2025-05-03 13:05:51,517 - DEBUG - joeynmt.training - 	Tokenized hypothesis: ['Mr', 'Mo@@', 'd@@', 'i', 'is', 'located', 'on', 'a', 'fi@@', 'f@@', 'te@@', 'en', 'in', 'the', 'fi@@', 'f@@', 'te@@', 'en', 'world', ',', 'to', 'the', 'economic', 'rel@@', 'ations', 'with', 'the', 'third', 'world', '&apos;s', 'economic', 'rel@@', 'ations', 'with', 'the', 'third', 'world', '.', '</s>']
2025-05-03 13:05:51,517 - INFO - joeynmt.training - 	Source:     Herr Modi befindet sich auf einer fünftägigen Reise nach Japan , um die wirtschaftlichen Beziehungen mit der drittgrößten Wirtschaftsnation der Welt zu festigen .
2025-05-03 13:05:51,517 - INFO - joeynmt.training - 	Reference:  Mr Modi is on a five @-@ day trip to Japan to strengthen economic ties with the third largest economy in the world .
2025-05-03 13:05:51,517 - INFO - joeynmt.training - 	Hypothesis: Mr Modi is located on a fifteen in the fifteen world , to the economic relations with the third world &apos;s economic relations with the third world .
2025-05-03 13:05:51,518 - INFO - joeynmt.training - Example #3
2025-05-03 13:05:51,518 - DEBUG - joeynmt.training - 	Tokenized source:     ['P@@', 'län@@', 'e', 'für', 'eine', 'stärk@@', 'ere', 'k@@', 'ern@@', 'techn@@', 'ische', 'Zusammenarbeit', 'stehen', 'ganz', 'ob@@', 'en', 'auf', 'der', 'Tag@@', 'es@@', 'ordnung', '.']
2025-05-03 13:05:51,518 - DEBUG - joeynmt.training - 	Tokenized reference:  ['high', 'on', 'the', 'agen@@', 'da', 'are', 'pl@@', 'ans', 'for', 'gre@@', 'ater', 'nu@@', 'clear', 'c@@', 'o', '@@@', '-@@', '@', 'operation', '.']
2025-05-03 13:05:51,518 - DEBUG - joeynmt.training - 	Tokenized hypothesis: ['P@@', 'lan@@', 'e', 'for', 'more', 'more', 'seri@@', 'ous', 'techn@@', 'ical', 'cooperation', 'are', 'concer@@', 'ned', 'on', 'the', 'agen@@', 'da', '.', '</s>']
2025-05-03 13:05:51,518 - INFO - joeynmt.training - 	Source:     Pläne für eine stärkere kerntechnische Zusammenarbeit stehen ganz oben auf der Tagesordnung .
2025-05-03 13:05:51,518 - INFO - joeynmt.training - 	Reference:  high on the agenda are plans for greater nuclear co @-@ operation .
2025-05-03 13:05:51,518 - INFO - joeynmt.training - 	Hypothesis: Plane for more more serious technical cooperation are concerned on the agenda .
2025-05-03 13:05:51,518 - INFO - joeynmt.training - Example #4
2025-05-03 13:05:51,518 - DEBUG - joeynmt.training - 	Tokenized source:     ['Berich@@', 'ten', 'zu@@', 'fol@@', 'ge', 'ho@@', 'fft', 'Indi@@', 'en', 'darüber', 'hinaus', 'auf', 'einen', 'Ver@@', 'trag', 'zur', 'Ver@@', 'tei@@', 'dig@@', 'ungs@@', 'zusammen@@', 'arbeit', 'zwischen', 'den', 'beiden', 'N@@', 'ationen', '.']
2025-05-03 13:05:51,518 - DEBUG - joeynmt.training - 	Tokenized reference:  ['Indi@@', 'a', 'is', 'also', 're@@', 'porte@@', 'dly', 'hop@@', 'ing', 'for', 'a', 'de@@', 'al', 'on', 'def@@', 'ence', 'c@@', 'oll@@', 'ab@@', 'or@@', 'ation', 'between', 'the', 'two', 'n@@', 'ations', '.']
2025-05-03 13:05:51,518 - DEBUG - joeynmt.training - 	Tokenized hypothesis: ['re@@', 'ports', 'on', 'the', 're@@', 'ports', 'of', 'the', 're@@', 'ports', 'on', 'a', 'def@@', 'ence', 'cooperation', 'between', 'the', 'two', 'N@@', 'ations', '.', '</s>']
2025-05-03 13:05:51,518 - INFO - joeynmt.training - 	Source:     Berichten zufolge hofft Indien darüber hinaus auf einen Vertrag zur Verteidigungszusammenarbeit zwischen den beiden Nationen .
2025-05-03 13:05:51,518 - INFO - joeynmt.training - 	Reference:  India is also reportedly hoping for a deal on defence collaboration between the two nations .
2025-05-03 13:05:51,518 - INFO - joeynmt.training - 	Hypothesis: reports on the reports of the reports on a defence cooperation between the two Nations .
2025-05-03 13:05:56,779 - INFO - joeynmt.training - Epoch   5, Step:    20100, Batch Loss:     1.875325, Batch Acc: 0.479569, Tokens per Sec:    17200, Lr: 0.000300
2025-05-03 13:06:02,161 - INFO - joeynmt.training - Epoch   5, Step:    20200, Batch Loss:     1.816463, Batch Acc: 0.482185, Tokens per Sec:    17158, Lr: 0.000300
2025-05-03 13:06:07,436 - INFO - joeynmt.training - Epoch   5, Step:    20300, Batch Loss:     1.955366, Batch Acc: 0.475421, Tokens per Sec:    17188, Lr: 0.000300
2025-05-03 13:06:08,898 - INFO - joeynmt.training - Epoch   5: total training loss 7864.99
2025-05-03 13:06:08,898 - INFO - joeynmt.training - EPOCH 6
2025-05-03 13:06:12,921 - INFO - joeynmt.training - Epoch   6, Step:    20400, Batch Loss:     2.072686, Batch Acc: 0.501805, Tokens per Sec:    16392, Lr: 0.000300
2025-05-03 13:06:18,228 - INFO - joeynmt.training - Epoch   6, Step:    20500, Batch Loss:     1.710121, Batch Acc: 0.498520, Tokens per Sec:    17253, Lr: 0.000300
2025-05-03 13:06:18,228 - INFO - joeynmt.prediction - Predicting 500 example(s)... (Greedy decoding with min_output_length=1, max_output_length=-1, return_prob='none', generate_unk=True, repetition_penalty=-1, no_repeat_ngram_size=-1)
2025-05-03 13:06:23,375 - INFO - joeynmt.prediction - Evaluation result (greedy) loss:   2.26, ppl:   9.57, acc:   0.42, generation: 5.1407[sec], evaluation: 0.0000[sec]
2025-05-03 13:06:23,375 - INFO - joeynmt.training - Hooray! New best validation result [ppl]!
2025-05-03 13:06:23,456 - INFO - joeynmt.helpers - delete models/deen_transformer_post/18500.ckpt
2025-05-03 13:06:23,460 - INFO - joeynmt.training - Example #0
2025-05-03 13:06:23,462 - DEBUG - joeynmt.training - 	Tokenized source:     ['die', 'Pre@@', 'mi@@', 'er@@', 'minist@@', 'er', 'Indi@@', 'ens', 'und', 'J@@', 'ap@@', 'ans', 'tra@@', 'fen', 'sich', 'in', 'T@@', 'ok@@', 'i@@', 'o', '.']
2025-05-03 13:06:23,462 - DEBUG - joeynmt.training - 	Tokenized reference:  ['Indi@@', 'a', 'and', 'J@@', 'ap@@', 'an', 'pri@@', 'me', 'minist@@', 'ers', 'me@@', 'et', 'in', 'T@@', 'ok@@', 'y@@', 'o']
2025-05-03 13:06:23,462 - DEBUG - joeynmt.training - 	Tokenized hypothesis: ['the', 'pre@@', 'mi@@', 'gration', 'minist@@', 'ers', 'and', 'J@@', 'ap@@', 'ans', 'are', 'in', 'T@@', 'ok@@', 'i@@', 'o', '.', '</s>']
2025-05-03 13:06:23,462 - INFO - joeynmt.training - 	Source:     die Premierminister Indiens und Japans trafen sich in Tokio .
2025-05-03 13:06:23,462 - INFO - joeynmt.training - 	Reference:  India and Japan prime ministers meet in Tokyo
2025-05-03 13:06:23,462 - INFO - joeynmt.training - 	Hypothesis: the premigration ministers and Japans are in Tokio .
2025-05-03 13:06:23,462 - INFO - joeynmt.training - Example #1
2025-05-03 13:06:23,462 - DEBUG - joeynmt.training - 	Tokenized source:     ['Indi@@', 'ens', 'neu@@', 'er', 'Pre@@', 'mi@@', 'er@@', 'minist@@', 'er', 'N@@', 'ar@@', 'end@@', 'ra', 'Mo@@', 'd@@', 'i', 'tri@@', 'fft', 'bei', 's@@', 'einem', 'ersten', 'wichti@@', 'gen', 'Aus@@', 'land@@', 's@@', 'bes@@', 'u@@', 'ch', 'seit', 's@@', 'einem', 'W@@', 'ah@@', 'l@@', 'si@@', 'e@@', 'g', 'im', 'Ma@@', 'i', 'seinen', 'j@@', 'ap@@', 'an@@', 'ischen', 'Am@@', 'ts@@', 'k@@', 'olle@@', 'gen', 'S@@', 'hin@@', 'z@@', 'o', 'A@@', 'be', 'in', 'T@@', 'ok@@', 'o', ',', 'um', 'wirtschaf@@', 'tliche', 'und', 'sicher@@', 'heits@@', 'politische', 'Be@@', 'zieh@@', 'ungen', 'zu', 'bes@@', 'pre@@', 'chen', '.']
2025-05-03 13:06:23,462 - DEBUG - joeynmt.training - 	Tokenized reference:  ['Indi@@', 'a', '&apos;s', 'new', 'pri@@', 'me', 'minist@@', 'er', ',', 'N@@', 'ar@@', 'end@@', 'ra', 'Mo@@', 'd@@', 'i', ',', 'is', 'me@@', 'eting', 'his', 'J@@', 'ap@@', 'an@@', 'ese', 'coun@@', 'ter@@', 'part', ',', 'S@@', 'hin@@', 'z@@', 'o', 'A@@', 'be', ',', 'in', 'T@@', 'ok@@', 'y@@', 'o', 'to', 'disc@@', 'uss', 'economic', 'and', 'security', 'ties', ',', 'on', 'his', 'first', 'major', 'fore@@', 'ign', 'visi@@', 't', 'since', 'w@@', 'inn@@', 'ing', 'Ma@@', 'y', '&apos;s', 'elec@@', 'tion', '.']
2025-05-03 13:06:23,462 - DEBUG - joeynmt.training - 	Tokenized hypothesis: ['Indi@@', 'a', '&apos;s', 'new', 'pri@@', 'me', 'minist@@', 'er', 'N@@', 'ar@@', 'ra', 'Mo@@', 'd@@', 'i', 'te@@', 'ach@@', 'er', 'N@@', 'end@@', 'or@@', 'se', 'in', 'his', 'first', 'important', 'fore@@', 'ign', 'fore@@', 'ign', 'and', 'saf@@', 'ety', 'policy', 'rel@@', 'ations', 'to', 'the', 'S@@', 'hin@@', 'z@@', 'o', 'A@@', 'be', ',', 'in', 'the', 'M@@', 'j@@', 'ap@@', 'an@@', 'ese', 'and', 'saf@@', 'ety', 'policy', 'rel@@', 'ations', '.', '</s>']
2025-05-03 13:06:23,462 - INFO - joeynmt.training - 	Source:     Indiens neuer Premierminister Narendra Modi trifft bei seinem ersten wichtigen Auslandsbesuch seit seinem Wahlsieg im Mai seinen japanischen Amtskollegen Shinzo Abe in Toko , um wirtschaftliche und sicherheitspolitische Beziehungen zu besprechen .
2025-05-03 13:06:23,463 - INFO - joeynmt.training - 	Reference:  India &apos;s new prime minister , Narendra Modi , is meeting his Japanese counterpart , Shinzo Abe , in Tokyo to discuss economic and security ties , on his first major foreign visit since winning May &apos;s election .
2025-05-03 13:06:23,463 - INFO - joeynmt.training - 	Hypothesis: India &apos;s new prime minister Narra Modi teacher Nendorse in his first important foreign foreign and safety policy relations to the Shinzo Abe , in the Mjapanese and safety policy relations .
2025-05-03 13:06:23,463 - INFO - joeynmt.training - Example #2
2025-05-03 13:06:23,463 - DEBUG - joeynmt.training - 	Tokenized source:     ['Herr', 'Mo@@', 'd@@', 'i', 'befindet', 'sich', 'auf', 'einer', 'fü@@', 'n@@', 'f@@', 'tä@@', 'gi@@', 'gen', 'Rei@@', 'se', 'nach', 'J@@', 'ap@@', 'an', ',', 'um', 'die', 'wirtschaf@@', 'tlichen', 'Be@@', 'zieh@@', 'ungen', 'mit', 'der', 'd@@', 'rit@@', 't@@', 'größ@@', 'ten', 'Wirtschafts@@', 'n@@', 'ation', 'der', 'Welt', 'zu', 'fes@@', 'tigen', '.']
2025-05-03 13:06:23,463 - DEBUG - joeynmt.training - 	Tokenized reference:  ['Mr', 'Mo@@', 'd@@', 'i', 'is', 'on', 'a', 'fi@@', 've', '@@@', '-@@', '@', 'day', 'tri@@', 'p', 'to', 'J@@', 'ap@@', 'an', 'to', 'streng@@', 'then', 'economic', 'ties', 'with', 'the', 'third', 'lar@@', 'ges@@', 't', 'econom@@', 'y', 'in', 'the', 'world', '.']
2025-05-03 13:06:23,463 - DEBUG - joeynmt.training - 	Tokenized hypothesis: ['Mr', 'Mo@@', 'd@@', 'i', 'is', 'a', 'fi@@', 'f@@', 'th', 'number', 'of', 'f@@', 'ill@@', 's', 'to', 'J@@', 'ap@@', 'an', 'to', 'be', 'able', 'to', 'fo@@', 'c@@', 'us', 'on', 'the', 'economic', 'rel@@', 'ations', 'with', 'the', 'third', 'world', '.', '</s>']
2025-05-03 13:06:23,463 - INFO - joeynmt.training - 	Source:     Herr Modi befindet sich auf einer fünftägigen Reise nach Japan , um die wirtschaftlichen Beziehungen mit der drittgrößten Wirtschaftsnation der Welt zu festigen .
2025-05-03 13:06:23,463 - INFO - joeynmt.training - 	Reference:  Mr Modi is on a five @-@ day trip to Japan to strengthen economic ties with the third largest economy in the world .
2025-05-03 13:06:23,463 - INFO - joeynmt.training - 	Hypothesis: Mr Modi is a fifth number of fills to Japan to be able to focus on the economic relations with the third world .
2025-05-03 13:06:23,463 - INFO - joeynmt.training - Example #3
2025-05-03 13:06:23,463 - DEBUG - joeynmt.training - 	Tokenized source:     ['P@@', 'län@@', 'e', 'für', 'eine', 'stärk@@', 'ere', 'k@@', 'ern@@', 'techn@@', 'ische', 'Zusammenarbeit', 'stehen', 'ganz', 'ob@@', 'en', 'auf', 'der', 'Tag@@', 'es@@', 'ordnung', '.']
2025-05-03 13:06:23,463 - DEBUG - joeynmt.training - 	Tokenized reference:  ['high', 'on', 'the', 'agen@@', 'da', 'are', 'pl@@', 'ans', 'for', 'gre@@', 'ater', 'nu@@', 'clear', 'c@@', 'o', '@@@', '-@@', '@', 'operation', '.']
2025-05-03 13:06:23,463 - DEBUG - joeynmt.training - 	Tokenized hypothesis: ['P@@', 'en@@', 'e', 'for', 'more', 'seri@@', 'ous', 'techn@@', 'ical', 'cooperation', 'are', 'concer@@', 'ned', 'about', 'the', 'agen@@', 'da', '.', '</s>']
2025-05-03 13:06:23,464 - INFO - joeynmt.training - 	Source:     Pläne für eine stärkere kerntechnische Zusammenarbeit stehen ganz oben auf der Tagesordnung .
2025-05-03 13:06:23,464 - INFO - joeynmt.training - 	Reference:  high on the agenda are plans for greater nuclear co @-@ operation .
2025-05-03 13:06:23,464 - INFO - joeynmt.training - 	Hypothesis: Pene for more serious technical cooperation are concerned about the agenda .
2025-05-03 13:06:23,464 - INFO - joeynmt.training - Example #4
2025-05-03 13:06:23,464 - DEBUG - joeynmt.training - 	Tokenized source:     ['Berich@@', 'ten', 'zu@@', 'fol@@', 'ge', 'ho@@', 'fft', 'Indi@@', 'en', 'darüber', 'hinaus', 'auf', 'einen', 'Ver@@', 'trag', 'zur', 'Ver@@', 'tei@@', 'dig@@', 'ungs@@', 'zusammen@@', 'arbeit', 'zwischen', 'den', 'beiden', 'N@@', 'ationen', '.']
2025-05-03 13:06:23,464 - DEBUG - joeynmt.training - 	Tokenized reference:  ['Indi@@', 'a', 'is', 'also', 're@@', 'porte@@', 'dly', 'hop@@', 'ing', 'for', 'a', 'de@@', 'al', 'on', 'def@@', 'ence', 'c@@', 'oll@@', 'ab@@', 'or@@', 'ation', 'between', 'the', 'two', 'n@@', 'ations', '.']
2025-05-03 13:06:23,464 - DEBUG - joeynmt.training - 	Tokenized hypothesis: ['re@@', 'ports', ',', 'in', 'ad@@', 'dition', 'to', 'the', 'def@@', 'ence', 'cooperation', 'between', 'the', 'two', 'N@@', 'ations', '.', '</s>']
2025-05-03 13:06:23,464 - INFO - joeynmt.training - 	Source:     Berichten zufolge hofft Indien darüber hinaus auf einen Vertrag zur Verteidigungszusammenarbeit zwischen den beiden Nationen .
2025-05-03 13:06:23,464 - INFO - joeynmt.training - 	Reference:  India is also reportedly hoping for a deal on defence collaboration between the two nations .
2025-05-03 13:06:23,464 - INFO - joeynmt.training - 	Hypothesis: reports , in addition to the defence cooperation between the two Nations .
2025-05-03 13:06:28,707 - INFO - joeynmt.training - Epoch   6, Step:    20600, Batch Loss:     1.889694, Batch Acc: 0.500642, Tokens per Sec:    17371, Lr: 0.000300
2025-05-03 13:06:34,030 - INFO - joeynmt.training - Epoch   6, Step:    20700, Batch Loss:     1.609622, Batch Acc: 0.493182, Tokens per Sec:    17402, Lr: 0.000300
2025-05-03 13:06:39,347 - INFO - joeynmt.training - Epoch   6, Step:    20800, Batch Loss:     1.868705, Batch Acc: 0.497295, Tokens per Sec:    17142, Lr: 0.000300
2025-05-03 13:06:44,667 - INFO - joeynmt.training - Epoch   6, Step:    20900, Batch Loss:     1.841971, Batch Acc: 0.496636, Tokens per Sec:    17463, Lr: 0.000300
2025-05-03 13:06:49,969 - INFO - joeynmt.training - Epoch   6, Step:    21000, Batch Loss:     1.700205, Batch Acc: 0.500011, Tokens per Sec:    17479, Lr: 0.000300
2025-05-03 13:06:49,969 - INFO - joeynmt.prediction - Predicting 500 example(s)... (Greedy decoding with min_output_length=1, max_output_length=-1, return_prob='none', generate_unk=True, repetition_penalty=-1, no_repeat_ngram_size=-1)
2025-05-03 13:06:55,058 - INFO - joeynmt.prediction - Evaluation result (greedy) loss:   2.26, ppl:   9.61, acc:   0.42, generation: 5.0817[sec], evaluation: 0.0000[sec]
2025-05-03 13:06:55,139 - INFO - joeynmt.helpers - delete models/deen_transformer_post/18000.ckpt
2025-05-03 13:06:55,145 - INFO - joeynmt.training - Example #0
2025-05-03 13:06:55,145 - DEBUG - joeynmt.training - 	Tokenized source:     ['die', 'Pre@@', 'mi@@', 'er@@', 'minist@@', 'er', 'Indi@@', 'ens', 'und', 'J@@', 'ap@@', 'ans', 'tra@@', 'fen', 'sich', 'in', 'T@@', 'ok@@', 'i@@', 'o', '.']
2025-05-03 13:06:55,145 - DEBUG - joeynmt.training - 	Tokenized reference:  ['Indi@@', 'a', 'and', 'J@@', 'ap@@', 'an', 'pri@@', 'me', 'minist@@', 'ers', 'me@@', 'et', 'in', 'T@@', 'ok@@', 'y@@', 'o']
2025-05-03 13:06:55,145 - DEBUG - joeynmt.training - 	Tokenized hypothesis: ['the', 'Pri@@', 'me', 'Minist@@', 'er', 'and', 'J@@', 'ap@@', 'ans', 'are', 'tra@@', 'ck@@', 'ed', 'in', 'T@@', 'ok@@', 'i@@', 'o', '.', '</s>']
2025-05-03 13:06:55,145 - INFO - joeynmt.training - 	Source:     die Premierminister Indiens und Japans trafen sich in Tokio .
2025-05-03 13:06:55,145 - INFO - joeynmt.training - 	Reference:  India and Japan prime ministers meet in Tokyo
2025-05-03 13:06:55,145 - INFO - joeynmt.training - 	Hypothesis: the Prime Minister and Japans are tracked in Tokio .
2025-05-03 13:06:55,145 - INFO - joeynmt.training - Example #1
2025-05-03 13:06:55,146 - DEBUG - joeynmt.training - 	Tokenized source:     ['Indi@@', 'ens', 'neu@@', 'er', 'Pre@@', 'mi@@', 'er@@', 'minist@@', 'er', 'N@@', 'ar@@', 'end@@', 'ra', 'Mo@@', 'd@@', 'i', 'tri@@', 'fft', 'bei', 's@@', 'einem', 'ersten', 'wichti@@', 'gen', 'Aus@@', 'land@@', 's@@', 'bes@@', 'u@@', 'ch', 'seit', 's@@', 'einem', 'W@@', 'ah@@', 'l@@', 'si@@', 'e@@', 'g', 'im', 'Ma@@', 'i', 'seinen', 'j@@', 'ap@@', 'an@@', 'ischen', 'Am@@', 'ts@@', 'k@@', 'olle@@', 'gen', 'S@@', 'hin@@', 'z@@', 'o', 'A@@', 'be', 'in', 'T@@', 'ok@@', 'o', ',', 'um', 'wirtschaf@@', 'tliche', 'und', 'sicher@@', 'heits@@', 'politische', 'Be@@', 'zieh@@', 'ungen', 'zu', 'bes@@', 'pre@@', 'chen', '.']
2025-05-03 13:06:55,146 - DEBUG - joeynmt.training - 	Tokenized reference:  ['Indi@@', 'a', '&apos;s', 'new', 'pri@@', 'me', 'minist@@', 'er', ',', 'N@@', 'ar@@', 'end@@', 'ra', 'Mo@@', 'd@@', 'i', ',', 'is', 'me@@', 'eting', 'his', 'J@@', 'ap@@', 'an@@', 'ese', 'coun@@', 'ter@@', 'part', ',', 'S@@', 'hin@@', 'z@@', 'o', 'A@@', 'be', ',', 'in', 'T@@', 'ok@@', 'y@@', 'o', 'to', 'disc@@', 'uss', 'economic', 'and', 'security', 'ties', ',', 'on', 'his', 'first', 'major', 'fore@@', 'ign', 'visi@@', 't', 'since', 'w@@', 'inn@@', 'ing', 'Ma@@', 'y', '&apos;s', 'elec@@', 'tion', '.']
2025-05-03 13:06:55,146 - DEBUG - joeynmt.training - 	Tokenized hypothesis: ['Indi@@', 'a', '&apos;s', 'J@@', 'e@@', 'wish', 'J@@', 'e@@', 'wish', 'N@@', 'ar@@', 'd@@', 'i', 'Mo@@', 'd@@', 'i', '&apos;s', 'first', 'important', 'fore@@', 'ign', 'fore@@', 'ign', 'fore@@', 'ign', 'langu@@', 'ages', 'in', 'the', 'Mi@@', 'd@@', 'i', 'J@@', 'ap@@', 'an@@', 'ese', 'Am@@', 'm@@', 'ass@@', 'ac@@', 're', 'in', 'T@@', 'ok@@', 'o', ',', 'to', 'the', 'C@@', 'our@@', 't', 'of', 'A@@', 'be', ',', 'to', 're@@', 'ach', 'economic', 'and', 'saf@@', 'ety', '.', '</s>']
2025-05-03 13:06:55,146 - INFO - joeynmt.training - 	Source:     Indiens neuer Premierminister Narendra Modi trifft bei seinem ersten wichtigen Auslandsbesuch seit seinem Wahlsieg im Mai seinen japanischen Amtskollegen Shinzo Abe in Toko , um wirtschaftliche und sicherheitspolitische Beziehungen zu besprechen .
2025-05-03 13:06:55,146 - INFO - joeynmt.training - 	Reference:  India &apos;s new prime minister , Narendra Modi , is meeting his Japanese counterpart , Shinzo Abe , in Tokyo to discuss economic and security ties , on his first major foreign visit since winning May &apos;s election .
2025-05-03 13:06:55,146 - INFO - joeynmt.training - 	Hypothesis: India &apos;s Jewish Jewish Nardi Modi &apos;s first important foreign foreign foreign languages in the Midi Japanese Ammassacre in Toko , to the Court of Abe , to reach economic and safety .
2025-05-03 13:06:55,146 - INFO - joeynmt.training - Example #2
2025-05-03 13:06:55,146 - DEBUG - joeynmt.training - 	Tokenized source:     ['Herr', 'Mo@@', 'd@@', 'i', 'befindet', 'sich', 'auf', 'einer', 'fü@@', 'n@@', 'f@@', 'tä@@', 'gi@@', 'gen', 'Rei@@', 'se', 'nach', 'J@@', 'ap@@', 'an', ',', 'um', 'die', 'wirtschaf@@', 'tlichen', 'Be@@', 'zieh@@', 'ungen', 'mit', 'der', 'd@@', 'rit@@', 't@@', 'größ@@', 'ten', 'Wirtschafts@@', 'n@@', 'ation', 'der', 'Welt', 'zu', 'fes@@', 'tigen', '.']
2025-05-03 13:06:55,146 - DEBUG - joeynmt.training - 	Tokenized reference:  ['Mr', 'Mo@@', 'd@@', 'i', 'is', 'on', 'a', 'fi@@', 've', '@@@', '-@@', '@', 'day', 'tri@@', 'p', 'to', 'J@@', 'ap@@', 'an', 'to', 'streng@@', 'then', 'economic', 'ties', 'with', 'the', 'third', 'lar@@', 'ges@@', 't', 'econom@@', 'y', 'in', 'the', 'world', '.']
2025-05-03 13:06:55,146 - DEBUG - joeynmt.training - 	Tokenized hypothesis: ['Mr', 'Mo@@', 'd@@', 'i', 'is', 'located', 'on', 'a', 'fi@@', 'f@@', 'th', 'ri@@', 'ding', 'ser@@', 'ies', 'of', 'the', 'world', '&apos;s', 'economic', 'rel@@', 'ations', 'with', 'the', 'third', 'world', '.', '</s>']
2025-05-03 13:06:55,146 - INFO - joeynmt.training - 	Source:     Herr Modi befindet sich auf einer fünftägigen Reise nach Japan , um die wirtschaftlichen Beziehungen mit der drittgrößten Wirtschaftsnation der Welt zu festigen .
2025-05-03 13:06:55,146 - INFO - joeynmt.training - 	Reference:  Mr Modi is on a five @-@ day trip to Japan to strengthen economic ties with the third largest economy in the world .
2025-05-03 13:06:55,146 - INFO - joeynmt.training - 	Hypothesis: Mr Modi is located on a fifth riding series of the world &apos;s economic relations with the third world .
2025-05-03 13:06:55,147 - INFO - joeynmt.training - Example #3
2025-05-03 13:06:55,147 - DEBUG - joeynmt.training - 	Tokenized source:     ['P@@', 'län@@', 'e', 'für', 'eine', 'stärk@@', 'ere', 'k@@', 'ern@@', 'techn@@', 'ische', 'Zusammenarbeit', 'stehen', 'ganz', 'ob@@', 'en', 'auf', 'der', 'Tag@@', 'es@@', 'ordnung', '.']
2025-05-03 13:06:55,147 - DEBUG - joeynmt.training - 	Tokenized reference:  ['high', 'on', 'the', 'agen@@', 'da', 'are', 'pl@@', 'ans', 'for', 'gre@@', 'ater', 'nu@@', 'clear', 'c@@', 'o', '@@@', '-@@', '@', 'operation', '.']
2025-05-03 13:06:55,147 - DEBUG - joeynmt.training - 	Tokenized hypothesis: ['P@@', 'lan@@', 'e', 'for', 'more', 'seri@@', 'ous', 'techn@@', 'ical', 'cooperation', ',', 'are', 'the', 'subject', 'of', 'the', 'agen@@', 'da', '.', '</s>']
2025-05-03 13:06:55,147 - INFO - joeynmt.training - 	Source:     Pläne für eine stärkere kerntechnische Zusammenarbeit stehen ganz oben auf der Tagesordnung .
2025-05-03 13:06:55,147 - INFO - joeynmt.training - 	Reference:  high on the agenda are plans for greater nuclear co @-@ operation .
2025-05-03 13:06:55,147 - INFO - joeynmt.training - 	Hypothesis: Plane for more serious technical cooperation , are the subject of the agenda .
2025-05-03 13:06:55,147 - INFO - joeynmt.training - Example #4
2025-05-03 13:06:55,147 - DEBUG - joeynmt.training - 	Tokenized source:     ['Berich@@', 'ten', 'zu@@', 'fol@@', 'ge', 'ho@@', 'fft', 'Indi@@', 'en', 'darüber', 'hinaus', 'auf', 'einen', 'Ver@@', 'trag', 'zur', 'Ver@@', 'tei@@', 'dig@@', 'ungs@@', 'zusammen@@', 'arbeit', 'zwischen', 'den', 'beiden', 'N@@', 'ationen', '.']
2025-05-03 13:06:55,147 - DEBUG - joeynmt.training - 	Tokenized reference:  ['Indi@@', 'a', 'is', 'also', 're@@', 'porte@@', 'dly', 'hop@@', 'ing', 'for', 'a', 'de@@', 'al', 'on', 'def@@', 'ence', 'c@@', 'oll@@', 'ab@@', 'or@@', 'ation', 'between', 'the', 'two', 'n@@', 'ations', '.']
2025-05-03 13:06:55,147 - DEBUG - joeynmt.training - 	Tokenized hypothesis: ['the', 're@@', 'ports', 'of', 'the', 're@@', 'ports', 'in', 'the', 'distri@@', 'bution', 'of', 'the', 'comm@@', 'unic@@', 'ation', 'between', 'the', 'two', 'n@@', 'ations', '.', '</s>']
2025-05-03 13:06:55,147 - INFO - joeynmt.training - 	Source:     Berichten zufolge hofft Indien darüber hinaus auf einen Vertrag zur Verteidigungszusammenarbeit zwischen den beiden Nationen .
2025-05-03 13:06:55,147 - INFO - joeynmt.training - 	Reference:  India is also reportedly hoping for a deal on defence collaboration between the two nations .
2025-05-03 13:06:55,147 - INFO - joeynmt.training - 	Hypothesis: the reports of the reports in the distribution of the communication between the two nations .
2025-05-03 13:07:00,478 - INFO - joeynmt.training - Epoch   6, Step:    21100, Batch Loss:     1.853977, Batch Acc: 0.497008, Tokens per Sec:    16619, Lr: 0.000300
2025-05-03 13:07:05,771 - INFO - joeynmt.training - Epoch   6, Step:    21200, Batch Loss:     2.062450, Batch Acc: 0.488639, Tokens per Sec:    17411, Lr: 0.000300
2025-05-03 13:07:11,121 - INFO - joeynmt.training - Epoch   6, Step:    21300, Batch Loss:     1.961111, Batch Acc: 0.493457, Tokens per Sec:    17415, Lr: 0.000300
2025-05-03 13:07:16,426 - INFO - joeynmt.training - Epoch   6, Step:    21400, Batch Loss:     1.788088, Batch Acc: 0.493720, Tokens per Sec:    17111, Lr: 0.000300
2025-05-03 13:07:21,726 - INFO - joeynmt.training - Epoch   6, Step:    21500, Batch Loss:     1.758347, Batch Acc: 0.496455, Tokens per Sec:    17271, Lr: 0.000300
2025-05-03 13:07:21,726 - INFO - joeynmt.prediction - Predicting 500 example(s)... (Greedy decoding with min_output_length=1, max_output_length=-1, return_prob='none', generate_unk=True, repetition_penalty=-1, no_repeat_ngram_size=-1)
2025-05-03 13:07:26,929 - INFO - joeynmt.prediction - Evaluation result (greedy) loss:   2.24, ppl:   9.42, acc:   0.42, generation: 5.1952[sec], evaluation: 0.0000[sec]
2025-05-03 13:07:26,929 - INFO - joeynmt.training - Hooray! New best validation result [ppl]!
2025-05-03 13:07:27,013 - INFO - joeynmt.helpers - delete models/deen_transformer_post/19000.ckpt
2025-05-03 13:07:27,018 - INFO - joeynmt.training - Example #0
2025-05-03 13:07:27,018 - DEBUG - joeynmt.training - 	Tokenized source:     ['die', 'Pre@@', 'mi@@', 'er@@', 'minist@@', 'er', 'Indi@@', 'ens', 'und', 'J@@', 'ap@@', 'ans', 'tra@@', 'fen', 'sich', 'in', 'T@@', 'ok@@', 'i@@', 'o', '.']
2025-05-03 13:07:27,019 - DEBUG - joeynmt.training - 	Tokenized reference:  ['Indi@@', 'a', 'and', 'J@@', 'ap@@', 'an', 'pri@@', 'me', 'minist@@', 'ers', 'me@@', 'et', 'in', 'T@@', 'ok@@', 'y@@', 'o']
2025-05-03 13:07:27,019 - DEBUG - joeynmt.training - 	Tokenized hypothesis: ['the', 'Pri@@', 'me', 'Minist@@', 'er', 'of', 'Indi@@', 'a', 'and', 'J@@', 'ap@@', 'an', '&apos;s', 'pri@@', 'me', 'minist@@', 'er', ',', 'the', 'Pri@@', 'me', 'Minist@@', 'er', 'of', 'the', 'F@@', 'e@@', 'der@@', 'al', 'Minist@@', 'er', 'of', 'the', 'S@@', 'ec@@', 'on@@', 'd', '.', '</s>']
2025-05-03 13:07:27,019 - INFO - joeynmt.training - 	Source:     die Premierminister Indiens und Japans trafen sich in Tokio .
2025-05-03 13:07:27,019 - INFO - joeynmt.training - 	Reference:  India and Japan prime ministers meet in Tokyo
2025-05-03 13:07:27,019 - INFO - joeynmt.training - 	Hypothesis: the Prime Minister of India and Japan &apos;s prime minister , the Prime Minister of the Federal Minister of the Second .
2025-05-03 13:07:27,019 - INFO - joeynmt.training - Example #1
2025-05-03 13:07:27,019 - DEBUG - joeynmt.training - 	Tokenized source:     ['Indi@@', 'ens', 'neu@@', 'er', 'Pre@@', 'mi@@', 'er@@', 'minist@@', 'er', 'N@@', 'ar@@', 'end@@', 'ra', 'Mo@@', 'd@@', 'i', 'tri@@', 'fft', 'bei', 's@@', 'einem', 'ersten', 'wichti@@', 'gen', 'Aus@@', 'land@@', 's@@', 'bes@@', 'u@@', 'ch', 'seit', 's@@', 'einem', 'W@@', 'ah@@', 'l@@', 'si@@', 'e@@', 'g', 'im', 'Ma@@', 'i', 'seinen', 'j@@', 'ap@@', 'an@@', 'ischen', 'Am@@', 'ts@@', 'k@@', 'olle@@', 'gen', 'S@@', 'hin@@', 'z@@', 'o', 'A@@', 'be', 'in', 'T@@', 'ok@@', 'o', ',', 'um', 'wirtschaf@@', 'tliche', 'und', 'sicher@@', 'heits@@', 'politische', 'Be@@', 'zieh@@', 'ungen', 'zu', 'bes@@', 'pre@@', 'chen', '.']
2025-05-03 13:07:27,019 - DEBUG - joeynmt.training - 	Tokenized reference:  ['Indi@@', 'a', '&apos;s', 'new', 'pri@@', 'me', 'minist@@', 'er', ',', 'N@@', 'ar@@', 'end@@', 'ra', 'Mo@@', 'd@@', 'i', ',', 'is', 'me@@', 'eting', 'his', 'J@@', 'ap@@', 'an@@', 'ese', 'coun@@', 'ter@@', 'part', ',', 'S@@', 'hin@@', 'z@@', 'o', 'A@@', 'be', ',', 'in', 'T@@', 'ok@@', 'y@@', 'o', 'to', 'disc@@', 'uss', 'economic', 'and', 'security', 'ties', ',', 'on', 'his', 'first', 'major', 'fore@@', 'ign', 'visi@@', 't', 'since', 'w@@', 'inn@@', 'ing', 'Ma@@', 'y', '&apos;s', 'elec@@', 'tion', '.']
2025-05-03 13:07:27,019 - DEBUG - joeynmt.training - 	Tokenized hypothesis: ['Indi@@', 'a', '&apos;s', 'first', 'pri@@', 'me', 'Minist@@', 'er', 'N@@', 'ar@@', 'sen@@', 'al', 'of', 'the', 'first', 'first', 'important', 'fore@@', 'ign', 'fore@@', 'ign', 'fore@@', 'ign', 'fore@@', 'ign', 'fore@@', 'ign', 'fore@@', 'ign', 'policy', 'rel@@', 'ations', 'to', 'his', 'elec@@', 'tion', 'in', 'the', 'Ma@@', 'y', 'A@@', 'be', ',', 'in', 'the', 'Ma@@', 'y', 'A@@', 'be', ',', 'to', 'the', 'S@@', 'hin@@', 'z@@', 'o', ',', 'in', 'T@@', 'ok@@', 'o', ',', 'to', 'the', 'S@@', 'hin@@', 'z@@', 'o', ',', 'and', 'security', 'policy', 'rel@@', 'ations', '.', '</s>']
2025-05-03 13:07:27,019 - INFO - joeynmt.training - 	Source:     Indiens neuer Premierminister Narendra Modi trifft bei seinem ersten wichtigen Auslandsbesuch seit seinem Wahlsieg im Mai seinen japanischen Amtskollegen Shinzo Abe in Toko , um wirtschaftliche und sicherheitspolitische Beziehungen zu besprechen .
2025-05-03 13:07:27,019 - INFO - joeynmt.training - 	Reference:  India &apos;s new prime minister , Narendra Modi , is meeting his Japanese counterpart , Shinzo Abe , in Tokyo to discuss economic and security ties , on his first major foreign visit since winning May &apos;s election .
2025-05-03 13:07:27,020 - INFO - joeynmt.training - 	Hypothesis: India &apos;s first prime Minister Narsenal of the first first important foreign foreign foreign foreign foreign foreign policy relations to his election in the May Abe , in the May Abe , to the Shinzo , in Toko , to the Shinzo , and security policy relations .
2025-05-03 13:07:27,020 - INFO - joeynmt.training - Example #2
2025-05-03 13:07:27,020 - DEBUG - joeynmt.training - 	Tokenized source:     ['Herr', 'Mo@@', 'd@@', 'i', 'befindet', 'sich', 'auf', 'einer', 'fü@@', 'n@@', 'f@@', 'tä@@', 'gi@@', 'gen', 'Rei@@', 'se', 'nach', 'J@@', 'ap@@', 'an', ',', 'um', 'die', 'wirtschaf@@', 'tlichen', 'Be@@', 'zieh@@', 'ungen', 'mit', 'der', 'd@@', 'rit@@', 't@@', 'größ@@', 'ten', 'Wirtschafts@@', 'n@@', 'ation', 'der', 'Welt', 'zu', 'fes@@', 'tigen', '.']
2025-05-03 13:07:27,020 - DEBUG - joeynmt.training - 	Tokenized reference:  ['Mr', 'Mo@@', 'd@@', 'i', 'is', 'on', 'a', 'fi@@', 've', '@@@', '-@@', '@', 'day', 'tri@@', 'p', 'to', 'J@@', 'ap@@', 'an', 'to', 'streng@@', 'then', 'economic', 'ties', 'with', 'the', 'third', 'lar@@', 'ges@@', 't', 'econom@@', 'y', 'in', 'the', 'world', '.']
2025-05-03 13:07:27,020 - DEBUG - joeynmt.training - 	Tokenized hypothesis: ['Mr', 'Mo@@', 'd@@', 'i', 'is', 'a', 'fi@@', 'f@@', 'te@@', 'en', 'in', 'a', 'fi@@', 'f@@', 'te@@', 'en', 'number', 'of', 'people', 'to', 'de@@', 'al', 'with', 'the', 'third', 'lar@@', 'ges@@', 't', 'economic', 'rel@@', 'ations', 'with', 'the', 'third', 'lar@@', 'ges@@', 't', 'economic', 'rel@@', 'ations', '.', '</s>']
2025-05-03 13:07:27,020 - INFO - joeynmt.training - 	Source:     Herr Modi befindet sich auf einer fünftägigen Reise nach Japan , um die wirtschaftlichen Beziehungen mit der drittgrößten Wirtschaftsnation der Welt zu festigen .
2025-05-03 13:07:27,020 - INFO - joeynmt.training - 	Reference:  Mr Modi is on a five @-@ day trip to Japan to strengthen economic ties with the third largest economy in the world .
2025-05-03 13:07:27,020 - INFO - joeynmt.training - 	Hypothesis: Mr Modi is a fifteen in a fifteen number of people to deal with the third largest economic relations with the third largest economic relations .
2025-05-03 13:07:27,020 - INFO - joeynmt.training - Example #3
2025-05-03 13:07:27,020 - DEBUG - joeynmt.training - 	Tokenized source:     ['P@@', 'län@@', 'e', 'für', 'eine', 'stärk@@', 'ere', 'k@@', 'ern@@', 'techn@@', 'ische', 'Zusammenarbeit', 'stehen', 'ganz', 'ob@@', 'en', 'auf', 'der', 'Tag@@', 'es@@', 'ordnung', '.']
2025-05-03 13:07:27,020 - DEBUG - joeynmt.training - 	Tokenized reference:  ['high', 'on', 'the', 'agen@@', 'da', 'are', 'pl@@', 'ans', 'for', 'gre@@', 'ater', 'nu@@', 'clear', 'c@@', 'o', '@@@', '-@@', '@', 'operation', '.']
2025-05-03 13:07:27,020 - DEBUG - joeynmt.training - 	Tokenized hypothesis: ['P@@', 'lan@@', 'e', 'for', 'more', 'nu@@', 'clear', 'techn@@', 'ical', 'cooperation', 'are', 'very', 'much', 'to', 'be', 'the', 'subject', 'of', 'the', 'agen@@', 'da', '.', '</s>']
2025-05-03 13:07:27,020 - INFO - joeynmt.training - 	Source:     Pläne für eine stärkere kerntechnische Zusammenarbeit stehen ganz oben auf der Tagesordnung .
2025-05-03 13:07:27,020 - INFO - joeynmt.training - 	Reference:  high on the agenda are plans for greater nuclear co @-@ operation .
2025-05-03 13:07:27,021 - INFO - joeynmt.training - 	Hypothesis: Plane for more nuclear technical cooperation are very much to be the subject of the agenda .
2025-05-03 13:07:27,021 - INFO - joeynmt.training - Example #4
2025-05-03 13:07:27,021 - DEBUG - joeynmt.training - 	Tokenized source:     ['Berich@@', 'ten', 'zu@@', 'fol@@', 'ge', 'ho@@', 'fft', 'Indi@@', 'en', 'darüber', 'hinaus', 'auf', 'einen', 'Ver@@', 'trag', 'zur', 'Ver@@', 'tei@@', 'dig@@', 'ungs@@', 'zusammen@@', 'arbeit', 'zwischen', 'den', 'beiden', 'N@@', 'ationen', '.']
2025-05-03 13:07:27,021 - DEBUG - joeynmt.training - 	Tokenized reference:  ['Indi@@', 'a', 'is', 'also', 're@@', 'porte@@', 'dly', 'hop@@', 'ing', 'for', 'a', 'de@@', 'al', 'on', 'def@@', 'ence', 'c@@', 'oll@@', 'ab@@', 'or@@', 'ation', 'between', 'the', 'two', 'n@@', 'ations', '.']
2025-05-03 13:07:27,021 - DEBUG - joeynmt.training - 	Tokenized hypothesis: ['in', 'ad@@', 'dition', ',', 'Indi@@', 'a', ',', 'the', 'Committee', 'on', 'the', 'def@@', 'ence', 'of', 'the', 'two', 'n@@', 'ations', '.', '</s>']
2025-05-03 13:07:27,021 - INFO - joeynmt.training - 	Source:     Berichten zufolge hofft Indien darüber hinaus auf einen Vertrag zur Verteidigungszusammenarbeit zwischen den beiden Nationen .
2025-05-03 13:07:27,021 - INFO - joeynmt.training - 	Reference:  India is also reportedly hoping for a deal on defence collaboration between the two nations .
2025-05-03 13:07:27,021 - INFO - joeynmt.training - 	Hypothesis: in addition , India , the Committee on the defence of the two nations .
2025-05-03 13:07:32,406 - INFO - joeynmt.training - Epoch   6, Step:    21600, Batch Loss:     1.877620, Batch Acc: 0.489890, Tokens per Sec:    16381, Lr: 0.000300
2025-05-03 13:07:37,682 - INFO - joeynmt.training - Epoch   6, Step:    21700, Batch Loss:     1.915125, Batch Acc: 0.496175, Tokens per Sec:    17224, Lr: 0.000300
2025-05-03 13:07:42,998 - INFO - joeynmt.training - Epoch   6, Step:    21800, Batch Loss:     1.865126, Batch Acc: 0.491859, Tokens per Sec:    17330, Lr: 0.000300
2025-05-03 13:07:48,320 - INFO - joeynmt.training - Epoch   6, Step:    21900, Batch Loss:     2.004642, Batch Acc: 0.492405, Tokens per Sec:    17478, Lr: 0.000300
2025-05-03 13:07:53,620 - INFO - joeynmt.training - Epoch   6, Step:    22000, Batch Loss:     1.706678, Batch Acc: 0.490203, Tokens per Sec:    17126, Lr: 0.000300
2025-05-03 13:07:53,620 - INFO - joeynmt.prediction - Predicting 500 example(s)... (Greedy decoding with min_output_length=1, max_output_length=-1, return_prob='none', generate_unk=True, repetition_penalty=-1, no_repeat_ngram_size=-1)
2025-05-03 13:07:58,575 - INFO - joeynmt.prediction - Evaluation result (greedy) loss:   2.24, ppl:   9.39, acc:   0.43, generation: 4.9479[sec], evaluation: 0.0000[sec]
2025-05-03 13:07:58,575 - INFO - joeynmt.training - Hooray! New best validation result [ppl]!
2025-05-03 13:07:58,662 - INFO - joeynmt.helpers - delete models/deen_transformer_post/21000.ckpt
2025-05-03 13:07:58,668 - INFO - joeynmt.training - Example #0
2025-05-03 13:07:58,668 - DEBUG - joeynmt.training - 	Tokenized source:     ['die', 'Pre@@', 'mi@@', 'er@@', 'minist@@', 'er', 'Indi@@', 'ens', 'und', 'J@@', 'ap@@', 'ans', 'tra@@', 'fen', 'sich', 'in', 'T@@', 'ok@@', 'i@@', 'o', '.']
2025-05-03 13:07:58,668 - DEBUG - joeynmt.training - 	Tokenized reference:  ['Indi@@', 'a', 'and', 'J@@', 'ap@@', 'an', 'pri@@', 'me', 'minist@@', 'ers', 'me@@', 'et', 'in', 'T@@', 'ok@@', 'y@@', 'o']
2025-05-03 13:07:58,668 - DEBUG - joeynmt.training - 	Tokenized hypothesis: ['the', 'Pri@@', 'me', 'Minist@@', 'er', 'of', 'Minist@@', 'er', 'and', 'J@@', 'ap@@', 'ans', 'in', 'T@@', 'ok@@', 'i@@', 'o', '.', '</s>']
2025-05-03 13:07:58,669 - INFO - joeynmt.training - 	Source:     die Premierminister Indiens und Japans trafen sich in Tokio .
2025-05-03 13:07:58,669 - INFO - joeynmt.training - 	Reference:  India and Japan prime ministers meet in Tokyo
2025-05-03 13:07:58,669 - INFO - joeynmt.training - 	Hypothesis: the Prime Minister of Minister and Japans in Tokio .
2025-05-03 13:07:58,669 - INFO - joeynmt.training - Example #1
2025-05-03 13:07:58,669 - DEBUG - joeynmt.training - 	Tokenized source:     ['Indi@@', 'ens', 'neu@@', 'er', 'Pre@@', 'mi@@', 'er@@', 'minist@@', 'er', 'N@@', 'ar@@', 'end@@', 'ra', 'Mo@@', 'd@@', 'i', 'tri@@', 'fft', 'bei', 's@@', 'einem', 'ersten', 'wichti@@', 'gen', 'Aus@@', 'land@@', 's@@', 'bes@@', 'u@@', 'ch', 'seit', 's@@', 'einem', 'W@@', 'ah@@', 'l@@', 'si@@', 'e@@', 'g', 'im', 'Ma@@', 'i', 'seinen', 'j@@', 'ap@@', 'an@@', 'ischen', 'Am@@', 'ts@@', 'k@@', 'olle@@', 'gen', 'S@@', 'hin@@', 'z@@', 'o', 'A@@', 'be', 'in', 'T@@', 'ok@@', 'o', ',', 'um', 'wirtschaf@@', 'tliche', 'und', 'sicher@@', 'heits@@', 'politische', 'Be@@', 'zieh@@', 'ungen', 'zu', 'bes@@', 'pre@@', 'chen', '.']
2025-05-03 13:07:58,669 - DEBUG - joeynmt.training - 	Tokenized reference:  ['Indi@@', 'a', '&apos;s', 'new', 'pri@@', 'me', 'minist@@', 'er', ',', 'N@@', 'ar@@', 'end@@', 'ra', 'Mo@@', 'd@@', 'i', ',', 'is', 'me@@', 'eting', 'his', 'J@@', 'ap@@', 'an@@', 'ese', 'coun@@', 'ter@@', 'part', ',', 'S@@', 'hin@@', 'z@@', 'o', 'A@@', 'be', ',', 'in', 'T@@', 'ok@@', 'y@@', 'o', 'to', 'disc@@', 'uss', 'economic', 'and', 'security', 'ties', ',', 'on', 'his', 'first', 'major', 'fore@@', 'ign', 'visi@@', 't', 'since', 'w@@', 'inn@@', 'ing', 'Ma@@', 'y', '&apos;s', 'elec@@', 'tion', '.']
2025-05-03 13:07:58,669 - DEBUG - joeynmt.training - 	Tokenized hypothesis: ['Indi@@', 'a', '&apos;s', 'new', 'Pri@@', 'me', 'Minist@@', 'er', 'N@@', 'ar@@', 'th', 'Mo@@', 'd@@', 'i', 'is', 'the', 'first', 'important', 'fore@@', 'ign', 'fore@@', 'ign', 'fore@@', 'ign', 'fore@@', 'ign', 'fore@@', 'ign', 'fore@@', 'ign', 'auth@@', 'orities', ',', 'in', 'the', 'M@@', 'y', 'A@@', 'be', ',', 'in', 'the', 'M@@', 'or@@', 'i@@', 'r', 'A@@', 'be', 'in', 'T@@', 'ok@@', 'o', ',', 'in', 'order', 'to', 're@@', 'ach', 'economic', 'and', 'saf@@', 'ety', 'policy', 'rel@@', 'ations', '.', '</s>']
2025-05-03 13:07:58,669 - INFO - joeynmt.training - 	Source:     Indiens neuer Premierminister Narendra Modi trifft bei seinem ersten wichtigen Auslandsbesuch seit seinem Wahlsieg im Mai seinen japanischen Amtskollegen Shinzo Abe in Toko , um wirtschaftliche und sicherheitspolitische Beziehungen zu besprechen .
2025-05-03 13:07:58,669 - INFO - joeynmt.training - 	Reference:  India &apos;s new prime minister , Narendra Modi , is meeting his Japanese counterpart , Shinzo Abe , in Tokyo to discuss economic and security ties , on his first major foreign visit since winning May &apos;s election .
2025-05-03 13:07:58,670 - INFO - joeynmt.training - 	Hypothesis: India &apos;s new Prime Minister Narth Modi is the first important foreign foreign foreign foreign foreign foreign authorities , in the My Abe , in the Morir Abe in Toko , in order to reach economic and safety policy relations .
2025-05-03 13:07:58,670 - INFO - joeynmt.training - Example #2
2025-05-03 13:07:58,670 - DEBUG - joeynmt.training - 	Tokenized source:     ['Herr', 'Mo@@', 'd@@', 'i', 'befindet', 'sich', 'auf', 'einer', 'fü@@', 'n@@', 'f@@', 'tä@@', 'gi@@', 'gen', 'Rei@@', 'se', 'nach', 'J@@', 'ap@@', 'an', ',', 'um', 'die', 'wirtschaf@@', 'tlichen', 'Be@@', 'zieh@@', 'ungen', 'mit', 'der', 'd@@', 'rit@@', 't@@', 'größ@@', 'ten', 'Wirtschafts@@', 'n@@', 'ation', 'der', 'Welt', 'zu', 'fes@@', 'tigen', '.']
2025-05-03 13:07:58,670 - DEBUG - joeynmt.training - 	Tokenized reference:  ['Mr', 'Mo@@', 'd@@', 'i', 'is', 'on', 'a', 'fi@@', 've', '@@@', '-@@', '@', 'day', 'tri@@', 'p', 'to', 'J@@', 'ap@@', 'an', 'to', 'streng@@', 'then', 'economic', 'ties', 'with', 'the', 'third', 'lar@@', 'ges@@', 't', 'econom@@', 'y', 'in', 'the', 'world', '.']
2025-05-03 13:07:58,670 - DEBUG - joeynmt.training - 	Tokenized hypothesis: ['Mr', 'Mo@@', 'd@@', 'i', 'is', 'a', 'c@@', 'ru@@', 'cial', 'tra@@', 'ff@@', 'ic', 'to', 'J@@', 'ap@@', 'an', 'to', 'J@@', 'ap@@', 'an', 'to', 'the', 'economic', 'rel@@', 'ations', 'with', 'the', 'third', 'world', '.', '</s>']
2025-05-03 13:07:58,670 - INFO - joeynmt.training - 	Source:     Herr Modi befindet sich auf einer fünftägigen Reise nach Japan , um die wirtschaftlichen Beziehungen mit der drittgrößten Wirtschaftsnation der Welt zu festigen .
2025-05-03 13:07:58,670 - INFO - joeynmt.training - 	Reference:  Mr Modi is on a five @-@ day trip to Japan to strengthen economic ties with the third largest economy in the world .
2025-05-03 13:07:58,670 - INFO - joeynmt.training - 	Hypothesis: Mr Modi is a crucial traffic to Japan to Japan to the economic relations with the third world .
2025-05-03 13:07:58,670 - INFO - joeynmt.training - Example #3
2025-05-03 13:07:58,670 - DEBUG - joeynmt.training - 	Tokenized source:     ['P@@', 'län@@', 'e', 'für', 'eine', 'stärk@@', 'ere', 'k@@', 'ern@@', 'techn@@', 'ische', 'Zusammenarbeit', 'stehen', 'ganz', 'ob@@', 'en', 'auf', 'der', 'Tag@@', 'es@@', 'ordnung', '.']
2025-05-03 13:07:58,670 - DEBUG - joeynmt.training - 	Tokenized reference:  ['high', 'on', 'the', 'agen@@', 'da', 'are', 'pl@@', 'ans', 'for', 'gre@@', 'ater', 'nu@@', 'clear', 'c@@', 'o', '@@@', '-@@', '@', 'operation', '.']
2025-05-03 13:07:58,670 - DEBUG - joeynmt.training - 	Tokenized hypothesis: ['P@@', 'en@@', 'a', '&apos;s', 'gre@@', 'ater', 'c@@', 'are', 'of', 'c@@', 'aus@@', 'ing', 'a', 'more', 'c@@', 'ru@@', 'cial', 'cooperation', '.', '</s>']
2025-05-03 13:07:58,671 - INFO - joeynmt.training - 	Source:     Pläne für eine stärkere kerntechnische Zusammenarbeit stehen ganz oben auf der Tagesordnung .
2025-05-03 13:07:58,671 - INFO - joeynmt.training - 	Reference:  high on the agenda are plans for greater nuclear co @-@ operation .
2025-05-03 13:07:58,671 - INFO - joeynmt.training - 	Hypothesis: Pena &apos;s greater care of causing a more crucial cooperation .
2025-05-03 13:07:58,671 - INFO - joeynmt.training - Example #4
2025-05-03 13:07:58,671 - DEBUG - joeynmt.training - 	Tokenized source:     ['Berich@@', 'ten', 'zu@@', 'fol@@', 'ge', 'ho@@', 'fft', 'Indi@@', 'en', 'darüber', 'hinaus', 'auf', 'einen', 'Ver@@', 'trag', 'zur', 'Ver@@', 'tei@@', 'dig@@', 'ungs@@', 'zusammen@@', 'arbeit', 'zwischen', 'den', 'beiden', 'N@@', 'ationen', '.']
2025-05-03 13:07:58,672 - DEBUG - joeynmt.training - 	Tokenized reference:  ['Indi@@', 'a', 'is', 'also', 're@@', 'porte@@', 'dly', 'hop@@', 'ing', 'for', 'a', 'de@@', 'al', 'on', 'def@@', 'ence', 'c@@', 'oll@@', 'ab@@', 'or@@', 'ation', 'between', 'the', 'two', 'n@@', 'ations', '.']
2025-05-03 13:07:58,672 - DEBUG - joeynmt.training - 	Tokenized hypothesis: ['re@@', 'ports', 'also', 'on', 'the', 'con@@', 'f@@', 'lic@@', 't', 'of', 'the', 're@@', 'ports', 'on', 'a', 'con@@', 'tra@@', 'ct', 'cooperation', 'between', 'the', 'two', 'N@@', 'ations', '.', '</s>']
2025-05-03 13:07:58,672 - INFO - joeynmt.training - 	Source:     Berichten zufolge hofft Indien darüber hinaus auf einen Vertrag zur Verteidigungszusammenarbeit zwischen den beiden Nationen .
2025-05-03 13:07:58,672 - INFO - joeynmt.training - 	Reference:  India is also reportedly hoping for a deal on defence collaboration between the two nations .
2025-05-03 13:07:58,672 - INFO - joeynmt.training - 	Hypothesis: reports also on the conflict of the reports on a contract cooperation between the two Nations .
2025-05-03 13:08:03,969 - INFO - joeynmt.training - Epoch   6, Step:    22100, Batch Loss:     1.782396, Batch Acc: 0.491006, Tokens per Sec:    16914, Lr: 0.000300
2025-05-03 13:08:09,236 - INFO - joeynmt.training - Epoch   6, Step:    22200, Batch Loss:     1.929631, Batch Acc: 0.492707, Tokens per Sec:    17480, Lr: 0.000300
2025-05-03 13:08:14,441 - INFO - joeynmt.training - Epoch   6, Step:    22300, Batch Loss:     1.922774, Batch Acc: 0.488800, Tokens per Sec:    17907, Lr: 0.000300
2025-05-03 13:08:19,868 - INFO - joeynmt.training - Epoch   6, Step:    22400, Batch Loss:     2.126719, Batch Acc: 0.490639, Tokens per Sec:    16762, Lr: 0.000300
2025-05-03 13:08:25,070 - INFO - joeynmt.training - Epoch   6, Step:    22500, Batch Loss:     1.993549, Batch Acc: 0.488153, Tokens per Sec:    17845, Lr: 0.000300
2025-05-03 13:08:25,070 - INFO - joeynmt.prediction - Predicting 500 example(s)... (Greedy decoding with min_output_length=1, max_output_length=-1, return_prob='none', generate_unk=True, repetition_penalty=-1, no_repeat_ngram_size=-1)
2025-05-03 13:08:31,346 - INFO - joeynmt.prediction - Evaluation result (greedy) loss:   2.25, ppl:   9.48, acc:   0.42, generation: 6.2692[sec], evaluation: 0.0000[sec]
2025-05-03 13:08:31,431 - INFO - joeynmt.helpers - delete models/deen_transformer_post/19500.ckpt
2025-05-03 13:08:31,436 - INFO - joeynmt.training - Example #0
2025-05-03 13:08:31,436 - DEBUG - joeynmt.training - 	Tokenized source:     ['die', 'Pre@@', 'mi@@', 'er@@', 'minist@@', 'er', 'Indi@@', 'ens', 'und', 'J@@', 'ap@@', 'ans', 'tra@@', 'fen', 'sich', 'in', 'T@@', 'ok@@', 'i@@', 'o', '.']
2025-05-03 13:08:31,436 - DEBUG - joeynmt.training - 	Tokenized reference:  ['Indi@@', 'a', 'and', 'J@@', 'ap@@', 'an', 'pri@@', 'me', 'minist@@', 'ers', 'me@@', 'et', 'in', 'T@@', 'ok@@', 'y@@', 'o']
2025-05-03 13:08:31,436 - DEBUG - joeynmt.training - 	Tokenized hypothesis: ['the', 'pri@@', 'me', 'minist@@', 'er', 'of', 'Indi@@', 'a', 'and', 'J@@', 'ap@@', 'ans', 'are', 'de@@', 'al@@', 'ing', 'with', 'the', 'pri@@', 'me', 'minist@@', 'er', 'of', 'the', 'pri@@', 'me', 'minist@@', 'er', 'and', 'J@@', 'ap@@', 'ans', '.', '</s>']
2025-05-03 13:08:31,436 - INFO - joeynmt.training - 	Source:     die Premierminister Indiens und Japans trafen sich in Tokio .
2025-05-03 13:08:31,436 - INFO - joeynmt.training - 	Reference:  India and Japan prime ministers meet in Tokyo
2025-05-03 13:08:31,436 - INFO - joeynmt.training - 	Hypothesis: the prime minister of India and Japans are dealing with the prime minister of the prime minister and Japans .
2025-05-03 13:08:31,436 - INFO - joeynmt.training - Example #1
2025-05-03 13:08:31,438 - DEBUG - joeynmt.training - 	Tokenized source:     ['Indi@@', 'ens', 'neu@@', 'er', 'Pre@@', 'mi@@', 'er@@', 'minist@@', 'er', 'N@@', 'ar@@', 'end@@', 'ra', 'Mo@@', 'd@@', 'i', 'tri@@', 'fft', 'bei', 's@@', 'einem', 'ersten', 'wichti@@', 'gen', 'Aus@@', 'land@@', 's@@', 'bes@@', 'u@@', 'ch', 'seit', 's@@', 'einem', 'W@@', 'ah@@', 'l@@', 'si@@', 'e@@', 'g', 'im', 'Ma@@', 'i', 'seinen', 'j@@', 'ap@@', 'an@@', 'ischen', 'Am@@', 'ts@@', 'k@@', 'olle@@', 'gen', 'S@@', 'hin@@', 'z@@', 'o', 'A@@', 'be', 'in', 'T@@', 'ok@@', 'o', ',', 'um', 'wirtschaf@@', 'tliche', 'und', 'sicher@@', 'heits@@', 'politische', 'Be@@', 'zieh@@', 'ungen', 'zu', 'bes@@', 'pre@@', 'chen', '.']
2025-05-03 13:08:31,438 - DEBUG - joeynmt.training - 	Tokenized reference:  ['Indi@@', 'a', '&apos;s', 'new', 'pri@@', 'me', 'minist@@', 'er', ',', 'N@@', 'ar@@', 'end@@', 'ra', 'Mo@@', 'd@@', 'i', ',', 'is', 'me@@', 'eting', 'his', 'J@@', 'ap@@', 'an@@', 'ese', 'coun@@', 'ter@@', 'part', ',', 'S@@', 'hin@@', 'z@@', 'o', 'A@@', 'be', ',', 'in', 'T@@', 'ok@@', 'y@@', 'o', 'to', 'disc@@', 'uss', 'economic', 'and', 'security', 'ties', ',', 'on', 'his', 'first', 'major', 'fore@@', 'ign', 'visi@@', 't', 'since', 'w@@', 'inn@@', 'ing', 'Ma@@', 'y', '&apos;s', 'elec@@', 'tion', '.']
2025-05-03 13:08:31,438 - DEBUG - joeynmt.training - 	Tokenized hypothesis: ['Indi@@', 'a', '&apos;s', 'new', 'pri@@', 'me', 'minist@@', 'er', 'N@@', 'ar@@', 'end@@', 'ra', 'Mo@@', 'd@@', 'i', 'was', 'the', 'first', 'important', 'fore@@', 'ign', 'fore@@', 'ign', 'fore@@', 'ign', 'fore@@', 'ign', 'and', 'security', 'policy', 'rel@@', 'ations', 'with', 'the', 'first', 'time', 'of', 'the', 'J@@', 'ap@@', 'an@@', 'ese', 'of', 'the', 'J@@', 'ap@@', 'an@@', 'ese', 'of', 'A@@', 'be', ',', 'in', 'order', 'to', 'visi@@', 't', 'the', 'economic', 'and', 'saf@@', 'ety', '.', '</s>']
2025-05-03 13:08:31,438 - INFO - joeynmt.training - 	Source:     Indiens neuer Premierminister Narendra Modi trifft bei seinem ersten wichtigen Auslandsbesuch seit seinem Wahlsieg im Mai seinen japanischen Amtskollegen Shinzo Abe in Toko , um wirtschaftliche und sicherheitspolitische Beziehungen zu besprechen .
2025-05-03 13:08:31,438 - INFO - joeynmt.training - 	Reference:  India &apos;s new prime minister , Narendra Modi , is meeting his Japanese counterpart , Shinzo Abe , in Tokyo to discuss economic and security ties , on his first major foreign visit since winning May &apos;s election .
2025-05-03 13:08:31,438 - INFO - joeynmt.training - 	Hypothesis: India &apos;s new prime minister Narendra Modi was the first important foreign foreign foreign foreign and security policy relations with the first time of the Japanese of the Japanese of Abe , in order to visit the economic and safety .
2025-05-03 13:08:31,438 - INFO - joeynmt.training - Example #2
2025-05-03 13:08:31,438 - DEBUG - joeynmt.training - 	Tokenized source:     ['Herr', 'Mo@@', 'd@@', 'i', 'befindet', 'sich', 'auf', 'einer', 'fü@@', 'n@@', 'f@@', 'tä@@', 'gi@@', 'gen', 'Rei@@', 'se', 'nach', 'J@@', 'ap@@', 'an', ',', 'um', 'die', 'wirtschaf@@', 'tlichen', 'Be@@', 'zieh@@', 'ungen', 'mit', 'der', 'd@@', 'rit@@', 't@@', 'größ@@', 'ten', 'Wirtschafts@@', 'n@@', 'ation', 'der', 'Welt', 'zu', 'fes@@', 'tigen', '.']
2025-05-03 13:08:31,438 - DEBUG - joeynmt.training - 	Tokenized reference:  ['Mr', 'Mo@@', 'd@@', 'i', 'is', 'on', 'a', 'fi@@', 've', '@@@', '-@@', '@', 'day', 'tri@@', 'p', 'to', 'J@@', 'ap@@', 'an', 'to', 'streng@@', 'then', 'economic', 'ties', 'with', 'the', 'third', 'lar@@', 'ges@@', 't', 'econom@@', 'y', 'in', 'the', 'world', '.']
2025-05-03 13:08:31,438 - DEBUG - joeynmt.training - 	Tokenized hypothesis: ['Mr', 'Mo@@', 'd@@', 'i', 'is', 'a', 'f@@', 'la@@', 'g@@', 'ship', 'of', 'the', 'world', '&apos;s', 'economic', 'rel@@', 'ations', 'with', 'the', 'third', 'lar@@', 'ges@@', 't', 'economic', 'rel@@', 'ations', 'with', 'the', 'third', 'lar@@', 'ges@@', 't', 'economic', 'rel@@', 'ations', 'of', 'the', 'world', '.', '</s>']
2025-05-03 13:08:31,438 - INFO - joeynmt.training - 	Source:     Herr Modi befindet sich auf einer fünftägigen Reise nach Japan , um die wirtschaftlichen Beziehungen mit der drittgrößten Wirtschaftsnation der Welt zu festigen .
2025-05-03 13:08:31,438 - INFO - joeynmt.training - 	Reference:  Mr Modi is on a five @-@ day trip to Japan to strengthen economic ties with the third largest economy in the world .
2025-05-03 13:08:31,438 - INFO - joeynmt.training - 	Hypothesis: Mr Modi is a flagship of the world &apos;s economic relations with the third largest economic relations with the third largest economic relations of the world .
2025-05-03 13:08:31,438 - INFO - joeynmt.training - Example #3
2025-05-03 13:08:31,439 - DEBUG - joeynmt.training - 	Tokenized source:     ['P@@', 'län@@', 'e', 'für', 'eine', 'stärk@@', 'ere', 'k@@', 'ern@@', 'techn@@', 'ische', 'Zusammenarbeit', 'stehen', 'ganz', 'ob@@', 'en', 'auf', 'der', 'Tag@@', 'es@@', 'ordnung', '.']
2025-05-03 13:08:31,439 - DEBUG - joeynmt.training - 	Tokenized reference:  ['high', 'on', 'the', 'agen@@', 'da', 'are', 'pl@@', 'ans', 'for', 'gre@@', 'ater', 'nu@@', 'clear', 'c@@', 'o', '@@@', '-@@', '@', 'operation', '.']
2025-05-03 13:08:31,439 - DEBUG - joeynmt.training - 	Tokenized hypothesis: ['the', 'b@@', 'ig@@', 'ges@@', 't', 'for', 'a', 'str@@', 'ong', 'techn@@', 'ical', 'cooperation', 'are', 'very', 'ob@@', 'vi@@', 'ously', 'ob@@', 'vi@@', 'ously', 'on', 'the', 'agen@@', 'da', '.', '</s>']
2025-05-03 13:08:31,439 - INFO - joeynmt.training - 	Source:     Pläne für eine stärkere kerntechnische Zusammenarbeit stehen ganz oben auf der Tagesordnung .
2025-05-03 13:08:31,439 - INFO - joeynmt.training - 	Reference:  high on the agenda are plans for greater nuclear co @-@ operation .
2025-05-03 13:08:31,439 - INFO - joeynmt.training - 	Hypothesis: the biggest for a strong technical cooperation are very obviously obviously on the agenda .
2025-05-03 13:08:31,439 - INFO - joeynmt.training - Example #4
2025-05-03 13:08:31,439 - DEBUG - joeynmt.training - 	Tokenized source:     ['Berich@@', 'ten', 'zu@@', 'fol@@', 'ge', 'ho@@', 'fft', 'Indi@@', 'en', 'darüber', 'hinaus', 'auf', 'einen', 'Ver@@', 'trag', 'zur', 'Ver@@', 'tei@@', 'dig@@', 'ungs@@', 'zusammen@@', 'arbeit', 'zwischen', 'den', 'beiden', 'N@@', 'ationen', '.']
2025-05-03 13:08:31,439 - DEBUG - joeynmt.training - 	Tokenized reference:  ['Indi@@', 'a', 'is', 'also', 're@@', 'porte@@', 'dly', 'hop@@', 'ing', 'for', 'a', 'de@@', 'al', 'on', 'def@@', 'ence', 'c@@', 'oll@@', 'ab@@', 'or@@', 'ation', 'between', 'the', 'two', 'n@@', 'ations', '.']
2025-05-03 13:08:31,439 - DEBUG - joeynmt.training - 	Tokenized hypothesis: ['the', 're@@', 'ports', 'also', 'has', 'been', 'in', 'the', 're@@', 'ports', 'on', 'a', 'con@@', 'f@@', 'lic@@', 't', 'of', 'the', 'two', 'n@@', 'ations', '.', '</s>']
2025-05-03 13:08:31,439 - INFO - joeynmt.training - 	Source:     Berichten zufolge hofft Indien darüber hinaus auf einen Vertrag zur Verteidigungszusammenarbeit zwischen den beiden Nationen .
2025-05-03 13:08:31,439 - INFO - joeynmt.training - 	Reference:  India is also reportedly hoping for a deal on defence collaboration between the two nations .
2025-05-03 13:08:31,439 - INFO - joeynmt.training - 	Hypothesis: the reports also has been in the reports on a conflict of the two nations .
2025-05-03 13:08:36,722 - INFO - joeynmt.training - Epoch   6, Step:    22600, Batch Loss:     1.795190, Batch Acc: 0.488778, Tokens per Sec:    17031, Lr: 0.000300
2025-05-03 13:08:42,238 - INFO - joeynmt.training - Epoch   6, Step:    22700, Batch Loss:     1.934827, Batch Acc: 0.491496, Tokens per Sec:    16577, Lr: 0.000300
2025-05-03 13:08:47,445 - INFO - joeynmt.training - Epoch   6, Step:    22800, Batch Loss:     1.948141, Batch Acc: 0.491830, Tokens per Sec:    17584, Lr: 0.000300
2025-05-03 13:08:52,777 - INFO - joeynmt.training - Epoch   6, Step:    22900, Batch Loss:     1.908842, Batch Acc: 0.492501, Tokens per Sec:    17462, Lr: 0.000300
2025-05-03 13:08:58,088 - INFO - joeynmt.training - Epoch   6, Step:    23000, Batch Loss:     1.716564, Batch Acc: 0.492301, Tokens per Sec:    17205, Lr: 0.000300
2025-05-03 13:08:58,088 - INFO - joeynmt.prediction - Predicting 500 example(s)... (Greedy decoding with min_output_length=1, max_output_length=-1, return_prob='none', generate_unk=True, repetition_penalty=-1, no_repeat_ngram_size=-1)
2025-05-03 13:09:03,361 - INFO - joeynmt.prediction - Evaluation result (greedy) loss:   2.22, ppl:   9.23, acc:   0.43, generation: 5.2641[sec], evaluation: 0.0000[sec]
2025-05-03 13:09:03,361 - INFO - joeynmt.training - Hooray! New best validation result [ppl]!
2025-05-03 13:09:03,441 - INFO - joeynmt.helpers - delete models/deen_transformer_post/20000.ckpt
2025-05-03 13:09:03,446 - INFO - joeynmt.training - Example #0
2025-05-03 13:09:03,446 - DEBUG - joeynmt.training - 	Tokenized source:     ['die', 'Pre@@', 'mi@@', 'er@@', 'minist@@', 'er', 'Indi@@', 'ens', 'und', 'J@@', 'ap@@', 'ans', 'tra@@', 'fen', 'sich', 'in', 'T@@', 'ok@@', 'i@@', 'o', '.']
2025-05-03 13:09:03,446 - DEBUG - joeynmt.training - 	Tokenized reference:  ['Indi@@', 'a', 'and', 'J@@', 'ap@@', 'an', 'pri@@', 'me', 'minist@@', 'ers', 'me@@', 'et', 'in', 'T@@', 'ok@@', 'y@@', 'o']
2025-05-03 13:09:03,446 - DEBUG - joeynmt.training - 	Tokenized hypothesis: ['the', 'Pri@@', 'me', 'Minist@@', 'er', 'and', 'J@@', 'ap@@', 'an', 'and', 'J@@', 'e@@', 'wish', 'J@@', 'ap@@', 'an', 'and', 'J@@', 'ap@@', 'an', '.', '</s>']
2025-05-03 13:09:03,447 - INFO - joeynmt.training - 	Source:     die Premierminister Indiens und Japans trafen sich in Tokio .
2025-05-03 13:09:03,447 - INFO - joeynmt.training - 	Reference:  India and Japan prime ministers meet in Tokyo
2025-05-03 13:09:03,447 - INFO - joeynmt.training - 	Hypothesis: the Prime Minister and Japan and Jewish Japan and Japan .
2025-05-03 13:09:03,447 - INFO - joeynmt.training - Example #1
2025-05-03 13:09:03,447 - DEBUG - joeynmt.training - 	Tokenized source:     ['Indi@@', 'ens', 'neu@@', 'er', 'Pre@@', 'mi@@', 'er@@', 'minist@@', 'er', 'N@@', 'ar@@', 'end@@', 'ra', 'Mo@@', 'd@@', 'i', 'tri@@', 'fft', 'bei', 's@@', 'einem', 'ersten', 'wichti@@', 'gen', 'Aus@@', 'land@@', 's@@', 'bes@@', 'u@@', 'ch', 'seit', 's@@', 'einem', 'W@@', 'ah@@', 'l@@', 'si@@', 'e@@', 'g', 'im', 'Ma@@', 'i', 'seinen', 'j@@', 'ap@@', 'an@@', 'ischen', 'Am@@', 'ts@@', 'k@@', 'olle@@', 'gen', 'S@@', 'hin@@', 'z@@', 'o', 'A@@', 'be', 'in', 'T@@', 'ok@@', 'o', ',', 'um', 'wirtschaf@@', 'tliche', 'und', 'sicher@@', 'heits@@', 'politische', 'Be@@', 'zieh@@', 'ungen', 'zu', 'bes@@', 'pre@@', 'chen', '.']
2025-05-03 13:09:03,447 - DEBUG - joeynmt.training - 	Tokenized reference:  ['Indi@@', 'a', '&apos;s', 'new', 'pri@@', 'me', 'minist@@', 'er', ',', 'N@@', 'ar@@', 'end@@', 'ra', 'Mo@@', 'd@@', 'i', ',', 'is', 'me@@', 'eting', 'his', 'J@@', 'ap@@', 'an@@', 'ese', 'coun@@', 'ter@@', 'part', ',', 'S@@', 'hin@@', 'z@@', 'o', 'A@@', 'be', ',', 'in', 'T@@', 'ok@@', 'y@@', 'o', 'to', 'disc@@', 'uss', 'economic', 'and', 'security', 'ties', ',', 'on', 'his', 'first', 'major', 'fore@@', 'ign', 'visi@@', 't', 'since', 'w@@', 'inn@@', 'ing', 'Ma@@', 'y', '&apos;s', 'elec@@', 'tion', '.']
2025-05-03 13:09:03,447 - DEBUG - joeynmt.training - 	Tokenized hypothesis: ['Indi@@', 'a', '&apos;s', 'new', 'Pri@@', 'me', 'Minist@@', 'er', 'N@@', 'ar@@', 'i', 'was', 'a', 'first', 'part', 'of', 'his', 'first', 'in@@', '-@@', 'h@@', 'ouse', 'for', 'his', 'first', 'in@@', '-@@', 'his', 'first', 'in@@', '-@@', 'h@@', 'ouse', 'of', 'his', 'elec@@', 'tion', 'in', 'the', 'M@@', 'us@@', 'li@@', 'm', 'A@@', 'be', 'in', 'T@@', 'ok@@', 'o', ',', 'in', 'T@@', 'ok@@', 'o', ',', 'in', 'the', 'first', 'place', 'for', 'its', 'first', 'time', '.', '</s>']
2025-05-03 13:09:03,447 - INFO - joeynmt.training - 	Source:     Indiens neuer Premierminister Narendra Modi trifft bei seinem ersten wichtigen Auslandsbesuch seit seinem Wahlsieg im Mai seinen japanischen Amtskollegen Shinzo Abe in Toko , um wirtschaftliche und sicherheitspolitische Beziehungen zu besprechen .
2025-05-03 13:09:03,447 - INFO - joeynmt.training - 	Reference:  India &apos;s new prime minister , Narendra Modi , is meeting his Japanese counterpart , Shinzo Abe , in Tokyo to discuss economic and security ties , on his first major foreign visit since winning May &apos;s election .
2025-05-03 13:09:03,447 - INFO - joeynmt.training - 	Hypothesis: India &apos;s new Prime Minister Nari was a first part of his first in-house for his first in-his first in-house of his election in the Muslim Abe in Toko , in Toko , in the first place for its first time .
2025-05-03 13:09:03,447 - INFO - joeynmt.training - Example #2
2025-05-03 13:09:03,448 - DEBUG - joeynmt.training - 	Tokenized source:     ['Herr', 'Mo@@', 'd@@', 'i', 'befindet', 'sich', 'auf', 'einer', 'fü@@', 'n@@', 'f@@', 'tä@@', 'gi@@', 'gen', 'Rei@@', 'se', 'nach', 'J@@', 'ap@@', 'an', ',', 'um', 'die', 'wirtschaf@@', 'tlichen', 'Be@@', 'zieh@@', 'ungen', 'mit', 'der', 'd@@', 'rit@@', 't@@', 'größ@@', 'ten', 'Wirtschafts@@', 'n@@', 'ation', 'der', 'Welt', 'zu', 'fes@@', 'tigen', '.']
2025-05-03 13:09:03,448 - DEBUG - joeynmt.training - 	Tokenized reference:  ['Mr', 'Mo@@', 'd@@', 'i', 'is', 'on', 'a', 'fi@@', 've', '@@@', '-@@', '@', 'day', 'tri@@', 'p', 'to', 'J@@', 'ap@@', 'an', 'to', 'streng@@', 'then', 'economic', 'ties', 'with', 'the', 'third', 'lar@@', 'ges@@', 't', 'econom@@', 'y', 'in', 'the', 'world', '.']
2025-05-03 13:09:03,448 - DEBUG - joeynmt.training - 	Tokenized hypothesis: ['Mr', 'Mo@@', 'd@@', 'i', 'is', 'a', 'f@@', 'our', 'f@@', 'our', 'of', 'the', 'world', '&apos;s', 'most', 'important', 't@@', 'op@@', 'ic', 'to', 'J@@', 'ap@@', 'an', 'to', 'J@@', 'ap@@', 'an', 'to', 'the', 'economic', 'rel@@', 'ations', 'with', 'the', 'third', 'lar@@', 'ges@@', 't', 'economic', 'rel@@', 'ations', '.', '</s>']
2025-05-03 13:09:03,448 - INFO - joeynmt.training - 	Source:     Herr Modi befindet sich auf einer fünftägigen Reise nach Japan , um die wirtschaftlichen Beziehungen mit der drittgrößten Wirtschaftsnation der Welt zu festigen .
2025-05-03 13:09:03,448 - INFO - joeynmt.training - 	Reference:  Mr Modi is on a five @-@ day trip to Japan to strengthen economic ties with the third largest economy in the world .
2025-05-03 13:09:03,448 - INFO - joeynmt.training - 	Hypothesis: Mr Modi is a four four of the world &apos;s most important topic to Japan to Japan to the economic relations with the third largest economic relations .
2025-05-03 13:09:03,448 - INFO - joeynmt.training - Example #3
2025-05-03 13:09:03,448 - DEBUG - joeynmt.training - 	Tokenized source:     ['P@@', 'län@@', 'e', 'für', 'eine', 'stärk@@', 'ere', 'k@@', 'ern@@', 'techn@@', 'ische', 'Zusammenarbeit', 'stehen', 'ganz', 'ob@@', 'en', 'auf', 'der', 'Tag@@', 'es@@', 'ordnung', '.']
2025-05-03 13:09:03,448 - DEBUG - joeynmt.training - 	Tokenized reference:  ['high', 'on', 'the', 'agen@@', 'da', 'are', 'pl@@', 'ans', 'for', 'gre@@', 'ater', 'nu@@', 'clear', 'c@@', 'o', '@@@', '-@@', '@', 'operation', '.']
2025-05-03 13:09:03,448 - DEBUG - joeynmt.training - 	Tokenized hypothesis: ['pl@@', 'ans', 'for', 'a', 'more', 'seri@@', 'ous', 'techn@@', 'ical', 'cooperation', 'is', 'the', 'same', 'on', 'the', 'agen@@', 'da', '.', '</s>']
2025-05-03 13:09:03,448 - INFO - joeynmt.training - 	Source:     Pläne für eine stärkere kerntechnische Zusammenarbeit stehen ganz oben auf der Tagesordnung .
2025-05-03 13:09:03,448 - INFO - joeynmt.training - 	Reference:  high on the agenda are plans for greater nuclear co @-@ operation .
2025-05-03 13:09:03,448 - INFO - joeynmt.training - 	Hypothesis: plans for a more serious technical cooperation is the same on the agenda .
2025-05-03 13:09:03,448 - INFO - joeynmt.training - Example #4
2025-05-03 13:09:03,449 - DEBUG - joeynmt.training - 	Tokenized source:     ['Berich@@', 'ten', 'zu@@', 'fol@@', 'ge', 'ho@@', 'fft', 'Indi@@', 'en', 'darüber', 'hinaus', 'auf', 'einen', 'Ver@@', 'trag', 'zur', 'Ver@@', 'tei@@', 'dig@@', 'ungs@@', 'zusammen@@', 'arbeit', 'zwischen', 'den', 'beiden', 'N@@', 'ationen', '.']
2025-05-03 13:09:03,449 - DEBUG - joeynmt.training - 	Tokenized reference:  ['Indi@@', 'a', 'is', 'also', 're@@', 'porte@@', 'dly', 'hop@@', 'ing', 'for', 'a', 'de@@', 'al', 'on', 'def@@', 'ence', 'c@@', 'oll@@', 'ab@@', 'or@@', 'ation', 'between', 'the', 'two', 'n@@', 'ations', '.']
2025-05-03 13:09:03,449 - DEBUG - joeynmt.training - 	Tokenized hypothesis: ['the', 're@@', 'ports', 'also', 'hop@@', 'es', 'for', 'the', 'comm@@', 'ittee', 'on', 'the', 'con@@', 'tra@@', 'ct', 'of', 'the', 'two', 'N@@', 'ations', '.', '</s>']
2025-05-03 13:09:03,449 - INFO - joeynmt.training - 	Source:     Berichten zufolge hofft Indien darüber hinaus auf einen Vertrag zur Verteidigungszusammenarbeit zwischen den beiden Nationen .
2025-05-03 13:09:03,449 - INFO - joeynmt.training - 	Reference:  India is also reportedly hoping for a deal on defence collaboration between the two nations .
2025-05-03 13:09:03,449 - INFO - joeynmt.training - 	Hypothesis: the reports also hopes for the committee on the contract of the two Nations .
2025-05-03 13:09:08,777 - INFO - joeynmt.training - Epoch   6, Step:    23100, Batch Loss:     1.935279, Batch Acc: 0.493425, Tokens per Sec:    17058, Lr: 0.000300
2025-05-03 13:09:14,160 - INFO - joeynmt.training - Epoch   6, Step:    23200, Batch Loss:     1.974119, Batch Acc: 0.495042, Tokens per Sec:    17337, Lr: 0.000300
2025-05-03 13:09:19,463 - INFO - joeynmt.training - Epoch   6, Step:    23300, Batch Loss:     1.988363, Batch Acc: 0.494779, Tokens per Sec:    17117, Lr: 0.000300
2025-05-03 13:09:24,721 - INFO - joeynmt.training - Epoch   6, Step:    23400, Batch Loss:     1.882223, Batch Acc: 0.486861, Tokens per Sec:    17111, Lr: 0.000300
2025-05-03 13:09:30,086 - INFO - joeynmt.training - Epoch   6, Step:    23500, Batch Loss:     1.850722, Batch Acc: 0.495198, Tokens per Sec:    17234, Lr: 0.000300
2025-05-03 13:09:30,086 - INFO - joeynmt.prediction - Predicting 500 example(s)... (Greedy decoding with min_output_length=1, max_output_length=-1, return_prob='none', generate_unk=True, repetition_penalty=-1, no_repeat_ngram_size=-1)
2025-05-03 13:09:35,079 - INFO - joeynmt.prediction - Evaluation result (greedy) loss:   2.23, ppl:   9.31, acc:   0.43, generation: 4.9867[sec], evaluation: 0.0000[sec]
2025-05-03 13:09:35,159 - INFO - joeynmt.helpers - delete models/deen_transformer_post/20500.ckpt
2025-05-03 13:09:35,165 - INFO - joeynmt.training - Example #0
2025-05-03 13:09:35,165 - DEBUG - joeynmt.training - 	Tokenized source:     ['die', 'Pre@@', 'mi@@', 'er@@', 'minist@@', 'er', 'Indi@@', 'ens', 'und', 'J@@', 'ap@@', 'ans', 'tra@@', 'fen', 'sich', 'in', 'T@@', 'ok@@', 'i@@', 'o', '.']
2025-05-03 13:09:35,165 - DEBUG - joeynmt.training - 	Tokenized reference:  ['Indi@@', 'a', 'and', 'J@@', 'ap@@', 'an', 'pri@@', 'me', 'minist@@', 'ers', 'me@@', 'et', 'in', 'T@@', 'ok@@', 'y@@', 'o']
2025-05-03 13:09:35,165 - DEBUG - joeynmt.training - 	Tokenized hypothesis: ['the', 'Pri@@', 'me', 'Minist@@', 'er', 'of', 'Indi@@', 'a', 'and', 'J@@', 'ap@@', 'an', '.', '</s>']
2025-05-03 13:09:35,165 - INFO - joeynmt.training - 	Source:     die Premierminister Indiens und Japans trafen sich in Tokio .
2025-05-03 13:09:35,165 - INFO - joeynmt.training - 	Reference:  India and Japan prime ministers meet in Tokyo
2025-05-03 13:09:35,165 - INFO - joeynmt.training - 	Hypothesis: the Prime Minister of India and Japan .
2025-05-03 13:09:35,165 - INFO - joeynmt.training - Example #1
2025-05-03 13:09:35,166 - DEBUG - joeynmt.training - 	Tokenized source:     ['Indi@@', 'ens', 'neu@@', 'er', 'Pre@@', 'mi@@', 'er@@', 'minist@@', 'er', 'N@@', 'ar@@', 'end@@', 'ra', 'Mo@@', 'd@@', 'i', 'tri@@', 'fft', 'bei', 's@@', 'einem', 'ersten', 'wichti@@', 'gen', 'Aus@@', 'land@@', 's@@', 'bes@@', 'u@@', 'ch', 'seit', 's@@', 'einem', 'W@@', 'ah@@', 'l@@', 'si@@', 'e@@', 'g', 'im', 'Ma@@', 'i', 'seinen', 'j@@', 'ap@@', 'an@@', 'ischen', 'Am@@', 'ts@@', 'k@@', 'olle@@', 'gen', 'S@@', 'hin@@', 'z@@', 'o', 'A@@', 'be', 'in', 'T@@', 'ok@@', 'o', ',', 'um', 'wirtschaf@@', 'tliche', 'und', 'sicher@@', 'heits@@', 'politische', 'Be@@', 'zieh@@', 'ungen', 'zu', 'bes@@', 'pre@@', 'chen', '.']
2025-05-03 13:09:35,166 - DEBUG - joeynmt.training - 	Tokenized reference:  ['Indi@@', 'a', '&apos;s', 'new', 'pri@@', 'me', 'minist@@', 'er', ',', 'N@@', 'ar@@', 'end@@', 'ra', 'Mo@@', 'd@@', 'i', ',', 'is', 'me@@', 'eting', 'his', 'J@@', 'ap@@', 'an@@', 'ese', 'coun@@', 'ter@@', 'part', ',', 'S@@', 'hin@@', 'z@@', 'o', 'A@@', 'be', ',', 'in', 'T@@', 'ok@@', 'y@@', 'o', 'to', 'disc@@', 'uss', 'economic', 'and', 'security', 'ties', ',', 'on', 'his', 'first', 'major', 'fore@@', 'ign', 'visi@@', 't', 'since', 'w@@', 'inn@@', 'ing', 'Ma@@', 'y', '&apos;s', 'elec@@', 'tion', '.']
2025-05-03 13:09:35,166 - DEBUG - joeynmt.training - 	Tokenized hypothesis: ['Indi@@', 'a', '&apos;s', 'pre@@', 'mi@@', 'er', 'of', 'the', 'N@@', 'ar@@', 'd@@', 'i', 'was', 're@@', 'ach@@', 'ed', 'in', 'his', 'first', 'first', 'first', 'first', 'of', 'all', 'his', 'elec@@', 'tion', 'in', 'the', 'Mi@@', 'd@@', 'd@@', 'i', 'C@@', 're@@', 'ative', 'Pro@@', 'te@@', 'ction', 'of', 'S@@', 'hin@@', 'z@@', 'o', 'A@@', 'be', ',', 'in', 'order', 'to', 're@@', 'm@@', 'ember', 'of', 'the', 'J@@', 'ap@@', 'an@@', 'ese', ',', 'in', 'order', 'to', 'a@@', 'vo@@', 'id', 'economic', 'and', 'security', 'policy', '.', '</s>']
2025-05-03 13:09:35,166 - INFO - joeynmt.training - 	Source:     Indiens neuer Premierminister Narendra Modi trifft bei seinem ersten wichtigen Auslandsbesuch seit seinem Wahlsieg im Mai seinen japanischen Amtskollegen Shinzo Abe in Toko , um wirtschaftliche und sicherheitspolitische Beziehungen zu besprechen .
2025-05-03 13:09:35,166 - INFO - joeynmt.training - 	Reference:  India &apos;s new prime minister , Narendra Modi , is meeting his Japanese counterpart , Shinzo Abe , in Tokyo to discuss economic and security ties , on his first major foreign visit since winning May &apos;s election .
2025-05-03 13:09:35,166 - INFO - joeynmt.training - 	Hypothesis: India &apos;s premier of the Nardi was reached in his first first first first of all his election in the Middi Creative Protection of Shinzo Abe , in order to remember of the Japanese , in order to avoid economic and security policy .
2025-05-03 13:09:35,166 - INFO - joeynmt.training - Example #2
2025-05-03 13:09:35,166 - DEBUG - joeynmt.training - 	Tokenized source:     ['Herr', 'Mo@@', 'd@@', 'i', 'befindet', 'sich', 'auf', 'einer', 'fü@@', 'n@@', 'f@@', 'tä@@', 'gi@@', 'gen', 'Rei@@', 'se', 'nach', 'J@@', 'ap@@', 'an', ',', 'um', 'die', 'wirtschaf@@', 'tlichen', 'Be@@', 'zieh@@', 'ungen', 'mit', 'der', 'd@@', 'rit@@', 't@@', 'größ@@', 'ten', 'Wirtschafts@@', 'n@@', 'ation', 'der', 'Welt', 'zu', 'fes@@', 'tigen', '.']
2025-05-03 13:09:35,166 - DEBUG - joeynmt.training - 	Tokenized reference:  ['Mr', 'Mo@@', 'd@@', 'i', 'is', 'on', 'a', 'fi@@', 've', '@@@', '-@@', '@', 'day', 'tri@@', 'p', 'to', 'J@@', 'ap@@', 'an', 'to', 'streng@@', 'then', 'economic', 'ties', 'with', 'the', 'third', 'lar@@', 'ges@@', 't', 'econom@@', 'y', 'in', 'the', 'world', '.']
2025-05-03 13:09:35,166 - DEBUG - joeynmt.training - 	Tokenized hypothesis: ['Mr', 'Mo@@', 'd@@', 'i', 'is', 'located', 'on', 'a', 'fi@@', 'f@@', 'te@@', 'en', 'tra@@', 'ff@@', 'ic', 'in', 'order', 'to', 'the', 'world', '&apos;s', 'economic', 'rel@@', 'ation@@', 'ship', 'with', 'the', 'third', 'lar@@', 'ges@@', 't', 'economic', 'rel@@', 'ation@@', 'ship', 'with', 'the', 'third', 'world', '.', '</s>']
2025-05-03 13:09:35,166 - INFO - joeynmt.training - 	Source:     Herr Modi befindet sich auf einer fünftägigen Reise nach Japan , um die wirtschaftlichen Beziehungen mit der drittgrößten Wirtschaftsnation der Welt zu festigen .
2025-05-03 13:09:35,166 - INFO - joeynmt.training - 	Reference:  Mr Modi is on a five @-@ day trip to Japan to strengthen economic ties with the third largest economy in the world .
2025-05-03 13:09:35,166 - INFO - joeynmt.training - 	Hypothesis: Mr Modi is located on a fifteen traffic in order to the world &apos;s economic relationship with the third largest economic relationship with the third world .
2025-05-03 13:09:35,166 - INFO - joeynmt.training - Example #3
2025-05-03 13:09:35,167 - DEBUG - joeynmt.training - 	Tokenized source:     ['P@@', 'län@@', 'e', 'für', 'eine', 'stärk@@', 'ere', 'k@@', 'ern@@', 'techn@@', 'ische', 'Zusammenarbeit', 'stehen', 'ganz', 'ob@@', 'en', 'auf', 'der', 'Tag@@', 'es@@', 'ordnung', '.']
2025-05-03 13:09:35,167 - DEBUG - joeynmt.training - 	Tokenized reference:  ['high', 'on', 'the', 'agen@@', 'da', 'are', 'pl@@', 'ans', 'for', 'gre@@', 'ater', 'nu@@', 'clear', 'c@@', 'o', '@@@', '-@@', '@', 'operation', '.']
2025-05-03 13:09:35,167 - DEBUG - joeynmt.training - 	Tokenized hypothesis: ['P@@', 'lan@@', 'e', 'for', 'a', 'str@@', 'ong', 'techn@@', 'ical', 'cooperation', 'are', 'very', 'ob@@', 'vi@@', 'ously', 'on', 'the', 'agen@@', 'da', '.', '</s>']
2025-05-03 13:09:35,167 - INFO - joeynmt.training - 	Source:     Pläne für eine stärkere kerntechnische Zusammenarbeit stehen ganz oben auf der Tagesordnung .
2025-05-03 13:09:35,167 - INFO - joeynmt.training - 	Reference:  high on the agenda are plans for greater nuclear co @-@ operation .
2025-05-03 13:09:35,167 - INFO - joeynmt.training - 	Hypothesis: Plane for a strong technical cooperation are very obviously on the agenda .
2025-05-03 13:09:35,167 - INFO - joeynmt.training - Example #4
2025-05-03 13:09:35,167 - DEBUG - joeynmt.training - 	Tokenized source:     ['Berich@@', 'ten', 'zu@@', 'fol@@', 'ge', 'ho@@', 'fft', 'Indi@@', 'en', 'darüber', 'hinaus', 'auf', 'einen', 'Ver@@', 'trag', 'zur', 'Ver@@', 'tei@@', 'dig@@', 'ungs@@', 'zusammen@@', 'arbeit', 'zwischen', 'den', 'beiden', 'N@@', 'ationen', '.']
2025-05-03 13:09:35,167 - DEBUG - joeynmt.training - 	Tokenized reference:  ['Indi@@', 'a', 'is', 'also', 're@@', 'porte@@', 'dly', 'hop@@', 'ing', 'for', 'a', 'de@@', 'al', 'on', 'def@@', 'ence', 'c@@', 'oll@@', 'ab@@', 'or@@', 'ation', 'between', 'the', 'two', 'n@@', 'ations', '.']
2025-05-03 13:09:35,167 - DEBUG - joeynmt.training - 	Tokenized hypothesis: ['in', 'ad@@', 'dition', ',', 'Indi@@', 'a', 'has', 'also', 'been', 'able', 'to', 'def@@', 'end', 'a', 'con@@', 'tra@@', 'ct', 'on', 'a', 'con@@', 'text', 'of', 'def@@', 'ence', 'between', 'the', 'two', 'n@@', 'ations', '.', '</s>']
2025-05-03 13:09:35,167 - INFO - joeynmt.training - 	Source:     Berichten zufolge hofft Indien darüber hinaus auf einen Vertrag zur Verteidigungszusammenarbeit zwischen den beiden Nationen .
2025-05-03 13:09:35,167 - INFO - joeynmt.training - 	Reference:  India is also reportedly hoping for a deal on defence collaboration between the two nations .
2025-05-03 13:09:35,167 - INFO - joeynmt.training - 	Hypothesis: in addition , India has also been able to defend a contract on a context of defence between the two nations .
2025-05-03 13:09:40,544 - INFO - joeynmt.training - Epoch   6, Step:    23600, Batch Loss:     2.041414, Batch Acc: 0.497249, Tokens per Sec:    16794, Lr: 0.000300
2025-05-03 13:09:45,794 - INFO - joeynmt.training - Epoch   6, Step:    23700, Batch Loss:     1.913799, Batch Acc: 0.492328, Tokens per Sec:    17628, Lr: 0.000300
2025-05-03 13:09:51,277 - INFO - joeynmt.training - Epoch   6, Step:    23800, Batch Loss:     2.100499, Batch Acc: 0.495945, Tokens per Sec:    16822, Lr: 0.000300
2025-05-03 13:09:56,524 - INFO - joeynmt.training - Epoch   6, Step:    23900, Batch Loss:     1.733215, Batch Acc: 0.494771, Tokens per Sec:    17531, Lr: 0.000300
2025-05-03 13:10:01,825 - INFO - joeynmt.training - Epoch   6, Step:    24000, Batch Loss:     1.890068, Batch Acc: 0.494988, Tokens per Sec:    17293, Lr: 0.000300
2025-05-03 13:10:01,825 - INFO - joeynmt.prediction - Predicting 500 example(s)... (Greedy decoding with min_output_length=1, max_output_length=-1, return_prob='none', generate_unk=True, repetition_penalty=-1, no_repeat_ngram_size=-1)
2025-05-03 13:10:06,971 - INFO - joeynmt.prediction - Evaluation result (greedy) loss:   2.21, ppl:   9.16, acc:   0.43, generation: 5.1389[sec], evaluation: 0.0000[sec]
2025-05-03 13:10:06,971 - INFO - joeynmt.training - Hooray! New best validation result [ppl]!
2025-05-03 13:10:07,053 - INFO - joeynmt.helpers - delete models/deen_transformer_post/22500.ckpt
2025-05-03 13:10:07,058 - INFO - joeynmt.training - Example #0
2025-05-03 13:10:07,058 - DEBUG - joeynmt.training - 	Tokenized source:     ['die', 'Pre@@', 'mi@@', 'er@@', 'minist@@', 'er', 'Indi@@', 'ens', 'und', 'J@@', 'ap@@', 'ans', 'tra@@', 'fen', 'sich', 'in', 'T@@', 'ok@@', 'i@@', 'o', '.']
2025-05-03 13:10:07,058 - DEBUG - joeynmt.training - 	Tokenized reference:  ['Indi@@', 'a', 'and', 'J@@', 'ap@@', 'an', 'pri@@', 'me', 'minist@@', 'ers', 'me@@', 'et', 'in', 'T@@', 'ok@@', 'y@@', 'o']
2025-05-03 13:10:07,058 - DEBUG - joeynmt.training - 	Tokenized hypothesis: ['the', 'Pri@@', 'me', 'Minist@@', 'er', 'of', 'Indi@@', 'a', 'and', 'J@@', 'ap@@', 'an', 'and', 'J@@', 'ap@@', 'an', '.', '</s>']
2025-05-03 13:10:07,058 - INFO - joeynmt.training - 	Source:     die Premierminister Indiens und Japans trafen sich in Tokio .
2025-05-03 13:10:07,058 - INFO - joeynmt.training - 	Reference:  India and Japan prime ministers meet in Tokyo
2025-05-03 13:10:07,058 - INFO - joeynmt.training - 	Hypothesis: the Prime Minister of India and Japan and Japan .
2025-05-03 13:10:07,058 - INFO - joeynmt.training - Example #1
2025-05-03 13:10:07,058 - DEBUG - joeynmt.training - 	Tokenized source:     ['Indi@@', 'ens', 'neu@@', 'er', 'Pre@@', 'mi@@', 'er@@', 'minist@@', 'er', 'N@@', 'ar@@', 'end@@', 'ra', 'Mo@@', 'd@@', 'i', 'tri@@', 'fft', 'bei', 's@@', 'einem', 'ersten', 'wichti@@', 'gen', 'Aus@@', 'land@@', 's@@', 'bes@@', 'u@@', 'ch', 'seit', 's@@', 'einem', 'W@@', 'ah@@', 'l@@', 'si@@', 'e@@', 'g', 'im', 'Ma@@', 'i', 'seinen', 'j@@', 'ap@@', 'an@@', 'ischen', 'Am@@', 'ts@@', 'k@@', 'olle@@', 'gen', 'S@@', 'hin@@', 'z@@', 'o', 'A@@', 'be', 'in', 'T@@', 'ok@@', 'o', ',', 'um', 'wirtschaf@@', 'tliche', 'und', 'sicher@@', 'heits@@', 'politische', 'Be@@', 'zieh@@', 'ungen', 'zu', 'bes@@', 'pre@@', 'chen', '.']
2025-05-03 13:10:07,058 - DEBUG - joeynmt.training - 	Tokenized reference:  ['Indi@@', 'a', '&apos;s', 'new', 'pri@@', 'me', 'minist@@', 'er', ',', 'N@@', 'ar@@', 'end@@', 'ra', 'Mo@@', 'd@@', 'i', ',', 'is', 'me@@', 'eting', 'his', 'J@@', 'ap@@', 'an@@', 'ese', 'coun@@', 'ter@@', 'part', ',', 'S@@', 'hin@@', 'z@@', 'o', 'A@@', 'be', ',', 'in', 'T@@', 'ok@@', 'y@@', 'o', 'to', 'disc@@', 'uss', 'economic', 'and', 'security', 'ties', ',', 'on', 'his', 'first', 'major', 'fore@@', 'ign', 'visi@@', 't', 'since', 'w@@', 'inn@@', 'ing', 'Ma@@', 'y', '&apos;s', 'elec@@', 'tion', '.']
2025-05-03 13:10:07,058 - DEBUG - joeynmt.training - 	Tokenized hypothesis: ['in', 'the', 'mi@@', 'd@@', 'd@@', 'le', 'of', 'the', 'N@@', 'ar@@', 'end@@', 'ra', 'Mo@@', 'd@@', 'i', 'is', 'a', 'first', 'important', 'fore@@', 'ign', 'fore@@', 'ign', 'fore@@', 'ign', 'fore@@', 'ign', 'fore@@', 'ign', 'policy', ',', 'which', 'has', 'been', 'made', 'in', 'the', 'Ma@@', 'y', 'A@@', 'be', ',', 'in', 'order', 'to', 're@@', 'ach', 'economic', 'and', 'saf@@', 'ety', 'policy', 'rel@@', 'ations', '.', '</s>']
2025-05-03 13:10:07,059 - INFO - joeynmt.training - 	Source:     Indiens neuer Premierminister Narendra Modi trifft bei seinem ersten wichtigen Auslandsbesuch seit seinem Wahlsieg im Mai seinen japanischen Amtskollegen Shinzo Abe in Toko , um wirtschaftliche und sicherheitspolitische Beziehungen zu besprechen .
2025-05-03 13:10:07,059 - INFO - joeynmt.training - 	Reference:  India &apos;s new prime minister , Narendra Modi , is meeting his Japanese counterpart , Shinzo Abe , in Tokyo to discuss economic and security ties , on his first major foreign visit since winning May &apos;s election .
2025-05-03 13:10:07,059 - INFO - joeynmt.training - 	Hypothesis: in the middle of the Narendra Modi is a first important foreign foreign foreign foreign foreign policy , which has been made in the May Abe , in order to reach economic and safety policy relations .
2025-05-03 13:10:07,059 - INFO - joeynmt.training - Example #2
2025-05-03 13:10:07,059 - DEBUG - joeynmt.training - 	Tokenized source:     ['Herr', 'Mo@@', 'd@@', 'i', 'befindet', 'sich', 'auf', 'einer', 'fü@@', 'n@@', 'f@@', 'tä@@', 'gi@@', 'gen', 'Rei@@', 'se', 'nach', 'J@@', 'ap@@', 'an', ',', 'um', 'die', 'wirtschaf@@', 'tlichen', 'Be@@', 'zieh@@', 'ungen', 'mit', 'der', 'd@@', 'rit@@', 't@@', 'größ@@', 'ten', 'Wirtschafts@@', 'n@@', 'ation', 'der', 'Welt', 'zu', 'fes@@', 'tigen', '.']
2025-05-03 13:10:07,059 - DEBUG - joeynmt.training - 	Tokenized reference:  ['Mr', 'Mo@@', 'd@@', 'i', 'is', 'on', 'a', 'fi@@', 've', '@@@', '-@@', '@', 'day', 'tri@@', 'p', 'to', 'J@@', 'ap@@', 'an', 'to', 'streng@@', 'then', 'economic', 'ties', 'with', 'the', 'third', 'lar@@', 'ges@@', 't', 'econom@@', 'y', 'in', 'the', 'world', '.']
2025-05-03 13:10:07,059 - DEBUG - joeynmt.training - 	Tokenized hypothesis: ['Mr', 'Mo@@', 'd@@', 'i', 'is', 'located', 'on', 'a', 'f@@', 'our', 'of', 'the', 'world', '&apos;s', 'economic', 'rel@@', 'ations', 'with', 'the', 'third', 'world', '.', '</s>']
2025-05-03 13:10:07,059 - INFO - joeynmt.training - 	Source:     Herr Modi befindet sich auf einer fünftägigen Reise nach Japan , um die wirtschaftlichen Beziehungen mit der drittgrößten Wirtschaftsnation der Welt zu festigen .
2025-05-03 13:10:07,059 - INFO - joeynmt.training - 	Reference:  Mr Modi is on a five @-@ day trip to Japan to strengthen economic ties with the third largest economy in the world .
2025-05-03 13:10:07,059 - INFO - joeynmt.training - 	Hypothesis: Mr Modi is located on a four of the world &apos;s economic relations with the third world .
2025-05-03 13:10:07,059 - INFO - joeynmt.training - Example #3
2025-05-03 13:10:07,059 - DEBUG - joeynmt.training - 	Tokenized source:     ['P@@', 'län@@', 'e', 'für', 'eine', 'stärk@@', 'ere', 'k@@', 'ern@@', 'techn@@', 'ische', 'Zusammenarbeit', 'stehen', 'ganz', 'ob@@', 'en', 'auf', 'der', 'Tag@@', 'es@@', 'ordnung', '.']
2025-05-03 13:10:07,059 - DEBUG - joeynmt.training - 	Tokenized reference:  ['high', 'on', 'the', 'agen@@', 'da', 'are', 'pl@@', 'ans', 'for', 'gre@@', 'ater', 'nu@@', 'clear', 'c@@', 'o', '@@@', '-@@', '@', 'operation', '.']
2025-05-03 13:10:07,059 - DEBUG - joeynmt.training - 	Tokenized hypothesis: ['P@@', 'lan@@', 'e', 'for', 'more', 'seri@@', 'ous', 'techn@@', 'ical', 'cooperation', 'are', 'very', 'ob@@', 'vi@@', 'ously', 'on', 'the', 'agen@@', 'da', '.', '</s>']
2025-05-03 13:10:07,060 - INFO - joeynmt.training - 	Source:     Pläne für eine stärkere kerntechnische Zusammenarbeit stehen ganz oben auf der Tagesordnung .
2025-05-03 13:10:07,060 - INFO - joeynmt.training - 	Reference:  high on the agenda are plans for greater nuclear co @-@ operation .
2025-05-03 13:10:07,060 - INFO - joeynmt.training - 	Hypothesis: Plane for more serious technical cooperation are very obviously on the agenda .
2025-05-03 13:10:07,060 - INFO - joeynmt.training - Example #4
2025-05-03 13:10:07,060 - DEBUG - joeynmt.training - 	Tokenized source:     ['Berich@@', 'ten', 'zu@@', 'fol@@', 'ge', 'ho@@', 'fft', 'Indi@@', 'en', 'darüber', 'hinaus', 'auf', 'einen', 'Ver@@', 'trag', 'zur', 'Ver@@', 'tei@@', 'dig@@', 'ungs@@', 'zusammen@@', 'arbeit', 'zwischen', 'den', 'beiden', 'N@@', 'ationen', '.']
2025-05-03 13:10:07,060 - DEBUG - joeynmt.training - 	Tokenized reference:  ['Indi@@', 'a', 'is', 'also', 're@@', 'porte@@', 'dly', 'hop@@', 'ing', 'for', 'a', 'de@@', 'al', 'on', 'def@@', 'ence', 'c@@', 'oll@@', 'ab@@', 'or@@', 'ation', 'between', 'the', 'two', 'n@@', 'ations', '.']
2025-05-03 13:10:07,060 - DEBUG - joeynmt.training - 	Tokenized hypothesis: ['re@@', 'ports', 'also', 'hop@@', 'es', 'of', 'Indi@@', 'a', ',', 'which', 'is', 'to', 'be', 'a', 'con@@', 'stitu@@', 'tion', 'to', 'a', 'con@@', 'stitu@@', 'tion', 'between', 'the', 'two', 'N@@', 'ations', '.', '</s>']
2025-05-03 13:10:07,060 - INFO - joeynmt.training - 	Source:     Berichten zufolge hofft Indien darüber hinaus auf einen Vertrag zur Verteidigungszusammenarbeit zwischen den beiden Nationen .
2025-05-03 13:10:07,060 - INFO - joeynmt.training - 	Reference:  India is also reportedly hoping for a deal on defence collaboration between the two nations .
2025-05-03 13:10:07,060 - INFO - joeynmt.training - 	Hypothesis: reports also hopes of India , which is to be a constitution to a constitution between the two Nations .
2025-05-03 13:10:12,389 - INFO - joeynmt.training - Epoch   6, Step:    24100, Batch Loss:     2.082909, Batch Acc: 0.488567, Tokens per Sec:    16950, Lr: 0.000300
2025-05-03 13:10:17,666 - INFO - joeynmt.training - Epoch   6, Step:    24200, Batch Loss:     1.796862, Batch Acc: 0.496761, Tokens per Sec:    17414, Lr: 0.000300
2025-05-03 13:10:23,041 - INFO - joeynmt.training - Epoch   6, Step:    24300, Batch Loss:     1.868149, Batch Acc: 0.496588, Tokens per Sec:    17288, Lr: 0.000300
2025-05-03 13:10:28,161 - INFO - joeynmt.training - Epoch   6: total training loss 7577.61
2025-05-03 13:10:28,162 - INFO - joeynmt.training - EPOCH 7
2025-05-03 13:10:28,327 - INFO - joeynmt.training - Epoch   7, Step:    24400, Batch Loss:     1.818936, Batch Acc: 0.526625, Tokens per Sec:    18528, Lr: 0.000300
2025-05-03 13:10:33,645 - INFO - joeynmt.training - Epoch   7, Step:    24500, Batch Loss:     1.678886, Batch Acc: 0.517131, Tokens per Sec:    17464, Lr: 0.000300
2025-05-03 13:10:33,645 - INFO - joeynmt.prediction - Predicting 500 example(s)... (Greedy decoding with min_output_length=1, max_output_length=-1, return_prob='none', generate_unk=True, repetition_penalty=-1, no_repeat_ngram_size=-1)
2025-05-03 13:10:38,506 - INFO - joeynmt.prediction - Evaluation result (greedy) loss:   2.22, ppl:   9.18, acc:   0.43, generation: 4.8546[sec], evaluation: 0.0000[sec]
2025-05-03 13:10:38,590 - INFO - joeynmt.helpers - delete models/deen_transformer_post/21500.ckpt
2025-05-03 13:10:38,594 - INFO - joeynmt.training - Example #0
2025-05-03 13:10:38,595 - DEBUG - joeynmt.training - 	Tokenized source:     ['die', 'Pre@@', 'mi@@', 'er@@', 'minist@@', 'er', 'Indi@@', 'ens', 'und', 'J@@', 'ap@@', 'ans', 'tra@@', 'fen', 'sich', 'in', 'T@@', 'ok@@', 'i@@', 'o', '.']
2025-05-03 13:10:38,595 - DEBUG - joeynmt.training - 	Tokenized reference:  ['Indi@@', 'a', 'and', 'J@@', 'ap@@', 'an', 'pri@@', 'me', 'minist@@', 'ers', 'me@@', 'et', 'in', 'T@@', 'ok@@', 'y@@', 'o']
2025-05-03 13:10:38,595 - DEBUG - joeynmt.training - 	Tokenized hypothesis: ['the', 'Pri@@', 'me', 'Minist@@', 'er', 'of', 'Indi@@', 'a', 'and', 'J@@', 'ap@@', 'an', 'and', 'J@@', 'ap@@', 'an', '.', '</s>']
2025-05-03 13:10:38,595 - INFO - joeynmt.training - 	Source:     die Premierminister Indiens und Japans trafen sich in Tokio .
2025-05-03 13:10:38,595 - INFO - joeynmt.training - 	Reference:  India and Japan prime ministers meet in Tokyo
2025-05-03 13:10:38,596 - INFO - joeynmt.training - 	Hypothesis: the Prime Minister of India and Japan and Japan .
2025-05-03 13:10:38,596 - INFO - joeynmt.training - Example #1
2025-05-03 13:10:38,596 - DEBUG - joeynmt.training - 	Tokenized source:     ['Indi@@', 'ens', 'neu@@', 'er', 'Pre@@', 'mi@@', 'er@@', 'minist@@', 'er', 'N@@', 'ar@@', 'end@@', 'ra', 'Mo@@', 'd@@', 'i', 'tri@@', 'fft', 'bei', 's@@', 'einem', 'ersten', 'wichti@@', 'gen', 'Aus@@', 'land@@', 's@@', 'bes@@', 'u@@', 'ch', 'seit', 's@@', 'einem', 'W@@', 'ah@@', 'l@@', 'si@@', 'e@@', 'g', 'im', 'Ma@@', 'i', 'seinen', 'j@@', 'ap@@', 'an@@', 'ischen', 'Am@@', 'ts@@', 'k@@', 'olle@@', 'gen', 'S@@', 'hin@@', 'z@@', 'o', 'A@@', 'be', 'in', 'T@@', 'ok@@', 'o', ',', 'um', 'wirtschaf@@', 'tliche', 'und', 'sicher@@', 'heits@@', 'politische', 'Be@@', 'zieh@@', 'ungen', 'zu', 'bes@@', 'pre@@', 'chen', '.']
2025-05-03 13:10:38,596 - DEBUG - joeynmt.training - 	Tokenized reference:  ['Indi@@', 'a', '&apos;s', 'new', 'pri@@', 'me', 'minist@@', 'er', ',', 'N@@', 'ar@@', 'end@@', 'ra', 'Mo@@', 'd@@', 'i', ',', 'is', 'me@@', 'eting', 'his', 'J@@', 'ap@@', 'an@@', 'ese', 'coun@@', 'ter@@', 'part', ',', 'S@@', 'hin@@', 'z@@', 'o', 'A@@', 'be', ',', 'in', 'T@@', 'ok@@', 'y@@', 'o', 'to', 'disc@@', 'uss', 'economic', 'and', 'security', 'ties', ',', 'on', 'his', 'first', 'major', 'fore@@', 'ign', 'visi@@', 't', 'since', 'w@@', 'inn@@', 'ing', 'Ma@@', 'y', '&apos;s', 'elec@@', 'tion', '.']
2025-05-03 13:10:38,596 - DEBUG - joeynmt.training - 	Tokenized hypothesis: ['Indi@@', 'a', ',', 'N@@', 'ar@@', 'my', 'is', 'de@@', 'termin@@', 'ed', 'to', 'the', 'first', 'important', 'fore@@', 'ign', 'visi@@', 'tors', ',', 'in', 'his', 'first', 'first', 'wor@@', 'se', 'of', 'all', 'of', 'the', 'M@@', 'ini@@', 'stry', 'of', 'the', 'M@@', 'ini@@', 'stry', 'of', 'A@@', 'ff@@', 'air@@', 's', 'in', 'T@@', 'ok@@', 'o', ',', 'in', 'T@@', 'ok@@', 'o', ',', 'in', 'T@@', 'ok@@', 'o', ',', 'in', 'T@@', 'ok@@', 'o', ',', 'in', 'order', 'to', 'a@@', 'vo@@', 'id', 'economic', 'and', 'saf@@', 'ety', 'policy', 'rel@@', 'ations', '.', '</s>']
2025-05-03 13:10:38,596 - INFO - joeynmt.training - 	Source:     Indiens neuer Premierminister Narendra Modi trifft bei seinem ersten wichtigen Auslandsbesuch seit seinem Wahlsieg im Mai seinen japanischen Amtskollegen Shinzo Abe in Toko , um wirtschaftliche und sicherheitspolitische Beziehungen zu besprechen .
2025-05-03 13:10:38,596 - INFO - joeynmt.training - 	Reference:  India &apos;s new prime minister , Narendra Modi , is meeting his Japanese counterpart , Shinzo Abe , in Tokyo to discuss economic and security ties , on his first major foreign visit since winning May &apos;s election .
2025-05-03 13:10:38,596 - INFO - joeynmt.training - 	Hypothesis: India , Narmy is determined to the first important foreign visitors , in his first first worse of all of the Ministry of the Ministry of Affairs in Toko , in Toko , in Toko , in Toko , in order to avoid economic and safety policy relations .
2025-05-03 13:10:38,596 - INFO - joeynmt.training - Example #2
2025-05-03 13:10:38,596 - DEBUG - joeynmt.training - 	Tokenized source:     ['Herr', 'Mo@@', 'd@@', 'i', 'befindet', 'sich', 'auf', 'einer', 'fü@@', 'n@@', 'f@@', 'tä@@', 'gi@@', 'gen', 'Rei@@', 'se', 'nach', 'J@@', 'ap@@', 'an', ',', 'um', 'die', 'wirtschaf@@', 'tlichen', 'Be@@', 'zieh@@', 'ungen', 'mit', 'der', 'd@@', 'rit@@', 't@@', 'größ@@', 'ten', 'Wirtschafts@@', 'n@@', 'ation', 'der', 'Welt', 'zu', 'fes@@', 'tigen', '.']
2025-05-03 13:10:38,596 - DEBUG - joeynmt.training - 	Tokenized reference:  ['Mr', 'Mo@@', 'd@@', 'i', 'is', 'on', 'a', 'fi@@', 've', '@@@', '-@@', '@', 'day', 'tri@@', 'p', 'to', 'J@@', 'ap@@', 'an', 'to', 'streng@@', 'then', 'economic', 'ties', 'with', 'the', 'third', 'lar@@', 'ges@@', 't', 'econom@@', 'y', 'in', 'the', 'world', '.']
2025-05-03 13:10:38,596 - DEBUG - joeynmt.training - 	Tokenized hypothesis: ['Mr', 'Mo@@', 'd@@', 'i', 'is', 'a', 'f@@', 'our', 'tra@@', 'ff@@', 'ic', 'in', 'order', 'to', 'j@@', 'ap@@', 'an', 'to', 'J@@', 'ap@@', 'an', 'to', 'J@@', 'ap@@', 'an', 'to', 're@@', 'ali@@', 'se', 'economic', 'rel@@', 'ations', 'with', 'the', 'third', 'economic', 'rel@@', 'ations', 'with', 'the', 'third', 'econom@@', 'y', '.', '</s>']
2025-05-03 13:10:38,597 - INFO - joeynmt.training - 	Source:     Herr Modi befindet sich auf einer fünftägigen Reise nach Japan , um die wirtschaftlichen Beziehungen mit der drittgrößten Wirtschaftsnation der Welt zu festigen .
2025-05-03 13:10:38,597 - INFO - joeynmt.training - 	Reference:  Mr Modi is on a five @-@ day trip to Japan to strengthen economic ties with the third largest economy in the world .
2025-05-03 13:10:38,597 - INFO - joeynmt.training - 	Hypothesis: Mr Modi is a four traffic in order to japan to Japan to Japan to realise economic relations with the third economic relations with the third economy .
2025-05-03 13:10:38,597 - INFO - joeynmt.training - Example #3
2025-05-03 13:10:38,597 - DEBUG - joeynmt.training - 	Tokenized source:     ['P@@', 'län@@', 'e', 'für', 'eine', 'stärk@@', 'ere', 'k@@', 'ern@@', 'techn@@', 'ische', 'Zusammenarbeit', 'stehen', 'ganz', 'ob@@', 'en', 'auf', 'der', 'Tag@@', 'es@@', 'ordnung', '.']
2025-05-03 13:10:38,597 - DEBUG - joeynmt.training - 	Tokenized reference:  ['high', 'on', 'the', 'agen@@', 'da', 'are', 'pl@@', 'ans', 'for', 'gre@@', 'ater', 'nu@@', 'clear', 'c@@', 'o', '@@@', '-@@', '@', 'operation', '.']
2025-05-03 13:10:38,597 - DEBUG - joeynmt.training - 	Tokenized hypothesis: ['P@@', 'lan@@', 'e', 'for', 'a', 'str@@', 'ong', 'techn@@', 'ical', 'cooperation', ',', 'are', 'very', 'ob@@', 'vi@@', 'ously', 'on', 'the', 'agen@@', 'da', '.', '</s>']
2025-05-03 13:10:38,597 - INFO - joeynmt.training - 	Source:     Pläne für eine stärkere kerntechnische Zusammenarbeit stehen ganz oben auf der Tagesordnung .
2025-05-03 13:10:38,597 - INFO - joeynmt.training - 	Reference:  high on the agenda are plans for greater nuclear co @-@ operation .
2025-05-03 13:10:38,597 - INFO - joeynmt.training - 	Hypothesis: Plane for a strong technical cooperation , are very obviously on the agenda .
2025-05-03 13:10:38,597 - INFO - joeynmt.training - Example #4
2025-05-03 13:10:38,597 - DEBUG - joeynmt.training - 	Tokenized source:     ['Berich@@', 'ten', 'zu@@', 'fol@@', 'ge', 'ho@@', 'fft', 'Indi@@', 'en', 'darüber', 'hinaus', 'auf', 'einen', 'Ver@@', 'trag', 'zur', 'Ver@@', 'tei@@', 'dig@@', 'ungs@@', 'zusammen@@', 'arbeit', 'zwischen', 'den', 'beiden', 'N@@', 'ationen', '.']
2025-05-03 13:10:38,597 - DEBUG - joeynmt.training - 	Tokenized reference:  ['Indi@@', 'a', 'is', 'also', 're@@', 'porte@@', 'dly', 'hop@@', 'ing', 'for', 'a', 'de@@', 'al', 'on', 'def@@', 'ence', 'c@@', 'oll@@', 'ab@@', 'or@@', 'ation', 'between', 'the', 'two', 'n@@', 'ations', '.']
2025-05-03 13:10:38,597 - DEBUG - joeynmt.training - 	Tokenized hypothesis: ['re@@', 'ports', 'also', 'hop@@', 'es', 'of', 'Indi@@', 'a', ',', 'on', 'the', 'con@@', 'trac@@', 'ts', 'of', 'the', 'distri@@', 'bution', 'of', 'the', 'two', 'N@@', 'ations', '.', '</s>']
2025-05-03 13:10:38,598 - INFO - joeynmt.training - 	Source:     Berichten zufolge hofft Indien darüber hinaus auf einen Vertrag zur Verteidigungszusammenarbeit zwischen den beiden Nationen .
2025-05-03 13:10:38,598 - INFO - joeynmt.training - 	Reference:  India is also reportedly hoping for a deal on defence collaboration between the two nations .
2025-05-03 13:10:38,598 - INFO - joeynmt.training - 	Hypothesis: reports also hopes of India , on the contracts of the distribution of the two Nations .
2025-05-03 13:10:43,869 - INFO - joeynmt.training - Epoch   7, Step:    24600, Batch Loss:     1.950382, Batch Acc: 0.517240, Tokens per Sec:    16755, Lr: 0.000300
2025-05-03 13:10:49,209 - INFO - joeynmt.training - Epoch   7, Step:    24700, Batch Loss:     1.717957, Batch Acc: 0.509000, Tokens per Sec:    17684, Lr: 0.000300
2025-05-03 13:10:54,408 - INFO - joeynmt.training - Epoch   7, Step:    24800, Batch Loss:     1.760091, Batch Acc: 0.510385, Tokens per Sec:    17623, Lr: 0.000300
2025-05-03 13:10:59,718 - INFO - joeynmt.training - Epoch   7, Step:    24900, Batch Loss:     1.940529, Batch Acc: 0.505758, Tokens per Sec:    17291, Lr: 0.000300
2025-05-03 13:11:04,967 - INFO - joeynmt.training - Epoch   7, Step:    25000, Batch Loss:     1.953772, Batch Acc: 0.504263, Tokens per Sec:    17251, Lr: 0.000300
2025-05-03 13:11:04,968 - INFO - joeynmt.prediction - Predicting 500 example(s)... (Greedy decoding with min_output_length=1, max_output_length=-1, return_prob='none', generate_unk=True, repetition_penalty=-1, no_repeat_ngram_size=-1)
2025-05-03 13:11:09,783 - INFO - joeynmt.prediction - Evaluation result (greedy) loss:   2.21, ppl:   9.08, acc:   0.43, generation: 4.8072[sec], evaluation: 0.0000[sec]
2025-05-03 13:11:09,784 - INFO - joeynmt.training - Hooray! New best validation result [ppl]!
2025-05-03 13:11:09,867 - INFO - joeynmt.helpers - delete models/deen_transformer_post/22000.ckpt
2025-05-03 13:11:09,873 - INFO - joeynmt.training - Example #0
2025-05-03 13:11:09,873 - DEBUG - joeynmt.training - 	Tokenized source:     ['die', 'Pre@@', 'mi@@', 'er@@', 'minist@@', 'er', 'Indi@@', 'ens', 'und', 'J@@', 'ap@@', 'ans', 'tra@@', 'fen', 'sich', 'in', 'T@@', 'ok@@', 'i@@', 'o', '.']
2025-05-03 13:11:09,873 - DEBUG - joeynmt.training - 	Tokenized reference:  ['Indi@@', 'a', 'and', 'J@@', 'ap@@', 'an', 'pri@@', 'me', 'minist@@', 'ers', 'me@@', 'et', 'in', 'T@@', 'ok@@', 'y@@', 'o']
2025-05-03 13:11:09,874 - DEBUG - joeynmt.training - 	Tokenized hypothesis: ['the', 'Pri@@', 'me', 'Minist@@', 'er', 'of', 'Indi@@', 'a', 'and', 'J@@', 'ap@@', 'an', 'and', 'J@@', 'ap@@', 'an', '.', '</s>']
2025-05-03 13:11:09,874 - INFO - joeynmt.training - 	Source:     die Premierminister Indiens und Japans trafen sich in Tokio .
2025-05-03 13:11:09,874 - INFO - joeynmt.training - 	Reference:  India and Japan prime ministers meet in Tokyo
2025-05-03 13:11:09,874 - INFO - joeynmt.training - 	Hypothesis: the Prime Minister of India and Japan and Japan .
2025-05-03 13:11:09,874 - INFO - joeynmt.training - Example #1
2025-05-03 13:11:09,874 - DEBUG - joeynmt.training - 	Tokenized source:     ['Indi@@', 'ens', 'neu@@', 'er', 'Pre@@', 'mi@@', 'er@@', 'minist@@', 'er', 'N@@', 'ar@@', 'end@@', 'ra', 'Mo@@', 'd@@', 'i', 'tri@@', 'fft', 'bei', 's@@', 'einem', 'ersten', 'wichti@@', 'gen', 'Aus@@', 'land@@', 's@@', 'bes@@', 'u@@', 'ch', 'seit', 's@@', 'einem', 'W@@', 'ah@@', 'l@@', 'si@@', 'e@@', 'g', 'im', 'Ma@@', 'i', 'seinen', 'j@@', 'ap@@', 'an@@', 'ischen', 'Am@@', 'ts@@', 'k@@', 'olle@@', 'gen', 'S@@', 'hin@@', 'z@@', 'o', 'A@@', 'be', 'in', 'T@@', 'ok@@', 'o', ',', 'um', 'wirtschaf@@', 'tliche', 'und', 'sicher@@', 'heits@@', 'politische', 'Be@@', 'zieh@@', 'ungen', 'zu', 'bes@@', 'pre@@', 'chen', '.']
2025-05-03 13:11:09,874 - DEBUG - joeynmt.training - 	Tokenized reference:  ['Indi@@', 'a', '&apos;s', 'new', 'pri@@', 'me', 'minist@@', 'er', ',', 'N@@', 'ar@@', 'end@@', 'ra', 'Mo@@', 'd@@', 'i', ',', 'is', 'me@@', 'eting', 'his', 'J@@', 'ap@@', 'an@@', 'ese', 'coun@@', 'ter@@', 'part', ',', 'S@@', 'hin@@', 'z@@', 'o', 'A@@', 'be', ',', 'in', 'T@@', 'ok@@', 'y@@', 'o', 'to', 'disc@@', 'uss', 'economic', 'and', 'security', 'ties', ',', 'on', 'his', 'first', 'major', 'fore@@', 'ign', 'visi@@', 't', 'since', 'w@@', 'inn@@', 'ing', 'Ma@@', 'y', '&apos;s', 'elec@@', 'tion', '.']
2025-05-03 13:11:09,874 - DEBUG - joeynmt.training - 	Tokenized hypothesis: ['Indi@@', 'a', '&apos;s', 'new', 'Pri@@', 'me', 'Minist@@', 'er', 'N@@', 'ar@@', 'my', ',', 'M@@', 'er@@', 'r@@', 'o', 'Mo@@', 'd@@', 'i', '&apos;s', 'first', 'important', 'fore@@', 'st', 'has', 'been', 're@@', 'ach@@', 'ed', 'in', 'Ma@@', 'y', 'his', 'elec@@', 'tion', ',', 'in', 'the', 'M@@', 'j@@', 'ap@@', 'an@@', 'ese', 'colle@@', 'ag@@', 'u@@', 'es', 'S@@', 'hin@@', 'z@@', 'o', 'A@@', 'be', ',', 'in', 'the', 'first', 'place', '.', '</s>']
2025-05-03 13:11:09,875 - INFO - joeynmt.training - 	Source:     Indiens neuer Premierminister Narendra Modi trifft bei seinem ersten wichtigen Auslandsbesuch seit seinem Wahlsieg im Mai seinen japanischen Amtskollegen Shinzo Abe in Toko , um wirtschaftliche und sicherheitspolitische Beziehungen zu besprechen .
2025-05-03 13:11:09,875 - INFO - joeynmt.training - 	Reference:  India &apos;s new prime minister , Narendra Modi , is meeting his Japanese counterpart , Shinzo Abe , in Tokyo to discuss economic and security ties , on his first major foreign visit since winning May &apos;s election .
2025-05-03 13:11:09,875 - INFO - joeynmt.training - 	Hypothesis: India &apos;s new Prime Minister Narmy , Merro Modi &apos;s first important forest has been reached in May his election , in the Mjapanese colleagues Shinzo Abe , in the first place .
2025-05-03 13:11:09,875 - INFO - joeynmt.training - Example #2
2025-05-03 13:11:09,875 - DEBUG - joeynmt.training - 	Tokenized source:     ['Herr', 'Mo@@', 'd@@', 'i', 'befindet', 'sich', 'auf', 'einer', 'fü@@', 'n@@', 'f@@', 'tä@@', 'gi@@', 'gen', 'Rei@@', 'se', 'nach', 'J@@', 'ap@@', 'an', ',', 'um', 'die', 'wirtschaf@@', 'tlichen', 'Be@@', 'zieh@@', 'ungen', 'mit', 'der', 'd@@', 'rit@@', 't@@', 'größ@@', 'ten', 'Wirtschafts@@', 'n@@', 'ation', 'der', 'Welt', 'zu', 'fes@@', 'tigen', '.']
2025-05-03 13:11:09,875 - DEBUG - joeynmt.training - 	Tokenized reference:  ['Mr', 'Mo@@', 'd@@', 'i', 'is', 'on', 'a', 'fi@@', 've', '@@@', '-@@', '@', 'day', 'tri@@', 'p', 'to', 'J@@', 'ap@@', 'an', 'to', 'streng@@', 'then', 'economic', 'ties', 'with', 'the', 'third', 'lar@@', 'ges@@', 't', 'econom@@', 'y', 'in', 'the', 'world', '.']
2025-05-03 13:11:09,875 - DEBUG - joeynmt.training - 	Tokenized hypothesis: ['Mr', 'Mo@@', 'd@@', 'i', 'is', 'a', 'con@@', 'stitu@@', 'te', 'a', 'fi@@', 'f@@', 'te@@', 'en', 'tra@@', 'ff@@', 'i@@', 'ck@@', 'ing', 'to', 'j@@', 'ap@@', 's', 'to', 'the', 'economic', 'rel@@', 'ations', 'with', 'the', 'third', 'lar@@', 'ges@@', 't', 'economic', 'rel@@', 'ations', 'with', 'the', 'third', 'lar@@', 'ges@@', 't', 'economic', 'rel@@', 'ations', '.', '</s>']
2025-05-03 13:11:09,875 - INFO - joeynmt.training - 	Source:     Herr Modi befindet sich auf einer fünftägigen Reise nach Japan , um die wirtschaftlichen Beziehungen mit der drittgrößten Wirtschaftsnation der Welt zu festigen .
2025-05-03 13:11:09,875 - INFO - joeynmt.training - 	Reference:  Mr Modi is on a five @-@ day trip to Japan to strengthen economic ties with the third largest economy in the world .
2025-05-03 13:11:09,875 - INFO - joeynmt.training - 	Hypothesis: Mr Modi is a constitute a fifteen trafficking to japs to the economic relations with the third largest economic relations with the third largest economic relations .
2025-05-03 13:11:09,875 - INFO - joeynmt.training - Example #3
2025-05-03 13:11:09,876 - DEBUG - joeynmt.training - 	Tokenized source:     ['P@@', 'län@@', 'e', 'für', 'eine', 'stärk@@', 'ere', 'k@@', 'ern@@', 'techn@@', 'ische', 'Zusammenarbeit', 'stehen', 'ganz', 'ob@@', 'en', 'auf', 'der', 'Tag@@', 'es@@', 'ordnung', '.']
2025-05-03 13:11:09,876 - DEBUG - joeynmt.training - 	Tokenized reference:  ['high', 'on', 'the', 'agen@@', 'da', 'are', 'pl@@', 'ans', 'for', 'gre@@', 'ater', 'nu@@', 'clear', 'c@@', 'o', '@@@', '-@@', '@', 'operation', '.']
2025-05-03 13:11:09,876 - DEBUG - joeynmt.training - 	Tokenized hypothesis: ['P@@', 'en@@', 'a', 'for', 'more', 'c@@', 'ru@@', 'cial', 'cooperation', 'are', 'very', 'ob@@', 'vi@@', 'ously', 'on', 'the', 'agen@@', 'da', '.', '</s>']
2025-05-03 13:11:09,876 - INFO - joeynmt.training - 	Source:     Pläne für eine stärkere kerntechnische Zusammenarbeit stehen ganz oben auf der Tagesordnung .
2025-05-03 13:11:09,876 - INFO - joeynmt.training - 	Reference:  high on the agenda are plans for greater nuclear co @-@ operation .
2025-05-03 13:11:09,876 - INFO - joeynmt.training - 	Hypothesis: Pena for more crucial cooperation are very obviously on the agenda .
2025-05-03 13:11:09,876 - INFO - joeynmt.training - Example #4
2025-05-03 13:11:09,876 - DEBUG - joeynmt.training - 	Tokenized source:     ['Berich@@', 'ten', 'zu@@', 'fol@@', 'ge', 'ho@@', 'fft', 'Indi@@', 'en', 'darüber', 'hinaus', 'auf', 'einen', 'Ver@@', 'trag', 'zur', 'Ver@@', 'tei@@', 'dig@@', 'ungs@@', 'zusammen@@', 'arbeit', 'zwischen', 'den', 'beiden', 'N@@', 'ationen', '.']
2025-05-03 13:11:09,876 - DEBUG - joeynmt.training - 	Tokenized reference:  ['Indi@@', 'a', 'is', 'also', 're@@', 'porte@@', 'dly', 'hop@@', 'ing', 'for', 'a', 'de@@', 'al', 'on', 'def@@', 'ence', 'c@@', 'oll@@', 'ab@@', 'or@@', 'ation', 'between', 'the', 'two', 'n@@', 'ations', '.']
2025-05-03 13:11:09,876 - DEBUG - joeynmt.training - 	Tokenized hypothesis: ['the', 're@@', 'ports', 'also', 'hop@@', 'es', 'of', 'the', 'two', 'N@@', 'ations', 'for', 'a', 'def@@', 'ence', 'cooperation', 'between', 'the', 'two', 'N@@', 'ations', '.', '</s>']
2025-05-03 13:11:09,877 - INFO - joeynmt.training - 	Source:     Berichten zufolge hofft Indien darüber hinaus auf einen Vertrag zur Verteidigungszusammenarbeit zwischen den beiden Nationen .
2025-05-03 13:11:09,877 - INFO - joeynmt.training - 	Reference:  India is also reportedly hoping for a deal on defence collaboration between the two nations .
2025-05-03 13:11:09,877 - INFO - joeynmt.training - 	Hypothesis: the reports also hopes of the two Nations for a defence cooperation between the two Nations .
2025-05-03 13:11:15,193 - INFO - joeynmt.training - Epoch   7, Step:    25100, Batch Loss:     1.792356, Batch Acc: 0.506707, Tokens per Sec:    16896, Lr: 0.000300
2025-05-03 13:11:20,504 - INFO - joeynmt.training - Epoch   7, Step:    25200, Batch Loss:     1.779388, Batch Acc: 0.510782, Tokens per Sec:    17343, Lr: 0.000300
2025-05-03 13:11:25,986 - INFO - joeynmt.training - Epoch   7, Step:    25300, Batch Loss:     1.919338, Batch Acc: 0.504002, Tokens per Sec:    16913, Lr: 0.000300
2025-05-03 13:11:31,337 - INFO - joeynmt.training - Epoch   7, Step:    25400, Batch Loss:     1.657107, Batch Acc: 0.510769, Tokens per Sec:    17006, Lr: 0.000300
2025-05-03 13:11:36,724 - INFO - joeynmt.training - Epoch   7, Step:    25500, Batch Loss:     1.833377, Batch Acc: 0.504067, Tokens per Sec:    17116, Lr: 0.000300
2025-05-03 13:11:36,724 - INFO - joeynmt.prediction - Predicting 500 example(s)... (Greedy decoding with min_output_length=1, max_output_length=-1, return_prob='none', generate_unk=True, repetition_penalty=-1, no_repeat_ngram_size=-1)
2025-05-03 13:11:41,870 - INFO - joeynmt.prediction - Evaluation result (greedy) loss:   2.20, ppl:   9.06, acc:   0.43, generation: 5.1397[sec], evaluation: 0.0000[sec]
2025-05-03 13:11:41,870 - INFO - joeynmt.training - Hooray! New best validation result [ppl]!
2025-05-03 13:11:41,951 - INFO - joeynmt.helpers - delete models/deen_transformer_post/23500.ckpt
2025-05-03 13:11:41,957 - INFO - joeynmt.training - Example #0
2025-05-03 13:11:41,957 - DEBUG - joeynmt.training - 	Tokenized source:     ['die', 'Pre@@', 'mi@@', 'er@@', 'minist@@', 'er', 'Indi@@', 'ens', 'und', 'J@@', 'ap@@', 'ans', 'tra@@', 'fen', 'sich', 'in', 'T@@', 'ok@@', 'i@@', 'o', '.']
2025-05-03 13:11:41,957 - DEBUG - joeynmt.training - 	Tokenized reference:  ['Indi@@', 'a', 'and', 'J@@', 'ap@@', 'an', 'pri@@', 'me', 'minist@@', 'ers', 'me@@', 'et', 'in', 'T@@', 'ok@@', 'y@@', 'o']
2025-05-03 13:11:41,957 - DEBUG - joeynmt.training - 	Tokenized hypothesis: ['the', 'Pri@@', 'me', 'Minist@@', 'er', 'and', 'J@@', 'ap@@', 'an', ',', 'the', 'Pri@@', 'me', 'Minist@@', 'er', 'and', 'J@@', 'ap@@', 'an', ',', 'in', 'T@@', 'ok@@', 'i@@', 'o', '.', '</s>']
2025-05-03 13:11:41,958 - INFO - joeynmt.training - 	Source:     die Premierminister Indiens und Japans trafen sich in Tokio .
2025-05-03 13:11:41,958 - INFO - joeynmt.training - 	Reference:  India and Japan prime ministers meet in Tokyo
2025-05-03 13:11:41,958 - INFO - joeynmt.training - 	Hypothesis: the Prime Minister and Japan , the Prime Minister and Japan , in Tokio .
2025-05-03 13:11:41,958 - INFO - joeynmt.training - Example #1
2025-05-03 13:11:41,958 - DEBUG - joeynmt.training - 	Tokenized source:     ['Indi@@', 'ens', 'neu@@', 'er', 'Pre@@', 'mi@@', 'er@@', 'minist@@', 'er', 'N@@', 'ar@@', 'end@@', 'ra', 'Mo@@', 'd@@', 'i', 'tri@@', 'fft', 'bei', 's@@', 'einem', 'ersten', 'wichti@@', 'gen', 'Aus@@', 'land@@', 's@@', 'bes@@', 'u@@', 'ch', 'seit', 's@@', 'einem', 'W@@', 'ah@@', 'l@@', 'si@@', 'e@@', 'g', 'im', 'Ma@@', 'i', 'seinen', 'j@@', 'ap@@', 'an@@', 'ischen', 'Am@@', 'ts@@', 'k@@', 'olle@@', 'gen', 'S@@', 'hin@@', 'z@@', 'o', 'A@@', 'be', 'in', 'T@@', 'ok@@', 'o', ',', 'um', 'wirtschaf@@', 'tliche', 'und', 'sicher@@', 'heits@@', 'politische', 'Be@@', 'zieh@@', 'ungen', 'zu', 'bes@@', 'pre@@', 'chen', '.']
2025-05-03 13:11:41,958 - DEBUG - joeynmt.training - 	Tokenized reference:  ['Indi@@', 'a', '&apos;s', 'new', 'pri@@', 'me', 'minist@@', 'er', ',', 'N@@', 'ar@@', 'end@@', 'ra', 'Mo@@', 'd@@', 'i', ',', 'is', 'me@@', 'eting', 'his', 'J@@', 'ap@@', 'an@@', 'ese', 'coun@@', 'ter@@', 'part', ',', 'S@@', 'hin@@', 'z@@', 'o', 'A@@', 'be', ',', 'in', 'T@@', 'ok@@', 'y@@', 'o', 'to', 'disc@@', 'uss', 'economic', 'and', 'security', 'ties', ',', 'on', 'his', 'first', 'major', 'fore@@', 'ign', 'visi@@', 't', 'since', 'w@@', 'inn@@', 'ing', 'Ma@@', 'y', '&apos;s', 'elec@@', 'tion', '.']
2025-05-03 13:11:41,958 - DEBUG - joeynmt.training - 	Tokenized hypothesis: ['Indi@@', 'a', 'new', 'Pri@@', 'me', 'Minist@@', 'er', 'N@@', 'ar@@', 'my', ',', 'N@@', 'ar@@', 'ri@@', 'v@@', 'al', 'of', 'the', 'first', 'German', 'German', 'German', 'German', 'German', 'Au@@', 'g@@', 'ust', ',', 'in', 'Ma@@', 'y', ',', 'in', 'the', 'Ma@@', 'y', 'of', 'the', 'J@@', 'ap@@', 'an@@', 'ese', '&apos;s', 'J@@', 'ap@@', 'an@@', 'ese', '&apos;s', 'colle@@', 'ag@@', 'u@@', 'es', 'S@@', 'hin@@', 'z@@', 'o', ',', 'in', 'T@@', 'ok@@', 'o', ',', 'in', 'T@@', 'ok@@', 'o', ',', 'in', 'T@@', 'ok@@', 'o', ',', 'in', 'T@@', 'ok@@', 'o', ',', 'in', 'T@@', 'ok@@', 'o', ',', 'and', 'S@@', 'hin@@', 'z@@', 'o', ',', 'in', 'T@@', 'ok@@', 'o', ',', 'in', 'T@@', 'ok@@', 'o', ',', 'in', 'the', 'German', '.', '</s>']
2025-05-03 13:11:41,958 - INFO - joeynmt.training - 	Source:     Indiens neuer Premierminister Narendra Modi trifft bei seinem ersten wichtigen Auslandsbesuch seit seinem Wahlsieg im Mai seinen japanischen Amtskollegen Shinzo Abe in Toko , um wirtschaftliche und sicherheitspolitische Beziehungen zu besprechen .
2025-05-03 13:11:41,958 - INFO - joeynmt.training - 	Reference:  India &apos;s new prime minister , Narendra Modi , is meeting his Japanese counterpart , Shinzo Abe , in Tokyo to discuss economic and security ties , on his first major foreign visit since winning May &apos;s election .
2025-05-03 13:11:41,958 - INFO - joeynmt.training - 	Hypothesis: India new Prime Minister Narmy , Narrival of the first German German German German German August , in May , in the May of the Japanese &apos;s Japanese &apos;s colleagues Shinzo , in Toko , in Toko , in Toko , in Toko , in Toko , and Shinzo , in Toko , in Toko , in the German .
2025-05-03 13:11:41,958 - INFO - joeynmt.training - Example #2
2025-05-03 13:11:41,958 - DEBUG - joeynmt.training - 	Tokenized source:     ['Herr', 'Mo@@', 'd@@', 'i', 'befindet', 'sich', 'auf', 'einer', 'fü@@', 'n@@', 'f@@', 'tä@@', 'gi@@', 'gen', 'Rei@@', 'se', 'nach', 'J@@', 'ap@@', 'an', ',', 'um', 'die', 'wirtschaf@@', 'tlichen', 'Be@@', 'zieh@@', 'ungen', 'mit', 'der', 'd@@', 'rit@@', 't@@', 'größ@@', 'ten', 'Wirtschafts@@', 'n@@', 'ation', 'der', 'Welt', 'zu', 'fes@@', 'tigen', '.']
2025-05-03 13:11:41,959 - DEBUG - joeynmt.training - 	Tokenized reference:  ['Mr', 'Mo@@', 'd@@', 'i', 'is', 'on', 'a', 'fi@@', 've', '@@@', '-@@', '@', 'day', 'tri@@', 'p', 'to', 'J@@', 'ap@@', 'an', 'to', 'streng@@', 'then', 'economic', 'ties', 'with', 'the', 'third', 'lar@@', 'ges@@', 't', 'econom@@', 'y', 'in', 'the', 'world', '.']
2025-05-03 13:11:41,959 - DEBUG - joeynmt.training - 	Tokenized hypothesis: ['Mr', 'Mo@@', 'd@@', 'i', 'is', 'a', 'f@@', 'ill@@', 'ed', 'on', 'a', 'fi@@', 'f@@', 'te@@', 'en', 'ser@@', 'ves', 'to', 'J@@', 'ap@@', 'an', 'to', 'J@@', 'ap@@', 'an', 'to', 'J@@', 'ap@@', 'an', 'to', 'J@@', 'ap@@', 'an', 'to', 'be', 'able', 'to', 'ex@@', 'er@@', 'c@@', 'ise', 'in', 'the', 'world', '.', '</s>']
2025-05-03 13:11:41,959 - INFO - joeynmt.training - 	Source:     Herr Modi befindet sich auf einer fünftägigen Reise nach Japan , um die wirtschaftlichen Beziehungen mit der drittgrößten Wirtschaftsnation der Welt zu festigen .
2025-05-03 13:11:41,959 - INFO - joeynmt.training - 	Reference:  Mr Modi is on a five @-@ day trip to Japan to strengthen economic ties with the third largest economy in the world .
2025-05-03 13:11:41,959 - INFO - joeynmt.training - 	Hypothesis: Mr Modi is a filled on a fifteen serves to Japan to Japan to Japan to Japan to be able to exercise in the world .
2025-05-03 13:11:41,959 - INFO - joeynmt.training - Example #3
2025-05-03 13:11:41,959 - DEBUG - joeynmt.training - 	Tokenized source:     ['P@@', 'län@@', 'e', 'für', 'eine', 'stärk@@', 'ere', 'k@@', 'ern@@', 'techn@@', 'ische', 'Zusammenarbeit', 'stehen', 'ganz', 'ob@@', 'en', 'auf', 'der', 'Tag@@', 'es@@', 'ordnung', '.']
2025-05-03 13:11:41,959 - DEBUG - joeynmt.training - 	Tokenized reference:  ['high', 'on', 'the', 'agen@@', 'da', 'are', 'pl@@', 'ans', 'for', 'gre@@', 'ater', 'nu@@', 'clear', 'c@@', 'o', '@@@', '-@@', '@', 'operation', '.']
2025-05-03 13:11:41,959 - DEBUG - joeynmt.training - 	Tokenized hypothesis: ['the', 'agen@@', 'da', 'for', 'more', 'nu@@', 'clear', 'techn@@', 'ical', 'cooperation', 'is', 'on', 'the', 'agen@@', 'da', '.', '</s>']
2025-05-03 13:11:41,959 - INFO - joeynmt.training - 	Source:     Pläne für eine stärkere kerntechnische Zusammenarbeit stehen ganz oben auf der Tagesordnung .
2025-05-03 13:11:41,959 - INFO - joeynmt.training - 	Reference:  high on the agenda are plans for greater nuclear co @-@ operation .
2025-05-03 13:11:41,959 - INFO - joeynmt.training - 	Hypothesis: the agenda for more nuclear technical cooperation is on the agenda .
2025-05-03 13:11:41,959 - INFO - joeynmt.training - Example #4
2025-05-03 13:11:41,959 - DEBUG - joeynmt.training - 	Tokenized source:     ['Berich@@', 'ten', 'zu@@', 'fol@@', 'ge', 'ho@@', 'fft', 'Indi@@', 'en', 'darüber', 'hinaus', 'auf', 'einen', 'Ver@@', 'trag', 'zur', 'Ver@@', 'tei@@', 'dig@@', 'ungs@@', 'zusammen@@', 'arbeit', 'zwischen', 'den', 'beiden', 'N@@', 'ationen', '.']
2025-05-03 13:11:41,960 - DEBUG - joeynmt.training - 	Tokenized reference:  ['Indi@@', 'a', 'is', 'also', 're@@', 'porte@@', 'dly', 'hop@@', 'ing', 'for', 'a', 'de@@', 'al', 'on', 'def@@', 'ence', 'c@@', 'oll@@', 'ab@@', 'or@@', 'ation', 'between', 'the', 'two', 'n@@', 'ations', '.']
2025-05-03 13:11:41,960 - DEBUG - joeynmt.training - 	Tokenized hypothesis: ['re@@', 'ports', 'on', 'the', 'other', 'hand', ',', 'Indi@@', 'a', '&apos;s', 're@@', 'ports', 'on', 'def@@', 'ence', 'cooperation', 'between', 'the', 'two', 'N@@', 'ations', '.', '</s>']
2025-05-03 13:11:41,960 - INFO - joeynmt.training - 	Source:     Berichten zufolge hofft Indien darüber hinaus auf einen Vertrag zur Verteidigungszusammenarbeit zwischen den beiden Nationen .
2025-05-03 13:11:41,960 - INFO - joeynmt.training - 	Reference:  India is also reportedly hoping for a deal on defence collaboration between the two nations .
2025-05-03 13:11:41,960 - INFO - joeynmt.training - 	Hypothesis: reports on the other hand , India &apos;s reports on defence cooperation between the two Nations .
2025-05-03 13:11:47,392 - INFO - joeynmt.training - Epoch   7, Step:    25600, Batch Loss:     1.803679, Batch Acc: 0.501624, Tokens per Sec:    16950, Lr: 0.000300
2025-05-03 13:11:52,672 - INFO - joeynmt.training - Epoch   7, Step:    25700, Batch Loss:     1.789575, Batch Acc: 0.505281, Tokens per Sec:    17376, Lr: 0.000300
2025-05-03 13:11:58,082 - INFO - joeynmt.training - Epoch   7, Step:    25800, Batch Loss:     1.600917, Batch Acc: 0.509773, Tokens per Sec:    16828, Lr: 0.000300
2025-05-03 13:12:03,356 - INFO - joeynmt.training - Epoch   7, Step:    25900, Batch Loss:     2.016036, Batch Acc: 0.513410, Tokens per Sec:    17267, Lr: 0.000300
2025-05-03 13:12:08,748 - INFO - joeynmt.training - Epoch   7, Step:    26000, Batch Loss:     1.951851, Batch Acc: 0.504968, Tokens per Sec:    17079, Lr: 0.000300
2025-05-03 13:12:08,748 - INFO - joeynmt.prediction - Predicting 500 example(s)... (Greedy decoding with min_output_length=1, max_output_length=-1, return_prob='none', generate_unk=True, repetition_penalty=-1, no_repeat_ngram_size=-1)
2025-05-03 13:12:13,841 - INFO - joeynmt.prediction - Evaluation result (greedy) loss:   2.19, ppl:   8.94, acc:   0.44, generation: 5.0852[sec], evaluation: 0.0000[sec]
2025-05-03 13:12:13,841 - INFO - joeynmt.training - Hooray! New best validation result [ppl]!
2025-05-03 13:12:13,926 - INFO - joeynmt.helpers - delete models/deen_transformer_post/23000.ckpt
2025-05-03 13:12:13,932 - INFO - joeynmt.training - Example #0
2025-05-03 13:12:13,932 - DEBUG - joeynmt.training - 	Tokenized source:     ['die', 'Pre@@', 'mi@@', 'er@@', 'minist@@', 'er', 'Indi@@', 'ens', 'und', 'J@@', 'ap@@', 'ans', 'tra@@', 'fen', 'sich', 'in', 'T@@', 'ok@@', 'i@@', 'o', '.']
2025-05-03 13:12:13,932 - DEBUG - joeynmt.training - 	Tokenized reference:  ['Indi@@', 'a', 'and', 'J@@', 'ap@@', 'an', 'pri@@', 'me', 'minist@@', 'ers', 'me@@', 'et', 'in', 'T@@', 'ok@@', 'y@@', 'o']
2025-05-03 13:12:13,932 - DEBUG - joeynmt.training - 	Tokenized hypothesis: ['the', 'Pri@@', 'me', 'Minist@@', 'er', 'of', 'Minist@@', 'er', 'and', 'J@@', 'ap@@', 'an', 'and', 'J@@', 'ap@@', 'an', 'and', 'J@@', 'ap@@', 'an', '.', '</s>']
2025-05-03 13:12:13,932 - INFO - joeynmt.training - 	Source:     die Premierminister Indiens und Japans trafen sich in Tokio .
2025-05-03 13:12:13,932 - INFO - joeynmt.training - 	Reference:  India and Japan prime ministers meet in Tokyo
2025-05-03 13:12:13,933 - INFO - joeynmt.training - 	Hypothesis: the Prime Minister of Minister and Japan and Japan and Japan .
2025-05-03 13:12:13,933 - INFO - joeynmt.training - Example #1
2025-05-03 13:12:13,933 - DEBUG - joeynmt.training - 	Tokenized source:     ['Indi@@', 'ens', 'neu@@', 'er', 'Pre@@', 'mi@@', 'er@@', 'minist@@', 'er', 'N@@', 'ar@@', 'end@@', 'ra', 'Mo@@', 'd@@', 'i', 'tri@@', 'fft', 'bei', 's@@', 'einem', 'ersten', 'wichti@@', 'gen', 'Aus@@', 'land@@', 's@@', 'bes@@', 'u@@', 'ch', 'seit', 's@@', 'einem', 'W@@', 'ah@@', 'l@@', 'si@@', 'e@@', 'g', 'im', 'Ma@@', 'i', 'seinen', 'j@@', 'ap@@', 'an@@', 'ischen', 'Am@@', 'ts@@', 'k@@', 'olle@@', 'gen', 'S@@', 'hin@@', 'z@@', 'o', 'A@@', 'be', 'in', 'T@@', 'ok@@', 'o', ',', 'um', 'wirtschaf@@', 'tliche', 'und', 'sicher@@', 'heits@@', 'politische', 'Be@@', 'zieh@@', 'ungen', 'zu', 'bes@@', 'pre@@', 'chen', '.']
2025-05-03 13:12:13,933 - DEBUG - joeynmt.training - 	Tokenized reference:  ['Indi@@', 'a', '&apos;s', 'new', 'pri@@', 'me', 'minist@@', 'er', ',', 'N@@', 'ar@@', 'end@@', 'ra', 'Mo@@', 'd@@', 'i', ',', 'is', 'me@@', 'eting', 'his', 'J@@', 'ap@@', 'an@@', 'ese', 'coun@@', 'ter@@', 'part', ',', 'S@@', 'hin@@', 'z@@', 'o', 'A@@', 'be', ',', 'in', 'T@@', 'ok@@', 'y@@', 'o', 'to', 'disc@@', 'uss', 'economic', 'and', 'security', 'ties', ',', 'on', 'his', 'first', 'major', 'fore@@', 'ign', 'visi@@', 't', 'since', 'w@@', 'inn@@', 'ing', 'Ma@@', 'y', '&apos;s', 'elec@@', 'tion', '.']
2025-05-03 13:12:13,933 - DEBUG - joeynmt.training - 	Tokenized hypothesis: ['Indi@@', 'a', '&apos;s', 'new', 'Pri@@', 'me', 'Minist@@', 'er', 'N@@', 'ar@@', 'end@@', 'ra', 'Mo@@', 'd@@', 'i', 'is', 'de@@', 'al@@', 'ing', 'with', 'his', 'first', 'important', 'fore@@', 'ign', 'fore@@', 'ign', 'visi@@', 'tors', 'in', 'Ma@@', 'y', 'his', 'elec@@', 'tion', 'of', 'his', 'elec@@', 't@@', 'or@@', 'al', 'colle@@', 'ag@@', 'u@@', 'es', 'in', 'T@@', 'ok@@', 'o', ',', 'in', 'T@@', 'ok@@', 'o', ',', 'to', 'the', 'economic', 'and', 'saf@@', 'ety', 'policy', 'rel@@', 'ations', '.', '</s>']
2025-05-03 13:12:13,933 - INFO - joeynmt.training - 	Source:     Indiens neuer Premierminister Narendra Modi trifft bei seinem ersten wichtigen Auslandsbesuch seit seinem Wahlsieg im Mai seinen japanischen Amtskollegen Shinzo Abe in Toko , um wirtschaftliche und sicherheitspolitische Beziehungen zu besprechen .
2025-05-03 13:12:13,933 - INFO - joeynmt.training - 	Reference:  India &apos;s new prime minister , Narendra Modi , is meeting his Japanese counterpart , Shinzo Abe , in Tokyo to discuss economic and security ties , on his first major foreign visit since winning May &apos;s election .
2025-05-03 13:12:13,933 - INFO - joeynmt.training - 	Hypothesis: India &apos;s new Prime Minister Narendra Modi is dealing with his first important foreign foreign visitors in May his election of his electoral colleagues in Toko , in Toko , to the economic and safety policy relations .
2025-05-03 13:12:13,933 - INFO - joeynmt.training - Example #2
2025-05-03 13:12:13,934 - DEBUG - joeynmt.training - 	Tokenized source:     ['Herr', 'Mo@@', 'd@@', 'i', 'befindet', 'sich', 'auf', 'einer', 'fü@@', 'n@@', 'f@@', 'tä@@', 'gi@@', 'gen', 'Rei@@', 'se', 'nach', 'J@@', 'ap@@', 'an', ',', 'um', 'die', 'wirtschaf@@', 'tlichen', 'Be@@', 'zieh@@', 'ungen', 'mit', 'der', 'd@@', 'rit@@', 't@@', 'größ@@', 'ten', 'Wirtschafts@@', 'n@@', 'ation', 'der', 'Welt', 'zu', 'fes@@', 'tigen', '.']
2025-05-03 13:12:13,934 - DEBUG - joeynmt.training - 	Tokenized reference:  ['Mr', 'Mo@@', 'd@@', 'i', 'is', 'on', 'a', 'fi@@', 've', '@@@', '-@@', '@', 'day', 'tri@@', 'p', 'to', 'J@@', 'ap@@', 'an', 'to', 'streng@@', 'then', 'economic', 'ties', 'with', 'the', 'third', 'lar@@', 'ges@@', 't', 'econom@@', 'y', 'in', 'the', 'world', '.']
2025-05-03 13:12:13,934 - DEBUG - joeynmt.training - 	Tokenized hypothesis: ['Mr', 'Mo@@', 'd@@', 'i', 'is', 'a', 'de@@', 'al@@', 'ing', 'to', 'the', 'de@@', 'ath', 'of', 'the', 'world', '&apos;s', 'economic', 'rel@@', 'ations', 'with', 'the', 'third', 'econom@@', 'y', '.', '</s>']
2025-05-03 13:12:13,934 - INFO - joeynmt.training - 	Source:     Herr Modi befindet sich auf einer fünftägigen Reise nach Japan , um die wirtschaftlichen Beziehungen mit der drittgrößten Wirtschaftsnation der Welt zu festigen .
2025-05-03 13:12:13,934 - INFO - joeynmt.training - 	Reference:  Mr Modi is on a five @-@ day trip to Japan to strengthen economic ties with the third largest economy in the world .
2025-05-03 13:12:13,934 - INFO - joeynmt.training - 	Hypothesis: Mr Modi is a dealing to the death of the world &apos;s economic relations with the third economy .
2025-05-03 13:12:13,934 - INFO - joeynmt.training - Example #3
2025-05-03 13:12:13,934 - DEBUG - joeynmt.training - 	Tokenized source:     ['P@@', 'län@@', 'e', 'für', 'eine', 'stärk@@', 'ere', 'k@@', 'ern@@', 'techn@@', 'ische', 'Zusammenarbeit', 'stehen', 'ganz', 'ob@@', 'en', 'auf', 'der', 'Tag@@', 'es@@', 'ordnung', '.']
2025-05-03 13:12:13,934 - DEBUG - joeynmt.training - 	Tokenized reference:  ['high', 'on', 'the', 'agen@@', 'da', 'are', 'pl@@', 'ans', 'for', 'gre@@', 'ater', 'nu@@', 'clear', 'c@@', 'o', '@@@', '-@@', '@', 'operation', '.']
2025-05-03 13:12:13,934 - DEBUG - joeynmt.training - 	Tokenized hypothesis: ['pl@@', 'ans', 'for', 'a', 'more', 'c@@', 'am@@', 'p', 'techn@@', 'ical', 'cooperation', 'are', 'on', 'the', 'agen@@', 'da', '.', '</s>']
2025-05-03 13:12:13,935 - INFO - joeynmt.training - 	Source:     Pläne für eine stärkere kerntechnische Zusammenarbeit stehen ganz oben auf der Tagesordnung .
2025-05-03 13:12:13,935 - INFO - joeynmt.training - 	Reference:  high on the agenda are plans for greater nuclear co @-@ operation .
2025-05-03 13:12:13,935 - INFO - joeynmt.training - 	Hypothesis: plans for a more camp technical cooperation are on the agenda .
2025-05-03 13:12:13,935 - INFO - joeynmt.training - Example #4
2025-05-03 13:12:13,935 - DEBUG - joeynmt.training - 	Tokenized source:     ['Berich@@', 'ten', 'zu@@', 'fol@@', 'ge', 'ho@@', 'fft', 'Indi@@', 'en', 'darüber', 'hinaus', 'auf', 'einen', 'Ver@@', 'trag', 'zur', 'Ver@@', 'tei@@', 'dig@@', 'ungs@@', 'zusammen@@', 'arbeit', 'zwischen', 'den', 'beiden', 'N@@', 'ationen', '.']
2025-05-03 13:12:13,935 - DEBUG - joeynmt.training - 	Tokenized reference:  ['Indi@@', 'a', 'is', 'also', 're@@', 'porte@@', 'dly', 'hop@@', 'ing', 'for', 'a', 'de@@', 'al', 'on', 'def@@', 'ence', 'c@@', 'oll@@', 'ab@@', 'or@@', 'ation', 'between', 'the', 'two', 'n@@', 'ations', '.']
2025-05-03 13:12:13,935 - DEBUG - joeynmt.training - 	Tokenized hypothesis: ['re@@', 'ports', 'on', 'the', 're@@', 'ports', 'of', 'the', 're@@', 'ports', 'on', 'a', 'con@@', 'tra@@', 'ct', 'of', 'def@@', 'ence', 'cooperation', 'between', 'the', 'two', 'N@@', 'ations', '.', '</s>']
2025-05-03 13:12:13,935 - INFO - joeynmt.training - 	Source:     Berichten zufolge hofft Indien darüber hinaus auf einen Vertrag zur Verteidigungszusammenarbeit zwischen den beiden Nationen .
2025-05-03 13:12:13,935 - INFO - joeynmt.training - 	Reference:  India is also reportedly hoping for a deal on defence collaboration between the two nations .
2025-05-03 13:12:13,935 - INFO - joeynmt.training - 	Hypothesis: reports on the reports of the reports on a contract of defence cooperation between the two Nations .
2025-05-03 13:12:19,357 - INFO - joeynmt.training - Epoch   7, Step:    26100, Batch Loss:     1.839581, Batch Acc: 0.503350, Tokens per Sec:    16808, Lr: 0.000300
2025-05-03 13:12:24,635 - INFO - joeynmt.training - Epoch   7, Step:    26200, Batch Loss:     1.716161, Batch Acc: 0.503554, Tokens per Sec:    17218, Lr: 0.000300
2025-05-03 13:12:30,025 - INFO - joeynmt.training - Epoch   7, Step:    26300, Batch Loss:     1.745104, Batch Acc: 0.511879, Tokens per Sec:    17016, Lr: 0.000300
2025-05-03 13:12:35,332 - INFO - joeynmt.training - Epoch   7, Step:    26400, Batch Loss:     1.941247, Batch Acc: 0.508846, Tokens per Sec:    17426, Lr: 0.000300
2025-05-03 13:12:40,583 - INFO - joeynmt.training - Epoch   7, Step:    26500, Batch Loss:     2.008705, Batch Acc: 0.507474, Tokens per Sec:    17403, Lr: 0.000300
2025-05-03 13:12:40,584 - INFO - joeynmt.prediction - Predicting 500 example(s)... (Greedy decoding with min_output_length=1, max_output_length=-1, return_prob='none', generate_unk=True, repetition_penalty=-1, no_repeat_ngram_size=-1)
2025-05-03 13:12:46,032 - INFO - joeynmt.prediction - Evaluation result (greedy) loss:   2.20, ppl:   9.00, acc:   0.44, generation: 5.4400[sec], evaluation: 0.0000[sec]
2025-05-03 13:12:46,120 - INFO - joeynmt.helpers - delete models/deen_transformer_post/24500.ckpt
2025-05-03 13:12:46,126 - INFO - joeynmt.training - Example #0
2025-05-03 13:12:46,126 - DEBUG - joeynmt.training - 	Tokenized source:     ['die', 'Pre@@', 'mi@@', 'er@@', 'minist@@', 'er', 'Indi@@', 'ens', 'und', 'J@@', 'ap@@', 'ans', 'tra@@', 'fen', 'sich', 'in', 'T@@', 'ok@@', 'i@@', 'o', '.']
2025-05-03 13:12:46,126 - DEBUG - joeynmt.training - 	Tokenized reference:  ['Indi@@', 'a', 'and', 'J@@', 'ap@@', 'an', 'pri@@', 'me', 'minist@@', 'ers', 'me@@', 'et', 'in', 'T@@', 'ok@@', 'y@@', 'o']
2025-05-03 13:12:46,126 - DEBUG - joeynmt.training - 	Tokenized hypothesis: ['the', 'Pri@@', 'me', 'Minist@@', 'er', 'of', 'Indi@@', 'a', 'and', 'J@@', 'ap@@', 'an', 'and', 'J@@', 'ap@@', 'an', '&apos;s', 'de@@', 'si@@', 'ra@@', 'ble', 'm@@', 'om@@', 'ent', '.', '</s>']
2025-05-03 13:12:46,126 - INFO - joeynmt.training - 	Source:     die Premierminister Indiens und Japans trafen sich in Tokio .
2025-05-03 13:12:46,126 - INFO - joeynmt.training - 	Reference:  India and Japan prime ministers meet in Tokyo
2025-05-03 13:12:46,127 - INFO - joeynmt.training - 	Hypothesis: the Prime Minister of India and Japan and Japan &apos;s desirable moment .
2025-05-03 13:12:46,127 - INFO - joeynmt.training - Example #1
2025-05-03 13:12:46,127 - DEBUG - joeynmt.training - 	Tokenized source:     ['Indi@@', 'ens', 'neu@@', 'er', 'Pre@@', 'mi@@', 'er@@', 'minist@@', 'er', 'N@@', 'ar@@', 'end@@', 'ra', 'Mo@@', 'd@@', 'i', 'tri@@', 'fft', 'bei', 's@@', 'einem', 'ersten', 'wichti@@', 'gen', 'Aus@@', 'land@@', 's@@', 'bes@@', 'u@@', 'ch', 'seit', 's@@', 'einem', 'W@@', 'ah@@', 'l@@', 'si@@', 'e@@', 'g', 'im', 'Ma@@', 'i', 'seinen', 'j@@', 'ap@@', 'an@@', 'ischen', 'Am@@', 'ts@@', 'k@@', 'olle@@', 'gen', 'S@@', 'hin@@', 'z@@', 'o', 'A@@', 'be', 'in', 'T@@', 'ok@@', 'o', ',', 'um', 'wirtschaf@@', 'tliche', 'und', 'sicher@@', 'heits@@', 'politische', 'Be@@', 'zieh@@', 'ungen', 'zu', 'bes@@', 'pre@@', 'chen', '.']
2025-05-03 13:12:46,127 - DEBUG - joeynmt.training - 	Tokenized reference:  ['Indi@@', 'a', '&apos;s', 'new', 'pri@@', 'me', 'minist@@', 'er', ',', 'N@@', 'ar@@', 'end@@', 'ra', 'Mo@@', 'd@@', 'i', ',', 'is', 'me@@', 'eting', 'his', 'J@@', 'ap@@', 'an@@', 'ese', 'coun@@', 'ter@@', 'part', ',', 'S@@', 'hin@@', 'z@@', 'o', 'A@@', 'be', ',', 'in', 'T@@', 'ok@@', 'y@@', 'o', 'to', 'disc@@', 'uss', 'economic', 'and', 'security', 'ties', ',', 'on', 'his', 'first', 'major', 'fore@@', 'ign', 'visi@@', 't', 'since', 'w@@', 'inn@@', 'ing', 'Ma@@', 'y', '&apos;s', 'elec@@', 'tion', '.']
2025-05-03 13:12:46,127 - DEBUG - joeynmt.training - 	Tokenized hypothesis: ['Indi@@', 'a', 'new', 'Pri@@', 'me', 'Minist@@', 'er', 'N@@', 'ar@@', 'ra', 'Mo@@', 'd@@', 'i', 'is', 'a', 'de@@', 'al@@', 'ing', 'with', 'its', 'first', 'important', 'fore@@', 'ign', 'fore@@', 'ign', 'lea@@', 'ders', 'in', 'the', 'M@@', 'un@@', 'ich', ',', 'in', 'the', 'first', 'time', ',', 'he', 'was', 'a', 'm@@', 'ember', 'of', 'the', 'J@@', 'ap@@', 'an', '&apos;s', 'German', 'German', 'German', 'F@@', 'e@@', 'der@@', 'al', 'F@@', 'e@@', 'der@@', 'al', 'A@@', 'be', ',', 'in', 'T@@', 'ok@@', 'o', ',', 'and', 'security', 'policy', 'rel@@', 'ations', '.', '</s>']
2025-05-03 13:12:46,127 - INFO - joeynmt.training - 	Source:     Indiens neuer Premierminister Narendra Modi trifft bei seinem ersten wichtigen Auslandsbesuch seit seinem Wahlsieg im Mai seinen japanischen Amtskollegen Shinzo Abe in Toko , um wirtschaftliche und sicherheitspolitische Beziehungen zu besprechen .
2025-05-03 13:12:46,127 - INFO - joeynmt.training - 	Reference:  India &apos;s new prime minister , Narendra Modi , is meeting his Japanese counterpart , Shinzo Abe , in Tokyo to discuss economic and security ties , on his first major foreign visit since winning May &apos;s election .
2025-05-03 13:12:46,127 - INFO - joeynmt.training - 	Hypothesis: India new Prime Minister Narra Modi is a dealing with its first important foreign foreign leaders in the Munich , in the first time , he was a member of the Japan &apos;s German German German Federal Federal Abe , in Toko , and security policy relations .
2025-05-03 13:12:46,127 - INFO - joeynmt.training - Example #2
2025-05-03 13:12:46,128 - DEBUG - joeynmt.training - 	Tokenized source:     ['Herr', 'Mo@@', 'd@@', 'i', 'befindet', 'sich', 'auf', 'einer', 'fü@@', 'n@@', 'f@@', 'tä@@', 'gi@@', 'gen', 'Rei@@', 'se', 'nach', 'J@@', 'ap@@', 'an', ',', 'um', 'die', 'wirtschaf@@', 'tlichen', 'Be@@', 'zieh@@', 'ungen', 'mit', 'der', 'd@@', 'rit@@', 't@@', 'größ@@', 'ten', 'Wirtschafts@@', 'n@@', 'ation', 'der', 'Welt', 'zu', 'fes@@', 'tigen', '.']
2025-05-03 13:12:46,128 - DEBUG - joeynmt.training - 	Tokenized reference:  ['Mr', 'Mo@@', 'd@@', 'i', 'is', 'on', 'a', 'fi@@', 've', '@@@', '-@@', '@', 'day', 'tri@@', 'p', 'to', 'J@@', 'ap@@', 'an', 'to', 'streng@@', 'then', 'economic', 'ties', 'with', 'the', 'third', 'lar@@', 'ges@@', 't', 'econom@@', 'y', 'in', 'the', 'world', '.']
2025-05-03 13:12:46,128 - DEBUG - joeynmt.training - 	Tokenized hypothesis: ['Mr', 'Mo@@', 'd@@', 'i', 'is', 'a', 'ho@@', 't', 'of', 'a', 'fi@@', 'f@@', 'th', 'ne@@', 'w@@', 'sp@@', 'ap@@', 'ers', 'to', 'J@@', 'ap@@', 'an', 'to', 'the', 'economic', 'rel@@', 'ations', 'with', 'the', 'third', 'lar@@', 'ges@@', 't', 'economic', 'rel@@', 'ations', 'with', 'the', 'third', 'lar@@', 'ges@@', 't', 'economic', 'rel@@', 'ations', 'with', 'the', 'third', 'lar@@', 'ges@@', 't', '.', '</s>']
2025-05-03 13:12:46,128 - INFO - joeynmt.training - 	Source:     Herr Modi befindet sich auf einer fünftägigen Reise nach Japan , um die wirtschaftlichen Beziehungen mit der drittgrößten Wirtschaftsnation der Welt zu festigen .
2025-05-03 13:12:46,128 - INFO - joeynmt.training - 	Reference:  Mr Modi is on a five @-@ day trip to Japan to strengthen economic ties with the third largest economy in the world .
2025-05-03 13:12:46,128 - INFO - joeynmt.training - 	Hypothesis: Mr Modi is a hot of a fifth newspapers to Japan to the economic relations with the third largest economic relations with the third largest economic relations with the third largest .
2025-05-03 13:12:46,128 - INFO - joeynmt.training - Example #3
2025-05-03 13:12:46,128 - DEBUG - joeynmt.training - 	Tokenized source:     ['P@@', 'län@@', 'e', 'für', 'eine', 'stärk@@', 'ere', 'k@@', 'ern@@', 'techn@@', 'ische', 'Zusammenarbeit', 'stehen', 'ganz', 'ob@@', 'en', 'auf', 'der', 'Tag@@', 'es@@', 'ordnung', '.']
2025-05-03 13:12:46,128 - DEBUG - joeynmt.training - 	Tokenized reference:  ['high', 'on', 'the', 'agen@@', 'da', 'are', 'pl@@', 'ans', 'for', 'gre@@', 'ater', 'nu@@', 'clear', 'c@@', 'o', '@@@', '-@@', '@', 'operation', '.']
2025-05-03 13:12:46,128 - DEBUG - joeynmt.training - 	Tokenized hypothesis: ['pl@@', 'ans', 'for', 'a', 'str@@', 'ong', 'techn@@', 'ical', 'cooperation', ',', 'in', 'the', 'agen@@', 'da', '.', '</s>']
2025-05-03 13:12:46,128 - INFO - joeynmt.training - 	Source:     Pläne für eine stärkere kerntechnische Zusammenarbeit stehen ganz oben auf der Tagesordnung .
2025-05-03 13:12:46,129 - INFO - joeynmt.training - 	Reference:  high on the agenda are plans for greater nuclear co @-@ operation .
2025-05-03 13:12:46,129 - INFO - joeynmt.training - 	Hypothesis: plans for a strong technical cooperation , in the agenda .
2025-05-03 13:12:46,129 - INFO - joeynmt.training - Example #4
2025-05-03 13:12:46,129 - DEBUG - joeynmt.training - 	Tokenized source:     ['Berich@@', 'ten', 'zu@@', 'fol@@', 'ge', 'ho@@', 'fft', 'Indi@@', 'en', 'darüber', 'hinaus', 'auf', 'einen', 'Ver@@', 'trag', 'zur', 'Ver@@', 'tei@@', 'dig@@', 'ungs@@', 'zusammen@@', 'arbeit', 'zwischen', 'den', 'beiden', 'N@@', 'ationen', '.']
2025-05-03 13:12:46,129 - DEBUG - joeynmt.training - 	Tokenized reference:  ['Indi@@', 'a', 'is', 'also', 're@@', 'porte@@', 'dly', 'hop@@', 'ing', 'for', 'a', 'de@@', 'al', 'on', 'def@@', 'ence', 'c@@', 'oll@@', 'ab@@', 'or@@', 'ation', 'between', 'the', 'two', 'n@@', 'ations', '.']
2025-05-03 13:12:46,129 - DEBUG - joeynmt.training - 	Tokenized hypothesis: ['re@@', 'ports', ',', 'in', 'ad@@', 'dition', 'to', 'a', 'con@@', 'tra@@', 'ct', 'con@@', 'trac@@', 'ts', 'between', 'the', 'two', 'n@@', 'ations', '.', '</s>']
2025-05-03 13:12:46,129 - INFO - joeynmt.training - 	Source:     Berichten zufolge hofft Indien darüber hinaus auf einen Vertrag zur Verteidigungszusammenarbeit zwischen den beiden Nationen .
2025-05-03 13:12:46,129 - INFO - joeynmt.training - 	Reference:  India is also reportedly hoping for a deal on defence collaboration between the two nations .
2025-05-03 13:12:46,129 - INFO - joeynmt.training - 	Hypothesis: reports , in addition to a contract contracts between the two nations .
2025-05-03 13:12:51,519 - INFO - joeynmt.training - Epoch   7, Step:    26600, Batch Loss:     1.929864, Batch Acc: 0.503897, Tokens per Sec:    16908, Lr: 0.000300
2025-05-03 13:12:56,945 - INFO - joeynmt.training - Epoch   7, Step:    26700, Batch Loss:     1.868048, Batch Acc: 0.508958, Tokens per Sec:    16838, Lr: 0.000300
2025-05-03 13:13:02,278 - INFO - joeynmt.training - Epoch   7, Step:    26800, Batch Loss:     1.913162, Batch Acc: 0.502685, Tokens per Sec:    17394, Lr: 0.000300
2025-05-03 13:13:07,649 - INFO - joeynmt.training - Epoch   7, Step:    26900, Batch Loss:     1.847976, Batch Acc: 0.501887, Tokens per Sec:    17270, Lr: 0.000300
2025-05-03 13:13:12,898 - INFO - joeynmt.training - Epoch   7, Step:    27000, Batch Loss:     1.642591, Batch Acc: 0.508890, Tokens per Sec:    17338, Lr: 0.000300
2025-05-03 13:13:12,898 - INFO - joeynmt.prediction - Predicting 500 example(s)... (Greedy decoding with min_output_length=1, max_output_length=-1, return_prob='none', generate_unk=True, repetition_penalty=-1, no_repeat_ngram_size=-1)
2025-05-03 13:13:18,035 - INFO - joeynmt.prediction - Evaluation result (greedy) loss:   2.19, ppl:   8.96, acc:   0.44, generation: 5.1302[sec], evaluation: 0.0000[sec]
2025-05-03 13:13:18,121 - INFO - joeynmt.helpers - delete models/deen_transformer_post/24000.ckpt
2025-05-03 13:13:18,126 - INFO - joeynmt.training - Example #0
2025-05-03 13:13:18,126 - DEBUG - joeynmt.training - 	Tokenized source:     ['die', 'Pre@@', 'mi@@', 'er@@', 'minist@@', 'er', 'Indi@@', 'ens', 'und', 'J@@', 'ap@@', 'ans', 'tra@@', 'fen', 'sich', 'in', 'T@@', 'ok@@', 'i@@', 'o', '.']
2025-05-03 13:13:18,126 - DEBUG - joeynmt.training - 	Tokenized reference:  ['Indi@@', 'a', 'and', 'J@@', 'ap@@', 'an', 'pri@@', 'me', 'minist@@', 'ers', 'me@@', 'et', 'in', 'T@@', 'ok@@', 'y@@', 'o']
2025-05-03 13:13:18,126 - DEBUG - joeynmt.training - 	Tokenized hypothesis: ['the', 'Pre@@', 'mi@@', 'er', 'Indi@@', 'a', 'and', 'J@@', 'ap@@', 'an', 'and', 'J@@', 'ap@@', 'an', ',', 'in', 'T@@', 'ok@@', 'i@@', 'o', '.', '</s>']
2025-05-03 13:13:18,127 - INFO - joeynmt.training - 	Source:     die Premierminister Indiens und Japans trafen sich in Tokio .
2025-05-03 13:13:18,127 - INFO - joeynmt.training - 	Reference:  India and Japan prime ministers meet in Tokyo
2025-05-03 13:13:18,127 - INFO - joeynmt.training - 	Hypothesis: the Premier India and Japan and Japan , in Tokio .
2025-05-03 13:13:18,127 - INFO - joeynmt.training - Example #1
2025-05-03 13:13:18,127 - DEBUG - joeynmt.training - 	Tokenized source:     ['Indi@@', 'ens', 'neu@@', 'er', 'Pre@@', 'mi@@', 'er@@', 'minist@@', 'er', 'N@@', 'ar@@', 'end@@', 'ra', 'Mo@@', 'd@@', 'i', 'tri@@', 'fft', 'bei', 's@@', 'einem', 'ersten', 'wichti@@', 'gen', 'Aus@@', 'land@@', 's@@', 'bes@@', 'u@@', 'ch', 'seit', 's@@', 'einem', 'W@@', 'ah@@', 'l@@', 'si@@', 'e@@', 'g', 'im', 'Ma@@', 'i', 'seinen', 'j@@', 'ap@@', 'an@@', 'ischen', 'Am@@', 'ts@@', 'k@@', 'olle@@', 'gen', 'S@@', 'hin@@', 'z@@', 'o', 'A@@', 'be', 'in', 'T@@', 'ok@@', 'o', ',', 'um', 'wirtschaf@@', 'tliche', 'und', 'sicher@@', 'heits@@', 'politische', 'Be@@', 'zieh@@', 'ungen', 'zu', 'bes@@', 'pre@@', 'chen', '.']
2025-05-03 13:13:18,127 - DEBUG - joeynmt.training - 	Tokenized reference:  ['Indi@@', 'a', '&apos;s', 'new', 'pri@@', 'me', 'minist@@', 'er', ',', 'N@@', 'ar@@', 'end@@', 'ra', 'Mo@@', 'd@@', 'i', ',', 'is', 'me@@', 'eting', 'his', 'J@@', 'ap@@', 'an@@', 'ese', 'coun@@', 'ter@@', 'part', ',', 'S@@', 'hin@@', 'z@@', 'o', 'A@@', 'be', ',', 'in', 'T@@', 'ok@@', 'y@@', 'o', 'to', 'disc@@', 'uss', 'economic', 'and', 'security', 'ties', ',', 'on', 'his', 'first', 'major', 'fore@@', 'ign', 'visi@@', 't', 'since', 'w@@', 'inn@@', 'ing', 'Ma@@', 'y', '&apos;s', 'elec@@', 'tion', '.']
2025-05-03 13:13:18,127 - DEBUG - joeynmt.training - 	Tokenized hypothesis: ['Indi@@', 'a', 'new', 'Pre@@', 'mi@@', 'er', 'N@@', 'ar@@', 'i', 'Mo@@', 'd@@', 'i', 'is', 'de@@', 'te@@', 'c@@', 'ted', 'to', 'his', 'first', 'important', 'fore@@', 'ign', 'fore@@', 'ign', 'fore@@', 'ign', 'and', 'his', 'first', 'fore@@', 'ign', 'fore@@', 'ign', 'and', 'his', 'his', 'first', 'year', ',', 'in', 'his', 'J@@', 'ap@@', 'an@@', 'ese', 'Am@@', 'ch@@', 'air@@', 's', 'S@@', 'hin@@', 'z@@', 'o', 'A@@', 'be', ',', 'in', 'T@@', 'ok@@', 'o', ',', 'and', 'saf@@', 'ety', '.', '</s>']
2025-05-03 13:13:18,127 - INFO - joeynmt.training - 	Source:     Indiens neuer Premierminister Narendra Modi trifft bei seinem ersten wichtigen Auslandsbesuch seit seinem Wahlsieg im Mai seinen japanischen Amtskollegen Shinzo Abe in Toko , um wirtschaftliche und sicherheitspolitische Beziehungen zu besprechen .
2025-05-03 13:13:18,127 - INFO - joeynmt.training - 	Reference:  India &apos;s new prime minister , Narendra Modi , is meeting his Japanese counterpart , Shinzo Abe , in Tokyo to discuss economic and security ties , on his first major foreign visit since winning May &apos;s election .
2025-05-03 13:13:18,127 - INFO - joeynmt.training - 	Hypothesis: India new Premier Nari Modi is detected to his first important foreign foreign foreign and his first foreign foreign and his his first year , in his Japanese Amchairs Shinzo Abe , in Toko , and safety .
2025-05-03 13:13:18,127 - INFO - joeynmt.training - Example #2
2025-05-03 13:13:18,127 - DEBUG - joeynmt.training - 	Tokenized source:     ['Herr', 'Mo@@', 'd@@', 'i', 'befindet', 'sich', 'auf', 'einer', 'fü@@', 'n@@', 'f@@', 'tä@@', 'gi@@', 'gen', 'Rei@@', 'se', 'nach', 'J@@', 'ap@@', 'an', ',', 'um', 'die', 'wirtschaf@@', 'tlichen', 'Be@@', 'zieh@@', 'ungen', 'mit', 'der', 'd@@', 'rit@@', 't@@', 'größ@@', 'ten', 'Wirtschafts@@', 'n@@', 'ation', 'der', 'Welt', 'zu', 'fes@@', 'tigen', '.']
2025-05-03 13:13:18,127 - DEBUG - joeynmt.training - 	Tokenized reference:  ['Mr', 'Mo@@', 'd@@', 'i', 'is', 'on', 'a', 'fi@@', 've', '@@@', '-@@', '@', 'day', 'tri@@', 'p', 'to', 'J@@', 'ap@@', 'an', 'to', 'streng@@', 'then', 'economic', 'ties', 'with', 'the', 'third', 'lar@@', 'ges@@', 't', 'econom@@', 'y', 'in', 'the', 'world', '.']
2025-05-03 13:13:18,128 - DEBUG - joeynmt.training - 	Tokenized hypothesis: ['Mr', 'Mo@@', 'd@@', 'i', 'is', 'a', 'f@@', 'it@@', 't@@', 'ings', 'of', 'the', 'world', '&apos;s', 'economic', 'rel@@', 'ations', 'with', 'the', 'third', 'lar@@', 'ges@@', 't', 'econom@@', 'y', 'with', 'the', 'third', 'world', '.', '</s>']
2025-05-03 13:13:18,128 - INFO - joeynmt.training - 	Source:     Herr Modi befindet sich auf einer fünftägigen Reise nach Japan , um die wirtschaftlichen Beziehungen mit der drittgrößten Wirtschaftsnation der Welt zu festigen .
2025-05-03 13:13:18,128 - INFO - joeynmt.training - 	Reference:  Mr Modi is on a five @-@ day trip to Japan to strengthen economic ties with the third largest economy in the world .
2025-05-03 13:13:18,128 - INFO - joeynmt.training - 	Hypothesis: Mr Modi is a fittings of the world &apos;s economic relations with the third largest economy with the third world .
2025-05-03 13:13:18,128 - INFO - joeynmt.training - Example #3
2025-05-03 13:13:18,128 - DEBUG - joeynmt.training - 	Tokenized source:     ['P@@', 'län@@', 'e', 'für', 'eine', 'stärk@@', 'ere', 'k@@', 'ern@@', 'techn@@', 'ische', 'Zusammenarbeit', 'stehen', 'ganz', 'ob@@', 'en', 'auf', 'der', 'Tag@@', 'es@@', 'ordnung', '.']
2025-05-03 13:13:18,128 - DEBUG - joeynmt.training - 	Tokenized reference:  ['high', 'on', 'the', 'agen@@', 'da', 'are', 'pl@@', 'ans', 'for', 'gre@@', 'ater', 'nu@@', 'clear', 'c@@', 'o', '@@@', '-@@', '@', 'operation', '.']
2025-05-03 13:13:18,128 - DEBUG - joeynmt.training - 	Tokenized hypothesis: ['pl@@', 'ans', 'for', 'a', 'more', 'seri@@', 'ous', 'techn@@', 'ical', 'cooperation', 'are', 'very', 'ne@@', 'ver', 'the', 'agen@@', 'da', '.', '</s>']
2025-05-03 13:13:18,128 - INFO - joeynmt.training - 	Source:     Pläne für eine stärkere kerntechnische Zusammenarbeit stehen ganz oben auf der Tagesordnung .
2025-05-03 13:13:18,128 - INFO - joeynmt.training - 	Reference:  high on the agenda are plans for greater nuclear co @-@ operation .
2025-05-03 13:13:18,128 - INFO - joeynmt.training - 	Hypothesis: plans for a more serious technical cooperation are very never the agenda .
2025-05-03 13:13:18,128 - INFO - joeynmt.training - Example #4
2025-05-03 13:13:18,128 - DEBUG - joeynmt.training - 	Tokenized source:     ['Berich@@', 'ten', 'zu@@', 'fol@@', 'ge', 'ho@@', 'fft', 'Indi@@', 'en', 'darüber', 'hinaus', 'auf', 'einen', 'Ver@@', 'trag', 'zur', 'Ver@@', 'tei@@', 'dig@@', 'ungs@@', 'zusammen@@', 'arbeit', 'zwischen', 'den', 'beiden', 'N@@', 'ationen', '.']
2025-05-03 13:13:18,128 - DEBUG - joeynmt.training - 	Tokenized reference:  ['Indi@@', 'a', 'is', 'also', 're@@', 'porte@@', 'dly', 'hop@@', 'ing', 'for', 'a', 'de@@', 'al', 'on', 'def@@', 'ence', 'c@@', 'oll@@', 'ab@@', 'or@@', 'ation', 'between', 'the', 'two', 'n@@', 'ations', '.']
2025-05-03 13:13:18,128 - DEBUG - joeynmt.training - 	Tokenized hypothesis: ['in', 'ad@@', 'dition', 'to', 'the', 'other', 'wor@@', 'ds', 'of', 'pro@@', 'gress', 'on', 'a', 'con@@', 'tra@@', 'ct', 'of', 'comm@@', 'unic@@', 'ation', 'between', 'the', 'two', 'n@@', 'ations', '.', '</s>']
2025-05-03 13:13:18,128 - INFO - joeynmt.training - 	Source:     Berichten zufolge hofft Indien darüber hinaus auf einen Vertrag zur Verteidigungszusammenarbeit zwischen den beiden Nationen .
2025-05-03 13:13:18,128 - INFO - joeynmt.training - 	Reference:  India is also reportedly hoping for a deal on defence collaboration between the two nations .
2025-05-03 13:13:18,128 - INFO - joeynmt.training - 	Hypothesis: in addition to the other words of progress on a contract of communication between the two nations .
2025-05-03 13:13:23,396 - INFO - joeynmt.training - Epoch   7, Step:    27100, Batch Loss:     1.624822, Batch Acc: 0.507492, Tokens per Sec:    17342, Lr: 0.000300
2025-05-03 13:13:28,794 - INFO - joeynmt.training - Epoch   7, Step:    27200, Batch Loss:     2.028181, Batch Acc: 0.497389, Tokens per Sec:    17137, Lr: 0.000300
2025-05-03 13:13:34,059 - INFO - joeynmt.training - Epoch   7, Step:    27300, Batch Loss:     1.798921, Batch Acc: 0.506799, Tokens per Sec:    17375, Lr: 0.000300
2025-05-03 13:13:39,463 - INFO - joeynmt.training - Epoch   7, Step:    27400, Batch Loss:     2.007226, Batch Acc: 0.508039, Tokens per Sec:    17012, Lr: 0.000300
2025-05-03 13:13:44,762 - INFO - joeynmt.training - Epoch   7, Step:    27500, Batch Loss:     1.995450, Batch Acc: 0.501508, Tokens per Sec:    17523, Lr: 0.000300
2025-05-03 13:13:44,763 - INFO - joeynmt.prediction - Predicting 500 example(s)... (Greedy decoding with min_output_length=1, max_output_length=-1, return_prob='none', generate_unk=True, repetition_penalty=-1, no_repeat_ngram_size=-1)
2025-05-03 13:13:49,744 - INFO - joeynmt.prediction - Evaluation result (greedy) loss:   2.19, ppl:   8.97, acc:   0.44, generation: 4.9739[sec], evaluation: 0.0000[sec]
2025-05-03 13:13:49,829 - INFO - joeynmt.helpers - delete models/deen_transformer_post/25000.ckpt
2025-05-03 13:13:49,834 - INFO - joeynmt.training - Example #0
2025-05-03 13:13:49,834 - DEBUG - joeynmt.training - 	Tokenized source:     ['die', 'Pre@@', 'mi@@', 'er@@', 'minist@@', 'er', 'Indi@@', 'ens', 'und', 'J@@', 'ap@@', 'ans', 'tra@@', 'fen', 'sich', 'in', 'T@@', 'ok@@', 'i@@', 'o', '.']
2025-05-03 13:13:49,834 - DEBUG - joeynmt.training - 	Tokenized reference:  ['Indi@@', 'a', 'and', 'J@@', 'ap@@', 'an', 'pri@@', 'me', 'minist@@', 'ers', 'me@@', 'et', 'in', 'T@@', 'ok@@', 'y@@', 'o']
2025-05-03 13:13:49,834 - DEBUG - joeynmt.training - 	Tokenized hypothesis: ['the', 'Pri@@', 'me', 'Minist@@', 'er', 'and', 'J@@', 'ap@@', 'an', ',', 'the', 'Pri@@', 'me', 'Minist@@', 'er', 'and', 'J@@', 'ap@@', 'an', '.', '</s>']
2025-05-03 13:13:49,835 - INFO - joeynmt.training - 	Source:     die Premierminister Indiens und Japans trafen sich in Tokio .
2025-05-03 13:13:49,835 - INFO - joeynmt.training - 	Reference:  India and Japan prime ministers meet in Tokyo
2025-05-03 13:13:49,835 - INFO - joeynmt.training - 	Hypothesis: the Prime Minister and Japan , the Prime Minister and Japan .
2025-05-03 13:13:49,835 - INFO - joeynmt.training - Example #1
2025-05-03 13:13:49,835 - DEBUG - joeynmt.training - 	Tokenized source:     ['Indi@@', 'ens', 'neu@@', 'er', 'Pre@@', 'mi@@', 'er@@', 'minist@@', 'er', 'N@@', 'ar@@', 'end@@', 'ra', 'Mo@@', 'd@@', 'i', 'tri@@', 'fft', 'bei', 's@@', 'einem', 'ersten', 'wichti@@', 'gen', 'Aus@@', 'land@@', 's@@', 'bes@@', 'u@@', 'ch', 'seit', 's@@', 'einem', 'W@@', 'ah@@', 'l@@', 'si@@', 'e@@', 'g', 'im', 'Ma@@', 'i', 'seinen', 'j@@', 'ap@@', 'an@@', 'ischen', 'Am@@', 'ts@@', 'k@@', 'olle@@', 'gen', 'S@@', 'hin@@', 'z@@', 'o', 'A@@', 'be', 'in', 'T@@', 'ok@@', 'o', ',', 'um', 'wirtschaf@@', 'tliche', 'und', 'sicher@@', 'heits@@', 'politische', 'Be@@', 'zieh@@', 'ungen', 'zu', 'bes@@', 'pre@@', 'chen', '.']
2025-05-03 13:13:49,835 - DEBUG - joeynmt.training - 	Tokenized reference:  ['Indi@@', 'a', '&apos;s', 'new', 'pri@@', 'me', 'minist@@', 'er', ',', 'N@@', 'ar@@', 'end@@', 'ra', 'Mo@@', 'd@@', 'i', ',', 'is', 'me@@', 'eting', 'his', 'J@@', 'ap@@', 'an@@', 'ese', 'coun@@', 'ter@@', 'part', ',', 'S@@', 'hin@@', 'z@@', 'o', 'A@@', 'be', ',', 'in', 'T@@', 'ok@@', 'y@@', 'o', 'to', 'disc@@', 'uss', 'economic', 'and', 'security', 'ties', ',', 'on', 'his', 'first', 'major', 'fore@@', 'ign', 'visi@@', 't', 'since', 'w@@', 'inn@@', 'ing', 'Ma@@', 'y', '&apos;s', 'elec@@', 'tion', '.']
2025-05-03 13:13:49,835 - DEBUG - joeynmt.training - 	Tokenized hypothesis: ['Indi@@', 'a', 'new', 'pri@@', 'me', 'minist@@', 'er', 'of', 'N@@', 'ar@@', 'd@@', 'i', ',', 'M@@', 'ini@@', 'stry', 'of', 'the', 'first', 'part', 'of', 'the', 'M@@', 'ini@@', 'stry', 'of', 'the', 'M@@', 'ini@@', 'stry', 'of', 'J@@', 'ap@@', 'an@@', 'ese', 'F@@', 'ren@@', 'ch', 'colle@@', 'ag@@', 'u@@', 'es', 'S@@', 'hin@@', 'z@@', 'o', 'A@@', 'be', ',', 'in', 'T@@', 'ok@@', 'o', ',', 'in', 'T@@', 'ok@@', 'o', ',', 'in', 'T@@', 'ok@@', 'o', ',', 'in', 'T@@', 'ok@@', 'o', ',', 'and', 'S@@', 'hin@@', 'z@@', 'o', 'A@@', 'be', ',', 'to', 'the', 'S@@', 'hin@@', 'z@@', 'o', 'A@@', 'be', '.', '</s>']
2025-05-03 13:13:49,835 - INFO - joeynmt.training - 	Source:     Indiens neuer Premierminister Narendra Modi trifft bei seinem ersten wichtigen Auslandsbesuch seit seinem Wahlsieg im Mai seinen japanischen Amtskollegen Shinzo Abe in Toko , um wirtschaftliche und sicherheitspolitische Beziehungen zu besprechen .
2025-05-03 13:13:49,835 - INFO - joeynmt.training - 	Reference:  India &apos;s new prime minister , Narendra Modi , is meeting his Japanese counterpart , Shinzo Abe , in Tokyo to discuss economic and security ties , on his first major foreign visit since winning May &apos;s election .
2025-05-03 13:13:49,835 - INFO - joeynmt.training - 	Hypothesis: India new prime minister of Nardi , Ministry of the first part of the Ministry of the Ministry of Japanese French colleagues Shinzo Abe , in Toko , in Toko , in Toko , in Toko , and Shinzo Abe , to the Shinzo Abe .
2025-05-03 13:13:49,835 - INFO - joeynmt.training - Example #2
2025-05-03 13:13:49,835 - DEBUG - joeynmt.training - 	Tokenized source:     ['Herr', 'Mo@@', 'd@@', 'i', 'befindet', 'sich', 'auf', 'einer', 'fü@@', 'n@@', 'f@@', 'tä@@', 'gi@@', 'gen', 'Rei@@', 'se', 'nach', 'J@@', 'ap@@', 'an', ',', 'um', 'die', 'wirtschaf@@', 'tlichen', 'Be@@', 'zieh@@', 'ungen', 'mit', 'der', 'd@@', 'rit@@', 't@@', 'größ@@', 'ten', 'Wirtschafts@@', 'n@@', 'ation', 'der', 'Welt', 'zu', 'fes@@', 'tigen', '.']
2025-05-03 13:13:49,836 - DEBUG - joeynmt.training - 	Tokenized reference:  ['Mr', 'Mo@@', 'd@@', 'i', 'is', 'on', 'a', 'fi@@', 've', '@@@', '-@@', '@', 'day', 'tri@@', 'p', 'to', 'J@@', 'ap@@', 'an', 'to', 'streng@@', 'then', 'economic', 'ties', 'with', 'the', 'third', 'lar@@', 'ges@@', 't', 'econom@@', 'y', 'in', 'the', 'world', '.']
2025-05-03 13:13:49,836 - DEBUG - joeynmt.training - 	Tokenized hypothesis: ['Mr', 'Mo@@', 'd@@', 'i', 'is', 'a', 'st@@', 'range', 'of', 'j@@', 'ap@@', 'an', 'to', 'J@@', 'ap@@', 'an', 'to', 'J@@', 'ap@@', 'an', 'to', 'J@@', 'ap@@', 'an', 'to', 'J@@', 'ap@@', 'an', 'to', 'the', 'economic', 'rel@@', 'ation@@', 'ship', 'with', 'the', 'third', 'world', '.', '</s>']
2025-05-03 13:13:49,836 - INFO - joeynmt.training - 	Source:     Herr Modi befindet sich auf einer fünftägigen Reise nach Japan , um die wirtschaftlichen Beziehungen mit der drittgrößten Wirtschaftsnation der Welt zu festigen .
2025-05-03 13:13:49,836 - INFO - joeynmt.training - 	Reference:  Mr Modi is on a five @-@ day trip to Japan to strengthen economic ties with the third largest economy in the world .
2025-05-03 13:13:49,836 - INFO - joeynmt.training - 	Hypothesis: Mr Modi is a strange of japan to Japan to Japan to Japan to Japan to the economic relationship with the third world .
2025-05-03 13:13:49,836 - INFO - joeynmt.training - Example #3
2025-05-03 13:13:49,836 - DEBUG - joeynmt.training - 	Tokenized source:     ['P@@', 'län@@', 'e', 'für', 'eine', 'stärk@@', 'ere', 'k@@', 'ern@@', 'techn@@', 'ische', 'Zusammenarbeit', 'stehen', 'ganz', 'ob@@', 'en', 'auf', 'der', 'Tag@@', 'es@@', 'ordnung', '.']
2025-05-03 13:13:49,836 - DEBUG - joeynmt.training - 	Tokenized reference:  ['high', 'on', 'the', 'agen@@', 'da', 'are', 'pl@@', 'ans', 'for', 'gre@@', 'ater', 'nu@@', 'clear', 'c@@', 'o', '@@@', '-@@', '@', 'operation', '.']
2025-05-03 13:13:49,836 - DEBUG - joeynmt.training - 	Tokenized hypothesis: ['pl@@', 'ans', 'to', 'increase', 'gre@@', 'ater', 'nu@@', 'clear', 'techn@@', 'ical', 'cooperation', 'are', 'very', 'ne@@', 'arly', 'de@@', 'termin@@', 'ed', 'at', 'the', 'agen@@', 'da', '.', '</s>']
2025-05-03 13:13:49,836 - INFO - joeynmt.training - 	Source:     Pläne für eine stärkere kerntechnische Zusammenarbeit stehen ganz oben auf der Tagesordnung .
2025-05-03 13:13:49,836 - INFO - joeynmt.training - 	Reference:  high on the agenda are plans for greater nuclear co @-@ operation .
2025-05-03 13:13:49,836 - INFO - joeynmt.training - 	Hypothesis: plans to increase greater nuclear technical cooperation are very nearly determined at the agenda .
2025-05-03 13:13:49,836 - INFO - joeynmt.training - Example #4
2025-05-03 13:13:49,836 - DEBUG - joeynmt.training - 	Tokenized source:     ['Berich@@', 'ten', 'zu@@', 'fol@@', 'ge', 'ho@@', 'fft', 'Indi@@', 'en', 'darüber', 'hinaus', 'auf', 'einen', 'Ver@@', 'trag', 'zur', 'Ver@@', 'tei@@', 'dig@@', 'ungs@@', 'zusammen@@', 'arbeit', 'zwischen', 'den', 'beiden', 'N@@', 'ationen', '.']
2025-05-03 13:13:49,837 - DEBUG - joeynmt.training - 	Tokenized reference:  ['Indi@@', 'a', 'is', 'also', 're@@', 'porte@@', 'dly', 'hop@@', 'ing', 'for', 'a', 'de@@', 'al', 'on', 'def@@', 'ence', 'c@@', 'oll@@', 'ab@@', 'or@@', 'ation', 'between', 'the', 'two', 'n@@', 'ations', '.']
2025-05-03 13:13:49,837 - DEBUG - joeynmt.training - 	Tokenized hypothesis: ['re@@', 'ports', 'also', 'hope', 'to', 'be', 'made', 'in', 'Indi@@', 'a', ',', 'to', 'a', 'con@@', 'tra@@', 'ct', 'agreement', 'on', 'the', 'con@@', 'tra@@', 'ct', 'of', 'both', 'N@@', 'ations', '.', '</s>']
2025-05-03 13:13:49,837 - INFO - joeynmt.training - 	Source:     Berichten zufolge hofft Indien darüber hinaus auf einen Vertrag zur Verteidigungszusammenarbeit zwischen den beiden Nationen .
2025-05-03 13:13:49,837 - INFO - joeynmt.training - 	Reference:  India is also reportedly hoping for a deal on defence collaboration between the two nations .
2025-05-03 13:13:49,837 - INFO - joeynmt.training - 	Hypothesis: reports also hope to be made in India , to a contract agreement on the contract of both Nations .
2025-05-03 13:13:55,150 - INFO - joeynmt.training - Epoch   7, Step:    27600, Batch Loss:     1.841387, Batch Acc: 0.512372, Tokens per Sec:    16991, Lr: 0.000300
2025-05-03 13:14:00,484 - INFO - joeynmt.training - Epoch   7, Step:    27700, Batch Loss:     1.802451, Batch Acc: 0.511232, Tokens per Sec:    17160, Lr: 0.000300
2025-05-03 13:14:05,853 - INFO - joeynmt.training - Epoch   7, Step:    27800, Batch Loss:     2.097673, Batch Acc: 0.502113, Tokens per Sec:    17191, Lr: 0.000300
2025-05-03 13:14:11,066 - INFO - joeynmt.training - Epoch   7, Step:    27900, Batch Loss:     1.869487, Batch Acc: 0.509566, Tokens per Sec:    17669, Lr: 0.000300
2025-05-03 13:14:16,525 - INFO - joeynmt.training - Epoch   7, Step:    28000, Batch Loss:     1.840183, Batch Acc: 0.506871, Tokens per Sec:    16732, Lr: 0.000300
2025-05-03 13:14:16,526 - INFO - joeynmt.prediction - Predicting 500 example(s)... (Greedy decoding with min_output_length=1, max_output_length=-1, return_prob='none', generate_unk=True, repetition_penalty=-1, no_repeat_ngram_size=-1)
2025-05-03 13:14:21,848 - INFO - joeynmt.prediction - Evaluation result (greedy) loss:   2.17, ppl:   8.76, acc:   0.45, generation: 5.3152[sec], evaluation: 0.0000[sec]
2025-05-03 13:14:21,848 - INFO - joeynmt.training - Hooray! New best validation result [ppl]!
2025-05-03 13:14:21,931 - INFO - joeynmt.helpers - delete models/deen_transformer_post/25500.ckpt
2025-05-03 13:14:21,936 - INFO - joeynmt.training - Example #0
2025-05-03 13:14:21,936 - DEBUG - joeynmt.training - 	Tokenized source:     ['die', 'Pre@@', 'mi@@', 'er@@', 'minist@@', 'er', 'Indi@@', 'ens', 'und', 'J@@', 'ap@@', 'ans', 'tra@@', 'fen', 'sich', 'in', 'T@@', 'ok@@', 'i@@', 'o', '.']
2025-05-03 13:14:21,937 - DEBUG - joeynmt.training - 	Tokenized reference:  ['Indi@@', 'a', 'and', 'J@@', 'ap@@', 'an', 'pri@@', 'me', 'minist@@', 'ers', 'me@@', 'et', 'in', 'T@@', 'ok@@', 'y@@', 'o']
2025-05-03 13:14:21,937 - DEBUG - joeynmt.training - 	Tokenized hypothesis: ['the', 'Pri@@', 'me', 'Minist@@', 'er', 'of', 'Indi@@', 'a', 'and', 'J@@', 'ap@@', 'an', 'and', 'J@@', 'ap@@', 'an', '.', '</s>']
2025-05-03 13:14:21,937 - INFO - joeynmt.training - 	Source:     die Premierminister Indiens und Japans trafen sich in Tokio .
2025-05-03 13:14:21,937 - INFO - joeynmt.training - 	Reference:  India and Japan prime ministers meet in Tokyo
2025-05-03 13:14:21,937 - INFO - joeynmt.training - 	Hypothesis: the Prime Minister of India and Japan and Japan .
2025-05-03 13:14:21,937 - INFO - joeynmt.training - Example #1
2025-05-03 13:14:21,937 - DEBUG - joeynmt.training - 	Tokenized source:     ['Indi@@', 'ens', 'neu@@', 'er', 'Pre@@', 'mi@@', 'er@@', 'minist@@', 'er', 'N@@', 'ar@@', 'end@@', 'ra', 'Mo@@', 'd@@', 'i', 'tri@@', 'fft', 'bei', 's@@', 'einem', 'ersten', 'wichti@@', 'gen', 'Aus@@', 'land@@', 's@@', 'bes@@', 'u@@', 'ch', 'seit', 's@@', 'einem', 'W@@', 'ah@@', 'l@@', 'si@@', 'e@@', 'g', 'im', 'Ma@@', 'i', 'seinen', 'j@@', 'ap@@', 'an@@', 'ischen', 'Am@@', 'ts@@', 'k@@', 'olle@@', 'gen', 'S@@', 'hin@@', 'z@@', 'o', 'A@@', 'be', 'in', 'T@@', 'ok@@', 'o', ',', 'um', 'wirtschaf@@', 'tliche', 'und', 'sicher@@', 'heits@@', 'politische', 'Be@@', 'zieh@@', 'ungen', 'zu', 'bes@@', 'pre@@', 'chen', '.']
2025-05-03 13:14:21,937 - DEBUG - joeynmt.training - 	Tokenized reference:  ['Indi@@', 'a', '&apos;s', 'new', 'pri@@', 'me', 'minist@@', 'er', ',', 'N@@', 'ar@@', 'end@@', 'ra', 'Mo@@', 'd@@', 'i', ',', 'is', 'me@@', 'eting', 'his', 'J@@', 'ap@@', 'an@@', 'ese', 'coun@@', 'ter@@', 'part', ',', 'S@@', 'hin@@', 'z@@', 'o', 'A@@', 'be', ',', 'in', 'T@@', 'ok@@', 'y@@', 'o', 'to', 'disc@@', 'uss', 'economic', 'and', 'security', 'ties', ',', 'on', 'his', 'first', 'major', 'fore@@', 'ign', 'visi@@', 't', 'since', 'w@@', 'inn@@', 'ing', 'Ma@@', 'y', '&apos;s', 'elec@@', 'tion', '.']
2025-05-03 13:14:21,937 - DEBUG - joeynmt.training - 	Tokenized hypothesis: ['Indi@@', 'a', '&apos;s', 'Pri@@', 'me', 'Minist@@', 'er', 'N@@', 'ar@@', 'end@@', 'ra', 'Mo@@', 'd@@', 'i', 'F@@', 'ren@@', 'ch', 'A@@', 'be', ',', 'for', 'his', 'first', 'first', 'first', 'de@@', 'mon@@', 'str@@', 'ated', 'fore@@', 'ign', 'langu@@', 'age', ',', 'which', 'has', 'been', 'made', 'in', 'the', 'Mi@@', 'd@@', 'd@@', 'i', 'A@@', 'be', ',', 'to', 'be', 'able', 'to', 're@@', 'fer', 'to', 'the', 'economic', 'and', 'security', 'policy', 'rel@@', 'ations', '.', '</s>']
2025-05-03 13:14:21,937 - INFO - joeynmt.training - 	Source:     Indiens neuer Premierminister Narendra Modi trifft bei seinem ersten wichtigen Auslandsbesuch seit seinem Wahlsieg im Mai seinen japanischen Amtskollegen Shinzo Abe in Toko , um wirtschaftliche und sicherheitspolitische Beziehungen zu besprechen .
2025-05-03 13:14:21,938 - INFO - joeynmt.training - 	Reference:  India &apos;s new prime minister , Narendra Modi , is meeting his Japanese counterpart , Shinzo Abe , in Tokyo to discuss economic and security ties , on his first major foreign visit since winning May &apos;s election .
2025-05-03 13:14:21,938 - INFO - joeynmt.training - 	Hypothesis: India &apos;s Prime Minister Narendra Modi French Abe , for his first first first demonstrated foreign language , which has been made in the Middi Abe , to be able to refer to the economic and security policy relations .
2025-05-03 13:14:21,938 - INFO - joeynmt.training - Example #2
2025-05-03 13:14:21,938 - DEBUG - joeynmt.training - 	Tokenized source:     ['Herr', 'Mo@@', 'd@@', 'i', 'befindet', 'sich', 'auf', 'einer', 'fü@@', 'n@@', 'f@@', 'tä@@', 'gi@@', 'gen', 'Rei@@', 'se', 'nach', 'J@@', 'ap@@', 'an', ',', 'um', 'die', 'wirtschaf@@', 'tlichen', 'Be@@', 'zieh@@', 'ungen', 'mit', 'der', 'd@@', 'rit@@', 't@@', 'größ@@', 'ten', 'Wirtschafts@@', 'n@@', 'ation', 'der', 'Welt', 'zu', 'fes@@', 'tigen', '.']
2025-05-03 13:14:21,938 - DEBUG - joeynmt.training - 	Tokenized reference:  ['Mr', 'Mo@@', 'd@@', 'i', 'is', 'on', 'a', 'fi@@', 've', '@@@', '-@@', '@', 'day', 'tri@@', 'p', 'to', 'J@@', 'ap@@', 'an', 'to', 'streng@@', 'then', 'economic', 'ties', 'with', 'the', 'third', 'lar@@', 'ges@@', 't', 'econom@@', 'y', 'in', 'the', 'world', '.']
2025-05-03 13:14:21,938 - DEBUG - joeynmt.training - 	Tokenized hypothesis: ['Mr', 'Mo@@', 'd@@', 'i', 'is', 'a', 'f@@', 'our', 'tra@@', 'ff@@', 'i@@', 'ck@@', 'ing', 'for', 'J@@', 'ap@@', 'an', 'to', 'J@@', 'ap@@', 'an', 'to', 'J@@', 'ap@@', 'an', 'to', 're@@', 'fle@@', 'ct', 'economic', 'rel@@', 'ation@@', 'ship', 'with', 'the', 'third', 'world', '.', '</s>']
2025-05-03 13:14:21,938 - INFO - joeynmt.training - 	Source:     Herr Modi befindet sich auf einer fünftägigen Reise nach Japan , um die wirtschaftlichen Beziehungen mit der drittgrößten Wirtschaftsnation der Welt zu festigen .
2025-05-03 13:14:21,938 - INFO - joeynmt.training - 	Reference:  Mr Modi is on a five @-@ day trip to Japan to strengthen economic ties with the third largest economy in the world .
2025-05-03 13:14:21,938 - INFO - joeynmt.training - 	Hypothesis: Mr Modi is a four trafficking for Japan to Japan to Japan to reflect economic relationship with the third world .
2025-05-03 13:14:21,938 - INFO - joeynmt.training - Example #3
2025-05-03 13:14:21,938 - DEBUG - joeynmt.training - 	Tokenized source:     ['P@@', 'län@@', 'e', 'für', 'eine', 'stärk@@', 'ere', 'k@@', 'ern@@', 'techn@@', 'ische', 'Zusammenarbeit', 'stehen', 'ganz', 'ob@@', 'en', 'auf', 'der', 'Tag@@', 'es@@', 'ordnung', '.']
2025-05-03 13:14:21,938 - DEBUG - joeynmt.training - 	Tokenized reference:  ['high', 'on', 'the', 'agen@@', 'da', 'are', 'pl@@', 'ans', 'for', 'gre@@', 'ater', 'nu@@', 'clear', 'c@@', 'o', '@@@', '-@@', '@', 'operation', '.']
2025-05-03 13:14:21,938 - DEBUG - joeynmt.training - 	Tokenized hypothesis: ['pl@@', 'ans', 'for', 'gre@@', 'ater', 'nu@@', 'clear', 'techn@@', 'ical', 'cooperation', 'are', 'very', 'ob@@', 'vi@@', 'ously', 'on', 'the', 'agen@@', 'da', '.', '</s>']
2025-05-03 13:14:21,939 - INFO - joeynmt.training - 	Source:     Pläne für eine stärkere kerntechnische Zusammenarbeit stehen ganz oben auf der Tagesordnung .
2025-05-03 13:14:21,939 - INFO - joeynmt.training - 	Reference:  high on the agenda are plans for greater nuclear co @-@ operation .
2025-05-03 13:14:21,939 - INFO - joeynmt.training - 	Hypothesis: plans for greater nuclear technical cooperation are very obviously on the agenda .
2025-05-03 13:14:21,939 - INFO - joeynmt.training - Example #4
2025-05-03 13:14:21,939 - DEBUG - joeynmt.training - 	Tokenized source:     ['Berich@@', 'ten', 'zu@@', 'fol@@', 'ge', 'ho@@', 'fft', 'Indi@@', 'en', 'darüber', 'hinaus', 'auf', 'einen', 'Ver@@', 'trag', 'zur', 'Ver@@', 'tei@@', 'dig@@', 'ungs@@', 'zusammen@@', 'arbeit', 'zwischen', 'den', 'beiden', 'N@@', 'ationen', '.']
2025-05-03 13:14:21,939 - DEBUG - joeynmt.training - 	Tokenized reference:  ['Indi@@', 'a', 'is', 'also', 're@@', 'porte@@', 'dly', 'hop@@', 'ing', 'for', 'a', 'de@@', 'al', 'on', 'def@@', 'ence', 'c@@', 'oll@@', 'ab@@', 'or@@', 'ation', 'between', 'the', 'two', 'n@@', 'ations', '.']
2025-05-03 13:14:21,939 - DEBUG - joeynmt.training - 	Tokenized hypothesis: ['re@@', 'ports', 'also', 'hop@@', 'es', 'for', 'the', 'def@@', 'ence', 'cooperation', 'between', 'the', 'two', 'n@@', 'ations', '.', '</s>']
2025-05-03 13:14:21,939 - INFO - joeynmt.training - 	Source:     Berichten zufolge hofft Indien darüber hinaus auf einen Vertrag zur Verteidigungszusammenarbeit zwischen den beiden Nationen .
2025-05-03 13:14:21,939 - INFO - joeynmt.training - 	Reference:  India is also reportedly hoping for a deal on defence collaboration between the two nations .
2025-05-03 13:14:21,939 - INFO - joeynmt.training - 	Hypothesis: reports also hopes for the defence cooperation between the two nations .
2025-05-03 13:14:27,346 - INFO - joeynmt.training - Epoch   7, Step:    28100, Batch Loss:     1.743617, Batch Acc: 0.506227, Tokens per Sec:    16727, Lr: 0.000300
2025-05-03 13:14:32,565 - INFO - joeynmt.training - Epoch   7, Step:    28200, Batch Loss:     1.854368, Batch Acc: 0.510678, Tokens per Sec:    17737, Lr: 0.000300
2025-05-03 13:14:37,926 - INFO - joeynmt.training - Epoch   7, Step:    28300, Batch Loss:     1.774015, Batch Acc: 0.510859, Tokens per Sec:    17183, Lr: 0.000300
2025-05-03 13:14:43,219 - INFO - joeynmt.training - Epoch   7, Step:    28400, Batch Loss:     1.799436, Batch Acc: 0.503431, Tokens per Sec:    17538, Lr: 0.000300
2025-05-03 13:14:46,365 - INFO - joeynmt.training - Epoch   7: total training loss 7342.37
2025-05-03 13:14:46,365 - INFO - joeynmt.training - EPOCH 8
2025-05-03 13:14:48,606 - INFO - joeynmt.training - Epoch   8, Step:    28500, Batch Loss:     1.846546, Batch Acc: 0.518851, Tokens per Sec:    16672, Lr: 0.000300
2025-05-03 13:14:48,606 - INFO - joeynmt.prediction - Predicting 500 example(s)... (Greedy decoding with min_output_length=1, max_output_length=-1, return_prob='none', generate_unk=True, repetition_penalty=-1, no_repeat_ngram_size=-1)
2025-05-03 13:14:54,061 - INFO - joeynmt.prediction - Evaluation result (greedy) loss:   2.17, ppl:   8.74, acc:   0.45, generation: 5.4450[sec], evaluation: 0.0000[sec]
2025-05-03 13:14:54,061 - INFO - joeynmt.training - Hooray! New best validation result [ppl]!
2025-05-03 13:14:54,141 - INFO - joeynmt.helpers - delete models/deen_transformer_post/26500.ckpt
2025-05-03 13:14:54,147 - INFO - joeynmt.training - Example #0
2025-05-03 13:14:54,147 - DEBUG - joeynmt.training - 	Tokenized source:     ['die', 'Pre@@', 'mi@@', 'er@@', 'minist@@', 'er', 'Indi@@', 'ens', 'und', 'J@@', 'ap@@', 'ans', 'tra@@', 'fen', 'sich', 'in', 'T@@', 'ok@@', 'i@@', 'o', '.']
2025-05-03 13:14:54,147 - DEBUG - joeynmt.training - 	Tokenized reference:  ['Indi@@', 'a', 'and', 'J@@', 'ap@@', 'an', 'pri@@', 'me', 'minist@@', 'ers', 'me@@', 'et', 'in', 'T@@', 'ok@@', 'y@@', 'o']
2025-05-03 13:14:54,147 - DEBUG - joeynmt.training - 	Tokenized hypothesis: ['the', 'pri@@', 'me', 'minist@@', 'er', 'of', 'Indi@@', 'a', 'and', 'J@@', 'ap@@', 'an', '.', '</s>']
2025-05-03 13:14:54,147 - INFO - joeynmt.training - 	Source:     die Premierminister Indiens und Japans trafen sich in Tokio .
2025-05-03 13:14:54,147 - INFO - joeynmt.training - 	Reference:  India and Japan prime ministers meet in Tokyo
2025-05-03 13:14:54,147 - INFO - joeynmt.training - 	Hypothesis: the prime minister of India and Japan .
2025-05-03 13:14:54,147 - INFO - joeynmt.training - Example #1
2025-05-03 13:14:54,148 - DEBUG - joeynmt.training - 	Tokenized source:     ['Indi@@', 'ens', 'neu@@', 'er', 'Pre@@', 'mi@@', 'er@@', 'minist@@', 'er', 'N@@', 'ar@@', 'end@@', 'ra', 'Mo@@', 'd@@', 'i', 'tri@@', 'fft', 'bei', 's@@', 'einem', 'ersten', 'wichti@@', 'gen', 'Aus@@', 'land@@', 's@@', 'bes@@', 'u@@', 'ch', 'seit', 's@@', 'einem', 'W@@', 'ah@@', 'l@@', 'si@@', 'e@@', 'g', 'im', 'Ma@@', 'i', 'seinen', 'j@@', 'ap@@', 'an@@', 'ischen', 'Am@@', 'ts@@', 'k@@', 'olle@@', 'gen', 'S@@', 'hin@@', 'z@@', 'o', 'A@@', 'be', 'in', 'T@@', 'ok@@', 'o', ',', 'um', 'wirtschaf@@', 'tliche', 'und', 'sicher@@', 'heits@@', 'politische', 'Be@@', 'zieh@@', 'ungen', 'zu', 'bes@@', 'pre@@', 'chen', '.']
2025-05-03 13:14:54,148 - DEBUG - joeynmt.training - 	Tokenized reference:  ['Indi@@', 'a', '&apos;s', 'new', 'pri@@', 'me', 'minist@@', 'er', ',', 'N@@', 'ar@@', 'end@@', 'ra', 'Mo@@', 'd@@', 'i', ',', 'is', 'me@@', 'eting', 'his', 'J@@', 'ap@@', 'an@@', 'ese', 'coun@@', 'ter@@', 'part', ',', 'S@@', 'hin@@', 'z@@', 'o', 'A@@', 'be', ',', 'in', 'T@@', 'ok@@', 'y@@', 'o', 'to', 'disc@@', 'uss', 'economic', 'and', 'security', 'ties', ',', 'on', 'his', 'first', 'major', 'fore@@', 'ign', 'visi@@', 't', 'since', 'w@@', 'inn@@', 'ing', 'Ma@@', 'y', '&apos;s', 'elec@@', 'tion', '.']
2025-05-03 13:14:54,148 - DEBUG - joeynmt.training - 	Tokenized hypothesis: ['Indi@@', 'a', 'new', 'pri@@', 'me', 'minist@@', 'er', 'of', 'N@@', 'ar@@', 'th', ',', 'the', 'first', 'part', 'of', 'his', 'first', 'first', 'fore@@', 'ign', 'visi@@', 'tors', 'have', 'been', 're@@', 'ach@@', 'ed', 'in', 'the', 'M@@', 'un@@', 'ich', 'of', 'his', 'first', 'year', ',', 'in', 'his', 'elec@@', 'tion', ',', 'in', 'the', 'M@@', 'un@@', 'ich', ',', 'in', 'the', 'Mi@@', 'd@@', 'd@@', 'd@@', 'le', 'E@@', 'ast', 'A@@', 'be', ',', 'to', 'be', 're@@', 'ach@@', 'ed', 'in', 'the', 'Mi@@', 'd@@', 'd@@', 'd@@', 'd@@', 'le', 'E@@', 'ast', '.', '</s>']
2025-05-03 13:14:54,148 - INFO - joeynmt.training - 	Source:     Indiens neuer Premierminister Narendra Modi trifft bei seinem ersten wichtigen Auslandsbesuch seit seinem Wahlsieg im Mai seinen japanischen Amtskollegen Shinzo Abe in Toko , um wirtschaftliche und sicherheitspolitische Beziehungen zu besprechen .
2025-05-03 13:14:54,148 - INFO - joeynmt.training - 	Reference:  India &apos;s new prime minister , Narendra Modi , is meeting his Japanese counterpart , Shinzo Abe , in Tokyo to discuss economic and security ties , on his first major foreign visit since winning May &apos;s election .
2025-05-03 13:14:54,148 - INFO - joeynmt.training - 	Hypothesis: India new prime minister of Narth , the first part of his first first foreign visitors have been reached in the Munich of his first year , in his election , in the Munich , in the Midddle East Abe , to be reached in the Middddle East .
2025-05-03 13:14:54,148 - INFO - joeynmt.training - Example #2
2025-05-03 13:14:54,148 - DEBUG - joeynmt.training - 	Tokenized source:     ['Herr', 'Mo@@', 'd@@', 'i', 'befindet', 'sich', 'auf', 'einer', 'fü@@', 'n@@', 'f@@', 'tä@@', 'gi@@', 'gen', 'Rei@@', 'se', 'nach', 'J@@', 'ap@@', 'an', ',', 'um', 'die', 'wirtschaf@@', 'tlichen', 'Be@@', 'zieh@@', 'ungen', 'mit', 'der', 'd@@', 'rit@@', 't@@', 'größ@@', 'ten', 'Wirtschafts@@', 'n@@', 'ation', 'der', 'Welt', 'zu', 'fes@@', 'tigen', '.']
2025-05-03 13:14:54,148 - DEBUG - joeynmt.training - 	Tokenized reference:  ['Mr', 'Mo@@', 'd@@', 'i', 'is', 'on', 'a', 'fi@@', 've', '@@@', '-@@', '@', 'day', 'tri@@', 'p', 'to', 'J@@', 'ap@@', 'an', 'to', 'streng@@', 'then', 'economic', 'ties', 'with', 'the', 'third', 'lar@@', 'ges@@', 't', 'econom@@', 'y', 'in', 'the', 'world', '.']
2025-05-03 13:14:54,148 - DEBUG - joeynmt.training - 	Tokenized hypothesis: ['Mr', 'Mo@@', 'd@@', 'i', 'is', 'a', 'fi@@', 'f@@', 'te@@', 'en', 'tra@@', 'v@@', 'el', 'to', 'J@@', 'ap@@', 'an', 'to', 'J@@', 'ap@@', 'an', 'to', 'J@@', 'ap@@', 'an', 'to', 'J@@', 'ap@@', 'an', ',', 'to', 'be', 'able', 'to', 're@@', 'fle@@', 'ct', 'economic', 'rel@@', 'ations', 'with', 'the', 'third', 'world', '.', '</s>']
2025-05-03 13:14:54,148 - INFO - joeynmt.training - 	Source:     Herr Modi befindet sich auf einer fünftägigen Reise nach Japan , um die wirtschaftlichen Beziehungen mit der drittgrößten Wirtschaftsnation der Welt zu festigen .
2025-05-03 13:14:54,149 - INFO - joeynmt.training - 	Reference:  Mr Modi is on a five @-@ day trip to Japan to strengthen economic ties with the third largest economy in the world .
2025-05-03 13:14:54,149 - INFO - joeynmt.training - 	Hypothesis: Mr Modi is a fifteen travel to Japan to Japan to Japan to Japan , to be able to reflect economic relations with the third world .
2025-05-03 13:14:54,149 - INFO - joeynmt.training - Example #3
2025-05-03 13:14:54,149 - DEBUG - joeynmt.training - 	Tokenized source:     ['P@@', 'län@@', 'e', 'für', 'eine', 'stärk@@', 'ere', 'k@@', 'ern@@', 'techn@@', 'ische', 'Zusammenarbeit', 'stehen', 'ganz', 'ob@@', 'en', 'auf', 'der', 'Tag@@', 'es@@', 'ordnung', '.']
2025-05-03 13:14:54,149 - DEBUG - joeynmt.training - 	Tokenized reference:  ['high', 'on', 'the', 'agen@@', 'da', 'are', 'pl@@', 'ans', 'for', 'gre@@', 'ater', 'nu@@', 'clear', 'c@@', 'o', '@@@', '-@@', '@', 'operation', '.']
2025-05-03 13:14:54,149 - DEBUG - joeynmt.training - 	Tokenized hypothesis: ['pl@@', 'ans', 'for', 'gre@@', 'ater', 'nu@@', 'clear', 'cooperation', 'are', 'very', 'ob@@', 'vi@@', 'ous', 'on', 'the', 'agen@@', 'da', '.', '</s>']
2025-05-03 13:14:54,149 - INFO - joeynmt.training - 	Source:     Pläne für eine stärkere kerntechnische Zusammenarbeit stehen ganz oben auf der Tagesordnung .
2025-05-03 13:14:54,149 - INFO - joeynmt.training - 	Reference:  high on the agenda are plans for greater nuclear co @-@ operation .
2025-05-03 13:14:54,149 - INFO - joeynmt.training - 	Hypothesis: plans for greater nuclear cooperation are very obvious on the agenda .
2025-05-03 13:14:54,149 - INFO - joeynmt.training - Example #4
2025-05-03 13:14:54,149 - DEBUG - joeynmt.training - 	Tokenized source:     ['Berich@@', 'ten', 'zu@@', 'fol@@', 'ge', 'ho@@', 'fft', 'Indi@@', 'en', 'darüber', 'hinaus', 'auf', 'einen', 'Ver@@', 'trag', 'zur', 'Ver@@', 'tei@@', 'dig@@', 'ungs@@', 'zusammen@@', 'arbeit', 'zwischen', 'den', 'beiden', 'N@@', 'ationen', '.']
2025-05-03 13:14:54,149 - DEBUG - joeynmt.training - 	Tokenized reference:  ['Indi@@', 'a', 'is', 'also', 're@@', 'porte@@', 'dly', 'hop@@', 'ing', 'for', 'a', 'de@@', 'al', 'on', 'def@@', 'ence', 'c@@', 'oll@@', 'ab@@', 'or@@', 'ation', 'between', 'the', 'two', 'n@@', 'ations', '.']
2025-05-03 13:14:54,149 - DEBUG - joeynmt.training - 	Tokenized hypothesis: ['re@@', 'ports', 'are', 'also', 'hop@@', 'ing', 'for', 'a', 'con@@', 'tra@@', 'st', 'between', 'the', 'two', 'n@@', 'ations', '.', '</s>']
2025-05-03 13:14:54,149 - INFO - joeynmt.training - 	Source:     Berichten zufolge hofft Indien darüber hinaus auf einen Vertrag zur Verteidigungszusammenarbeit zwischen den beiden Nationen .
2025-05-03 13:14:54,149 - INFO - joeynmt.training - 	Reference:  India is also reportedly hoping for a deal on defence collaboration between the two nations .
2025-05-03 13:14:54,150 - INFO - joeynmt.training - 	Hypothesis: reports are also hoping for a contrast between the two nations .
2025-05-03 13:14:59,453 - INFO - joeynmt.training - Epoch   8, Step:    28600, Batch Loss:     1.914564, Batch Acc: 0.529847, Tokens per Sec:    16931, Lr: 0.000300
2025-05-03 13:15:04,847 - INFO - joeynmt.training - Epoch   8, Step:    28700, Batch Loss:     1.624211, Batch Acc: 0.519334, Tokens per Sec:    17103, Lr: 0.000300
2025-05-03 13:15:10,166 - INFO - joeynmt.training - Epoch   8, Step:    28800, Batch Loss:     1.451229, Batch Acc: 0.523948, Tokens per Sec:    17321, Lr: 0.000300
2025-05-03 13:15:15,427 - INFO - joeynmt.training - Epoch   8, Step:    28900, Batch Loss:     1.979233, Batch Acc: 0.521406, Tokens per Sec:    17862, Lr: 0.000300
2025-05-03 13:15:20,787 - INFO - joeynmt.training - Epoch   8, Step:    29000, Batch Loss:     1.723968, Batch Acc: 0.517676, Tokens per Sec:    17185, Lr: 0.000300
2025-05-03 13:15:20,788 - INFO - joeynmt.prediction - Predicting 500 example(s)... (Greedy decoding with min_output_length=1, max_output_length=-1, return_prob='none', generate_unk=True, repetition_penalty=-1, no_repeat_ngram_size=-1)
2025-05-03 13:15:26,228 - INFO - joeynmt.prediction - Evaluation result (greedy) loss:   2.17, ppl:   8.73, acc:   0.44, generation: 5.4317[sec], evaluation: 0.0000[sec]
2025-05-03 13:15:26,229 - INFO - joeynmt.training - Hooray! New best validation result [ppl]!
2025-05-03 13:15:26,310 - INFO - joeynmt.helpers - delete models/deen_transformer_post/27500.ckpt
2025-05-03 13:15:26,316 - INFO - joeynmt.training - Example #0
2025-05-03 13:15:26,316 - DEBUG - joeynmt.training - 	Tokenized source:     ['die', 'Pre@@', 'mi@@', 'er@@', 'minist@@', 'er', 'Indi@@', 'ens', 'und', 'J@@', 'ap@@', 'ans', 'tra@@', 'fen', 'sich', 'in', 'T@@', 'ok@@', 'i@@', 'o', '.']
2025-05-03 13:15:26,317 - DEBUG - joeynmt.training - 	Tokenized reference:  ['Indi@@', 'a', 'and', 'J@@', 'ap@@', 'an', 'pri@@', 'me', 'minist@@', 'ers', 'me@@', 'et', 'in', 'T@@', 'ok@@', 'y@@', 'o']
2025-05-03 13:15:26,317 - DEBUG - joeynmt.training - 	Tokenized hypothesis: ['the', 'Pri@@', 'me', 'Minist@@', 'er', 'of', 'Indi@@', 'a', 'and', 'J@@', 'ap@@', 'an', 'and', 'J@@', 'ap@@', 'an', 'tra@@', 'ck', 'in', 'T@@', 'ok@@', 'i@@', 'o', '.', '</s>']
2025-05-03 13:15:26,317 - INFO - joeynmt.training - 	Source:     die Premierminister Indiens und Japans trafen sich in Tokio .
2025-05-03 13:15:26,317 - INFO - joeynmt.training - 	Reference:  India and Japan prime ministers meet in Tokyo
2025-05-03 13:15:26,317 - INFO - joeynmt.training - 	Hypothesis: the Prime Minister of India and Japan and Japan track in Tokio .
2025-05-03 13:15:26,317 - INFO - joeynmt.training - Example #1
2025-05-03 13:15:26,317 - DEBUG - joeynmt.training - 	Tokenized source:     ['Indi@@', 'ens', 'neu@@', 'er', 'Pre@@', 'mi@@', 'er@@', 'minist@@', 'er', 'N@@', 'ar@@', 'end@@', 'ra', 'Mo@@', 'd@@', 'i', 'tri@@', 'fft', 'bei', 's@@', 'einem', 'ersten', 'wichti@@', 'gen', 'Aus@@', 'land@@', 's@@', 'bes@@', 'u@@', 'ch', 'seit', 's@@', 'einem', 'W@@', 'ah@@', 'l@@', 'si@@', 'e@@', 'g', 'im', 'Ma@@', 'i', 'seinen', 'j@@', 'ap@@', 'an@@', 'ischen', 'Am@@', 'ts@@', 'k@@', 'olle@@', 'gen', 'S@@', 'hin@@', 'z@@', 'o', 'A@@', 'be', 'in', 'T@@', 'ok@@', 'o', ',', 'um', 'wirtschaf@@', 'tliche', 'und', 'sicher@@', 'heits@@', 'politische', 'Be@@', 'zieh@@', 'ungen', 'zu', 'bes@@', 'pre@@', 'chen', '.']
2025-05-03 13:15:26,317 - DEBUG - joeynmt.training - 	Tokenized reference:  ['Indi@@', 'a', '&apos;s', 'new', 'pri@@', 'me', 'minist@@', 'er', ',', 'N@@', 'ar@@', 'end@@', 'ra', 'Mo@@', 'd@@', 'i', ',', 'is', 'me@@', 'eting', 'his', 'J@@', 'ap@@', 'an@@', 'ese', 'coun@@', 'ter@@', 'part', ',', 'S@@', 'hin@@', 'z@@', 'o', 'A@@', 'be', ',', 'in', 'T@@', 'ok@@', 'y@@', 'o', 'to', 'disc@@', 'uss', 'economic', 'and', 'security', 'ties', ',', 'on', 'his', 'first', 'major', 'fore@@', 'ign', 'visi@@', 't', 'since', 'w@@', 'inn@@', 'ing', 'Ma@@', 'y', '&apos;s', 'elec@@', 'tion', '.']
2025-05-03 13:15:26,317 - DEBUG - joeynmt.training - 	Tokenized hypothesis: ['Indi@@', 'a', '&apos;s', 'new', 'Pri@@', 'me', 'Minist@@', 'er', 'N@@', 'ar@@', 'en@@', 'mar@@', 'k', 'was', 'tru@@', 'e', 'in', 'the', 'first', 'of', 'all', 'his', 'first', 'in@@', '-@@', 'h@@', 'ouse', 'of', 'his', 'first', 'in@@', '-@@', 'h@@', 'ouse', 'of', 'Ma@@', 'y', 'his', 'his', 'J@@', 'ap@@', 'an@@', 'ese', 'of', 'the', 'M@@', 'j@@', 'ap@@', 'an@@', 'ese', 'of', 'the', 'S@@', 'hin@@', 'z@@', 'o', ',', 'in', 'T@@', 'ok@@', 'o', ',', 'with', 'his', 'first', 'time', ',', 'economic', 'and', 'saf@@', 'ety', '.', '</s>']
2025-05-03 13:15:26,317 - INFO - joeynmt.training - 	Source:     Indiens neuer Premierminister Narendra Modi trifft bei seinem ersten wichtigen Auslandsbesuch seit seinem Wahlsieg im Mai seinen japanischen Amtskollegen Shinzo Abe in Toko , um wirtschaftliche und sicherheitspolitische Beziehungen zu besprechen .
2025-05-03 13:15:26,317 - INFO - joeynmt.training - 	Reference:  India &apos;s new prime minister , Narendra Modi , is meeting his Japanese counterpart , Shinzo Abe , in Tokyo to discuss economic and security ties , on his first major foreign visit since winning May &apos;s election .
2025-05-03 13:15:26,318 - INFO - joeynmt.training - 	Hypothesis: India &apos;s new Prime Minister Narenmark was true in the first of all his first in-house of his first in-house of May his his Japanese of the Mjapanese of the Shinzo , in Toko , with his first time , economic and safety .
2025-05-03 13:15:26,318 - INFO - joeynmt.training - Example #2
2025-05-03 13:15:26,318 - DEBUG - joeynmt.training - 	Tokenized source:     ['Herr', 'Mo@@', 'd@@', 'i', 'befindet', 'sich', 'auf', 'einer', 'fü@@', 'n@@', 'f@@', 'tä@@', 'gi@@', 'gen', 'Rei@@', 'se', 'nach', 'J@@', 'ap@@', 'an', ',', 'um', 'die', 'wirtschaf@@', 'tlichen', 'Be@@', 'zieh@@', 'ungen', 'mit', 'der', 'd@@', 'rit@@', 't@@', 'größ@@', 'ten', 'Wirtschafts@@', 'n@@', 'ation', 'der', 'Welt', 'zu', 'fes@@', 'tigen', '.']
2025-05-03 13:15:26,318 - DEBUG - joeynmt.training - 	Tokenized reference:  ['Mr', 'Mo@@', 'd@@', 'i', 'is', 'on', 'a', 'fi@@', 've', '@@@', '-@@', '@', 'day', 'tri@@', 'p', 'to', 'J@@', 'ap@@', 'an', 'to', 'streng@@', 'then', 'economic', 'ties', 'with', 'the', 'third', 'lar@@', 'ges@@', 't', 'econom@@', 'y', 'in', 'the', 'world', '.']
2025-05-03 13:15:26,318 - DEBUG - joeynmt.training - 	Tokenized hypothesis: ['Mr', 'Mo@@', 'd@@', 'i', 'is', 'a', 'f@@', 'it@@', 'ted', 'on', 'a', 'fi@@', 'f@@', 'th', 'ser@@', 'ies', 'to', 'j@@', 'ap@@', 'an', 'to', 'J@@', 'ap@@', 'an', 'to', 'J@@', 'ap@@', 'an', 'to', 'the', 'economic', 'rel@@', 'ations', 'with', 'the', 'third', 'economic', 'rel@@', 'ations', 'with', 'the', 'third', 'economic', 'rel@@', 'ations', '.', '</s>']
2025-05-03 13:15:26,318 - INFO - joeynmt.training - 	Source:     Herr Modi befindet sich auf einer fünftägigen Reise nach Japan , um die wirtschaftlichen Beziehungen mit der drittgrößten Wirtschaftsnation der Welt zu festigen .
2025-05-03 13:15:26,318 - INFO - joeynmt.training - 	Reference:  Mr Modi is on a five @-@ day trip to Japan to strengthen economic ties with the third largest economy in the world .
2025-05-03 13:15:26,318 - INFO - joeynmt.training - 	Hypothesis: Mr Modi is a fitted on a fifth series to japan to Japan to Japan to the economic relations with the third economic relations with the third economic relations .
2025-05-03 13:15:26,318 - INFO - joeynmt.training - Example #3
2025-05-03 13:15:26,318 - DEBUG - joeynmt.training - 	Tokenized source:     ['P@@', 'län@@', 'e', 'für', 'eine', 'stärk@@', 'ere', 'k@@', 'ern@@', 'techn@@', 'ische', 'Zusammenarbeit', 'stehen', 'ganz', 'ob@@', 'en', 'auf', 'der', 'Tag@@', 'es@@', 'ordnung', '.']
2025-05-03 13:15:26,318 - DEBUG - joeynmt.training - 	Tokenized reference:  ['high', 'on', 'the', 'agen@@', 'da', 'are', 'pl@@', 'ans', 'for', 'gre@@', 'ater', 'nu@@', 'clear', 'c@@', 'o', '@@@', '-@@', '@', 'operation', '.']
2025-05-03 13:15:26,318 - DEBUG - joeynmt.training - 	Tokenized hypothesis: ['pl@@', 'ans', 'for', 'gre@@', 'ater', 'c@@', 'are', 'in', 'the', 'agen@@', 'da', '.', '</s>']
2025-05-03 13:15:26,318 - INFO - joeynmt.training - 	Source:     Pläne für eine stärkere kerntechnische Zusammenarbeit stehen ganz oben auf der Tagesordnung .
2025-05-03 13:15:26,319 - INFO - joeynmt.training - 	Reference:  high on the agenda are plans for greater nuclear co @-@ operation .
2025-05-03 13:15:26,319 - INFO - joeynmt.training - 	Hypothesis: plans for greater care in the agenda .
2025-05-03 13:15:26,319 - INFO - joeynmt.training - Example #4
2025-05-03 13:15:26,319 - DEBUG - joeynmt.training - 	Tokenized source:     ['Berich@@', 'ten', 'zu@@', 'fol@@', 'ge', 'ho@@', 'fft', 'Indi@@', 'en', 'darüber', 'hinaus', 'auf', 'einen', 'Ver@@', 'trag', 'zur', 'Ver@@', 'tei@@', 'dig@@', 'ungs@@', 'zusammen@@', 'arbeit', 'zwischen', 'den', 'beiden', 'N@@', 'ationen', '.']
2025-05-03 13:15:26,319 - DEBUG - joeynmt.training - 	Tokenized reference:  ['Indi@@', 'a', 'is', 'also', 're@@', 'porte@@', 'dly', 'hop@@', 'ing', 'for', 'a', 'de@@', 'al', 'on', 'def@@', 'ence', 'c@@', 'oll@@', 'ab@@', 'or@@', 'ation', 'between', 'the', 'two', 'n@@', 'ations', '.']
2025-05-03 13:15:26,319 - DEBUG - joeynmt.training - 	Tokenized hypothesis: ['re@@', 'ports', 'are', 'also', 'hope', 'Indi@@', 'a', '&apos;s', 'pro@@', 'spec@@', 't', 'of', 'con@@', 'tra@@', 'ct', 'on', 'the', 'def@@', 'ence', 'cooperation', 'between', 'the', 'two', 'n@@', 'ations', '.', '</s>']
2025-05-03 13:15:26,319 - INFO - joeynmt.training - 	Source:     Berichten zufolge hofft Indien darüber hinaus auf einen Vertrag zur Verteidigungszusammenarbeit zwischen den beiden Nationen .
2025-05-03 13:15:26,319 - INFO - joeynmt.training - 	Reference:  India is also reportedly hoping for a deal on defence collaboration between the two nations .
2025-05-03 13:15:26,319 - INFO - joeynmt.training - 	Hypothesis: reports are also hope India &apos;s prospect of contract on the defence cooperation between the two nations .
2025-05-03 13:15:31,588 - INFO - joeynmt.training - Epoch   8, Step:    29100, Batch Loss:     2.002950, Batch Acc: 0.511907, Tokens per Sec:    17331, Lr: 0.000300
2025-05-03 13:15:36,959 - INFO - joeynmt.training - Epoch   8, Step:    29200, Batch Loss:     1.663841, Batch Acc: 0.524356, Tokens per Sec:    16907, Lr: 0.000300
2025-05-03 13:15:42,263 - INFO - joeynmt.training - Epoch   8, Step:    29300, Batch Loss:     1.604203, Batch Acc: 0.520552, Tokens per Sec:    17408, Lr: 0.000300
2025-05-03 13:15:47,628 - INFO - joeynmt.training - Epoch   8, Step:    29400, Batch Loss:     1.573533, Batch Acc: 0.516191, Tokens per Sec:    17065, Lr: 0.000300
2025-05-03 13:15:52,849 - INFO - joeynmt.training - Epoch   8, Step:    29500, Batch Loss:     1.808565, Batch Acc: 0.517749, Tokens per Sec:    17629, Lr: 0.000300
2025-05-03 13:15:52,849 - INFO - joeynmt.prediction - Predicting 500 example(s)... (Greedy decoding with min_output_length=1, max_output_length=-1, return_prob='none', generate_unk=True, repetition_penalty=-1, no_repeat_ngram_size=-1)
2025-05-03 13:15:58,284 - INFO - joeynmt.prediction - Evaluation result (greedy) loss:   2.17, ppl:   8.79, acc:   0.44, generation: 5.4268[sec], evaluation: 0.0000[sec]
2025-05-03 13:15:58,373 - INFO - joeynmt.helpers - delete models/deen_transformer_post/27000.ckpt
2025-05-03 13:15:58,379 - INFO - joeynmt.training - Example #0
2025-05-03 13:15:58,379 - DEBUG - joeynmt.training - 	Tokenized source:     ['die', 'Pre@@', 'mi@@', 'er@@', 'minist@@', 'er', 'Indi@@', 'ens', 'und', 'J@@', 'ap@@', 'ans', 'tra@@', 'fen', 'sich', 'in', 'T@@', 'ok@@', 'i@@', 'o', '.']
2025-05-03 13:15:58,379 - DEBUG - joeynmt.training - 	Tokenized reference:  ['Indi@@', 'a', 'and', 'J@@', 'ap@@', 'an', 'pri@@', 'me', 'minist@@', 'ers', 'me@@', 'et', 'in', 'T@@', 'ok@@', 'y@@', 'o']
2025-05-03 13:15:58,379 - DEBUG - joeynmt.training - 	Tokenized hypothesis: ['the', 'Pri@@', 'me', 'Minist@@', 'er', 'of', 'Indi@@', 'a', 'and', 'J@@', 'ap@@', 'an', 'and', 'J@@', 'ap@@', 'an', ',', 'in', 'T@@', 'ok@@', 'i@@', 'o', '.', '</s>']
2025-05-03 13:15:58,379 - INFO - joeynmt.training - 	Source:     die Premierminister Indiens und Japans trafen sich in Tokio .
2025-05-03 13:15:58,379 - INFO - joeynmt.training - 	Reference:  India and Japan prime ministers meet in Tokyo
2025-05-03 13:15:58,379 - INFO - joeynmt.training - 	Hypothesis: the Prime Minister of India and Japan and Japan , in Tokio .
2025-05-03 13:15:58,379 - INFO - joeynmt.training - Example #1
2025-05-03 13:15:58,380 - DEBUG - joeynmt.training - 	Tokenized source:     ['Indi@@', 'ens', 'neu@@', 'er', 'Pre@@', 'mi@@', 'er@@', 'minist@@', 'er', 'N@@', 'ar@@', 'end@@', 'ra', 'Mo@@', 'd@@', 'i', 'tri@@', 'fft', 'bei', 's@@', 'einem', 'ersten', 'wichti@@', 'gen', 'Aus@@', 'land@@', 's@@', 'bes@@', 'u@@', 'ch', 'seit', 's@@', 'einem', 'W@@', 'ah@@', 'l@@', 'si@@', 'e@@', 'g', 'im', 'Ma@@', 'i', 'seinen', 'j@@', 'ap@@', 'an@@', 'ischen', 'Am@@', 'ts@@', 'k@@', 'olle@@', 'gen', 'S@@', 'hin@@', 'z@@', 'o', 'A@@', 'be', 'in', 'T@@', 'ok@@', 'o', ',', 'um', 'wirtschaf@@', 'tliche', 'und', 'sicher@@', 'heits@@', 'politische', 'Be@@', 'zieh@@', 'ungen', 'zu', 'bes@@', 'pre@@', 'chen', '.']
2025-05-03 13:15:58,380 - DEBUG - joeynmt.training - 	Tokenized reference:  ['Indi@@', 'a', '&apos;s', 'new', 'pri@@', 'me', 'minist@@', 'er', ',', 'N@@', 'ar@@', 'end@@', 'ra', 'Mo@@', 'd@@', 'i', ',', 'is', 'me@@', 'eting', 'his', 'J@@', 'ap@@', 'an@@', 'ese', 'coun@@', 'ter@@', 'part', ',', 'S@@', 'hin@@', 'z@@', 'o', 'A@@', 'be', ',', 'in', 'T@@', 'ok@@', 'y@@', 'o', 'to', 'disc@@', 'uss', 'economic', 'and', 'security', 'ties', ',', 'on', 'his', 'first', 'major', 'fore@@', 'ign', 'visi@@', 't', 'since', 'w@@', 'inn@@', 'ing', 'Ma@@', 'y', '&apos;s', 'elec@@', 'tion', '.']
2025-05-03 13:15:58,380 - DEBUG - joeynmt.training - 	Tokenized hypothesis: ['Indi@@', 'a', '&apos;s', 'new', 'pri@@', 'me', 'minist@@', 'er', 'of', 'N@@', 'ar@@', 'ge', 'Mo@@', 'd@@', 'i', 'is', 'de@@', 'te@@', 'ction', 'in', 'his', 'first', 'important', 'fore@@', 'ign', 'fore@@', 'ign', 'visi@@', 't', 'his', 'first', 'first', 'first', 'time', ',', 'in', 'the', 'Ma@@', 'y', 'A@@', 'be', ',', 'to', 'the', 'S@@', 'hin@@', 'z@@', 'o', 'A@@', 'be', ',', 'to', 'the', 't@@', 'ar@@', 'ge@@', 'ts', 'in', 'the', 'T@@', 'ok@@', 'o', ',', 'to', 'the', 'economic', 'and', 'saf@@', 'ety', '.', '</s>']
2025-05-03 13:15:58,380 - INFO - joeynmt.training - 	Source:     Indiens neuer Premierminister Narendra Modi trifft bei seinem ersten wichtigen Auslandsbesuch seit seinem Wahlsieg im Mai seinen japanischen Amtskollegen Shinzo Abe in Toko , um wirtschaftliche und sicherheitspolitische Beziehungen zu besprechen .
2025-05-03 13:15:58,380 - INFO - joeynmt.training - 	Reference:  India &apos;s new prime minister , Narendra Modi , is meeting his Japanese counterpart , Shinzo Abe , in Tokyo to discuss economic and security ties , on his first major foreign visit since winning May &apos;s election .
2025-05-03 13:15:58,380 - INFO - joeynmt.training - 	Hypothesis: India &apos;s new prime minister of Narge Modi is detection in his first important foreign foreign visit his first first first time , in the May Abe , to the Shinzo Abe , to the targets in the Toko , to the economic and safety .
2025-05-03 13:15:58,380 - INFO - joeynmt.training - Example #2
2025-05-03 13:15:58,380 - DEBUG - joeynmt.training - 	Tokenized source:     ['Herr', 'Mo@@', 'd@@', 'i', 'befindet', 'sich', 'auf', 'einer', 'fü@@', 'n@@', 'f@@', 'tä@@', 'gi@@', 'gen', 'Rei@@', 'se', 'nach', 'J@@', 'ap@@', 'an', ',', 'um', 'die', 'wirtschaf@@', 'tlichen', 'Be@@', 'zieh@@', 'ungen', 'mit', 'der', 'd@@', 'rit@@', 't@@', 'größ@@', 'ten', 'Wirtschafts@@', 'n@@', 'ation', 'der', 'Welt', 'zu', 'fes@@', 'tigen', '.']
2025-05-03 13:15:58,380 - DEBUG - joeynmt.training - 	Tokenized reference:  ['Mr', 'Mo@@', 'd@@', 'i', 'is', 'on', 'a', 'fi@@', 've', '@@@', '-@@', '@', 'day', 'tri@@', 'p', 'to', 'J@@', 'ap@@', 'an', 'to', 'streng@@', 'then', 'economic', 'ties', 'with', 'the', 'third', 'lar@@', 'ges@@', 't', 'econom@@', 'y', 'in', 'the', 'world', '.']
2025-05-03 13:15:58,380 - DEBUG - joeynmt.training - 	Tokenized hypothesis: ['Mr', 'Mo@@', 'd@@', 'i', 'is', 'a', 'fi@@', 'f@@', 'th', 'ri@@', 'd', 'to', 'J@@', 'ap@@', 'an', 'to', 'J@@', 'ap@@', 'an', 'to', 'J@@', 'ap@@', 'an', 'to', 're@@', 'fle@@', 'ct', 'economic', 'rel@@', 'ations', 'with', 'the', 'third', 'world', '.', '</s>']
2025-05-03 13:15:58,380 - INFO - joeynmt.training - 	Source:     Herr Modi befindet sich auf einer fünftägigen Reise nach Japan , um die wirtschaftlichen Beziehungen mit der drittgrößten Wirtschaftsnation der Welt zu festigen .
2025-05-03 13:15:58,380 - INFO - joeynmt.training - 	Reference:  Mr Modi is on a five @-@ day trip to Japan to strengthen economic ties with the third largest economy in the world .
2025-05-03 13:15:58,380 - INFO - joeynmt.training - 	Hypothesis: Mr Modi is a fifth rid to Japan to Japan to Japan to reflect economic relations with the third world .
2025-05-03 13:15:58,381 - INFO - joeynmt.training - Example #3
2025-05-03 13:15:58,381 - DEBUG - joeynmt.training - 	Tokenized source:     ['P@@', 'län@@', 'e', 'für', 'eine', 'stärk@@', 'ere', 'k@@', 'ern@@', 'techn@@', 'ische', 'Zusammenarbeit', 'stehen', 'ganz', 'ob@@', 'en', 'auf', 'der', 'Tag@@', 'es@@', 'ordnung', '.']
2025-05-03 13:15:58,381 - DEBUG - joeynmt.training - 	Tokenized reference:  ['high', 'on', 'the', 'agen@@', 'da', 'are', 'pl@@', 'ans', 'for', 'gre@@', 'ater', 'nu@@', 'clear', 'c@@', 'o', '@@@', '-@@', '@', 'operation', '.']
2025-05-03 13:15:58,381 - DEBUG - joeynmt.training - 	Tokenized hypothesis: ['pl@@', 'ans', 'for', 'gre@@', 'ater', 'nu@@', 'clear', 'cooperation', 'are', 'very', 'ne@@', 'arly', 'de@@', 'te@@', 'ction', '.', '</s>']
2025-05-03 13:15:58,381 - INFO - joeynmt.training - 	Source:     Pläne für eine stärkere kerntechnische Zusammenarbeit stehen ganz oben auf der Tagesordnung .
2025-05-03 13:15:58,381 - INFO - joeynmt.training - 	Reference:  high on the agenda are plans for greater nuclear co @-@ operation .
2025-05-03 13:15:58,381 - INFO - joeynmt.training - 	Hypothesis: plans for greater nuclear cooperation are very nearly detection .
2025-05-03 13:15:58,381 - INFO - joeynmt.training - Example #4
2025-05-03 13:15:58,381 - DEBUG - joeynmt.training - 	Tokenized source:     ['Berich@@', 'ten', 'zu@@', 'fol@@', 'ge', 'ho@@', 'fft', 'Indi@@', 'en', 'darüber', 'hinaus', 'auf', 'einen', 'Ver@@', 'trag', 'zur', 'Ver@@', 'tei@@', 'dig@@', 'ungs@@', 'zusammen@@', 'arbeit', 'zwischen', 'den', 'beiden', 'N@@', 'ationen', '.']
2025-05-03 13:15:58,381 - DEBUG - joeynmt.training - 	Tokenized reference:  ['Indi@@', 'a', 'is', 'also', 're@@', 'porte@@', 'dly', 'hop@@', 'ing', 'for', 'a', 'de@@', 'al', 'on', 'def@@', 'ence', 'c@@', 'oll@@', 'ab@@', 'or@@', 'ation', 'between', 'the', 'two', 'n@@', 'ations', '.']
2025-05-03 13:15:58,381 - DEBUG - joeynmt.training - 	Tokenized hypothesis: ['re@@', 'ports', 'on', 'a', 'con@@', 'tra@@', 'ct', 'of', 'Indi@@', 'a', 'is', 'also', 'very', 'much', 'for', 'the', 'distri@@', 'bution', 'between', 'the', 'two', 'n@@', 'ations', '.', '</s>']
2025-05-03 13:15:58,381 - INFO - joeynmt.training - 	Source:     Berichten zufolge hofft Indien darüber hinaus auf einen Vertrag zur Verteidigungszusammenarbeit zwischen den beiden Nationen .
2025-05-03 13:15:58,381 - INFO - joeynmt.training - 	Reference:  India is also reportedly hoping for a deal on defence collaboration between the two nations .
2025-05-03 13:15:58,381 - INFO - joeynmt.training - 	Hypothesis: reports on a contract of India is also very much for the distribution between the two nations .
2025-05-03 13:16:03,659 - INFO - joeynmt.training - Epoch   8, Step:    29600, Batch Loss:     1.723632, Batch Acc: 0.521664, Tokens per Sec:    16863, Lr: 0.000300
2025-05-03 13:16:08,966 - INFO - joeynmt.training - Epoch   8, Step:    29700, Batch Loss:     1.544906, Batch Acc: 0.520969, Tokens per Sec:    17411, Lr: 0.000300
2025-05-03 13:16:14,248 - INFO - joeynmt.training - Epoch   8, Step:    29800, Batch Loss:     1.639755, Batch Acc: 0.520219, Tokens per Sec:    17353, Lr: 0.000300
2025-05-03 13:16:19,473 - INFO - joeynmt.training - Epoch   8, Step:    29900, Batch Loss:     1.867347, Batch Acc: 0.518191, Tokens per Sec:    17585, Lr: 0.000300
2025-05-03 13:16:24,770 - INFO - joeynmt.training - Epoch   8, Step:    30000, Batch Loss:     1.708225, Batch Acc: 0.521100, Tokens per Sec:    17504, Lr: 0.000300
2025-05-03 13:16:24,770 - INFO - joeynmt.prediction - Predicting 500 example(s)... (Greedy decoding with min_output_length=1, max_output_length=-1, return_prob='none', generate_unk=True, repetition_penalty=-1, no_repeat_ngram_size=-1)
2025-05-03 13:16:30,018 - INFO - joeynmt.prediction - Evaluation result (greedy) loss:   2.17, ppl:   8.72, acc:   0.44, generation: 5.2398[sec], evaluation: 0.0000[sec]
2025-05-03 13:16:30,018 - INFO - joeynmt.training - Hooray! New best validation result [ppl]!
2025-05-03 13:16:30,108 - INFO - joeynmt.helpers - delete models/deen_transformer_post/26000.ckpt
2025-05-03 13:16:30,115 - INFO - joeynmt.training - Example #0
2025-05-03 13:16:30,115 - DEBUG - joeynmt.training - 	Tokenized source:     ['die', 'Pre@@', 'mi@@', 'er@@', 'minist@@', 'er', 'Indi@@', 'ens', 'und', 'J@@', 'ap@@', 'ans', 'tra@@', 'fen', 'sich', 'in', 'T@@', 'ok@@', 'i@@', 'o', '.']
2025-05-03 13:16:30,115 - DEBUG - joeynmt.training - 	Tokenized reference:  ['Indi@@', 'a', 'and', 'J@@', 'ap@@', 'an', 'pri@@', 'me', 'minist@@', 'ers', 'me@@', 'et', 'in', 'T@@', 'ok@@', 'y@@', 'o']
2025-05-03 13:16:30,115 - DEBUG - joeynmt.training - 	Tokenized hypothesis: ['the', 'Pri@@', 'me', 'Minist@@', 'er', 'of', 'Indi@@', 'a', 'and', 'J@@', 'ap@@', 'an', ',', 'J@@', 'ap@@', 'an', ',', 'and', 'J@@', 'ap@@', 'an', ',', 'in', 'T@@', 'ok@@', 'i@@', 'o', '.', '</s>']
2025-05-03 13:16:30,115 - INFO - joeynmt.training - 	Source:     die Premierminister Indiens und Japans trafen sich in Tokio .
2025-05-03 13:16:30,115 - INFO - joeynmt.training - 	Reference:  India and Japan prime ministers meet in Tokyo
2025-05-03 13:16:30,115 - INFO - joeynmt.training - 	Hypothesis: the Prime Minister of India and Japan , Japan , and Japan , in Tokio .
2025-05-03 13:16:30,115 - INFO - joeynmt.training - Example #1
2025-05-03 13:16:30,115 - DEBUG - joeynmt.training - 	Tokenized source:     ['Indi@@', 'ens', 'neu@@', 'er', 'Pre@@', 'mi@@', 'er@@', 'minist@@', 'er', 'N@@', 'ar@@', 'end@@', 'ra', 'Mo@@', 'd@@', 'i', 'tri@@', 'fft', 'bei', 's@@', 'einem', 'ersten', 'wichti@@', 'gen', 'Aus@@', 'land@@', 's@@', 'bes@@', 'u@@', 'ch', 'seit', 's@@', 'einem', 'W@@', 'ah@@', 'l@@', 'si@@', 'e@@', 'g', 'im', 'Ma@@', 'i', 'seinen', 'j@@', 'ap@@', 'an@@', 'ischen', 'Am@@', 'ts@@', 'k@@', 'olle@@', 'gen', 'S@@', 'hin@@', 'z@@', 'o', 'A@@', 'be', 'in', 'T@@', 'ok@@', 'o', ',', 'um', 'wirtschaf@@', 'tliche', 'und', 'sicher@@', 'heits@@', 'politische', 'Be@@', 'zieh@@', 'ungen', 'zu', 'bes@@', 'pre@@', 'chen', '.']
2025-05-03 13:16:30,116 - DEBUG - joeynmt.training - 	Tokenized reference:  ['Indi@@', 'a', '&apos;s', 'new', 'pri@@', 'me', 'minist@@', 'er', ',', 'N@@', 'ar@@', 'end@@', 'ra', 'Mo@@', 'd@@', 'i', ',', 'is', 'me@@', 'eting', 'his', 'J@@', 'ap@@', 'an@@', 'ese', 'coun@@', 'ter@@', 'part', ',', 'S@@', 'hin@@', 'z@@', 'o', 'A@@', 'be', ',', 'in', 'T@@', 'ok@@', 'y@@', 'o', 'to', 'disc@@', 'uss', 'economic', 'and', 'security', 'ties', ',', 'on', 'his', 'first', 'major', 'fore@@', 'ign', 'visi@@', 't', 'since', 'w@@', 'inn@@', 'ing', 'Ma@@', 'y', '&apos;s', 'elec@@', 'tion', '.']
2025-05-03 13:16:30,116 - DEBUG - joeynmt.training - 	Tokenized hypothesis: ['in', 'the', 'case', 'of', 'new', 'Pri@@', 'me', 'Minist@@', 'er', 'N@@', 'ar@@', 'ge', 'Mo@@', 'd@@', 'i', ',', 'in', 'his', 'first', 'time', ',', 'in', 'his', 'first', 'time', ',', 'in', 'his', 'elec@@', 'tion', 'for', 'his', 'first', 'time', 'in', 'Ma@@', 'y', ',', 'in', 'his', 'elec@@', 'tion', 'to', 'the', 'M@@', 'y@@', 'ro@@', 'so@@', 'ft', ',', 'in', 'the', 'M@@', 'hin@@', 'z@@', 'o', ',', 'in', 'T@@', 'ok@@', 'o', ',', 'in', 'T@@', 'ok@@', 'o', ',', 'in', 'the', 'first', 'place', '.', '</s>']
2025-05-03 13:16:30,116 - INFO - joeynmt.training - 	Source:     Indiens neuer Premierminister Narendra Modi trifft bei seinem ersten wichtigen Auslandsbesuch seit seinem Wahlsieg im Mai seinen japanischen Amtskollegen Shinzo Abe in Toko , um wirtschaftliche und sicherheitspolitische Beziehungen zu besprechen .
2025-05-03 13:16:30,116 - INFO - joeynmt.training - 	Reference:  India &apos;s new prime minister , Narendra Modi , is meeting his Japanese counterpart , Shinzo Abe , in Tokyo to discuss economic and security ties , on his first major foreign visit since winning May &apos;s election .
2025-05-03 13:16:30,116 - INFO - joeynmt.training - 	Hypothesis: in the case of new Prime Minister Narge Modi , in his first time , in his first time , in his election for his first time in May , in his election to the Myrosoft , in the Mhinzo , in Toko , in Toko , in the first place .
2025-05-03 13:16:30,116 - INFO - joeynmt.training - Example #2
2025-05-03 13:16:30,116 - DEBUG - joeynmt.training - 	Tokenized source:     ['Herr', 'Mo@@', 'd@@', 'i', 'befindet', 'sich', 'auf', 'einer', 'fü@@', 'n@@', 'f@@', 'tä@@', 'gi@@', 'gen', 'Rei@@', 'se', 'nach', 'J@@', 'ap@@', 'an', ',', 'um', 'die', 'wirtschaf@@', 'tlichen', 'Be@@', 'zieh@@', 'ungen', 'mit', 'der', 'd@@', 'rit@@', 't@@', 'größ@@', 'ten', 'Wirtschafts@@', 'n@@', 'ation', 'der', 'Welt', 'zu', 'fes@@', 'tigen', '.']
2025-05-03 13:16:30,116 - DEBUG - joeynmt.training - 	Tokenized reference:  ['Mr', 'Mo@@', 'd@@', 'i', 'is', 'on', 'a', 'fi@@', 've', '@@@', '-@@', '@', 'day', 'tri@@', 'p', 'to', 'J@@', 'ap@@', 'an', 'to', 'streng@@', 'then', 'economic', 'ties', 'with', 'the', 'third', 'lar@@', 'ges@@', 't', 'econom@@', 'y', 'in', 'the', 'world', '.']
2025-05-03 13:16:30,116 - DEBUG - joeynmt.training - 	Tokenized hypothesis: ['Mr', 'Mo@@', 'd@@', 'i', 'is', 'a', 'fi@@', 'f@@', 'te@@', 'en', 'ri@@', 'd', 'to', 'J@@', 'ap@@', 'an', 'to', 'J@@', 'ap@@', 'an', 'to', 're@@', 'f@@', 'use', 'of', 'economic', 'rel@@', 'ations', 'with', 'the', 'third', 'world', '.', '</s>']
2025-05-03 13:16:30,116 - INFO - joeynmt.training - 	Source:     Herr Modi befindet sich auf einer fünftägigen Reise nach Japan , um die wirtschaftlichen Beziehungen mit der drittgrößten Wirtschaftsnation der Welt zu festigen .
2025-05-03 13:16:30,116 - INFO - joeynmt.training - 	Reference:  Mr Modi is on a five @-@ day trip to Japan to strengthen economic ties with the third largest economy in the world .
2025-05-03 13:16:30,116 - INFO - joeynmt.training - 	Hypothesis: Mr Modi is a fifteen rid to Japan to Japan to refuse of economic relations with the third world .
2025-05-03 13:16:30,116 - INFO - joeynmt.training - Example #3
2025-05-03 13:16:30,117 - DEBUG - joeynmt.training - 	Tokenized source:     ['P@@', 'län@@', 'e', 'für', 'eine', 'stärk@@', 'ere', 'k@@', 'ern@@', 'techn@@', 'ische', 'Zusammenarbeit', 'stehen', 'ganz', 'ob@@', 'en', 'auf', 'der', 'Tag@@', 'es@@', 'ordnung', '.']
2025-05-03 13:16:30,117 - DEBUG - joeynmt.training - 	Tokenized reference:  ['high', 'on', 'the', 'agen@@', 'da', 'are', 'pl@@', 'ans', 'for', 'gre@@', 'ater', 'nu@@', 'clear', 'c@@', 'o', '@@@', '-@@', '@', 'operation', '.']
2025-05-03 13:16:30,117 - DEBUG - joeynmt.training - 	Tokenized hypothesis: ['pl@@', 'ans', 'for', 'more', 'seri@@', 'ous', 'techn@@', 'ical', 'cooperation', 'are', 'very', 'e@@', 'as@@', 'y', 'to', 'the', 'agen@@', 'da', '.', '</s>']
2025-05-03 13:16:30,117 - INFO - joeynmt.training - 	Source:     Pläne für eine stärkere kerntechnische Zusammenarbeit stehen ganz oben auf der Tagesordnung .
2025-05-03 13:16:30,117 - INFO - joeynmt.training - 	Reference:  high on the agenda are plans for greater nuclear co @-@ operation .
2025-05-03 13:16:30,117 - INFO - joeynmt.training - 	Hypothesis: plans for more serious technical cooperation are very easy to the agenda .
2025-05-03 13:16:30,117 - INFO - joeynmt.training - Example #4
2025-05-03 13:16:30,117 - DEBUG - joeynmt.training - 	Tokenized source:     ['Berich@@', 'ten', 'zu@@', 'fol@@', 'ge', 'ho@@', 'fft', 'Indi@@', 'en', 'darüber', 'hinaus', 'auf', 'einen', 'Ver@@', 'trag', 'zur', 'Ver@@', 'tei@@', 'dig@@', 'ungs@@', 'zusammen@@', 'arbeit', 'zwischen', 'den', 'beiden', 'N@@', 'ationen', '.']
2025-05-03 13:16:30,117 - DEBUG - joeynmt.training - 	Tokenized reference:  ['Indi@@', 'a', 'is', 'also', 're@@', 'porte@@', 'dly', 'hop@@', 'ing', 'for', 'a', 'de@@', 'al', 'on', 'def@@', 'ence', 'c@@', 'oll@@', 'ab@@', 'or@@', 'ation', 'between', 'the', 'two', 'n@@', 'ations', '.']
2025-05-03 13:16:30,117 - DEBUG - joeynmt.training - 	Tokenized hypothesis: ['in', 'ad@@', 'dition', ',', 'Indi@@', 'a', 'is', 'also', 'hop@@', 'ing', 'to', 'be', 'a', 'con@@', 'tra@@', 'ct', 'on', 'the', 'def@@', 'ence', 'cooperation', 'between', 'the', 'two', 'n@@', 'ations', '.', '</s>']
2025-05-03 13:16:30,117 - INFO - joeynmt.training - 	Source:     Berichten zufolge hofft Indien darüber hinaus auf einen Vertrag zur Verteidigungszusammenarbeit zwischen den beiden Nationen .
2025-05-03 13:16:30,117 - INFO - joeynmt.training - 	Reference:  India is also reportedly hoping for a deal on defence collaboration between the two nations .
2025-05-03 13:16:30,117 - INFO - joeynmt.training - 	Hypothesis: in addition , India is also hoping to be a contract on the defence cooperation between the two nations .
2025-05-03 13:16:35,357 - INFO - joeynmt.training - Epoch   8, Step:    30100, Batch Loss:     1.994964, Batch Acc: 0.522350, Tokens per Sec:    17398, Lr: 0.000300
2025-05-03 13:16:40,640 - INFO - joeynmt.training - Epoch   8, Step:    30200, Batch Loss:     1.810986, Batch Acc: 0.521202, Tokens per Sec:    17327, Lr: 0.000300
2025-05-03 13:16:45,976 - INFO - joeynmt.training - Epoch   8, Step:    30300, Batch Loss:     1.737898, Batch Acc: 0.518526, Tokens per Sec:    17142, Lr: 0.000300
2025-05-03 13:16:51,172 - INFO - joeynmt.training - Epoch   8, Step:    30400, Batch Loss:     1.818172, Batch Acc: 0.521321, Tokens per Sec:    17827, Lr: 0.000300
2025-05-03 13:16:56,584 - INFO - joeynmt.training - Epoch   8, Step:    30500, Batch Loss:     1.890900, Batch Acc: 0.516363, Tokens per Sec:    17176, Lr: 0.000300
2025-05-03 13:16:56,584 - INFO - joeynmt.prediction - Predicting 500 example(s)... (Greedy decoding with min_output_length=1, max_output_length=-1, return_prob='none', generate_unk=True, repetition_penalty=-1, no_repeat_ngram_size=-1)
2025-05-03 13:17:02,549 - INFO - joeynmt.prediction - Evaluation result (greedy) loss:   2.17, ppl:   8.73, acc:   0.44, generation: 5.9593[sec], evaluation: 0.0000[sec]
2025-05-03 13:17:02,632 - INFO - joeynmt.helpers - delete models/deen_transformer_post/29500.ckpt
2025-05-03 13:17:02,639 - INFO - joeynmt.training - Example #0
2025-05-03 13:17:02,639 - DEBUG - joeynmt.training - 	Tokenized source:     ['die', 'Pre@@', 'mi@@', 'er@@', 'minist@@', 'er', 'Indi@@', 'ens', 'und', 'J@@', 'ap@@', 'ans', 'tra@@', 'fen', 'sich', 'in', 'T@@', 'ok@@', 'i@@', 'o', '.']
2025-05-03 13:17:02,639 - DEBUG - joeynmt.training - 	Tokenized reference:  ['Indi@@', 'a', 'and', 'J@@', 'ap@@', 'an', 'pri@@', 'me', 'minist@@', 'ers', 'me@@', 'et', 'in', 'T@@', 'ok@@', 'y@@', 'o']
2025-05-03 13:17:02,639 - DEBUG - joeynmt.training - 	Tokenized hypothesis: ['the', 'Pri@@', 'me', 'Minist@@', 'er', 'and', 'J@@', 'ap@@', 'an', 'and', 'J@@', 'ap@@', 'an', ',', 'in', 'T@@', 'ok@@', 'i@@', 'o', '.', '</s>']
2025-05-03 13:17:02,639 - INFO - joeynmt.training - 	Source:     die Premierminister Indiens und Japans trafen sich in Tokio .
2025-05-03 13:17:02,639 - INFO - joeynmt.training - 	Reference:  India and Japan prime ministers meet in Tokyo
2025-05-03 13:17:02,639 - INFO - joeynmt.training - 	Hypothesis: the Prime Minister and Japan and Japan , in Tokio .
2025-05-03 13:17:02,639 - INFO - joeynmt.training - Example #1
2025-05-03 13:17:02,639 - DEBUG - joeynmt.training - 	Tokenized source:     ['Indi@@', 'ens', 'neu@@', 'er', 'Pre@@', 'mi@@', 'er@@', 'minist@@', 'er', 'N@@', 'ar@@', 'end@@', 'ra', 'Mo@@', 'd@@', 'i', 'tri@@', 'fft', 'bei', 's@@', 'einem', 'ersten', 'wichti@@', 'gen', 'Aus@@', 'land@@', 's@@', 'bes@@', 'u@@', 'ch', 'seit', 's@@', 'einem', 'W@@', 'ah@@', 'l@@', 'si@@', 'e@@', 'g', 'im', 'Ma@@', 'i', 'seinen', 'j@@', 'ap@@', 'an@@', 'ischen', 'Am@@', 'ts@@', 'k@@', 'olle@@', 'gen', 'S@@', 'hin@@', 'z@@', 'o', 'A@@', 'be', 'in', 'T@@', 'ok@@', 'o', ',', 'um', 'wirtschaf@@', 'tliche', 'und', 'sicher@@', 'heits@@', 'politische', 'Be@@', 'zieh@@', 'ungen', 'zu', 'bes@@', 'pre@@', 'chen', '.']
2025-05-03 13:17:02,639 - DEBUG - joeynmt.training - 	Tokenized reference:  ['Indi@@', 'a', '&apos;s', 'new', 'pri@@', 'me', 'minist@@', 'er', ',', 'N@@', 'ar@@', 'end@@', 'ra', 'Mo@@', 'd@@', 'i', ',', 'is', 'me@@', 'eting', 'his', 'J@@', 'ap@@', 'an@@', 'ese', 'coun@@', 'ter@@', 'part', ',', 'S@@', 'hin@@', 'z@@', 'o', 'A@@', 'be', ',', 'in', 'T@@', 'ok@@', 'y@@', 'o', 'to', 'disc@@', 'uss', 'economic', 'and', 'security', 'ties', ',', 'on', 'his', 'first', 'major', 'fore@@', 'ign', 'visi@@', 't', 'since', 'w@@', 'inn@@', 'ing', 'Ma@@', 'y', '&apos;s', 'elec@@', 'tion', '.']
2025-05-03 13:17:02,640 - DEBUG - joeynmt.training - 	Tokenized hypothesis: ['Indi@@', 'a', '&apos;s', 'new', 'Pri@@', 'me', 'Minist@@', 'er', 'N@@', 'ar@@', 'i', ',', 'N@@', 'ar@@', 'i', '&apos;s', 'first', 'de@@', 'si@@', 're', 'for', 'his', 'first', 'time', 'in', 'Ma@@', 'y', ',', 'in', 'his', 'elec@@', 'tion', 'to', 'his', 'elec@@', 'tion', 'the', 'J@@', 'ap@@', 'an@@', 'ese', 'colle@@', 'ag@@', 'u@@', 'es', 'S@@', 'hin@@', 'z@@', 'o', 'A@@', 'be', ',', 'to', 'the', 'economic', 'and', 'saf@@', 'ety', '.', '</s>']
2025-05-03 13:17:02,640 - INFO - joeynmt.training - 	Source:     Indiens neuer Premierminister Narendra Modi trifft bei seinem ersten wichtigen Auslandsbesuch seit seinem Wahlsieg im Mai seinen japanischen Amtskollegen Shinzo Abe in Toko , um wirtschaftliche und sicherheitspolitische Beziehungen zu besprechen .
2025-05-03 13:17:02,640 - INFO - joeynmt.training - 	Reference:  India &apos;s new prime minister , Narendra Modi , is meeting his Japanese counterpart , Shinzo Abe , in Tokyo to discuss economic and security ties , on his first major foreign visit since winning May &apos;s election .
2025-05-03 13:17:02,640 - INFO - joeynmt.training - 	Hypothesis: India &apos;s new Prime Minister Nari , Nari &apos;s first desire for his first time in May , in his election to his election the Japanese colleagues Shinzo Abe , to the economic and safety .
2025-05-03 13:17:02,640 - INFO - joeynmt.training - Example #2
2025-05-03 13:17:02,640 - DEBUG - joeynmt.training - 	Tokenized source:     ['Herr', 'Mo@@', 'd@@', 'i', 'befindet', 'sich', 'auf', 'einer', 'fü@@', 'n@@', 'f@@', 'tä@@', 'gi@@', 'gen', 'Rei@@', 'se', 'nach', 'J@@', 'ap@@', 'an', ',', 'um', 'die', 'wirtschaf@@', 'tlichen', 'Be@@', 'zieh@@', 'ungen', 'mit', 'der', 'd@@', 'rit@@', 't@@', 'größ@@', 'ten', 'Wirtschafts@@', 'n@@', 'ation', 'der', 'Welt', 'zu', 'fes@@', 'tigen', '.']
2025-05-03 13:17:02,640 - DEBUG - joeynmt.training - 	Tokenized reference:  ['Mr', 'Mo@@', 'd@@', 'i', 'is', 'on', 'a', 'fi@@', 've', '@@@', '-@@', '@', 'day', 'tri@@', 'p', 'to', 'J@@', 'ap@@', 'an', 'to', 'streng@@', 'then', 'economic', 'ties', 'with', 'the', 'third', 'lar@@', 'ges@@', 't', 'econom@@', 'y', 'in', 'the', 'world', '.']
2025-05-03 13:17:02,640 - DEBUG - joeynmt.training - 	Tokenized hypothesis: ['Mr', 'Mo@@', 'd@@', 'i', 'is', 'located', 'on', 'a', 'fi@@', 'f@@', 'te@@', 'en', 'ser@@', 'ies', 'to', 'j@@', 'ap@@', 'an', 'to', 'J@@', 'ap@@', 'an', 'to', 're@@', 'duce', 'economic', 'rel@@', 'ations', 'with', 'the', 'third', 'lar@@', 'ges@@', 't', 'economic', 'rel@@', 'ations', 'with', 'the', 'third', 'lar@@', 'ges@@', 't', 'economic', 'rel@@', 'ations', 'with', 'the', 'third', 'country', '.', '</s>']
2025-05-03 13:17:02,640 - INFO - joeynmt.training - 	Source:     Herr Modi befindet sich auf einer fünftägigen Reise nach Japan , um die wirtschaftlichen Beziehungen mit der drittgrößten Wirtschaftsnation der Welt zu festigen .
2025-05-03 13:17:02,640 - INFO - joeynmt.training - 	Reference:  Mr Modi is on a five @-@ day trip to Japan to strengthen economic ties with the third largest economy in the world .
2025-05-03 13:17:02,640 - INFO - joeynmt.training - 	Hypothesis: Mr Modi is located on a fifteen series to japan to Japan to reduce economic relations with the third largest economic relations with the third largest economic relations with the third country .
2025-05-03 13:17:02,640 - INFO - joeynmt.training - Example #3
2025-05-03 13:17:02,641 - DEBUG - joeynmt.training - 	Tokenized source:     ['P@@', 'län@@', 'e', 'für', 'eine', 'stärk@@', 'ere', 'k@@', 'ern@@', 'techn@@', 'ische', 'Zusammenarbeit', 'stehen', 'ganz', 'ob@@', 'en', 'auf', 'der', 'Tag@@', 'es@@', 'ordnung', '.']
2025-05-03 13:17:02,641 - DEBUG - joeynmt.training - 	Tokenized reference:  ['high', 'on', 'the', 'agen@@', 'da', 'are', 'pl@@', 'ans', 'for', 'gre@@', 'ater', 'nu@@', 'clear', 'c@@', 'o', '@@@', '-@@', '@', 'operation', '.']
2025-05-03 13:17:02,641 - DEBUG - joeynmt.training - 	Tokenized hypothesis: ['P@@', 'lan@@', 'e', 'for', 'more', 'seri@@', 'ous', 'techn@@', 'ical', 'cooperation', 'are', 'very', 'ob@@', 'vi@@', 'ous', 'on', 'the', 'agen@@', 'da', '.', '</s>']
2025-05-03 13:17:02,641 - INFO - joeynmt.training - 	Source:     Pläne für eine stärkere kerntechnische Zusammenarbeit stehen ganz oben auf der Tagesordnung .
2025-05-03 13:17:02,641 - INFO - joeynmt.training - 	Reference:  high on the agenda are plans for greater nuclear co @-@ operation .
2025-05-03 13:17:02,641 - INFO - joeynmt.training - 	Hypothesis: Plane for more serious technical cooperation are very obvious on the agenda .
2025-05-03 13:17:02,641 - INFO - joeynmt.training - Example #4
2025-05-03 13:17:02,641 - DEBUG - joeynmt.training - 	Tokenized source:     ['Berich@@', 'ten', 'zu@@', 'fol@@', 'ge', 'ho@@', 'fft', 'Indi@@', 'en', 'darüber', 'hinaus', 'auf', 'einen', 'Ver@@', 'trag', 'zur', 'Ver@@', 'tei@@', 'dig@@', 'ungs@@', 'zusammen@@', 'arbeit', 'zwischen', 'den', 'beiden', 'N@@', 'ationen', '.']
2025-05-03 13:17:02,641 - DEBUG - joeynmt.training - 	Tokenized reference:  ['Indi@@', 'a', 'is', 'also', 're@@', 'porte@@', 'dly', 'hop@@', 'ing', 'for', 'a', 'de@@', 'al', 'on', 'def@@', 'ence', 'c@@', 'oll@@', 'ab@@', 'or@@', 'ation', 'between', 'the', 'two', 'n@@', 'ations', '.']
2025-05-03 13:17:02,641 - DEBUG - joeynmt.training - 	Tokenized hypothesis: ['in', 'ad@@', 'dition', ',', 'the', 'other', 'hop@@', 'es', 'on', 'a', 'con@@', 'tra@@', 'ct', 'on', 'a', 'con@@', 'tra@@', 'ct', 'on', 'def@@', 'ence', 'cooperation', 'between', 'the', 'two', 'n@@', 'ations', '.', '</s>']
2025-05-03 13:17:02,641 - INFO - joeynmt.training - 	Source:     Berichten zufolge hofft Indien darüber hinaus auf einen Vertrag zur Verteidigungszusammenarbeit zwischen den beiden Nationen .
2025-05-03 13:17:02,641 - INFO - joeynmt.training - 	Reference:  India is also reportedly hoping for a deal on defence collaboration between the two nations .
2025-05-03 13:17:02,641 - INFO - joeynmt.training - 	Hypothesis: in addition , the other hopes on a contract on a contract on defence cooperation between the two nations .
2025-05-03 13:17:08,005 - INFO - joeynmt.training - Epoch   8, Step:    30600, Batch Loss:     1.613827, Batch Acc: 0.515967, Tokens per Sec:    16858, Lr: 0.000300
2025-05-03 13:17:13,186 - INFO - joeynmt.training - Epoch   8, Step:    30700, Batch Loss:     1.709282, Batch Acc: 0.510366, Tokens per Sec:    17778, Lr: 0.000300
2025-05-03 13:17:18,518 - INFO - joeynmt.training - Epoch   8, Step:    30800, Batch Loss:     1.802510, Batch Acc: 0.517340, Tokens per Sec:    17214, Lr: 0.000300
2025-05-03 13:17:23,752 - INFO - joeynmt.training - Epoch   8, Step:    30900, Batch Loss:     1.643905, Batch Acc: 0.515355, Tokens per Sec:    17445, Lr: 0.000300
2025-05-03 13:17:29,094 - INFO - joeynmt.training - Epoch   8, Step:    31000, Batch Loss:     1.642883, Batch Acc: 0.520266, Tokens per Sec:    17321, Lr: 0.000300
2025-05-03 13:17:29,094 - INFO - joeynmt.prediction - Predicting 500 example(s)... (Greedy decoding with min_output_length=1, max_output_length=-1, return_prob='none', generate_unk=True, repetition_penalty=-1, no_repeat_ngram_size=-1)
2025-05-03 13:17:34,817 - INFO - joeynmt.prediction - Evaluation result (greedy) loss:   2.15, ppl:   8.57, acc:   0.45, generation: 5.7145[sec], evaluation: 0.0000[sec]
2025-05-03 13:17:34,818 - INFO - joeynmt.training - Hooray! New best validation result [ppl]!
2025-05-03 13:17:34,897 - INFO - joeynmt.helpers - delete models/deen_transformer_post/28000.ckpt
2025-05-03 13:17:34,903 - INFO - joeynmt.training - Example #0
2025-05-03 13:17:34,903 - DEBUG - joeynmt.training - 	Tokenized source:     ['die', 'Pre@@', 'mi@@', 'er@@', 'minist@@', 'er', 'Indi@@', 'ens', 'und', 'J@@', 'ap@@', 'ans', 'tra@@', 'fen', 'sich', 'in', 'T@@', 'ok@@', 'i@@', 'o', '.']
2025-05-03 13:17:34,903 - DEBUG - joeynmt.training - 	Tokenized reference:  ['Indi@@', 'a', 'and', 'J@@', 'ap@@', 'an', 'pri@@', 'me', 'minist@@', 'ers', 'me@@', 'et', 'in', 'T@@', 'ok@@', 'y@@', 'o']
2025-05-03 13:17:34,903 - DEBUG - joeynmt.training - 	Tokenized hypothesis: ['the', 'Pri@@', 'me', 'Minist@@', 'er', 'of', 'Indi@@', 'a', 'and', 'J@@', 'ap@@', 'an', 'and', 'J@@', 'ap@@', 'an', 'in', 'T@@', 'ok@@', 'i@@', 'o', '.', '</s>']
2025-05-03 13:17:34,903 - INFO - joeynmt.training - 	Source:     die Premierminister Indiens und Japans trafen sich in Tokio .
2025-05-03 13:17:34,903 - INFO - joeynmt.training - 	Reference:  India and Japan prime ministers meet in Tokyo
2025-05-03 13:17:34,903 - INFO - joeynmt.training - 	Hypothesis: the Prime Minister of India and Japan and Japan in Tokio .
2025-05-03 13:17:34,903 - INFO - joeynmt.training - Example #1
2025-05-03 13:17:34,904 - DEBUG - joeynmt.training - 	Tokenized source:     ['Indi@@', 'ens', 'neu@@', 'er', 'Pre@@', 'mi@@', 'er@@', 'minist@@', 'er', 'N@@', 'ar@@', 'end@@', 'ra', 'Mo@@', 'd@@', 'i', 'tri@@', 'fft', 'bei', 's@@', 'einem', 'ersten', 'wichti@@', 'gen', 'Aus@@', 'land@@', 's@@', 'bes@@', 'u@@', 'ch', 'seit', 's@@', 'einem', 'W@@', 'ah@@', 'l@@', 'si@@', 'e@@', 'g', 'im', 'Ma@@', 'i', 'seinen', 'j@@', 'ap@@', 'an@@', 'ischen', 'Am@@', 'ts@@', 'k@@', 'olle@@', 'gen', 'S@@', 'hin@@', 'z@@', 'o', 'A@@', 'be', 'in', 'T@@', 'ok@@', 'o', ',', 'um', 'wirtschaf@@', 'tliche', 'und', 'sicher@@', 'heits@@', 'politische', 'Be@@', 'zieh@@', 'ungen', 'zu', 'bes@@', 'pre@@', 'chen', '.']
2025-05-03 13:17:34,904 - DEBUG - joeynmt.training - 	Tokenized reference:  ['Indi@@', 'a', '&apos;s', 'new', 'pri@@', 'me', 'minist@@', 'er', ',', 'N@@', 'ar@@', 'end@@', 'ra', 'Mo@@', 'd@@', 'i', ',', 'is', 'me@@', 'eting', 'his', 'J@@', 'ap@@', 'an@@', 'ese', 'coun@@', 'ter@@', 'part', ',', 'S@@', 'hin@@', 'z@@', 'o', 'A@@', 'be', ',', 'in', 'T@@', 'ok@@', 'y@@', 'o', 'to', 'disc@@', 'uss', 'economic', 'and', 'security', 'ties', ',', 'on', 'his', 'first', 'major', 'fore@@', 'ign', 'visi@@', 't', 'since', 'w@@', 'inn@@', 'ing', 'Ma@@', 'y', '&apos;s', 'elec@@', 'tion', '.']
2025-05-03 13:17:34,904 - DEBUG - joeynmt.training - 	Tokenized hypothesis: ['Indi@@', 'a', '&apos;s', 'new', 'Pri@@', 'me', 'Minist@@', 'er', 'N@@', 'ar@@', 'end@@', 'or@@', 'se', 'the', 'first', 'of', 'his', 'first', 'important', 'fore@@', 'ign', 'fore@@', 'ign', 'visi@@', 'tors', ',', 'in', 'his', 'elec@@', 'tion', ',', 'in', 'his', 'elec@@', 'tion', ',', 'in', 'his', 'elec@@', 'tion', ',', 'in', 'the', 'J@@', 'ap@@', 'an@@', 'ese', 'of', 'the', 'J@@', 'ap@@', 'an@@', 'ese', 'of', 'the', 'S@@', 'hin@@', 'z@@', 'o', 'A@@', 'be', 'in', 'T@@', 'ok@@', 'o', ',', 'in', 'the', 'first', 'place', '.', '</s>']
2025-05-03 13:17:34,904 - INFO - joeynmt.training - 	Source:     Indiens neuer Premierminister Narendra Modi trifft bei seinem ersten wichtigen Auslandsbesuch seit seinem Wahlsieg im Mai seinen japanischen Amtskollegen Shinzo Abe in Toko , um wirtschaftliche und sicherheitspolitische Beziehungen zu besprechen .
2025-05-03 13:17:34,904 - INFO - joeynmt.training - 	Reference:  India &apos;s new prime minister , Narendra Modi , is meeting his Japanese counterpart , Shinzo Abe , in Tokyo to discuss economic and security ties , on his first major foreign visit since winning May &apos;s election .
2025-05-03 13:17:34,904 - INFO - joeynmt.training - 	Hypothesis: India &apos;s new Prime Minister Narendorse the first of his first important foreign foreign visitors , in his election , in his election , in his election , in the Japanese of the Japanese of the Shinzo Abe in Toko , in the first place .
2025-05-03 13:17:34,904 - INFO - joeynmt.training - Example #2
2025-05-03 13:17:34,904 - DEBUG - joeynmt.training - 	Tokenized source:     ['Herr', 'Mo@@', 'd@@', 'i', 'befindet', 'sich', 'auf', 'einer', 'fü@@', 'n@@', 'f@@', 'tä@@', 'gi@@', 'gen', 'Rei@@', 'se', 'nach', 'J@@', 'ap@@', 'an', ',', 'um', 'die', 'wirtschaf@@', 'tlichen', 'Be@@', 'zieh@@', 'ungen', 'mit', 'der', 'd@@', 'rit@@', 't@@', 'größ@@', 'ten', 'Wirtschafts@@', 'n@@', 'ation', 'der', 'Welt', 'zu', 'fes@@', 'tigen', '.']
2025-05-03 13:17:34,904 - DEBUG - joeynmt.training - 	Tokenized reference:  ['Mr', 'Mo@@', 'd@@', 'i', 'is', 'on', 'a', 'fi@@', 've', '@@@', '-@@', '@', 'day', 'tri@@', 'p', 'to', 'J@@', 'ap@@', 'an', 'to', 'streng@@', 'then', 'economic', 'ties', 'with', 'the', 'third', 'lar@@', 'ges@@', 't', 'econom@@', 'y', 'in', 'the', 'world', '.']
2025-05-03 13:17:34,904 - DEBUG - joeynmt.training - 	Tokenized hypothesis: ['Mr', 'Mo@@', 'd@@', 'i', 'is', 'located', 'on', 'a', 'fi@@', 'f@@', 'te@@', 'en', 'tra@@', 'v@@', 'ell@@', 'ing', 'tra@@', 'v@@', 'ell@@', 'ing', 'to', 'J@@', 'ap@@', 'an', 'to', 'J@@', 'ap@@', 'an', 'to', 'J@@', 'ap@@', 'an', ',', 'in', 'order', 'to', 'f@@', 'ail', 'to', 'f@@', 'ail', 'to', 'f@@', 'ail', 'to', 'f@@', 'ail', '.', '</s>']
2025-05-03 13:17:34,904 - INFO - joeynmt.training - 	Source:     Herr Modi befindet sich auf einer fünftägigen Reise nach Japan , um die wirtschaftlichen Beziehungen mit der drittgrößten Wirtschaftsnation der Welt zu festigen .
2025-05-03 13:17:34,904 - INFO - joeynmt.training - 	Reference:  Mr Modi is on a five @-@ day trip to Japan to strengthen economic ties with the third largest economy in the world .
2025-05-03 13:17:34,905 - INFO - joeynmt.training - 	Hypothesis: Mr Modi is located on a fifteen travelling travelling to Japan to Japan to Japan , in order to fail to fail to fail to fail .
2025-05-03 13:17:34,905 - INFO - joeynmt.training - Example #3
2025-05-03 13:17:34,905 - DEBUG - joeynmt.training - 	Tokenized source:     ['P@@', 'län@@', 'e', 'für', 'eine', 'stärk@@', 'ere', 'k@@', 'ern@@', 'techn@@', 'ische', 'Zusammenarbeit', 'stehen', 'ganz', 'ob@@', 'en', 'auf', 'der', 'Tag@@', 'es@@', 'ordnung', '.']
2025-05-03 13:17:34,905 - DEBUG - joeynmt.training - 	Tokenized reference:  ['high', 'on', 'the', 'agen@@', 'da', 'are', 'pl@@', 'ans', 'for', 'gre@@', 'ater', 'nu@@', 'clear', 'c@@', 'o', '@@@', '-@@', '@', 'operation', '.']
2025-05-03 13:17:34,905 - DEBUG - joeynmt.training - 	Tokenized hypothesis: ['pl@@', 'ans', 'for', 'a', 'more', 'seri@@', 'ous', 'techn@@', 'ical', 'cooperation', 'are', 'very', 'important', 'in', 'the', 'agen@@', 'da', '.', '</s>']
2025-05-03 13:17:34,905 - INFO - joeynmt.training - 	Source:     Pläne für eine stärkere kerntechnische Zusammenarbeit stehen ganz oben auf der Tagesordnung .
2025-05-03 13:17:34,905 - INFO - joeynmt.training - 	Reference:  high on the agenda are plans for greater nuclear co @-@ operation .
2025-05-03 13:17:34,905 - INFO - joeynmt.training - 	Hypothesis: plans for a more serious technical cooperation are very important in the agenda .
2025-05-03 13:17:34,905 - INFO - joeynmt.training - Example #4
2025-05-03 13:17:34,905 - DEBUG - joeynmt.training - 	Tokenized source:     ['Berich@@', 'ten', 'zu@@', 'fol@@', 'ge', 'ho@@', 'fft', 'Indi@@', 'en', 'darüber', 'hinaus', 'auf', 'einen', 'Ver@@', 'trag', 'zur', 'Ver@@', 'tei@@', 'dig@@', 'ungs@@', 'zusammen@@', 'arbeit', 'zwischen', 'den', 'beiden', 'N@@', 'ationen', '.']
2025-05-03 13:17:34,905 - DEBUG - joeynmt.training - 	Tokenized reference:  ['Indi@@', 'a', 'is', 'also', 're@@', 'porte@@', 'dly', 'hop@@', 'ing', 'for', 'a', 'de@@', 'al', 'on', 'def@@', 'ence', 'c@@', 'oll@@', 'ab@@', 'or@@', 'ation', 'between', 'the', 'two', 'n@@', 'ations', '.']
2025-05-03 13:17:34,905 - DEBUG - joeynmt.training - 	Tokenized hypothesis: ['re@@', 'ports', 'also', 'hop@@', 'es', 'to', 'be', 'able', 'to', 'def@@', 'end', 'a', 'con@@', 'tra@@', 'ct', 'on', 'the', 'def@@', 'ence', 'cooperation', 'between', 'the', 'two', 'n@@', 'ations', '.', '</s>']
2025-05-03 13:17:34,906 - INFO - joeynmt.training - 	Source:     Berichten zufolge hofft Indien darüber hinaus auf einen Vertrag zur Verteidigungszusammenarbeit zwischen den beiden Nationen .
2025-05-03 13:17:34,906 - INFO - joeynmt.training - 	Reference:  India is also reportedly hoping for a deal on defence collaboration between the two nations .
2025-05-03 13:17:34,906 - INFO - joeynmt.training - 	Hypothesis: reports also hopes to be able to defend a contract on the defence cooperation between the two nations .
2025-05-03 13:17:40,264 - INFO - joeynmt.training - Epoch   8, Step:    31100, Batch Loss:     1.831617, Batch Acc: 0.515935, Tokens per Sec:    17160, Lr: 0.000300
2025-05-03 13:17:45,495 - INFO - joeynmt.training - Epoch   8, Step:    31200, Batch Loss:     2.055205, Batch Acc: 0.518771, Tokens per Sec:    17471, Lr: 0.000300
2025-05-03 13:17:50,805 - INFO - joeynmt.training - Epoch   8, Step:    31300, Batch Loss:     1.991908, Batch Acc: 0.509189, Tokens per Sec:    16846, Lr: 0.000300
2025-05-03 13:17:56,071 - INFO - joeynmt.training - Epoch   8, Step:    31400, Batch Loss:     1.726745, Batch Acc: 0.518282, Tokens per Sec:    17398, Lr: 0.000300
2025-05-03 13:18:01,423 - INFO - joeynmt.training - Epoch   8, Step:    31500, Batch Loss:     1.890193, Batch Acc: 0.510505, Tokens per Sec:    17244, Lr: 0.000300
2025-05-03 13:18:01,424 - INFO - joeynmt.prediction - Predicting 500 example(s)... (Greedy decoding with min_output_length=1, max_output_length=-1, return_prob='none', generate_unk=True, repetition_penalty=-1, no_repeat_ngram_size=-1)
2025-05-03 13:18:06,310 - INFO - joeynmt.prediction - Evaluation result (greedy) loss:   2.15, ppl:   8.59, acc:   0.45, generation: 4.8791[sec], evaluation: 0.0000[sec]
2025-05-03 13:18:06,390 - INFO - joeynmt.helpers - delete models/deen_transformer_post/28500.ckpt
2025-05-03 13:18:06,397 - INFO - joeynmt.training - Example #0
2025-05-03 13:18:06,397 - DEBUG - joeynmt.training - 	Tokenized source:     ['die', 'Pre@@', 'mi@@', 'er@@', 'minist@@', 'er', 'Indi@@', 'ens', 'und', 'J@@', 'ap@@', 'ans', 'tra@@', 'fen', 'sich', 'in', 'T@@', 'ok@@', 'i@@', 'o', '.']
2025-05-03 13:18:06,397 - DEBUG - joeynmt.training - 	Tokenized reference:  ['Indi@@', 'a', 'and', 'J@@', 'ap@@', 'an', 'pri@@', 'me', 'minist@@', 'ers', 'me@@', 'et', 'in', 'T@@', 'ok@@', 'y@@', 'o']
2025-05-03 13:18:06,397 - DEBUG - joeynmt.training - 	Tokenized hypothesis: ['the', 'Pri@@', 'me', 'Minist@@', 'er', 'Indi@@', 'a', 'and', 'J@@', 'ap@@', 'an', 'and', 'J@@', 'ap@@', 'an', 'in', 'T@@', 'ok@@', 'i@@', 'o', '.', '</s>']
2025-05-03 13:18:06,397 - INFO - joeynmt.training - 	Source:     die Premierminister Indiens und Japans trafen sich in Tokio .
2025-05-03 13:18:06,397 - INFO - joeynmt.training - 	Reference:  India and Japan prime ministers meet in Tokyo
2025-05-03 13:18:06,397 - INFO - joeynmt.training - 	Hypothesis: the Prime Minister India and Japan and Japan in Tokio .
2025-05-03 13:18:06,398 - INFO - joeynmt.training - Example #1
2025-05-03 13:18:06,398 - DEBUG - joeynmt.training - 	Tokenized source:     ['Indi@@', 'ens', 'neu@@', 'er', 'Pre@@', 'mi@@', 'er@@', 'minist@@', 'er', 'N@@', 'ar@@', 'end@@', 'ra', 'Mo@@', 'd@@', 'i', 'tri@@', 'fft', 'bei', 's@@', 'einem', 'ersten', 'wichti@@', 'gen', 'Aus@@', 'land@@', 's@@', 'bes@@', 'u@@', 'ch', 'seit', 's@@', 'einem', 'W@@', 'ah@@', 'l@@', 'si@@', 'e@@', 'g', 'im', 'Ma@@', 'i', 'seinen', 'j@@', 'ap@@', 'an@@', 'ischen', 'Am@@', 'ts@@', 'k@@', 'olle@@', 'gen', 'S@@', 'hin@@', 'z@@', 'o', 'A@@', 'be', 'in', 'T@@', 'ok@@', 'o', ',', 'um', 'wirtschaf@@', 'tliche', 'und', 'sicher@@', 'heits@@', 'politische', 'Be@@', 'zieh@@', 'ungen', 'zu', 'bes@@', 'pre@@', 'chen', '.']
2025-05-03 13:18:06,398 - DEBUG - joeynmt.training - 	Tokenized reference:  ['Indi@@', 'a', '&apos;s', 'new', 'pri@@', 'me', 'minist@@', 'er', ',', 'N@@', 'ar@@', 'end@@', 'ra', 'Mo@@', 'd@@', 'i', ',', 'is', 'me@@', 'eting', 'his', 'J@@', 'ap@@', 'an@@', 'ese', 'coun@@', 'ter@@', 'part', ',', 'S@@', 'hin@@', 'z@@', 'o', 'A@@', 'be', ',', 'in', 'T@@', 'ok@@', 'y@@', 'o', 'to', 'disc@@', 'uss', 'economic', 'and', 'security', 'ties', ',', 'on', 'his', 'first', 'major', 'fore@@', 'ign', 'visi@@', 't', 'since', 'w@@', 'inn@@', 'ing', 'Ma@@', 'y', '&apos;s', 'elec@@', 'tion', '.']
2025-05-03 13:18:06,398 - DEBUG - joeynmt.training - 	Tokenized hypothesis: ['Indi@@', 'a', '&apos;s', 'new', 'pri@@', 'me', 'minist@@', 'er', 'N@@', 'ar@@', 'end@@', 'ra', 'Mo@@', 'd@@', 'i', 'is', 'a', 'first', 'important', 'fore@@', 'ign', 'visi@@', 'tors', 'since', 'his', 'elec@@', 'tion', 'in', 'Ma@@', 'y', ',', 'his', 'first', ',', 'in', 'his', 'elec@@', 'tion', ',', 'in', 'the', 'M@@', 'ini@@', 'stry', 'of', 'the', 'J@@', 'ap@@', 'an@@', 'ese', 'pres@@', 'sure', 'in', 'T@@', 'ok@@', 'o', ',', 'in', 'order', 'to', 're@@', 'mo@@', 've', 'economic', 'and', 'security', 'political', 'rel@@', 'ations', '.', '</s>']
2025-05-03 13:18:06,398 - INFO - joeynmt.training - 	Source:     Indiens neuer Premierminister Narendra Modi trifft bei seinem ersten wichtigen Auslandsbesuch seit seinem Wahlsieg im Mai seinen japanischen Amtskollegen Shinzo Abe in Toko , um wirtschaftliche und sicherheitspolitische Beziehungen zu besprechen .
2025-05-03 13:18:06,398 - INFO - joeynmt.training - 	Reference:  India &apos;s new prime minister , Narendra Modi , is meeting his Japanese counterpart , Shinzo Abe , in Tokyo to discuss economic and security ties , on his first major foreign visit since winning May &apos;s election .
2025-05-03 13:18:06,398 - INFO - joeynmt.training - 	Hypothesis: India &apos;s new prime minister Narendra Modi is a first important foreign visitors since his election in May , his first , in his election , in the Ministry of the Japanese pressure in Toko , in order to remove economic and security political relations .
2025-05-03 13:18:06,398 - INFO - joeynmt.training - Example #2
2025-05-03 13:18:06,398 - DEBUG - joeynmt.training - 	Tokenized source:     ['Herr', 'Mo@@', 'd@@', 'i', 'befindet', 'sich', 'auf', 'einer', 'fü@@', 'n@@', 'f@@', 'tä@@', 'gi@@', 'gen', 'Rei@@', 'se', 'nach', 'J@@', 'ap@@', 'an', ',', 'um', 'die', 'wirtschaf@@', 'tlichen', 'Be@@', 'zieh@@', 'ungen', 'mit', 'der', 'd@@', 'rit@@', 't@@', 'größ@@', 'ten', 'Wirtschafts@@', 'n@@', 'ation', 'der', 'Welt', 'zu', 'fes@@', 'tigen', '.']
2025-05-03 13:18:06,398 - DEBUG - joeynmt.training - 	Tokenized reference:  ['Mr', 'Mo@@', 'd@@', 'i', 'is', 'on', 'a', 'fi@@', 've', '@@@', '-@@', '@', 'day', 'tri@@', 'p', 'to', 'J@@', 'ap@@', 'an', 'to', 'streng@@', 'then', 'economic', 'ties', 'with', 'the', 'third', 'lar@@', 'ges@@', 't', 'econom@@', 'y', 'in', 'the', 'world', '.']
2025-05-03 13:18:06,398 - DEBUG - joeynmt.training - 	Tokenized hypothesis: ['Mr', 'Mo@@', 'd@@', 'i', 'is', 'located', 'on', 'a', 'fi@@', 'f@@', 'th', 't@@', 'ou@@', 'ch', ',', 'to', 'be', 'able', 'to', 'f@@', 'it@@', 'ally', 'to', 'be', 'able', 'to', 'f@@', 'ail', 'to', 're@@', 'fle@@', 'ct', 'the', 'world', '.', '</s>']
2025-05-03 13:18:06,399 - INFO - joeynmt.training - 	Source:     Herr Modi befindet sich auf einer fünftägigen Reise nach Japan , um die wirtschaftlichen Beziehungen mit der drittgrößten Wirtschaftsnation der Welt zu festigen .
2025-05-03 13:18:06,399 - INFO - joeynmt.training - 	Reference:  Mr Modi is on a five @-@ day trip to Japan to strengthen economic ties with the third largest economy in the world .
2025-05-03 13:18:06,399 - INFO - joeynmt.training - 	Hypothesis: Mr Modi is located on a fifth touch , to be able to fitally to be able to fail to reflect the world .
2025-05-03 13:18:06,399 - INFO - joeynmt.training - Example #3
2025-05-03 13:18:06,399 - DEBUG - joeynmt.training - 	Tokenized source:     ['P@@', 'län@@', 'e', 'für', 'eine', 'stärk@@', 'ere', 'k@@', 'ern@@', 'techn@@', 'ische', 'Zusammenarbeit', 'stehen', 'ganz', 'ob@@', 'en', 'auf', 'der', 'Tag@@', 'es@@', 'ordnung', '.']
2025-05-03 13:18:06,399 - DEBUG - joeynmt.training - 	Tokenized reference:  ['high', 'on', 'the', 'agen@@', 'da', 'are', 'pl@@', 'ans', 'for', 'gre@@', 'ater', 'nu@@', 'clear', 'c@@', 'o', '@@@', '-@@', '@', 'operation', '.']
2025-05-03 13:18:06,399 - DEBUG - joeynmt.training - 	Tokenized hypothesis: ['P@@', 'ubli@@', 'c', 'cooperation', 'are', 'very', 'ob@@', 'vi@@', 'ous', 'to', 'be', 'very', 'ob@@', 'vi@@', 'ous', 'on', 'the', 'agen@@', 'da', '.', '</s>']
2025-05-03 13:18:06,399 - INFO - joeynmt.training - 	Source:     Pläne für eine stärkere kerntechnische Zusammenarbeit stehen ganz oben auf der Tagesordnung .
2025-05-03 13:18:06,399 - INFO - joeynmt.training - 	Reference:  high on the agenda are plans for greater nuclear co @-@ operation .
2025-05-03 13:18:06,399 - INFO - joeynmt.training - 	Hypothesis: Public cooperation are very obvious to be very obvious on the agenda .
2025-05-03 13:18:06,399 - INFO - joeynmt.training - Example #4
2025-05-03 13:18:06,399 - DEBUG - joeynmt.training - 	Tokenized source:     ['Berich@@', 'ten', 'zu@@', 'fol@@', 'ge', 'ho@@', 'fft', 'Indi@@', 'en', 'darüber', 'hinaus', 'auf', 'einen', 'Ver@@', 'trag', 'zur', 'Ver@@', 'tei@@', 'dig@@', 'ungs@@', 'zusammen@@', 'arbeit', 'zwischen', 'den', 'beiden', 'N@@', 'ationen', '.']
2025-05-03 13:18:06,400 - DEBUG - joeynmt.training - 	Tokenized reference:  ['Indi@@', 'a', 'is', 'also', 're@@', 'porte@@', 'dly', 'hop@@', 'ing', 'for', 'a', 'de@@', 'al', 'on', 'def@@', 'ence', 'c@@', 'oll@@', 'ab@@', 'or@@', 'ation', 'between', 'the', 'two', 'n@@', 'ations', '.']
2025-05-03 13:18:06,400 - DEBUG - joeynmt.training - 	Tokenized hypothesis: ['fur@@', 'ther@@', 'more', ',', 'the', 'propos@@', 'ed', 'by', 'a', 'con@@', 'tra@@', 'ct', 'on', 'a', 'Tre@@', 'aty', 'on', 'def@@', 'ence', 'between', 'the', 'two', 'N@@', 'ations', '.', '</s>']
2025-05-03 13:18:06,400 - INFO - joeynmt.training - 	Source:     Berichten zufolge hofft Indien darüber hinaus auf einen Vertrag zur Verteidigungszusammenarbeit zwischen den beiden Nationen .
2025-05-03 13:18:06,400 - INFO - joeynmt.training - 	Reference:  India is also reportedly hoping for a deal on defence collaboration between the two nations .
2025-05-03 13:18:06,400 - INFO - joeynmt.training - 	Hypothesis: furthermore , the proposed by a contract on a Treaty on defence between the two Nations .
2025-05-03 13:18:11,688 - INFO - joeynmt.training - Epoch   8, Step:    31600, Batch Loss:     1.902503, Batch Acc: 0.513610, Tokens per Sec:    17254, Lr: 0.000300
2025-05-03 13:18:17,084 - INFO - joeynmt.training - Epoch   8, Step:    31700, Batch Loss:     1.891967, Batch Acc: 0.516740, Tokens per Sec:    16777, Lr: 0.000300
2025-05-03 13:18:22,463 - INFO - joeynmt.training - Epoch   8, Step:    31800, Batch Loss:     1.704868, Batch Acc: 0.512340, Tokens per Sec:    17289, Lr: 0.000300
2025-05-03 13:18:27,817 - INFO - joeynmt.training - Epoch   8, Step:    31900, Batch Loss:     1.792637, Batch Acc: 0.517034, Tokens per Sec:    17366, Lr: 0.000300
2025-05-03 13:18:33,054 - INFO - joeynmt.training - Epoch   8, Step:    32000, Batch Loss:     1.884109, Batch Acc: 0.515674, Tokens per Sec:    17508, Lr: 0.000300
2025-05-03 13:18:33,054 - INFO - joeynmt.prediction - Predicting 500 example(s)... (Greedy decoding with min_output_length=1, max_output_length=-1, return_prob='none', generate_unk=True, repetition_penalty=-1, no_repeat_ngram_size=-1)
2025-05-03 13:18:37,897 - INFO - joeynmt.prediction - Evaluation result (greedy) loss:   2.14, ppl:   8.49, acc:   0.45, generation: 4.8354[sec], evaluation: 0.0000[sec]
2025-05-03 13:18:37,897 - INFO - joeynmt.training - Hooray! New best validation result [ppl]!
2025-05-03 13:18:37,977 - INFO - joeynmt.helpers - delete models/deen_transformer_post/29000.ckpt
2025-05-03 13:18:37,983 - INFO - joeynmt.training - Example #0
2025-05-03 13:18:37,984 - DEBUG - joeynmt.training - 	Tokenized source:     ['die', 'Pre@@', 'mi@@', 'er@@', 'minist@@', 'er', 'Indi@@', 'ens', 'und', 'J@@', 'ap@@', 'ans', 'tra@@', 'fen', 'sich', 'in', 'T@@', 'ok@@', 'i@@', 'o', '.']
2025-05-03 13:18:37,984 - DEBUG - joeynmt.training - 	Tokenized reference:  ['Indi@@', 'a', 'and', 'J@@', 'ap@@', 'an', 'pri@@', 'me', 'minist@@', 'ers', 'me@@', 'et', 'in', 'T@@', 'ok@@', 'y@@', 'o']
2025-05-03 13:18:37,984 - DEBUG - joeynmt.training - 	Tokenized hypothesis: ['the', 'Pri@@', 'me', 'Minist@@', 'er', 'of', 'Indi@@', 'a', 'and', 'J@@', 'ap@@', 'an', 'and', 'J@@', 'ap@@', 'an', ',', 'in', 'T@@', 'ok@@', 'i@@', 'o', '.', '</s>']
2025-05-03 13:18:37,984 - INFO - joeynmt.training - 	Source:     die Premierminister Indiens und Japans trafen sich in Tokio .
2025-05-03 13:18:37,984 - INFO - joeynmt.training - 	Reference:  India and Japan prime ministers meet in Tokyo
2025-05-03 13:18:37,984 - INFO - joeynmt.training - 	Hypothesis: the Prime Minister of India and Japan and Japan , in Tokio .
2025-05-03 13:18:37,984 - INFO - joeynmt.training - Example #1
2025-05-03 13:18:37,984 - DEBUG - joeynmt.training - 	Tokenized source:     ['Indi@@', 'ens', 'neu@@', 'er', 'Pre@@', 'mi@@', 'er@@', 'minist@@', 'er', 'N@@', 'ar@@', 'end@@', 'ra', 'Mo@@', 'd@@', 'i', 'tri@@', 'fft', 'bei', 's@@', 'einem', 'ersten', 'wichti@@', 'gen', 'Aus@@', 'land@@', 's@@', 'bes@@', 'u@@', 'ch', 'seit', 's@@', 'einem', 'W@@', 'ah@@', 'l@@', 'si@@', 'e@@', 'g', 'im', 'Ma@@', 'i', 'seinen', 'j@@', 'ap@@', 'an@@', 'ischen', 'Am@@', 'ts@@', 'k@@', 'olle@@', 'gen', 'S@@', 'hin@@', 'z@@', 'o', 'A@@', 'be', 'in', 'T@@', 'ok@@', 'o', ',', 'um', 'wirtschaf@@', 'tliche', 'und', 'sicher@@', 'heits@@', 'politische', 'Be@@', 'zieh@@', 'ungen', 'zu', 'bes@@', 'pre@@', 'chen', '.']
2025-05-03 13:18:37,984 - DEBUG - joeynmt.training - 	Tokenized reference:  ['Indi@@', 'a', '&apos;s', 'new', 'pri@@', 'me', 'minist@@', 'er', ',', 'N@@', 'ar@@', 'end@@', 'ra', 'Mo@@', 'd@@', 'i', ',', 'is', 'me@@', 'eting', 'his', 'J@@', 'ap@@', 'an@@', 'ese', 'coun@@', 'ter@@', 'part', ',', 'S@@', 'hin@@', 'z@@', 'o', 'A@@', 'be', ',', 'in', 'T@@', 'ok@@', 'y@@', 'o', 'to', 'disc@@', 'uss', 'economic', 'and', 'security', 'ties', ',', 'on', 'his', 'first', 'major', 'fore@@', 'ign', 'visi@@', 't', 'since', 'w@@', 'inn@@', 'ing', 'Ma@@', 'y', '&apos;s', 'elec@@', 'tion', '.']
2025-05-03 13:18:37,984 - DEBUG - joeynmt.training - 	Tokenized hypothesis: ['in', 'the', 'case', 'of', 'the', 'J@@', 'ap@@', 'an@@', 'ese', '&apos;s', 'J@@', 'an', '&apos;s', 'first', 'important', 'fore@@', 'ign', 'visi@@', 'tors', 'to', 'his', 'first', 'important', 'fore@@', 'ign', 'ag@@', 'ents', 'in', 'the', 'M@@', 'is@@', 's@@', 'cri@@', 'p@@', 'tion', 'of', 'the', 'J@@', 'ap@@', 'an@@', 'ese', 'Am@@', 'ts@@', 'man', 'S@@', 'hin@@', 'z@@', 'o', ',', 'in', 'T@@', 'ok@@', 'o', ',', 'in', 'T@@', 'ok@@', 'o', ',', 'to', 'the', 'economic', 'and', 'security', 'policy', 'rel@@', 'ations', '.', '</s>']
2025-05-03 13:18:37,985 - INFO - joeynmt.training - 	Source:     Indiens neuer Premierminister Narendra Modi trifft bei seinem ersten wichtigen Auslandsbesuch seit seinem Wahlsieg im Mai seinen japanischen Amtskollegen Shinzo Abe in Toko , um wirtschaftliche und sicherheitspolitische Beziehungen zu besprechen .
2025-05-03 13:18:37,985 - INFO - joeynmt.training - 	Reference:  India &apos;s new prime minister , Narendra Modi , is meeting his Japanese counterpart , Shinzo Abe , in Tokyo to discuss economic and security ties , on his first major foreign visit since winning May &apos;s election .
2025-05-03 13:18:37,985 - INFO - joeynmt.training - 	Hypothesis: in the case of the Japanese &apos;s Jan &apos;s first important foreign visitors to his first important foreign agents in the Misscription of the Japanese Amtsman Shinzo , in Toko , in Toko , to the economic and security policy relations .
2025-05-03 13:18:37,985 - INFO - joeynmt.training - Example #2
2025-05-03 13:18:37,985 - DEBUG - joeynmt.training - 	Tokenized source:     ['Herr', 'Mo@@', 'd@@', 'i', 'befindet', 'sich', 'auf', 'einer', 'fü@@', 'n@@', 'f@@', 'tä@@', 'gi@@', 'gen', 'Rei@@', 'se', 'nach', 'J@@', 'ap@@', 'an', ',', 'um', 'die', 'wirtschaf@@', 'tlichen', 'Be@@', 'zieh@@', 'ungen', 'mit', 'der', 'd@@', 'rit@@', 't@@', 'größ@@', 'ten', 'Wirtschafts@@', 'n@@', 'ation', 'der', 'Welt', 'zu', 'fes@@', 'tigen', '.']
2025-05-03 13:18:37,985 - DEBUG - joeynmt.training - 	Tokenized reference:  ['Mr', 'Mo@@', 'd@@', 'i', 'is', 'on', 'a', 'fi@@', 've', '@@@', '-@@', '@', 'day', 'tri@@', 'p', 'to', 'J@@', 'ap@@', 'an', 'to', 'streng@@', 'then', 'economic', 'ties', 'with', 'the', 'third', 'lar@@', 'ges@@', 't', 'econom@@', 'y', 'in', 'the', 'world', '.']
2025-05-03 13:18:37,985 - DEBUG - joeynmt.training - 	Tokenized hypothesis: ['Mr', 'Mo@@', 'd@@', 'i', 'is', 'a', 'fi@@', 'f@@', 'te@@', 'en', 'j@@', 'ap@@', 'an', 'to', 'J@@', 'ap@@', 'an', 'to', 'J@@', 'ap@@', 'an', 'to', 'J@@', 'ap@@', 'an', 'to', 're@@', 'duce', 'economic', 'rel@@', 'ations', 'with', 'the', 'third', 'lar@@', 'ges@@', 't', 'economic', 'rel@@', 'ations', 'with', 'the', 'third', 'lar@@', 'ges@@', 't', 'economic', 'rel@@', 'ations', '.', '</s>']
2025-05-03 13:18:37,985 - INFO - joeynmt.training - 	Source:     Herr Modi befindet sich auf einer fünftägigen Reise nach Japan , um die wirtschaftlichen Beziehungen mit der drittgrößten Wirtschaftsnation der Welt zu festigen .
2025-05-03 13:18:37,985 - INFO - joeynmt.training - 	Reference:  Mr Modi is on a five @-@ day trip to Japan to strengthen economic ties with the third largest economy in the world .
2025-05-03 13:18:37,985 - INFO - joeynmt.training - 	Hypothesis: Mr Modi is a fifteen japan to Japan to Japan to Japan to reduce economic relations with the third largest economic relations with the third largest economic relations .
2025-05-03 13:18:37,986 - INFO - joeynmt.training - Example #3
2025-05-03 13:18:37,986 - DEBUG - joeynmt.training - 	Tokenized source:     ['P@@', 'län@@', 'e', 'für', 'eine', 'stärk@@', 'ere', 'k@@', 'ern@@', 'techn@@', 'ische', 'Zusammenarbeit', 'stehen', 'ganz', 'ob@@', 'en', 'auf', 'der', 'Tag@@', 'es@@', 'ordnung', '.']
2025-05-03 13:18:37,986 - DEBUG - joeynmt.training - 	Tokenized reference:  ['high', 'on', 'the', 'agen@@', 'da', 'are', 'pl@@', 'ans', 'for', 'gre@@', 'ater', 'nu@@', 'clear', 'c@@', 'o', '@@@', '-@@', '@', 'operation', '.']
2025-05-03 13:18:37,986 - DEBUG - joeynmt.training - 	Tokenized hypothesis: ['P@@', 'lan@@', 'e', 'for', 'a', 'more', 'c@@', 'ru@@', 'cial', 'techn@@', 'ical', 'cooperation', 'are', 'concer@@', 'ned', '.', '</s>']
2025-05-03 13:18:37,986 - INFO - joeynmt.training - 	Source:     Pläne für eine stärkere kerntechnische Zusammenarbeit stehen ganz oben auf der Tagesordnung .
2025-05-03 13:18:37,986 - INFO - joeynmt.training - 	Reference:  high on the agenda are plans for greater nuclear co @-@ operation .
2025-05-03 13:18:37,986 - INFO - joeynmt.training - 	Hypothesis: Plane for a more crucial technical cooperation are concerned .
2025-05-03 13:18:37,986 - INFO - joeynmt.training - Example #4
2025-05-03 13:18:37,986 - DEBUG - joeynmt.training - 	Tokenized source:     ['Berich@@', 'ten', 'zu@@', 'fol@@', 'ge', 'ho@@', 'fft', 'Indi@@', 'en', 'darüber', 'hinaus', 'auf', 'einen', 'Ver@@', 'trag', 'zur', 'Ver@@', 'tei@@', 'dig@@', 'ungs@@', 'zusammen@@', 'arbeit', 'zwischen', 'den', 'beiden', 'N@@', 'ationen', '.']
2025-05-03 13:18:37,986 - DEBUG - joeynmt.training - 	Tokenized reference:  ['Indi@@', 'a', 'is', 'also', 're@@', 'porte@@', 'dly', 'hop@@', 'ing', 'for', 'a', 'de@@', 'al', 'on', 'def@@', 'ence', 'c@@', 'oll@@', 'ab@@', 'or@@', 'ation', 'between', 'the', 'two', 'n@@', 'ations', '.']
2025-05-03 13:18:37,986 - DEBUG - joeynmt.training - 	Tokenized hypothesis: ['re@@', 'ports', ',', 'Indi@@', 'a', 'is', 'also', 'hop@@', 'ing', 'for', 'a', 'con@@', 'tra@@', 'st', 'between', 'the', 'two', 'n@@', 'ations', '.', '</s>']
2025-05-03 13:18:37,987 - INFO - joeynmt.training - 	Source:     Berichten zufolge hofft Indien darüber hinaus auf einen Vertrag zur Verteidigungszusammenarbeit zwischen den beiden Nationen .
2025-05-03 13:18:37,987 - INFO - joeynmt.training - 	Reference:  India is also reportedly hoping for a deal on defence collaboration between the two nations .
2025-05-03 13:18:37,987 - INFO - joeynmt.training - 	Hypothesis: reports , India is also hoping for a contrast between the two nations .
2025-05-03 13:18:43,252 - INFO - joeynmt.training - Epoch   8, Step:    32100, Batch Loss:     1.655360, Batch Acc: 0.522611, Tokens per Sec:    17090, Lr: 0.000300
2025-05-03 13:18:48,685 - INFO - joeynmt.training - Epoch   8, Step:    32200, Batch Loss:     1.888030, Batch Acc: 0.516399, Tokens per Sec:    16901, Lr: 0.000300
2025-05-03 13:18:53,944 - INFO - joeynmt.training - Epoch   8, Step:    32300, Batch Loss:     1.584537, Batch Acc: 0.516954, Tokens per Sec:    17491, Lr: 0.000300
2025-05-03 13:18:59,229 - INFO - joeynmt.training - Epoch   8, Step:    32400, Batch Loss:     1.636929, Batch Acc: 0.518149, Tokens per Sec:    17013, Lr: 0.000300
2025-05-03 13:19:04,674 - INFO - joeynmt.training - Epoch   8, Step:    32500, Batch Loss:     1.673727, Batch Acc: 0.525460, Tokens per Sec:    16499, Lr: 0.000300
2025-05-03 13:19:04,675 - INFO - joeynmt.prediction - Predicting 500 example(s)... (Greedy decoding with min_output_length=1, max_output_length=-1, return_prob='none', generate_unk=True, repetition_penalty=-1, no_repeat_ngram_size=-1)
2025-05-03 13:19:09,894 - INFO - joeynmt.prediction - Evaluation result (greedy) loss:   2.14, ppl:   8.50, acc:   0.45, generation: 5.2122[sec], evaluation: 0.0000[sec]
2025-05-03 13:19:09,980 - INFO - joeynmt.helpers - delete models/deen_transformer_post/30500.ckpt
2025-05-03 13:19:09,985 - INFO - joeynmt.training - Example #0
2025-05-03 13:19:09,985 - DEBUG - joeynmt.training - 	Tokenized source:     ['die', 'Pre@@', 'mi@@', 'er@@', 'minist@@', 'er', 'Indi@@', 'ens', 'und', 'J@@', 'ap@@', 'ans', 'tra@@', 'fen', 'sich', 'in', 'T@@', 'ok@@', 'i@@', 'o', '.']
2025-05-03 13:19:09,985 - DEBUG - joeynmt.training - 	Tokenized reference:  ['Indi@@', 'a', 'and', 'J@@', 'ap@@', 'an', 'pri@@', 'me', 'minist@@', 'ers', 'me@@', 'et', 'in', 'T@@', 'ok@@', 'y@@', 'o']
2025-05-03 13:19:09,985 - DEBUG - joeynmt.training - 	Tokenized hypothesis: ['the', 'Pri@@', 'me', 'Minist@@', 'er', 'of', 'Indi@@', 'a', 'and', 'J@@', 'ap@@', 'an', ',', 'the', 'first', 'is', 'a', 'matter', 'of', 'the', 'Council', '.', '</s>']
2025-05-03 13:19:09,985 - INFO - joeynmt.training - 	Source:     die Premierminister Indiens und Japans trafen sich in Tokio .
2025-05-03 13:19:09,985 - INFO - joeynmt.training - 	Reference:  India and Japan prime ministers meet in Tokyo
2025-05-03 13:19:09,985 - INFO - joeynmt.training - 	Hypothesis: the Prime Minister of India and Japan , the first is a matter of the Council .
2025-05-03 13:19:09,985 - INFO - joeynmt.training - Example #1
2025-05-03 13:19:09,985 - DEBUG - joeynmt.training - 	Tokenized source:     ['Indi@@', 'ens', 'neu@@', 'er', 'Pre@@', 'mi@@', 'er@@', 'minist@@', 'er', 'N@@', 'ar@@', 'end@@', 'ra', 'Mo@@', 'd@@', 'i', 'tri@@', 'fft', 'bei', 's@@', 'einem', 'ersten', 'wichti@@', 'gen', 'Aus@@', 'land@@', 's@@', 'bes@@', 'u@@', 'ch', 'seit', 's@@', 'einem', 'W@@', 'ah@@', 'l@@', 'si@@', 'e@@', 'g', 'im', 'Ma@@', 'i', 'seinen', 'j@@', 'ap@@', 'an@@', 'ischen', 'Am@@', 'ts@@', 'k@@', 'olle@@', 'gen', 'S@@', 'hin@@', 'z@@', 'o', 'A@@', 'be', 'in', 'T@@', 'ok@@', 'o', ',', 'um', 'wirtschaf@@', 'tliche', 'und', 'sicher@@', 'heits@@', 'politische', 'Be@@', 'zieh@@', 'ungen', 'zu', 'bes@@', 'pre@@', 'chen', '.']
2025-05-03 13:19:09,985 - DEBUG - joeynmt.training - 	Tokenized reference:  ['Indi@@', 'a', '&apos;s', 'new', 'pri@@', 'me', 'minist@@', 'er', ',', 'N@@', 'ar@@', 'end@@', 'ra', 'Mo@@', 'd@@', 'i', ',', 'is', 'me@@', 'eting', 'his', 'J@@', 'ap@@', 'an@@', 'ese', 'coun@@', 'ter@@', 'part', ',', 'S@@', 'hin@@', 'z@@', 'o', 'A@@', 'be', ',', 'in', 'T@@', 'ok@@', 'y@@', 'o', 'to', 'disc@@', 'uss', 'economic', 'and', 'security', 'ties', ',', 'on', 'his', 'first', 'major', 'fore@@', 'ign', 'visi@@', 't', 'since', 'w@@', 'inn@@', 'ing', 'Ma@@', 'y', '&apos;s', 'elec@@', 'tion', '.']
2025-05-03 13:19:09,985 - DEBUG - joeynmt.training - 	Tokenized hypothesis: ['Indi@@', 'a', '&apos;s', 'new', 'Pri@@', 'me', 'Minist@@', 'er', 'N@@', 'ar@@', 'ra', 'Mo@@', 'd@@', 'i', 'is', 'a', 'first', 'important', 'one', 'for', 'the', 'first', 'important', 'fore@@', 'ign', 'fore@@', 'ign', 'ag@@', 'ents', 'in', 'the', 'elec@@', 'tion', 'of', 'the', 'A@@', 'ff@@', 'air@@', 's', 'of', 'the', 'A@@', 'be', 'in', 'T@@', 'ok@@', 'o', ',', 'in', 'order', 'to', 'de@@', 'al', 'and', 'saf@@', 'ety', 'policy', 'rel@@', 'ations', '.', '</s>']
2025-05-03 13:19:09,987 - INFO - joeynmt.training - 	Source:     Indiens neuer Premierminister Narendra Modi trifft bei seinem ersten wichtigen Auslandsbesuch seit seinem Wahlsieg im Mai seinen japanischen Amtskollegen Shinzo Abe in Toko , um wirtschaftliche und sicherheitspolitische Beziehungen zu besprechen .
2025-05-03 13:19:09,987 - INFO - joeynmt.training - 	Reference:  India &apos;s new prime minister , Narendra Modi , is meeting his Japanese counterpart , Shinzo Abe , in Tokyo to discuss economic and security ties , on his first major foreign visit since winning May &apos;s election .
2025-05-03 13:19:09,987 - INFO - joeynmt.training - 	Hypothesis: India &apos;s new Prime Minister Narra Modi is a first important one for the first important foreign foreign agents in the election of the Affairs of the Abe in Toko , in order to deal and safety policy relations .
2025-05-03 13:19:09,987 - INFO - joeynmt.training - Example #2
2025-05-03 13:19:09,987 - DEBUG - joeynmt.training - 	Tokenized source:     ['Herr', 'Mo@@', 'd@@', 'i', 'befindet', 'sich', 'auf', 'einer', 'fü@@', 'n@@', 'f@@', 'tä@@', 'gi@@', 'gen', 'Rei@@', 'se', 'nach', 'J@@', 'ap@@', 'an', ',', 'um', 'die', 'wirtschaf@@', 'tlichen', 'Be@@', 'zieh@@', 'ungen', 'mit', 'der', 'd@@', 'rit@@', 't@@', 'größ@@', 'ten', 'Wirtschafts@@', 'n@@', 'ation', 'der', 'Welt', 'zu', 'fes@@', 'tigen', '.']
2025-05-03 13:19:09,987 - DEBUG - joeynmt.training - 	Tokenized reference:  ['Mr', 'Mo@@', 'd@@', 'i', 'is', 'on', 'a', 'fi@@', 've', '@@@', '-@@', '@', 'day', 'tri@@', 'p', 'to', 'J@@', 'ap@@', 'an', 'to', 'streng@@', 'then', 'economic', 'ties', 'with', 'the', 'third', 'lar@@', 'ges@@', 't', 'econom@@', 'y', 'in', 'the', 'world', '.']
2025-05-03 13:19:09,987 - DEBUG - joeynmt.training - 	Tokenized hypothesis: ['Mr', 'Mo@@', 'd@@', 'i', 'is', 'a', 're@@', 'la@@', 'x@@', 'ing', 'of', 'the', 'world', '&apos;s', 'rel@@', 'ations', 'with', 'the', 'third', 'world', '&apos;s', 'economic', 'rel@@', 'ations', 'with', 'the', 'third', 'world', '.', '</s>']
2025-05-03 13:19:09,987 - INFO - joeynmt.training - 	Source:     Herr Modi befindet sich auf einer fünftägigen Reise nach Japan , um die wirtschaftlichen Beziehungen mit der drittgrößten Wirtschaftsnation der Welt zu festigen .
2025-05-03 13:19:09,987 - INFO - joeynmt.training - 	Reference:  Mr Modi is on a five @-@ day trip to Japan to strengthen economic ties with the third largest economy in the world .
2025-05-03 13:19:09,987 - INFO - joeynmt.training - 	Hypothesis: Mr Modi is a relaxing of the world &apos;s relations with the third world &apos;s economic relations with the third world .
2025-05-03 13:19:09,987 - INFO - joeynmt.training - Example #3
2025-05-03 13:19:09,987 - DEBUG - joeynmt.training - 	Tokenized source:     ['P@@', 'län@@', 'e', 'für', 'eine', 'stärk@@', 'ere', 'k@@', 'ern@@', 'techn@@', 'ische', 'Zusammenarbeit', 'stehen', 'ganz', 'ob@@', 'en', 'auf', 'der', 'Tag@@', 'es@@', 'ordnung', '.']
2025-05-03 13:19:09,988 - DEBUG - joeynmt.training - 	Tokenized reference:  ['high', 'on', 'the', 'agen@@', 'da', 'are', 'pl@@', 'ans', 'for', 'gre@@', 'ater', 'nu@@', 'clear', 'c@@', 'o', '@@@', '-@@', '@', 'operation', '.']
2025-05-03 13:19:09,988 - DEBUG - joeynmt.training - 	Tokenized hypothesis: ['pl@@', 'ans', 'for', 'a', 'str@@', 'ong', 'techn@@', 'ical', 'cooperation', 'are', 'very', 'ob@@', 'vi@@', 'ous', 'on', 'the', 'agen@@', 'da', '.', '</s>']
2025-05-03 13:19:09,988 - INFO - joeynmt.training - 	Source:     Pläne für eine stärkere kerntechnische Zusammenarbeit stehen ganz oben auf der Tagesordnung .
2025-05-03 13:19:09,988 - INFO - joeynmt.training - 	Reference:  high on the agenda are plans for greater nuclear co @-@ operation .
2025-05-03 13:19:09,988 - INFO - joeynmt.training - 	Hypothesis: plans for a strong technical cooperation are very obvious on the agenda .
2025-05-03 13:19:09,988 - INFO - joeynmt.training - Example #4
2025-05-03 13:19:09,988 - DEBUG - joeynmt.training - 	Tokenized source:     ['Berich@@', 'ten', 'zu@@', 'fol@@', 'ge', 'ho@@', 'fft', 'Indi@@', 'en', 'darüber', 'hinaus', 'auf', 'einen', 'Ver@@', 'trag', 'zur', 'Ver@@', 'tei@@', 'dig@@', 'ungs@@', 'zusammen@@', 'arbeit', 'zwischen', 'den', 'beiden', 'N@@', 'ationen', '.']
2025-05-03 13:19:09,988 - DEBUG - joeynmt.training - 	Tokenized reference:  ['Indi@@', 'a', 'is', 'also', 're@@', 'porte@@', 'dly', 'hop@@', 'ing', 'for', 'a', 'de@@', 'al', 'on', 'def@@', 'ence', 'c@@', 'oll@@', 'ab@@', 'or@@', 'ation', 'between', 'the', 'two', 'n@@', 'ations', '.']
2025-05-03 13:19:09,988 - DEBUG - joeynmt.training - 	Tokenized hypothesis: ['fur@@', 'ther@@', 'more', ',', 'the', 're@@', 'ports', 'is', 'also', 'hop@@', 'ed', 'for', 'a', 'con@@', 'tra@@', 'ct', 'agreement', 'on', 'the', 'con@@', 'text', 'of', 'the', 'Commission', '.', '</s>']
2025-05-03 13:19:09,988 - INFO - joeynmt.training - 	Source:     Berichten zufolge hofft Indien darüber hinaus auf einen Vertrag zur Verteidigungszusammenarbeit zwischen den beiden Nationen .
2025-05-03 13:19:09,988 - INFO - joeynmt.training - 	Reference:  India is also reportedly hoping for a deal on defence collaboration between the two nations .
2025-05-03 13:19:09,988 - INFO - joeynmt.training - 	Hypothesis: furthermore , the reports is also hoped for a contract agreement on the context of the Commission .
2025-05-03 13:19:11,382 - INFO - joeynmt.training - Epoch   8: total training loss 7180.37
2025-05-03 13:19:11,382 - INFO - joeynmt.training - EPOCH 9
2025-05-03 13:19:15,336 - INFO - joeynmt.training - Epoch   9, Step:    32600, Batch Loss:     1.810469, Batch Acc: 0.532840, Tokens per Sec:    16973, Lr: 0.000300
2025-05-03 13:19:20,666 - INFO - joeynmt.training - Epoch   9, Step:    32700, Batch Loss:     1.814029, Batch Acc: 0.533009, Tokens per Sec:    17365, Lr: 0.000300
2025-05-03 13:19:26,026 - INFO - joeynmt.training - Epoch   9, Step:    32800, Batch Loss:     1.688181, Batch Acc: 0.525540, Tokens per Sec:    17266, Lr: 0.000300
2025-05-03 13:19:31,308 - INFO - joeynmt.training - Epoch   9, Step:    32900, Batch Loss:     1.681589, Batch Acc: 0.531618, Tokens per Sec:    17458, Lr: 0.000300
2025-05-03 13:19:36,625 - INFO - joeynmt.training - Epoch   9, Step:    33000, Batch Loss:     1.633608, Batch Acc: 0.531911, Tokens per Sec:    17371, Lr: 0.000300
2025-05-03 13:19:36,625 - INFO - joeynmt.prediction - Predicting 500 example(s)... (Greedy decoding with min_output_length=1, max_output_length=-1, return_prob='none', generate_unk=True, repetition_penalty=-1, no_repeat_ngram_size=-1)
2025-05-03 13:19:41,868 - INFO - joeynmt.prediction - Evaluation result (greedy) loss:   2.14, ppl:   8.54, acc:   0.45, generation: 5.2360[sec], evaluation: 0.0000[sec]
2025-05-03 13:19:41,949 - INFO - joeynmt.helpers - delete models/deen_transformer_post/30000.ckpt
2025-05-03 13:19:41,955 - INFO - joeynmt.training - Example #0
2025-05-03 13:19:41,955 - DEBUG - joeynmt.training - 	Tokenized source:     ['die', 'Pre@@', 'mi@@', 'er@@', 'minist@@', 'er', 'Indi@@', 'ens', 'und', 'J@@', 'ap@@', 'ans', 'tra@@', 'fen', 'sich', 'in', 'T@@', 'ok@@', 'i@@', 'o', '.']
2025-05-03 13:19:41,955 - DEBUG - joeynmt.training - 	Tokenized reference:  ['Indi@@', 'a', 'and', 'J@@', 'ap@@', 'an', 'pri@@', 'me', 'minist@@', 'ers', 'me@@', 'et', 'in', 'T@@', 'ok@@', 'y@@', 'o']
2025-05-03 13:19:41,955 - DEBUG - joeynmt.training - 	Tokenized hypothesis: ['the', 'Pri@@', 'me', 'Minist@@', 'er', 'of', 'Indi@@', 'a', 'and', 'J@@', 'ap@@', 'an', 'and', 'J@@', 'ap@@', 'an', ',', 'in', 'T@@', 'ok@@', 'i@@', 'o', '.', '</s>']
2025-05-03 13:19:41,955 - INFO - joeynmt.training - 	Source:     die Premierminister Indiens und Japans trafen sich in Tokio .
2025-05-03 13:19:41,955 - INFO - joeynmt.training - 	Reference:  India and Japan prime ministers meet in Tokyo
2025-05-03 13:19:41,955 - INFO - joeynmt.training - 	Hypothesis: the Prime Minister of India and Japan and Japan , in Tokio .
2025-05-03 13:19:41,955 - INFO - joeynmt.training - Example #1
2025-05-03 13:19:41,956 - DEBUG - joeynmt.training - 	Tokenized source:     ['Indi@@', 'ens', 'neu@@', 'er', 'Pre@@', 'mi@@', 'er@@', 'minist@@', 'er', 'N@@', 'ar@@', 'end@@', 'ra', 'Mo@@', 'd@@', 'i', 'tri@@', 'fft', 'bei', 's@@', 'einem', 'ersten', 'wichti@@', 'gen', 'Aus@@', 'land@@', 's@@', 'bes@@', 'u@@', 'ch', 'seit', 's@@', 'einem', 'W@@', 'ah@@', 'l@@', 'si@@', 'e@@', 'g', 'im', 'Ma@@', 'i', 'seinen', 'j@@', 'ap@@', 'an@@', 'ischen', 'Am@@', 'ts@@', 'k@@', 'olle@@', 'gen', 'S@@', 'hin@@', 'z@@', 'o', 'A@@', 'be', 'in', 'T@@', 'ok@@', 'o', ',', 'um', 'wirtschaf@@', 'tliche', 'und', 'sicher@@', 'heits@@', 'politische', 'Be@@', 'zieh@@', 'ungen', 'zu', 'bes@@', 'pre@@', 'chen', '.']
2025-05-03 13:19:41,956 - DEBUG - joeynmt.training - 	Tokenized reference:  ['Indi@@', 'a', '&apos;s', 'new', 'pri@@', 'me', 'minist@@', 'er', ',', 'N@@', 'ar@@', 'end@@', 'ra', 'Mo@@', 'd@@', 'i', ',', 'is', 'me@@', 'eting', 'his', 'J@@', 'ap@@', 'an@@', 'ese', 'coun@@', 'ter@@', 'part', ',', 'S@@', 'hin@@', 'z@@', 'o', 'A@@', 'be', ',', 'in', 'T@@', 'ok@@', 'y@@', 'o', 'to', 'disc@@', 'uss', 'economic', 'and', 'security', 'ties', ',', 'on', 'his', 'first', 'major', 'fore@@', 'ign', 'visi@@', 't', 'since', 'w@@', 'inn@@', 'ing', 'Ma@@', 'y', '&apos;s', 'elec@@', 'tion', '.']
2025-05-03 13:19:41,956 - DEBUG - joeynmt.training - 	Tokenized hypothesis: ['Indi@@', 'a', '&apos;s', 'new', 'Pri@@', 'me', 'Minist@@', 'er', 'N@@', 'ar@@', 'th', 'Mo@@', 'd@@', 'i', 'is', 'de@@', 'termin@@', 'ed', 'in', 'the', 'first', 'place', ',', 'in', 'his', 'elec@@', 'tion', 'of', 'his', 'elec@@', 'tion', 'in', 'M@@', 'ini@@', 'stry', 'of', 'the', 'M@@', 'ini@@', 'stry', 'of', 'the', 'J@@', 'ap@@', 'an@@', 'ese', 'of', 'the', 'M@@', 'ini@@', 'stry', 'of', 'S@@', 'hin@@', 'z@@', 'o', 'A@@', 'be', 'in', 'T@@', 'ok@@', 'o', ',', 'to', 'the', 'economic', 'and', 'security', 'policy', 'rel@@', 'ations', '.', '</s>']
2025-05-03 13:19:41,956 - INFO - joeynmt.training - 	Source:     Indiens neuer Premierminister Narendra Modi trifft bei seinem ersten wichtigen Auslandsbesuch seit seinem Wahlsieg im Mai seinen japanischen Amtskollegen Shinzo Abe in Toko , um wirtschaftliche und sicherheitspolitische Beziehungen zu besprechen .
2025-05-03 13:19:41,956 - INFO - joeynmt.training - 	Reference:  India &apos;s new prime minister , Narendra Modi , is meeting his Japanese counterpart , Shinzo Abe , in Tokyo to discuss economic and security ties , on his first major foreign visit since winning May &apos;s election .
2025-05-03 13:19:41,956 - INFO - joeynmt.training - 	Hypothesis: India &apos;s new Prime Minister Narth Modi is determined in the first place , in his election of his election in Ministry of the Ministry of the Japanese of the Ministry of Shinzo Abe in Toko , to the economic and security policy relations .
2025-05-03 13:19:41,956 - INFO - joeynmt.training - Example #2
2025-05-03 13:19:41,956 - DEBUG - joeynmt.training - 	Tokenized source:     ['Herr', 'Mo@@', 'd@@', 'i', 'befindet', 'sich', 'auf', 'einer', 'fü@@', 'n@@', 'f@@', 'tä@@', 'gi@@', 'gen', 'Rei@@', 'se', 'nach', 'J@@', 'ap@@', 'an', ',', 'um', 'die', 'wirtschaf@@', 'tlichen', 'Be@@', 'zieh@@', 'ungen', 'mit', 'der', 'd@@', 'rit@@', 't@@', 'größ@@', 'ten', 'Wirtschafts@@', 'n@@', 'ation', 'der', 'Welt', 'zu', 'fes@@', 'tigen', '.']
2025-05-03 13:19:41,956 - DEBUG - joeynmt.training - 	Tokenized reference:  ['Mr', 'Mo@@', 'd@@', 'i', 'is', 'on', 'a', 'fi@@', 've', '@@@', '-@@', '@', 'day', 'tri@@', 'p', 'to', 'J@@', 'ap@@', 'an', 'to', 'streng@@', 'then', 'economic', 'ties', 'with', 'the', 'third', 'lar@@', 'ges@@', 't', 'econom@@', 'y', 'in', 'the', 'world', '.']
2025-05-03 13:19:41,956 - DEBUG - joeynmt.training - 	Tokenized hypothesis: ['Mr', 'Mo@@', 'd@@', 'i', 'is', 'a', 'fi@@', 'f@@', 'te@@', 'en', 'tra@@', 'v@@', 'el', 'to', 'J@@', 'ap@@', 'an', 'to', 'J@@', 'ap@@', 'an', 'to', 'J@@', 'ap@@', 'an', 'to', 'the', 'economic', 'rel@@', 'ations', 'with', 'the', 'third', 'lar@@', 'ges@@', 't', 'economic', 'rel@@', 'ations', '.', '</s>']
2025-05-03 13:19:41,957 - INFO - joeynmt.training - 	Source:     Herr Modi befindet sich auf einer fünftägigen Reise nach Japan , um die wirtschaftlichen Beziehungen mit der drittgrößten Wirtschaftsnation der Welt zu festigen .
2025-05-03 13:19:41,957 - INFO - joeynmt.training - 	Reference:  Mr Modi is on a five @-@ day trip to Japan to strengthen economic ties with the third largest economy in the world .
2025-05-03 13:19:41,957 - INFO - joeynmt.training - 	Hypothesis: Mr Modi is a fifteen travel to Japan to Japan to Japan to the economic relations with the third largest economic relations .
2025-05-03 13:19:41,957 - INFO - joeynmt.training - Example #3
2025-05-03 13:19:41,957 - DEBUG - joeynmt.training - 	Tokenized source:     ['P@@', 'län@@', 'e', 'für', 'eine', 'stärk@@', 'ere', 'k@@', 'ern@@', 'techn@@', 'ische', 'Zusammenarbeit', 'stehen', 'ganz', 'ob@@', 'en', 'auf', 'der', 'Tag@@', 'es@@', 'ordnung', '.']
2025-05-03 13:19:41,957 - DEBUG - joeynmt.training - 	Tokenized reference:  ['high', 'on', 'the', 'agen@@', 'da', 'are', 'pl@@', 'ans', 'for', 'gre@@', 'ater', 'nu@@', 'clear', 'c@@', 'o', '@@@', '-@@', '@', 'operation', '.']
2025-05-03 13:19:41,957 - DEBUG - joeynmt.training - 	Tokenized hypothesis: ['P@@', 'lan@@', 'e', 'for', 'a', 'more', 'c@@', 'are', 'of', 'more', 'c@@', 'are', 'on', 'the', 'agen@@', 'da', '.', '</s>']
2025-05-03 13:19:41,957 - INFO - joeynmt.training - 	Source:     Pläne für eine stärkere kerntechnische Zusammenarbeit stehen ganz oben auf der Tagesordnung .
2025-05-03 13:19:41,957 - INFO - joeynmt.training - 	Reference:  high on the agenda are plans for greater nuclear co @-@ operation .
2025-05-03 13:19:41,957 - INFO - joeynmt.training - 	Hypothesis: Plane for a more care of more care on the agenda .
2025-05-03 13:19:41,957 - INFO - joeynmt.training - Example #4
2025-05-03 13:19:41,958 - DEBUG - joeynmt.training - 	Tokenized source:     ['Berich@@', 'ten', 'zu@@', 'fol@@', 'ge', 'ho@@', 'fft', 'Indi@@', 'en', 'darüber', 'hinaus', 'auf', 'einen', 'Ver@@', 'trag', 'zur', 'Ver@@', 'tei@@', 'dig@@', 'ungs@@', 'zusammen@@', 'arbeit', 'zwischen', 'den', 'beiden', 'N@@', 'ationen', '.']
2025-05-03 13:19:41,958 - DEBUG - joeynmt.training - 	Tokenized reference:  ['Indi@@', 'a', 'is', 'also', 're@@', 'porte@@', 'dly', 'hop@@', 'ing', 'for', 'a', 'de@@', 'al', 'on', 'def@@', 'ence', 'c@@', 'oll@@', 'ab@@', 'or@@', 'ation', 'between', 'the', 'two', 'n@@', 'ations', '.']
2025-05-03 13:19:41,958 - DEBUG - joeynmt.training - 	Tokenized hypothesis: ['I', 'also', 'hope', 'that', 'Indi@@', 'a', 'is', 'also', 'hop@@', 'ed', 'to', 'be', 'con@@', 'tra@@', 'st', 'between', 'the', 'two', 'n@@', 'ations', '.', '</s>']
2025-05-03 13:19:41,958 - INFO - joeynmt.training - 	Source:     Berichten zufolge hofft Indien darüber hinaus auf einen Vertrag zur Verteidigungszusammenarbeit zwischen den beiden Nationen .
2025-05-03 13:19:41,958 - INFO - joeynmt.training - 	Reference:  India is also reportedly hoping for a deal on defence collaboration between the two nations .
2025-05-03 13:19:41,958 - INFO - joeynmt.training - 	Hypothesis: I also hope that India is also hoped to be contrast between the two nations .
2025-05-03 13:19:47,396 - INFO - joeynmt.training - Epoch   9, Step:    33100, Batch Loss:     1.791633, Batch Acc: 0.530346, Tokens per Sec:    16828, Lr: 0.000300
2025-05-03 13:19:52,694 - INFO - joeynmt.training - Epoch   9, Step:    33200, Batch Loss:     1.622710, Batch Acc: 0.531991, Tokens per Sec:    17023, Lr: 0.000300
2025-05-03 13:19:58,034 - INFO - joeynmt.training - Epoch   9, Step:    33300, Batch Loss:     1.717023, Batch Acc: 0.530235, Tokens per Sec:    17397, Lr: 0.000300
2025-05-03 13:20:03,364 - INFO - joeynmt.training - Epoch   9, Step:    33400, Batch Loss:     1.695069, Batch Acc: 0.532116, Tokens per Sec:    17267, Lr: 0.000300
2025-05-03 13:20:08,611 - INFO - joeynmt.training - Epoch   9, Step:    33500, Batch Loss:     1.569479, Batch Acc: 0.530819, Tokens per Sec:    17753, Lr: 0.000300
2025-05-03 13:20:08,611 - INFO - joeynmt.prediction - Predicting 500 example(s)... (Greedy decoding with min_output_length=1, max_output_length=-1, return_prob='none', generate_unk=True, repetition_penalty=-1, no_repeat_ngram_size=-1)
2025-05-03 13:20:14,423 - INFO - joeynmt.prediction - Evaluation result (greedy) loss:   2.14, ppl:   8.53, acc:   0.45, generation: 5.8042[sec], evaluation: 0.0000[sec]
2025-05-03 13:20:14,507 - INFO - joeynmt.helpers - delete models/deen_transformer_post/31500.ckpt
2025-05-03 13:20:14,511 - INFO - joeynmt.training - Example #0
2025-05-03 13:20:14,512 - DEBUG - joeynmt.training - 	Tokenized source:     ['die', 'Pre@@', 'mi@@', 'er@@', 'minist@@', 'er', 'Indi@@', 'ens', 'und', 'J@@', 'ap@@', 'ans', 'tra@@', 'fen', 'sich', 'in', 'T@@', 'ok@@', 'i@@', 'o', '.']
2025-05-03 13:20:14,512 - DEBUG - joeynmt.training - 	Tokenized reference:  ['Indi@@', 'a', 'and', 'J@@', 'ap@@', 'an', 'pri@@', 'me', 'minist@@', 'ers', 'me@@', 'et', 'in', 'T@@', 'ok@@', 'y@@', 'o']
2025-05-03 13:20:14,512 - DEBUG - joeynmt.training - 	Tokenized hypothesis: ['the', 'Pri@@', 'me', 'Minist@@', 'er', 'of', 'Indi@@', 'a', 'and', 'J@@', 'ap@@', 'an', 'and', 'J@@', 'ap@@', 'an', '&apos;s', 'pri@@', 'me', 'minist@@', 'er', 'in', 'T@@', 'ok@@', 'i@@', 'o', '.', '</s>']
2025-05-03 13:20:14,512 - INFO - joeynmt.training - 	Source:     die Premierminister Indiens und Japans trafen sich in Tokio .
2025-05-03 13:20:14,512 - INFO - joeynmt.training - 	Reference:  India and Japan prime ministers meet in Tokyo
2025-05-03 13:20:14,512 - INFO - joeynmt.training - 	Hypothesis: the Prime Minister of India and Japan and Japan &apos;s prime minister in Tokio .
2025-05-03 13:20:14,512 - INFO - joeynmt.training - Example #1
2025-05-03 13:20:14,512 - DEBUG - joeynmt.training - 	Tokenized source:     ['Indi@@', 'ens', 'neu@@', 'er', 'Pre@@', 'mi@@', 'er@@', 'minist@@', 'er', 'N@@', 'ar@@', 'end@@', 'ra', 'Mo@@', 'd@@', 'i', 'tri@@', 'fft', 'bei', 's@@', 'einem', 'ersten', 'wichti@@', 'gen', 'Aus@@', 'land@@', 's@@', 'bes@@', 'u@@', 'ch', 'seit', 's@@', 'einem', 'W@@', 'ah@@', 'l@@', 'si@@', 'e@@', 'g', 'im', 'Ma@@', 'i', 'seinen', 'j@@', 'ap@@', 'an@@', 'ischen', 'Am@@', 'ts@@', 'k@@', 'olle@@', 'gen', 'S@@', 'hin@@', 'z@@', 'o', 'A@@', 'be', 'in', 'T@@', 'ok@@', 'o', ',', 'um', 'wirtschaf@@', 'tliche', 'und', 'sicher@@', 'heits@@', 'politische', 'Be@@', 'zieh@@', 'ungen', 'zu', 'bes@@', 'pre@@', 'chen', '.']
2025-05-03 13:20:14,512 - DEBUG - joeynmt.training - 	Tokenized reference:  ['Indi@@', 'a', '&apos;s', 'new', 'pri@@', 'me', 'minist@@', 'er', ',', 'N@@', 'ar@@', 'end@@', 'ra', 'Mo@@', 'd@@', 'i', ',', 'is', 'me@@', 'eting', 'his', 'J@@', 'ap@@', 'an@@', 'ese', 'coun@@', 'ter@@', 'part', ',', 'S@@', 'hin@@', 'z@@', 'o', 'A@@', 'be', ',', 'in', 'T@@', 'ok@@', 'y@@', 'o', 'to', 'disc@@', 'uss', 'economic', 'and', 'security', 'ties', ',', 'on', 'his', 'first', 'major', 'fore@@', 'ign', 'visi@@', 't', 'since', 'w@@', 'inn@@', 'ing', 'Ma@@', 'y', '&apos;s', 'elec@@', 'tion', '.']
2025-05-03 13:20:14,513 - DEBUG - joeynmt.training - 	Tokenized hypothesis: ['Indi@@', 'a', '&apos;s', '&apos;s', 'pre@@', 'siden@@', 'cy', 'has', 'been', 'de@@', 'alt', 'with', 'his', 'first', 'important', 'fore@@', 'ign', 'fore@@', 'ign', 'fore@@', 'ign', 'visi@@', 'tors', 'to', 'his', 'elec@@', 'tion', 'in', 'the', 'elec@@', 'tion', 'of', 'the', 'M@@', 'ini@@', 'stry', 'of', 'the', 'German', 'Pre@@', 'siden@@', 'cy', 'of', 'S@@', 'hin@@', 'z@@', 'o', 'A@@', 'be', 'in', 'T@@', 'ok@@', 'o', ',', 'to', 'the', 'economic', 'and', 'security', 'policy', 'rel@@', 'ations', '.', '</s>']
2025-05-03 13:20:14,513 - INFO - joeynmt.training - 	Source:     Indiens neuer Premierminister Narendra Modi trifft bei seinem ersten wichtigen Auslandsbesuch seit seinem Wahlsieg im Mai seinen japanischen Amtskollegen Shinzo Abe in Toko , um wirtschaftliche und sicherheitspolitische Beziehungen zu besprechen .
2025-05-03 13:20:14,513 - INFO - joeynmt.training - 	Reference:  India &apos;s new prime minister , Narendra Modi , is meeting his Japanese counterpart , Shinzo Abe , in Tokyo to discuss economic and security ties , on his first major foreign visit since winning May &apos;s election .
2025-05-03 13:20:14,513 - INFO - joeynmt.training - 	Hypothesis: India &apos;s &apos;s presidency has been dealt with his first important foreign foreign foreign visitors to his election in the election of the Ministry of the German Presidency of Shinzo Abe in Toko , to the economic and security policy relations .
2025-05-03 13:20:14,513 - INFO - joeynmt.training - Example #2
2025-05-03 13:20:14,513 - DEBUG - joeynmt.training - 	Tokenized source:     ['Herr', 'Mo@@', 'd@@', 'i', 'befindet', 'sich', 'auf', 'einer', 'fü@@', 'n@@', 'f@@', 'tä@@', 'gi@@', 'gen', 'Rei@@', 'se', 'nach', 'J@@', 'ap@@', 'an', ',', 'um', 'die', 'wirtschaf@@', 'tlichen', 'Be@@', 'zieh@@', 'ungen', 'mit', 'der', 'd@@', 'rit@@', 't@@', 'größ@@', 'ten', 'Wirtschafts@@', 'n@@', 'ation', 'der', 'Welt', 'zu', 'fes@@', 'tigen', '.']
2025-05-03 13:20:14,513 - DEBUG - joeynmt.training - 	Tokenized reference:  ['Mr', 'Mo@@', 'd@@', 'i', 'is', 'on', 'a', 'fi@@', 've', '@@@', '-@@', '@', 'day', 'tri@@', 'p', 'to', 'J@@', 'ap@@', 'an', 'to', 'streng@@', 'then', 'economic', 'ties', 'with', 'the', 'third', 'lar@@', 'ges@@', 't', 'econom@@', 'y', 'in', 'the', 'world', '.']
2025-05-03 13:20:14,513 - DEBUG - joeynmt.training - 	Tokenized hypothesis: ['Mr', 'Mo@@', 'd@@', 'i', 'is', 'situ@@', 'ated', 'on', 'a', 'fi@@', 'f@@', 'te@@', 'en', 'ser@@', 'ies', 'to', 'be', 'able', 'to', 're@@', 'fle@@', 'ct', 'economic', 'rel@@', 'ations', 'with', 'the', 'third', 'economic', 'rel@@', 'ations', 'with', 'the', 'economic', 'rel@@', 'ations', 'with', 'the', 'third', 'economic', 'rel@@', 'ations', 'of', 'the', 'world', '.', '</s>']
2025-05-03 13:20:14,513 - INFO - joeynmt.training - 	Source:     Herr Modi befindet sich auf einer fünftägigen Reise nach Japan , um die wirtschaftlichen Beziehungen mit der drittgrößten Wirtschaftsnation der Welt zu festigen .
2025-05-03 13:20:14,514 - INFO - joeynmt.training - 	Reference:  Mr Modi is on a five @-@ day trip to Japan to strengthen economic ties with the third largest economy in the world .
2025-05-03 13:20:14,514 - INFO - joeynmt.training - 	Hypothesis: Mr Modi is situated on a fifteen series to be able to reflect economic relations with the third economic relations with the economic relations with the third economic relations of the world .
2025-05-03 13:20:14,514 - INFO - joeynmt.training - Example #3
2025-05-03 13:20:14,514 - DEBUG - joeynmt.training - 	Tokenized source:     ['P@@', 'län@@', 'e', 'für', 'eine', 'stärk@@', 'ere', 'k@@', 'ern@@', 'techn@@', 'ische', 'Zusammenarbeit', 'stehen', 'ganz', 'ob@@', 'en', 'auf', 'der', 'Tag@@', 'es@@', 'ordnung', '.']
2025-05-03 13:20:14,514 - DEBUG - joeynmt.training - 	Tokenized reference:  ['high', 'on', 'the', 'agen@@', 'da', 'are', 'pl@@', 'ans', 'for', 'gre@@', 'ater', 'nu@@', 'clear', 'c@@', 'o', '@@@', '-@@', '@', 'operation', '.']
2025-05-03 13:20:14,514 - DEBUG - joeynmt.training - 	Tokenized hypothesis: ['P@@', 'lan@@', 'e', 'for', 'a', 'str@@', 'ong', 'techn@@', 'ical', 'cooperation', 'are', 'very', 'ob@@', 'vi@@', 'ously', 'on', 'the', 'agen@@', 'da', '.', '</s>']
2025-05-03 13:20:14,514 - INFO - joeynmt.training - 	Source:     Pläne für eine stärkere kerntechnische Zusammenarbeit stehen ganz oben auf der Tagesordnung .
2025-05-03 13:20:14,514 - INFO - joeynmt.training - 	Reference:  high on the agenda are plans for greater nuclear co @-@ operation .
2025-05-03 13:20:14,514 - INFO - joeynmt.training - 	Hypothesis: Plane for a strong technical cooperation are very obviously on the agenda .
2025-05-03 13:20:14,514 - INFO - joeynmt.training - Example #4
2025-05-03 13:20:14,514 - DEBUG - joeynmt.training - 	Tokenized source:     ['Berich@@', 'ten', 'zu@@', 'fol@@', 'ge', 'ho@@', 'fft', 'Indi@@', 'en', 'darüber', 'hinaus', 'auf', 'einen', 'Ver@@', 'trag', 'zur', 'Ver@@', 'tei@@', 'dig@@', 'ungs@@', 'zusammen@@', 'arbeit', 'zwischen', 'den', 'beiden', 'N@@', 'ationen', '.']
2025-05-03 13:20:14,514 - DEBUG - joeynmt.training - 	Tokenized reference:  ['Indi@@', 'a', 'is', 'also', 're@@', 'porte@@', 'dly', 'hop@@', 'ing', 'for', 'a', 'de@@', 'al', 'on', 'def@@', 'ence', 'c@@', 'oll@@', 'ab@@', 'or@@', 'ation', 'between', 'the', 'two', 'n@@', 'ations', '.']
2025-05-03 13:20:14,514 - DEBUG - joeynmt.training - 	Tokenized hypothesis: ['in', 'ad@@', 'dition', ',', 'the', 're@@', 'ports', 'is', 'also', 'hop@@', 'ed', 'to', 'a', 'con@@', 'text', 'of', 'the', 'con@@', 'text', 'of', 'the', 'two', 'n@@', 'ations', '.', '</s>']
2025-05-03 13:20:14,515 - INFO - joeynmt.training - 	Source:     Berichten zufolge hofft Indien darüber hinaus auf einen Vertrag zur Verteidigungszusammenarbeit zwischen den beiden Nationen .
2025-05-03 13:20:14,515 - INFO - joeynmt.training - 	Reference:  India is also reportedly hoping for a deal on defence collaboration between the two nations .
2025-05-03 13:20:14,515 - INFO - joeynmt.training - 	Hypothesis: in addition , the reports is also hoped to a context of the context of the two nations .
2025-05-03 13:20:19,841 - INFO - joeynmt.training - Epoch   9, Step:    33600, Batch Loss:     1.612653, Batch Acc: 0.531430, Tokens per Sec:    16777, Lr: 0.000300
2025-05-03 13:20:25,179 - INFO - joeynmt.training - Epoch   9, Step:    33700, Batch Loss:     1.634976, Batch Acc: 0.524508, Tokens per Sec:    17209, Lr: 0.000300
2025-05-03 13:20:30,496 - INFO - joeynmt.training - Epoch   9, Step:    33800, Batch Loss:     1.793243, Batch Acc: 0.526466, Tokens per Sec:    16919, Lr: 0.000300
2025-05-03 13:20:35,791 - INFO - joeynmt.training - Epoch   9, Step:    33900, Batch Loss:     1.601233, Batch Acc: 0.529362, Tokens per Sec:    17410, Lr: 0.000300
2025-05-03 13:20:41,089 - INFO - joeynmt.training - Epoch   9, Step:    34000, Batch Loss:     1.769625, Batch Acc: 0.525227, Tokens per Sec:    17383, Lr: 0.000300
2025-05-03 13:20:41,090 - INFO - joeynmt.prediction - Predicting 500 example(s)... (Greedy decoding with min_output_length=1, max_output_length=-1, return_prob='none', generate_unk=True, repetition_penalty=-1, no_repeat_ngram_size=-1)
2025-05-03 13:20:46,496 - INFO - joeynmt.prediction - Evaluation result (greedy) loss:   2.15, ppl:   8.58, acc:   0.45, generation: 5.3977[sec], evaluation: 0.0000[sec]
2025-05-03 13:20:46,497 - INFO - joeynmt.training - Example #0
2025-05-03 13:20:46,497 - DEBUG - joeynmt.training - 	Tokenized source:     ['die', 'Pre@@', 'mi@@', 'er@@', 'minist@@', 'er', 'Indi@@', 'ens', 'und', 'J@@', 'ap@@', 'ans', 'tra@@', 'fen', 'sich', 'in', 'T@@', 'ok@@', 'i@@', 'o', '.']
2025-05-03 13:20:46,497 - DEBUG - joeynmt.training - 	Tokenized reference:  ['Indi@@', 'a', 'and', 'J@@', 'ap@@', 'an', 'pri@@', 'me', 'minist@@', 'ers', 'me@@', 'et', 'in', 'T@@', 'ok@@', 'y@@', 'o']
2025-05-03 13:20:46,497 - DEBUG - joeynmt.training - 	Tokenized hypothesis: ['the', 'Pri@@', 'me', 'Minist@@', 'er', 'of', 'Indi@@', 'a', 'and', 'J@@', 'ap@@', 'an', ',', 'and', 'J@@', 'ap@@', 'an', '.', '</s>']
2025-05-03 13:20:46,498 - INFO - joeynmt.training - 	Source:     die Premierminister Indiens und Japans trafen sich in Tokio .
2025-05-03 13:20:46,498 - INFO - joeynmt.training - 	Reference:  India and Japan prime ministers meet in Tokyo
2025-05-03 13:20:46,498 - INFO - joeynmt.training - 	Hypothesis: the Prime Minister of India and Japan , and Japan .
2025-05-03 13:20:46,498 - INFO - joeynmt.training - Example #1
2025-05-03 13:20:46,498 - DEBUG - joeynmt.training - 	Tokenized source:     ['Indi@@', 'ens', 'neu@@', 'er', 'Pre@@', 'mi@@', 'er@@', 'minist@@', 'er', 'N@@', 'ar@@', 'end@@', 'ra', 'Mo@@', 'd@@', 'i', 'tri@@', 'fft', 'bei', 's@@', 'einem', 'ersten', 'wichti@@', 'gen', 'Aus@@', 'land@@', 's@@', 'bes@@', 'u@@', 'ch', 'seit', 's@@', 'einem', 'W@@', 'ah@@', 'l@@', 'si@@', 'e@@', 'g', 'im', 'Ma@@', 'i', 'seinen', 'j@@', 'ap@@', 'an@@', 'ischen', 'Am@@', 'ts@@', 'k@@', 'olle@@', 'gen', 'S@@', 'hin@@', 'z@@', 'o', 'A@@', 'be', 'in', 'T@@', 'ok@@', 'o', ',', 'um', 'wirtschaf@@', 'tliche', 'und', 'sicher@@', 'heits@@', 'politische', 'Be@@', 'zieh@@', 'ungen', 'zu', 'bes@@', 'pre@@', 'chen', '.']
2025-05-03 13:20:46,498 - DEBUG - joeynmt.training - 	Tokenized reference:  ['Indi@@', 'a', '&apos;s', 'new', 'pri@@', 'me', 'minist@@', 'er', ',', 'N@@', 'ar@@', 'end@@', 'ra', 'Mo@@', 'd@@', 'i', ',', 'is', 'me@@', 'eting', 'his', 'J@@', 'ap@@', 'an@@', 'ese', 'coun@@', 'ter@@', 'part', ',', 'S@@', 'hin@@', 'z@@', 'o', 'A@@', 'be', ',', 'in', 'T@@', 'ok@@', 'y@@', 'o', 'to', 'disc@@', 'uss', 'economic', 'and', 'security', 'ties', ',', 'on', 'his', 'first', 'major', 'fore@@', 'ign', 'visi@@', 't', 'since', 'w@@', 'inn@@', 'ing', 'Ma@@', 'y', '&apos;s', 'elec@@', 'tion', '.']
2025-05-03 13:20:46,498 - DEBUG - joeynmt.training - 	Tokenized hypothesis: ['in', 'the', 'first', 'place', ',', 'the', 'N@@', 'ar@@', 'd@@', 'i', 'Pri@@', 'me', 'Minist@@', 'er', 'N@@', 'ar@@', 'ge', ',', 'the', 'first', 'important', 'fore@@', 'ign', 'fore@@', 'ign', 'fore@@', 'ign', 'ag@@', 'o', ',', 'since', 'his', 'elec@@', 't@@', 'or@@', 'al', 'Am@@', 'ster@@', 'c@@', 'o', ',', 'in', 'the', 'M@@', 'ari@@', 'a', ',', 'to', 'the', 'S@@', 'hin@@', 'z@@', 'o', 'A@@', 'be', ',', 'to', 'the', 'economic', 'and', 'saf@@', 'ety', 'policy', 'rel@@', 'ations', '.', '</s>']
2025-05-03 13:20:46,499 - INFO - joeynmt.training - 	Source:     Indiens neuer Premierminister Narendra Modi trifft bei seinem ersten wichtigen Auslandsbesuch seit seinem Wahlsieg im Mai seinen japanischen Amtskollegen Shinzo Abe in Toko , um wirtschaftliche und sicherheitspolitische Beziehungen zu besprechen .
2025-05-03 13:20:46,499 - INFO - joeynmt.training - 	Reference:  India &apos;s new prime minister , Narendra Modi , is meeting his Japanese counterpart , Shinzo Abe , in Tokyo to discuss economic and security ties , on his first major foreign visit since winning May &apos;s election .
2025-05-03 13:20:46,499 - INFO - joeynmt.training - 	Hypothesis: in the first place , the Nardi Prime Minister Narge , the first important foreign foreign foreign ago , since his electoral Amsterco , in the Maria , to the Shinzo Abe , to the economic and safety policy relations .
2025-05-03 13:20:46,499 - INFO - joeynmt.training - Example #2
2025-05-03 13:20:46,499 - DEBUG - joeynmt.training - 	Tokenized source:     ['Herr', 'Mo@@', 'd@@', 'i', 'befindet', 'sich', 'auf', 'einer', 'fü@@', 'n@@', 'f@@', 'tä@@', 'gi@@', 'gen', 'Rei@@', 'se', 'nach', 'J@@', 'ap@@', 'an', ',', 'um', 'die', 'wirtschaf@@', 'tlichen', 'Be@@', 'zieh@@', 'ungen', 'mit', 'der', 'd@@', 'rit@@', 't@@', 'größ@@', 'ten', 'Wirtschafts@@', 'n@@', 'ation', 'der', 'Welt', 'zu', 'fes@@', 'tigen', '.']
2025-05-03 13:20:46,499 - DEBUG - joeynmt.training - 	Tokenized reference:  ['Mr', 'Mo@@', 'd@@', 'i', 'is', 'on', 'a', 'fi@@', 've', '@@@', '-@@', '@', 'day', 'tri@@', 'p', 'to', 'J@@', 'ap@@', 'an', 'to', 'streng@@', 'then', 'economic', 'ties', 'with', 'the', 'third', 'lar@@', 'ges@@', 't', 'econom@@', 'y', 'in', 'the', 'world', '.']
2025-05-03 13:20:46,499 - DEBUG - joeynmt.training - 	Tokenized hypothesis: ['Mr', 'Mo@@', 'd@@', 'i', 'is', 'a', 'fi@@', 'f@@', 'te@@', 'en', 'j@@', 'ap@@', 'an', 'to', 'J@@', 'ap@@', 'an', 'to', 're@@', 'fle@@', 'ct', 'the', 'economic', 'rel@@', 'ations', 'with', 'the', 'third', 'world', '.', '</s>']
2025-05-03 13:20:46,499 - INFO - joeynmt.training - 	Source:     Herr Modi befindet sich auf einer fünftägigen Reise nach Japan , um die wirtschaftlichen Beziehungen mit der drittgrößten Wirtschaftsnation der Welt zu festigen .
2025-05-03 13:20:46,499 - INFO - joeynmt.training - 	Reference:  Mr Modi is on a five @-@ day trip to Japan to strengthen economic ties with the third largest economy in the world .
2025-05-03 13:20:46,499 - INFO - joeynmt.training - 	Hypothesis: Mr Modi is a fifteen japan to Japan to reflect the economic relations with the third world .
2025-05-03 13:20:46,499 - INFO - joeynmt.training - Example #3
2025-05-03 13:20:46,500 - DEBUG - joeynmt.training - 	Tokenized source:     ['P@@', 'län@@', 'e', 'für', 'eine', 'stärk@@', 'ere', 'k@@', 'ern@@', 'techn@@', 'ische', 'Zusammenarbeit', 'stehen', 'ganz', 'ob@@', 'en', 'auf', 'der', 'Tag@@', 'es@@', 'ordnung', '.']
2025-05-03 13:20:46,500 - DEBUG - joeynmt.training - 	Tokenized reference:  ['high', 'on', 'the', 'agen@@', 'da', 'are', 'pl@@', 'ans', 'for', 'gre@@', 'ater', 'nu@@', 'clear', 'c@@', 'o', '@@@', '-@@', '@', 'operation', '.']
2025-05-03 13:20:46,500 - DEBUG - joeynmt.training - 	Tokenized hypothesis: ['pl@@', 'ans', 'for', 'gre@@', 'ater', 'nu@@', 'clear', 'cooperation', 'are', 'on', 'the', 'agen@@', 'da', '.', '</s>']
2025-05-03 13:20:46,500 - INFO - joeynmt.training - 	Source:     Pläne für eine stärkere kerntechnische Zusammenarbeit stehen ganz oben auf der Tagesordnung .
2025-05-03 13:20:46,500 - INFO - joeynmt.training - 	Reference:  high on the agenda are plans for greater nuclear co @-@ operation .
2025-05-03 13:20:46,500 - INFO - joeynmt.training - 	Hypothesis: plans for greater nuclear cooperation are on the agenda .
2025-05-03 13:20:46,500 - INFO - joeynmt.training - Example #4
2025-05-03 13:20:46,500 - DEBUG - joeynmt.training - 	Tokenized source:     ['Berich@@', 'ten', 'zu@@', 'fol@@', 'ge', 'ho@@', 'fft', 'Indi@@', 'en', 'darüber', 'hinaus', 'auf', 'einen', 'Ver@@', 'trag', 'zur', 'Ver@@', 'tei@@', 'dig@@', 'ungs@@', 'zusammen@@', 'arbeit', 'zwischen', 'den', 'beiden', 'N@@', 'ationen', '.']
2025-05-03 13:20:46,500 - DEBUG - joeynmt.training - 	Tokenized reference:  ['Indi@@', 'a', 'is', 'also', 're@@', 'porte@@', 'dly', 'hop@@', 'ing', 'for', 'a', 'de@@', 'al', 'on', 'def@@', 'ence', 'c@@', 'oll@@', 'ab@@', 'or@@', 'ation', 'between', 'the', 'two', 'n@@', 'ations', '.']
2025-05-03 13:20:46,500 - DEBUG - joeynmt.training - 	Tokenized hypothesis: ['the', 're@@', 'ports', 'also', 'hop@@', 'es', 'for', 'a', 'con@@', 'tra@@', 'ct', 'in', 'rel@@', 'ation', 'to', 'the', 'two', 'n@@', 'ations', '.', '</s>']
2025-05-03 13:20:46,500 - INFO - joeynmt.training - 	Source:     Berichten zufolge hofft Indien darüber hinaus auf einen Vertrag zur Verteidigungszusammenarbeit zwischen den beiden Nationen .
2025-05-03 13:20:46,500 - INFO - joeynmt.training - 	Reference:  India is also reportedly hoping for a deal on defence collaboration between the two nations .
2025-05-03 13:20:46,500 - INFO - joeynmt.training - 	Hypothesis: the reports also hopes for a contract in relation to the two nations .
2025-05-03 13:20:51,816 - INFO - joeynmt.training - Epoch   9, Step:    34100, Batch Loss:     1.977167, Batch Acc: 0.527035, Tokens per Sec:    17290, Lr: 0.000300
2025-05-03 13:20:57,175 - INFO - joeynmt.training - Epoch   9, Step:    34200, Batch Loss:     1.794434, Batch Acc: 0.520344, Tokens per Sec:    17228, Lr: 0.000300
2025-05-03 13:21:02,441 - INFO - joeynmt.training - Epoch   9, Step:    34300, Batch Loss:     1.758490, Batch Acc: 0.523854, Tokens per Sec:    17442, Lr: 0.000300
2025-05-03 13:21:07,780 - INFO - joeynmt.training - Epoch   9, Step:    34400, Batch Loss:     1.829449, Batch Acc: 0.519932, Tokens per Sec:    17435, Lr: 0.000300
2025-05-03 13:21:13,093 - INFO - joeynmt.training - Epoch   9, Step:    34500, Batch Loss:     1.723235, Batch Acc: 0.529215, Tokens per Sec:    17499, Lr: 0.000300
2025-05-03 13:21:13,094 - INFO - joeynmt.prediction - Predicting 500 example(s)... (Greedy decoding with min_output_length=1, max_output_length=-1, return_prob='none', generate_unk=True, repetition_penalty=-1, no_repeat_ngram_size=-1)
2025-05-03 13:21:18,003 - INFO - joeynmt.prediction - Evaluation result (greedy) loss:   2.15, ppl:   8.56, acc:   0.45, generation: 4.9018[sec], evaluation: 0.0000[sec]
2025-05-03 13:21:18,086 - INFO - joeynmt.helpers - delete models/deen_transformer_post/31000.ckpt
2025-05-03 13:21:18,093 - INFO - joeynmt.training - Example #0
2025-05-03 13:21:18,093 - DEBUG - joeynmt.training - 	Tokenized source:     ['die', 'Pre@@', 'mi@@', 'er@@', 'minist@@', 'er', 'Indi@@', 'ens', 'und', 'J@@', 'ap@@', 'ans', 'tra@@', 'fen', 'sich', 'in', 'T@@', 'ok@@', 'i@@', 'o', '.']
2025-05-03 13:21:18,093 - DEBUG - joeynmt.training - 	Tokenized reference:  ['Indi@@', 'a', 'and', 'J@@', 'ap@@', 'an', 'pri@@', 'me', 'minist@@', 'ers', 'me@@', 'et', 'in', 'T@@', 'ok@@', 'y@@', 'o']
2025-05-03 13:21:18,093 - DEBUG - joeynmt.training - 	Tokenized hypothesis: ['the', 'Pri@@', 'me', 'Minist@@', 'er', 'of', 'Indi@@', 'a', 'and', 'J@@', 'ap@@', 'an', ',', 'and', 'J@@', 'ap@@', 'an', ',', 'in', 'T@@', 'ok@@', 'i@@', 'o', '.', '</s>']
2025-05-03 13:21:18,093 - INFO - joeynmt.training - 	Source:     die Premierminister Indiens und Japans trafen sich in Tokio .
2025-05-03 13:21:18,093 - INFO - joeynmt.training - 	Reference:  India and Japan prime ministers meet in Tokyo
2025-05-03 13:21:18,093 - INFO - joeynmt.training - 	Hypothesis: the Prime Minister of India and Japan , and Japan , in Tokio .
2025-05-03 13:21:18,093 - INFO - joeynmt.training - Example #1
2025-05-03 13:21:18,094 - DEBUG - joeynmt.training - 	Tokenized source:     ['Indi@@', 'ens', 'neu@@', 'er', 'Pre@@', 'mi@@', 'er@@', 'minist@@', 'er', 'N@@', 'ar@@', 'end@@', 'ra', 'Mo@@', 'd@@', 'i', 'tri@@', 'fft', 'bei', 's@@', 'einem', 'ersten', 'wichti@@', 'gen', 'Aus@@', 'land@@', 's@@', 'bes@@', 'u@@', 'ch', 'seit', 's@@', 'einem', 'W@@', 'ah@@', 'l@@', 'si@@', 'e@@', 'g', 'im', 'Ma@@', 'i', 'seinen', 'j@@', 'ap@@', 'an@@', 'ischen', 'Am@@', 'ts@@', 'k@@', 'olle@@', 'gen', 'S@@', 'hin@@', 'z@@', 'o', 'A@@', 'be', 'in', 'T@@', 'ok@@', 'o', ',', 'um', 'wirtschaf@@', 'tliche', 'und', 'sicher@@', 'heits@@', 'politische', 'Be@@', 'zieh@@', 'ungen', 'zu', 'bes@@', 'pre@@', 'chen', '.']
2025-05-03 13:21:18,094 - DEBUG - joeynmt.training - 	Tokenized reference:  ['Indi@@', 'a', '&apos;s', 'new', 'pri@@', 'me', 'minist@@', 'er', ',', 'N@@', 'ar@@', 'end@@', 'ra', 'Mo@@', 'd@@', 'i', ',', 'is', 'me@@', 'eting', 'his', 'J@@', 'ap@@', 'an@@', 'ese', 'coun@@', 'ter@@', 'part', ',', 'S@@', 'hin@@', 'z@@', 'o', 'A@@', 'be', ',', 'in', 'T@@', 'ok@@', 'y@@', 'o', 'to', 'disc@@', 'uss', 'economic', 'and', 'security', 'ties', ',', 'on', 'his', 'first', 'major', 'fore@@', 'ign', 'visi@@', 't', 'since', 'w@@', 'inn@@', 'ing', 'Ma@@', 'y', '&apos;s', 'elec@@', 'tion', '.']
2025-05-03 13:21:18,094 - DEBUG - joeynmt.training - 	Tokenized hypothesis: ['Indi@@', 'a', '&apos;s', 'ne@@', 'w@@', 'sp@@', 'ap@@', 'an@@', 'ese', 'Am@@', 'ster@@', 'dam', ',', 'the', 'first', 'of', 'his', 'first', 'me@@', 'eting', 'in', 'the', 'Ma@@', 'y', 'of', 'his', 'elec@@', 'tion', ',', 'since', 'his', 'elec@@', 'tion', ',', 'in', 'the', 'Ma@@', 'y', 'of', 'the', 'M@@', 'y@@', 'ap@@', 'an@@', 'ese', 'Am@@', 'ster@@', 'dam', ',', 'in', 'T@@', 'ok@@', 'o', ',', 'in', 'T@@', 'ok@@', 'o', ',', 'in', 'T@@', 'ok@@', 'o', ',', 'in', 'T@@', 'ok@@', 'o', ',', 'in', 'T@@', 'ok@@', 'o', ',', 'in', 'T@@', 'ok@@', 'o', ',', 'and', 'the', 'S@@', 'h@@', 'o', '.', '</s>']
2025-05-03 13:21:18,094 - INFO - joeynmt.training - 	Source:     Indiens neuer Premierminister Narendra Modi trifft bei seinem ersten wichtigen Auslandsbesuch seit seinem Wahlsieg im Mai seinen japanischen Amtskollegen Shinzo Abe in Toko , um wirtschaftliche und sicherheitspolitische Beziehungen zu besprechen .
2025-05-03 13:21:18,094 - INFO - joeynmt.training - 	Reference:  India &apos;s new prime minister , Narendra Modi , is meeting his Japanese counterpart , Shinzo Abe , in Tokyo to discuss economic and security ties , on his first major foreign visit since winning May &apos;s election .
2025-05-03 13:21:18,094 - INFO - joeynmt.training - 	Hypothesis: India &apos;s newspapanese Amsterdam , the first of his first meeting in the May of his election , since his election , in the May of the Myapanese Amsterdam , in Toko , in Toko , in Toko , in Toko , in Toko , in Toko , and the Sho .
2025-05-03 13:21:18,094 - INFO - joeynmt.training - Example #2
2025-05-03 13:21:18,094 - DEBUG - joeynmt.training - 	Tokenized source:     ['Herr', 'Mo@@', 'd@@', 'i', 'befindet', 'sich', 'auf', 'einer', 'fü@@', 'n@@', 'f@@', 'tä@@', 'gi@@', 'gen', 'Rei@@', 'se', 'nach', 'J@@', 'ap@@', 'an', ',', 'um', 'die', 'wirtschaf@@', 'tlichen', 'Be@@', 'zieh@@', 'ungen', 'mit', 'der', 'd@@', 'rit@@', 't@@', 'größ@@', 'ten', 'Wirtschafts@@', 'n@@', 'ation', 'der', 'Welt', 'zu', 'fes@@', 'tigen', '.']
2025-05-03 13:21:18,094 - DEBUG - joeynmt.training - 	Tokenized reference:  ['Mr', 'Mo@@', 'd@@', 'i', 'is', 'on', 'a', 'fi@@', 've', '@@@', '-@@', '@', 'day', 'tri@@', 'p', 'to', 'J@@', 'ap@@', 'an', 'to', 'streng@@', 'then', 'economic', 'ties', 'with', 'the', 'third', 'lar@@', 'ges@@', 't', 'econom@@', 'y', 'in', 'the', 'world', '.']
2025-05-03 13:21:18,094 - DEBUG - joeynmt.training - 	Tokenized hypothesis: ['Mr', 'Mo@@', 'd@@', 'i', 'is', 'a', 'f@@', 'our', 'j@@', 'ap@@', 'an', 'on', 'a', 'f@@', 'our', 'j@@', 'ap@@', 'an', 'to', 'J@@', 'ap@@', 'an', 'to', 'J@@', 'ap@@', 'an', 'to', 'the', 'economic', 'rel@@', 'ations', 'with', 'the', 'third', 'world', '.', '</s>']
2025-05-03 13:21:18,095 - INFO - joeynmt.training - 	Source:     Herr Modi befindet sich auf einer fünftägigen Reise nach Japan , um die wirtschaftlichen Beziehungen mit der drittgrößten Wirtschaftsnation der Welt zu festigen .
2025-05-03 13:21:18,095 - INFO - joeynmt.training - 	Reference:  Mr Modi is on a five @-@ day trip to Japan to strengthen economic ties with the third largest economy in the world .
2025-05-03 13:21:18,095 - INFO - joeynmt.training - 	Hypothesis: Mr Modi is a four japan on a four japan to Japan to Japan to the economic relations with the third world .
2025-05-03 13:21:18,095 - INFO - joeynmt.training - Example #3
2025-05-03 13:21:18,095 - DEBUG - joeynmt.training - 	Tokenized source:     ['P@@', 'län@@', 'e', 'für', 'eine', 'stärk@@', 'ere', 'k@@', 'ern@@', 'techn@@', 'ische', 'Zusammenarbeit', 'stehen', 'ganz', 'ob@@', 'en', 'auf', 'der', 'Tag@@', 'es@@', 'ordnung', '.']
2025-05-03 13:21:18,095 - DEBUG - joeynmt.training - 	Tokenized reference:  ['high', 'on', 'the', 'agen@@', 'da', 'are', 'pl@@', 'ans', 'for', 'gre@@', 'ater', 'nu@@', 'clear', 'c@@', 'o', '@@@', '-@@', '@', 'operation', '.']
2025-05-03 13:21:18,095 - DEBUG - joeynmt.training - 	Tokenized hypothesis: ['P@@', 'lan@@', 'e', 'for', 'a', 'str@@', 'ong', 'techn@@', 'ical', 'cooperation', 'are', 'very', 'on', 'the', 'agen@@', 'da', '.', '</s>']
2025-05-03 13:21:18,095 - INFO - joeynmt.training - 	Source:     Pläne für eine stärkere kerntechnische Zusammenarbeit stehen ganz oben auf der Tagesordnung .
2025-05-03 13:21:18,095 - INFO - joeynmt.training - 	Reference:  high on the agenda are plans for greater nuclear co @-@ operation .
2025-05-03 13:21:18,095 - INFO - joeynmt.training - 	Hypothesis: Plane for a strong technical cooperation are very on the agenda .
2025-05-03 13:21:18,095 - INFO - joeynmt.training - Example #4
2025-05-03 13:21:18,095 - DEBUG - joeynmt.training - 	Tokenized source:     ['Berich@@', 'ten', 'zu@@', 'fol@@', 'ge', 'ho@@', 'fft', 'Indi@@', 'en', 'darüber', 'hinaus', 'auf', 'einen', 'Ver@@', 'trag', 'zur', 'Ver@@', 'tei@@', 'dig@@', 'ungs@@', 'zusammen@@', 'arbeit', 'zwischen', 'den', 'beiden', 'N@@', 'ationen', '.']
2025-05-03 13:21:18,096 - DEBUG - joeynmt.training - 	Tokenized reference:  ['Indi@@', 'a', 'is', 'also', 're@@', 'porte@@', 'dly', 'hop@@', 'ing', 'for', 'a', 'de@@', 'al', 'on', 'def@@', 'ence', 'c@@', 'oll@@', 'ab@@', 'or@@', 'ation', 'between', 'the', 'two', 'n@@', 'ations', '.']
2025-05-03 13:21:18,096 - DEBUG - joeynmt.training - 	Tokenized hypothesis: ['in', 'ad@@', 'dition', ',', 'Indi@@', 'a', 'is', 'also', 'hop@@', 'ing', 'to', 'a', 'con@@', 'tra@@', 'ct', 'on', 'the', 'def@@', 'ence', 'cooperation', 'between', 'the', 'two', 'n@@', 'ations', '.', '</s>']
2025-05-03 13:21:18,096 - INFO - joeynmt.training - 	Source:     Berichten zufolge hofft Indien darüber hinaus auf einen Vertrag zur Verteidigungszusammenarbeit zwischen den beiden Nationen .
2025-05-03 13:21:18,096 - INFO - joeynmt.training - 	Reference:  India is also reportedly hoping for a deal on defence collaboration between the two nations .
2025-05-03 13:21:18,096 - INFO - joeynmt.training - 	Hypothesis: in addition , India is also hoping to a contract on the defence cooperation between the two nations .
2025-05-03 13:21:23,472 - INFO - joeynmt.training - Epoch   9, Step:    34600, Batch Loss:     1.581183, Batch Acc: 0.531621, Tokens per Sec:    16570, Lr: 0.000300
2025-05-03 13:21:28,787 - INFO - joeynmt.training - Epoch   9, Step:    34700, Batch Loss:     1.606158, Batch Acc: 0.528359, Tokens per Sec:    17156, Lr: 0.000300
2025-05-03 13:21:34,225 - INFO - joeynmt.training - Epoch   9, Step:    34800, Batch Loss:     1.701494, Batch Acc: 0.523225, Tokens per Sec:    17057, Lr: 0.000300
2025-05-03 13:21:39,512 - INFO - joeynmt.training - Epoch   9, Step:    34900, Batch Loss:     2.001697, Batch Acc: 0.522390, Tokens per Sec:    17479, Lr: 0.000300
2025-05-03 13:21:44,951 - INFO - joeynmt.training - Epoch   9, Step:    35000, Batch Loss:     1.722607, Batch Acc: 0.525617, Tokens per Sec:    16981, Lr: 0.000300
2025-05-03 13:21:44,952 - INFO - joeynmt.prediction - Predicting 500 example(s)... (Greedy decoding with min_output_length=1, max_output_length=-1, return_prob='none', generate_unk=True, repetition_penalty=-1, no_repeat_ngram_size=-1)
2025-05-03 13:21:50,492 - INFO - joeynmt.prediction - Evaluation result (greedy) loss:   2.14, ppl:   8.47, acc:   0.45, generation: 5.5325[sec], evaluation: 0.0000[sec]
2025-05-03 13:21:50,493 - INFO - joeynmt.training - Hooray! New best validation result [ppl]!
2025-05-03 13:21:50,579 - INFO - joeynmt.helpers - delete models/deen_transformer_post/34500.ckpt
2025-05-03 13:21:50,587 - INFO - joeynmt.training - Example #0
2025-05-03 13:21:50,587 - DEBUG - joeynmt.training - 	Tokenized source:     ['die', 'Pre@@', 'mi@@', 'er@@', 'minist@@', 'er', 'Indi@@', 'ens', 'und', 'J@@', 'ap@@', 'ans', 'tra@@', 'fen', 'sich', 'in', 'T@@', 'ok@@', 'i@@', 'o', '.']
2025-05-03 13:21:50,587 - DEBUG - joeynmt.training - 	Tokenized reference:  ['Indi@@', 'a', 'and', 'J@@', 'ap@@', 'an', 'pri@@', 'me', 'minist@@', 'ers', 'me@@', 'et', 'in', 'T@@', 'ok@@', 'y@@', 'o']
2025-05-03 13:21:50,587 - DEBUG - joeynmt.training - 	Tokenized hypothesis: ['the', 'Pri@@', 'me', 'Minist@@', 'er', 'of', 'Indi@@', 'a', 'and', 'J@@', 'ap@@', 'an', '&apos;s', 'pri@@', 'me', 'minist@@', 'er', 'in', 'T@@', 'ok@@', 'i@@', 'o', '.', '</s>']
2025-05-03 13:21:50,587 - INFO - joeynmt.training - 	Source:     die Premierminister Indiens und Japans trafen sich in Tokio .
2025-05-03 13:21:50,587 - INFO - joeynmt.training - 	Reference:  India and Japan prime ministers meet in Tokyo
2025-05-03 13:21:50,587 - INFO - joeynmt.training - 	Hypothesis: the Prime Minister of India and Japan &apos;s prime minister in Tokio .
2025-05-03 13:21:50,587 - INFO - joeynmt.training - Example #1
2025-05-03 13:21:50,588 - DEBUG - joeynmt.training - 	Tokenized source:     ['Indi@@', 'ens', 'neu@@', 'er', 'Pre@@', 'mi@@', 'er@@', 'minist@@', 'er', 'N@@', 'ar@@', 'end@@', 'ra', 'Mo@@', 'd@@', 'i', 'tri@@', 'fft', 'bei', 's@@', 'einem', 'ersten', 'wichti@@', 'gen', 'Aus@@', 'land@@', 's@@', 'bes@@', 'u@@', 'ch', 'seit', 's@@', 'einem', 'W@@', 'ah@@', 'l@@', 'si@@', 'e@@', 'g', 'im', 'Ma@@', 'i', 'seinen', 'j@@', 'ap@@', 'an@@', 'ischen', 'Am@@', 'ts@@', 'k@@', 'olle@@', 'gen', 'S@@', 'hin@@', 'z@@', 'o', 'A@@', 'be', 'in', 'T@@', 'ok@@', 'o', ',', 'um', 'wirtschaf@@', 'tliche', 'und', 'sicher@@', 'heits@@', 'politische', 'Be@@', 'zieh@@', 'ungen', 'zu', 'bes@@', 'pre@@', 'chen', '.']
2025-05-03 13:21:50,588 - DEBUG - joeynmt.training - 	Tokenized reference:  ['Indi@@', 'a', '&apos;s', 'new', 'pri@@', 'me', 'minist@@', 'er', ',', 'N@@', 'ar@@', 'end@@', 'ra', 'Mo@@', 'd@@', 'i', ',', 'is', 'me@@', 'eting', 'his', 'J@@', 'ap@@', 'an@@', 'ese', 'coun@@', 'ter@@', 'part', ',', 'S@@', 'hin@@', 'z@@', 'o', 'A@@', 'be', ',', 'in', 'T@@', 'ok@@', 'y@@', 'o', 'to', 'disc@@', 'uss', 'economic', 'and', 'security', 'ties', ',', 'on', 'his', 'first', 'major', 'fore@@', 'ign', 'visi@@', 't', 'since', 'w@@', 'inn@@', 'ing', 'Ma@@', 'y', '&apos;s', 'elec@@', 'tion', '.']
2025-05-03 13:21:50,588 - DEBUG - joeynmt.training - 	Tokenized hypothesis: ['Indi@@', 'a', '&apos;s', 'ne@@', 'arly', 'mi@@', 'sta@@', 'ke', 'in', 'the', 'first', 'place', ',', 'in', 'his', 'first', 'place', ',', 'in', 'his', 'first', 'place', ',', 'in', 'his', 'first', 'place', ',', 'since', 'his', 'first', 'important', 'fore@@', 'se@@', 'en', 'in', 'Ma@@', 'y', 'his', 'J@@', 'ap@@', 'an@@', 'ese', 'Am@@', 'ster@@', 'c@@', 'an@@', 'ic', 'colle@@', 'ag@@', 'u@@', 'es', 'S@@', 'hin@@', 'z@@', 'o', 'A@@', 'be', 'in', 'T@@', 'ok@@', 'o', ',', 'to', 'the', 'first', 'time', ',', 'in', 'order', 'to', 're@@', 'present', 'its', 'm@@', 'em@@', 'ber@@', 'ship', 'of', 'his', 'first', 'time', '.', '</s>']
2025-05-03 13:21:50,588 - INFO - joeynmt.training - 	Source:     Indiens neuer Premierminister Narendra Modi trifft bei seinem ersten wichtigen Auslandsbesuch seit seinem Wahlsieg im Mai seinen japanischen Amtskollegen Shinzo Abe in Toko , um wirtschaftliche und sicherheitspolitische Beziehungen zu besprechen .
2025-05-03 13:21:50,588 - INFO - joeynmt.training - 	Reference:  India &apos;s new prime minister , Narendra Modi , is meeting his Japanese counterpart , Shinzo Abe , in Tokyo to discuss economic and security ties , on his first major foreign visit since winning May &apos;s election .
2025-05-03 13:21:50,588 - INFO - joeynmt.training - 	Hypothesis: India &apos;s nearly mistake in the first place , in his first place , in his first place , in his first place , since his first important foreseen in May his Japanese Amstercanic colleagues Shinzo Abe in Toko , to the first time , in order to represent its membership of his first time .
2025-05-03 13:21:50,588 - INFO - joeynmt.training - Example #2
2025-05-03 13:21:50,588 - DEBUG - joeynmt.training - 	Tokenized source:     ['Herr', 'Mo@@', 'd@@', 'i', 'befindet', 'sich', 'auf', 'einer', 'fü@@', 'n@@', 'f@@', 'tä@@', 'gi@@', 'gen', 'Rei@@', 'se', 'nach', 'J@@', 'ap@@', 'an', ',', 'um', 'die', 'wirtschaf@@', 'tlichen', 'Be@@', 'zieh@@', 'ungen', 'mit', 'der', 'd@@', 'rit@@', 't@@', 'größ@@', 'ten', 'Wirtschafts@@', 'n@@', 'ation', 'der', 'Welt', 'zu', 'fes@@', 'tigen', '.']
2025-05-03 13:21:50,588 - DEBUG - joeynmt.training - 	Tokenized reference:  ['Mr', 'Mo@@', 'd@@', 'i', 'is', 'on', 'a', 'fi@@', 've', '@@@', '-@@', '@', 'day', 'tri@@', 'p', 'to', 'J@@', 'ap@@', 'an', 'to', 'streng@@', 'then', 'economic', 'ties', 'with', 'the', 'third', 'lar@@', 'ges@@', 't', 'econom@@', 'y', 'in', 'the', 'world', '.']
2025-05-03 13:21:50,588 - DEBUG - joeynmt.training - 	Tokenized hypothesis: ['Mr', 'Mo@@', 'd@@', 'i', 'is', 'located', 'on', 'a', 'f@@', 'it@@', 'ting', 'of', 'a', 'f@@', 'it@@', 'ting', 'of', 'the', 'world', 'to', 'j@@', 'ap@@', 'an', 'to', 'J@@', 'ap@@', 'an', 'to', 'the', 'economic', 'rel@@', 'ations', 'with', 'the', 'third', 'lar@@', 'ges@@', 't', 'economic', 'rel@@', 'ations', 'with', 'the', 'third', 'lar@@', 'ges@@', 't', 'economic', 'rel@@', 'ations', 'with', 'the', 'third', 'par@@', 'ties', 'of', 'the', 'world', '.', '</s>']
2025-05-03 13:21:50,589 - INFO - joeynmt.training - 	Source:     Herr Modi befindet sich auf einer fünftägigen Reise nach Japan , um die wirtschaftlichen Beziehungen mit der drittgrößten Wirtschaftsnation der Welt zu festigen .
2025-05-03 13:21:50,589 - INFO - joeynmt.training - 	Reference:  Mr Modi is on a five @-@ day trip to Japan to strengthen economic ties with the third largest economy in the world .
2025-05-03 13:21:50,589 - INFO - joeynmt.training - 	Hypothesis: Mr Modi is located on a fitting of a fitting of the world to japan to Japan to the economic relations with the third largest economic relations with the third largest economic relations with the third parties of the world .
2025-05-03 13:21:50,589 - INFO - joeynmt.training - Example #3
2025-05-03 13:21:50,589 - DEBUG - joeynmt.training - 	Tokenized source:     ['P@@', 'län@@', 'e', 'für', 'eine', 'stärk@@', 'ere', 'k@@', 'ern@@', 'techn@@', 'ische', 'Zusammenarbeit', 'stehen', 'ganz', 'ob@@', 'en', 'auf', 'der', 'Tag@@', 'es@@', 'ordnung', '.']
2025-05-03 13:21:50,589 - DEBUG - joeynmt.training - 	Tokenized reference:  ['high', 'on', 'the', 'agen@@', 'da', 'are', 'pl@@', 'ans', 'for', 'gre@@', 'ater', 'nu@@', 'clear', 'c@@', 'o', '@@@', '-@@', '@', 'operation', '.']
2025-05-03 13:21:50,589 - DEBUG - joeynmt.training - 	Tokenized hypothesis: ['P@@', 'e@@', 'op@@', 'le', 'for', 'a', 'more', 'nu@@', 'clear', 'cooperation', 'are', 'on', 'the', 'agen@@', 'da', '.', '</s>']
2025-05-03 13:21:50,589 - INFO - joeynmt.training - 	Source:     Pläne für eine stärkere kerntechnische Zusammenarbeit stehen ganz oben auf der Tagesordnung .
2025-05-03 13:21:50,589 - INFO - joeynmt.training - 	Reference:  high on the agenda are plans for greater nuclear co @-@ operation .
2025-05-03 13:21:50,589 - INFO - joeynmt.training - 	Hypothesis: People for a more nuclear cooperation are on the agenda .
2025-05-03 13:21:50,589 - INFO - joeynmt.training - Example #4
2025-05-03 13:21:50,590 - DEBUG - joeynmt.training - 	Tokenized source:     ['Berich@@', 'ten', 'zu@@', 'fol@@', 'ge', 'ho@@', 'fft', 'Indi@@', 'en', 'darüber', 'hinaus', 'auf', 'einen', 'Ver@@', 'trag', 'zur', 'Ver@@', 'tei@@', 'dig@@', 'ungs@@', 'zusammen@@', 'arbeit', 'zwischen', 'den', 'beiden', 'N@@', 'ationen', '.']
2025-05-03 13:21:50,590 - DEBUG - joeynmt.training - 	Tokenized reference:  ['Indi@@', 'a', 'is', 'also', 're@@', 'porte@@', 'dly', 'hop@@', 'ing', 'for', 'a', 'de@@', 'al', 'on', 'def@@', 'ence', 'c@@', 'oll@@', 'ab@@', 'or@@', 'ation', 'between', 'the', 'two', 'n@@', 'ations', '.']
2025-05-03 13:21:50,590 - DEBUG - joeynmt.training - 	Tokenized hypothesis: ['in', 'ad@@', 'dition', ',', 'Indi@@', 'a', 'is', 'also', 'hop@@', 'e@@', 'fully', 'to', 'be', 'a', 'con@@', 'text', 'on', 'the', 'con@@', 'text', 'of', 'the', 'con@@', 'text', 'on', 'the', 'def@@', 'ence', 'cooperation', 'between', 'the', 'two', 'n@@', 'ations', '.', '</s>']
2025-05-03 13:21:50,590 - INFO - joeynmt.training - 	Source:     Berichten zufolge hofft Indien darüber hinaus auf einen Vertrag zur Verteidigungszusammenarbeit zwischen den beiden Nationen .
2025-05-03 13:21:50,590 - INFO - joeynmt.training - 	Reference:  India is also reportedly hoping for a deal on defence collaboration between the two nations .
2025-05-03 13:21:50,590 - INFO - joeynmt.training - 	Hypothesis: in addition , India is also hopefully to be a context on the context of the context on the defence cooperation between the two nations .
2025-05-03 13:21:56,177 - INFO - joeynmt.training - Epoch   9, Step:    35100, Batch Loss:     1.781396, Batch Acc: 0.523693, Tokens per Sec:    16065, Lr: 0.000300
2025-05-03 13:22:01,479 - INFO - joeynmt.training - Epoch   9, Step:    35200, Batch Loss:     1.722019, Batch Acc: 0.531386, Tokens per Sec:    17165, Lr: 0.000300
2025-05-03 13:22:06,838 - INFO - joeynmt.training - Epoch   9, Step:    35300, Batch Loss:     1.769776, Batch Acc: 0.520073, Tokens per Sec:    16966, Lr: 0.000300
2025-05-03 13:22:12,118 - INFO - joeynmt.training - Epoch   9, Step:    35400, Batch Loss:     1.727223, Batch Acc: 0.529113, Tokens per Sec:    17429, Lr: 0.000300
2025-05-03 13:22:17,478 - INFO - joeynmt.training - Epoch   9, Step:    35500, Batch Loss:     1.898422, Batch Acc: 0.528029, Tokens per Sec:    17080, Lr: 0.000300
2025-05-03 13:22:17,479 - INFO - joeynmt.prediction - Predicting 500 example(s)... (Greedy decoding with min_output_length=1, max_output_length=-1, return_prob='none', generate_unk=True, repetition_penalty=-1, no_repeat_ngram_size=-1)
2025-05-03 13:22:22,468 - INFO - joeynmt.prediction - Evaluation result (greedy) loss:   2.13, ppl:   8.40, acc:   0.45, generation: 4.9833[sec], evaluation: 0.0000[sec]
2025-05-03 13:22:22,468 - INFO - joeynmt.training - Hooray! New best validation result [ppl]!
2025-05-03 13:22:22,552 - INFO - joeynmt.helpers - delete models/deen_transformer_post/33000.ckpt
2025-05-03 13:22:22,558 - INFO - joeynmt.training - Example #0
2025-05-03 13:22:22,558 - DEBUG - joeynmt.training - 	Tokenized source:     ['die', 'Pre@@', 'mi@@', 'er@@', 'minist@@', 'er', 'Indi@@', 'ens', 'und', 'J@@', 'ap@@', 'ans', 'tra@@', 'fen', 'sich', 'in', 'T@@', 'ok@@', 'i@@', 'o', '.']
2025-05-03 13:22:22,558 - DEBUG - joeynmt.training - 	Tokenized reference:  ['Indi@@', 'a', 'and', 'J@@', 'ap@@', 'an', 'pri@@', 'me', 'minist@@', 'ers', 'me@@', 'et', 'in', 'T@@', 'ok@@', 'y@@', 'o']
2025-05-03 13:22:22,558 - DEBUG - joeynmt.training - 	Tokenized hypothesis: ['the', 'Pri@@', 'me', 'Minist@@', 'er', 'of', 'Indi@@', 'a', 'and', 'J@@', 'ap@@', 'an', ',', 'J@@', 'ap@@', 'an', ',', 'and', 'J@@', 'ap@@', 'an', ',', 'and', 'J@@', 'ap@@', 'an', ',', 'and', 'S@@', 'c@@', 'ot@@', 's', '.', '</s>']
2025-05-03 13:22:22,558 - INFO - joeynmt.training - 	Source:     die Premierminister Indiens und Japans trafen sich in Tokio .
2025-05-03 13:22:22,558 - INFO - joeynmt.training - 	Reference:  India and Japan prime ministers meet in Tokyo
2025-05-03 13:22:22,558 - INFO - joeynmt.training - 	Hypothesis: the Prime Minister of India and Japan , Japan , and Japan , and Japan , and Scots .
2025-05-03 13:22:22,558 - INFO - joeynmt.training - Example #1
2025-05-03 13:22:22,559 - DEBUG - joeynmt.training - 	Tokenized source:     ['Indi@@', 'ens', 'neu@@', 'er', 'Pre@@', 'mi@@', 'er@@', 'minist@@', 'er', 'N@@', 'ar@@', 'end@@', 'ra', 'Mo@@', 'd@@', 'i', 'tri@@', 'fft', 'bei', 's@@', 'einem', 'ersten', 'wichti@@', 'gen', 'Aus@@', 'land@@', 's@@', 'bes@@', 'u@@', 'ch', 'seit', 's@@', 'einem', 'W@@', 'ah@@', 'l@@', 'si@@', 'e@@', 'g', 'im', 'Ma@@', 'i', 'seinen', 'j@@', 'ap@@', 'an@@', 'ischen', 'Am@@', 'ts@@', 'k@@', 'olle@@', 'gen', 'S@@', 'hin@@', 'z@@', 'o', 'A@@', 'be', 'in', 'T@@', 'ok@@', 'o', ',', 'um', 'wirtschaf@@', 'tliche', 'und', 'sicher@@', 'heits@@', 'politische', 'Be@@', 'zieh@@', 'ungen', 'zu', 'bes@@', 'pre@@', 'chen', '.']
2025-05-03 13:22:22,559 - DEBUG - joeynmt.training - 	Tokenized reference:  ['Indi@@', 'a', '&apos;s', 'new', 'pri@@', 'me', 'minist@@', 'er', ',', 'N@@', 'ar@@', 'end@@', 'ra', 'Mo@@', 'd@@', 'i', ',', 'is', 'me@@', 'eting', 'his', 'J@@', 'ap@@', 'an@@', 'ese', 'coun@@', 'ter@@', 'part', ',', 'S@@', 'hin@@', 'z@@', 'o', 'A@@', 'be', ',', 'in', 'T@@', 'ok@@', 'y@@', 'o', 'to', 'disc@@', 'uss', 'economic', 'and', 'security', 'ties', ',', 'on', 'his', 'first', 'major', 'fore@@', 'ign', 'visi@@', 't', 'since', 'w@@', 'inn@@', 'ing', 'Ma@@', 'y', '&apos;s', 'elec@@', 'tion', '.']
2025-05-03 13:22:22,559 - DEBUG - joeynmt.training - 	Tokenized hypothesis: ['in', 'the', 'first', 'of', 'Indi@@', 'a', ',', 'the', 'first', 'of', 'its', 'own', 'own', ',', 'the', 'first', 'important', 'fore@@', 'ign', 'fore@@', 'ign', 'fore@@', 'ign', 'fore@@', 'ign', 'fore@@', 'ign', 'fore@@', 'ign', 'fore@@', 'ign', 'lea@@', 'ders', 'of', 'the', 'German', 'German', 'colle@@', 'c@@', 'tive', 'colle@@', 'c@@', 'tive', 'S@@', 'hin@@', 'z@@', 'o', 'A@@', 'be', ',', 'in', 'T@@', 'ok@@', 'o', ',', 'in', 'T@@', 'ok@@', 'o', ',', 'in', 'T@@', 'ok@@', 'o', ',', 'in', 'T@@', 'ok@@', 'o', ',', 'in', 'the', 'first', 'place', ',', 'with', 'its', 'first', 'and', 'security', '.', '</s>']
2025-05-03 13:22:22,559 - INFO - joeynmt.training - 	Source:     Indiens neuer Premierminister Narendra Modi trifft bei seinem ersten wichtigen Auslandsbesuch seit seinem Wahlsieg im Mai seinen japanischen Amtskollegen Shinzo Abe in Toko , um wirtschaftliche und sicherheitspolitische Beziehungen zu besprechen .
2025-05-03 13:22:22,559 - INFO - joeynmt.training - 	Reference:  India &apos;s new prime minister , Narendra Modi , is meeting his Japanese counterpart , Shinzo Abe , in Tokyo to discuss economic and security ties , on his first major foreign visit since winning May &apos;s election .
2025-05-03 13:22:22,559 - INFO - joeynmt.training - 	Hypothesis: in the first of India , the first of its own own , the first important foreign foreign foreign foreign foreign foreign foreign leaders of the German German collective collective Shinzo Abe , in Toko , in Toko , in Toko , in Toko , in the first place , with its first and security .
2025-05-03 13:22:22,559 - INFO - joeynmt.training - Example #2
2025-05-03 13:22:22,559 - DEBUG - joeynmt.training - 	Tokenized source:     ['Herr', 'Mo@@', 'd@@', 'i', 'befindet', 'sich', 'auf', 'einer', 'fü@@', 'n@@', 'f@@', 'tä@@', 'gi@@', 'gen', 'Rei@@', 'se', 'nach', 'J@@', 'ap@@', 'an', ',', 'um', 'die', 'wirtschaf@@', 'tlichen', 'Be@@', 'zieh@@', 'ungen', 'mit', 'der', 'd@@', 'rit@@', 't@@', 'größ@@', 'ten', 'Wirtschafts@@', 'n@@', 'ation', 'der', 'Welt', 'zu', 'fes@@', 'tigen', '.']
2025-05-03 13:22:22,559 - DEBUG - joeynmt.training - 	Tokenized reference:  ['Mr', 'Mo@@', 'd@@', 'i', 'is', 'on', 'a', 'fi@@', 've', '@@@', '-@@', '@', 'day', 'tri@@', 'p', 'to', 'J@@', 'ap@@', 'an', 'to', 'streng@@', 'then', 'economic', 'ties', 'with', 'the', 'third', 'lar@@', 'ges@@', 't', 'econom@@', 'y', 'in', 'the', 'world', '.']
2025-05-03 13:22:22,559 - DEBUG - joeynmt.training - 	Tokenized hypothesis: ['Mr', 'Mo@@', 'd@@', 'i', 'is', 'a', 'fi@@', 'f@@', 'th', 'tra@@', 'ding', 'to', 'J@@', 'ap@@', 'an', 'to', 'J@@', 'ap@@', 'an', 'to', 'J@@', 'ap@@', 'an', 'to', 'J@@', 'ap@@', 'an', 'to', 'S@@', 'c@@', 'ot@@', 's', 'with', 'the', 'third', 'economic', 'rel@@', 'ations', 'with', 'the', 'third', 'economic', 'rel@@', 'ations', '.', '</s>']
2025-05-03 13:22:22,559 - INFO - joeynmt.training - 	Source:     Herr Modi befindet sich auf einer fünftägigen Reise nach Japan , um die wirtschaftlichen Beziehungen mit der drittgrößten Wirtschaftsnation der Welt zu festigen .
2025-05-03 13:22:22,559 - INFO - joeynmt.training - 	Reference:  Mr Modi is on a five @-@ day trip to Japan to strengthen economic ties with the third largest economy in the world .
2025-05-03 13:22:22,560 - INFO - joeynmt.training - 	Hypothesis: Mr Modi is a fifth trading to Japan to Japan to Japan to Japan to Scots with the third economic relations with the third economic relations .
2025-05-03 13:22:22,560 - INFO - joeynmt.training - Example #3
2025-05-03 13:22:22,560 - DEBUG - joeynmt.training - 	Tokenized source:     ['P@@', 'län@@', 'e', 'für', 'eine', 'stärk@@', 'ere', 'k@@', 'ern@@', 'techn@@', 'ische', 'Zusammenarbeit', 'stehen', 'ganz', 'ob@@', 'en', 'auf', 'der', 'Tag@@', 'es@@', 'ordnung', '.']
2025-05-03 13:22:22,560 - DEBUG - joeynmt.training - 	Tokenized reference:  ['high', 'on', 'the', 'agen@@', 'da', 'are', 'pl@@', 'ans', 'for', 'gre@@', 'ater', 'nu@@', 'clear', 'c@@', 'o', '@@@', '-@@', '@', 'operation', '.']
2025-05-03 13:22:22,560 - DEBUG - joeynmt.training - 	Tokenized hypothesis: ['pl@@', 'ans', 'for', 'a', 'str@@', 'ong', 'techn@@', 'ical', 'cooperation', 'are', 'on', 'the', 'agen@@', 'da', '.', '</s>']
2025-05-03 13:22:22,560 - INFO - joeynmt.training - 	Source:     Pläne für eine stärkere kerntechnische Zusammenarbeit stehen ganz oben auf der Tagesordnung .
2025-05-03 13:22:22,560 - INFO - joeynmt.training - 	Reference:  high on the agenda are plans for greater nuclear co @-@ operation .
2025-05-03 13:22:22,561 - INFO - joeynmt.training - 	Hypothesis: plans for a strong technical cooperation are on the agenda .
2025-05-03 13:22:22,561 - INFO - joeynmt.training - Example #4
2025-05-03 13:22:22,561 - DEBUG - joeynmt.training - 	Tokenized source:     ['Berich@@', 'ten', 'zu@@', 'fol@@', 'ge', 'ho@@', 'fft', 'Indi@@', 'en', 'darüber', 'hinaus', 'auf', 'einen', 'Ver@@', 'trag', 'zur', 'Ver@@', 'tei@@', 'dig@@', 'ungs@@', 'zusammen@@', 'arbeit', 'zwischen', 'den', 'beiden', 'N@@', 'ationen', '.']
2025-05-03 13:22:22,561 - DEBUG - joeynmt.training - 	Tokenized reference:  ['Indi@@', 'a', 'is', 'also', 're@@', 'porte@@', 'dly', 'hop@@', 'ing', 'for', 'a', 'de@@', 'al', 'on', 'def@@', 'ence', 'c@@', 'oll@@', 'ab@@', 'or@@', 'ation', 'between', 'the', 'two', 'n@@', 'ations', '.']
2025-05-03 13:22:22,561 - DEBUG - joeynmt.training - 	Tokenized hypothesis: ['in', 'ad@@', 'dition', ',', 'Indi@@', 'a', 'is', 'also', 'hop@@', 'ed', 'to', 'be', 'a', 'con@@', 'f@@', 'lic@@', 't', 'between', 'the', 'two', 'n@@', 'ations', '.', '</s>']
2025-05-03 13:22:22,561 - INFO - joeynmt.training - 	Source:     Berichten zufolge hofft Indien darüber hinaus auf einen Vertrag zur Verteidigungszusammenarbeit zwischen den beiden Nationen .
2025-05-03 13:22:22,561 - INFO - joeynmt.training - 	Reference:  India is also reportedly hoping for a deal on defence collaboration between the two nations .
2025-05-03 13:22:22,561 - INFO - joeynmt.training - 	Hypothesis: in addition , India is also hoped to be a conflict between the two nations .
2025-05-03 13:22:27,869 - INFO - joeynmt.training - Epoch   9, Step:    35600, Batch Loss:     1.698926, Batch Acc: 0.534732, Tokens per Sec:    17218, Lr: 0.000300
2025-05-03 13:22:33,188 - INFO - joeynmt.training - Epoch   9, Step:    35700, Batch Loss:     1.622068, Batch Acc: 0.528077, Tokens per Sec:    17436, Lr: 0.000300
2025-05-03 13:22:38,542 - INFO - joeynmt.training - Epoch   9, Step:    35800, Batch Loss:     1.940961, Batch Acc: 0.523405, Tokens per Sec:    16925, Lr: 0.000300
2025-05-03 13:22:43,902 - INFO - joeynmt.training - Epoch   9, Step:    35900, Batch Loss:     1.725081, Batch Acc: 0.520110, Tokens per Sec:    16959, Lr: 0.000300
2025-05-03 13:22:49,133 - INFO - joeynmt.training - Epoch   9, Step:    36000, Batch Loss:     1.980222, Batch Acc: 0.524385, Tokens per Sec:    17349, Lr: 0.000300
2025-05-03 13:22:49,134 - INFO - joeynmt.prediction - Predicting 500 example(s)... (Greedy decoding with min_output_length=1, max_output_length=-1, return_prob='none', generate_unk=True, repetition_penalty=-1, no_repeat_ngram_size=-1)
2025-05-03 13:22:54,832 - INFO - joeynmt.prediction - Evaluation result (greedy) loss:   2.12, ppl:   8.33, acc:   0.45, generation: 5.6905[sec], evaluation: 0.0000[sec]
2025-05-03 13:22:54,832 - INFO - joeynmt.training - Hooray! New best validation result [ppl]!
2025-05-03 13:22:54,916 - INFO - joeynmt.helpers - delete models/deen_transformer_post/33500.ckpt
2025-05-03 13:22:54,922 - INFO - joeynmt.training - Example #0
2025-05-03 13:22:54,922 - DEBUG - joeynmt.training - 	Tokenized source:     ['die', 'Pre@@', 'mi@@', 'er@@', 'minist@@', 'er', 'Indi@@', 'ens', 'und', 'J@@', 'ap@@', 'ans', 'tra@@', 'fen', 'sich', 'in', 'T@@', 'ok@@', 'i@@', 'o', '.']
2025-05-03 13:22:54,922 - DEBUG - joeynmt.training - 	Tokenized reference:  ['Indi@@', 'a', 'and', 'J@@', 'ap@@', 'an', 'pri@@', 'me', 'minist@@', 'ers', 'me@@', 'et', 'in', 'T@@', 'ok@@', 'y@@', 'o']
2025-05-03 13:22:54,922 - DEBUG - joeynmt.training - 	Tokenized hypothesis: ['the', 'Pri@@', 'me', 'Minist@@', 'er', 'of', 'Indi@@', 'a', 'and', 'J@@', 'ap@@', 'an', ',', 'the', 'pri@@', 'me', 'minist@@', 'er', ',', 'in', 'T@@', 'ok@@', 'y@@', 'o', '.', '</s>']
2025-05-03 13:22:54,922 - INFO - joeynmt.training - 	Source:     die Premierminister Indiens und Japans trafen sich in Tokio .
2025-05-03 13:22:54,922 - INFO - joeynmt.training - 	Reference:  India and Japan prime ministers meet in Tokyo
2025-05-03 13:22:54,922 - INFO - joeynmt.training - 	Hypothesis: the Prime Minister of India and Japan , the prime minister , in Tokyo .
2025-05-03 13:22:54,922 - INFO - joeynmt.training - Example #1
2025-05-03 13:22:54,923 - DEBUG - joeynmt.training - 	Tokenized source:     ['Indi@@', 'ens', 'neu@@', 'er', 'Pre@@', 'mi@@', 'er@@', 'minist@@', 'er', 'N@@', 'ar@@', 'end@@', 'ra', 'Mo@@', 'd@@', 'i', 'tri@@', 'fft', 'bei', 's@@', 'einem', 'ersten', 'wichti@@', 'gen', 'Aus@@', 'land@@', 's@@', 'bes@@', 'u@@', 'ch', 'seit', 's@@', 'einem', 'W@@', 'ah@@', 'l@@', 'si@@', 'e@@', 'g', 'im', 'Ma@@', 'i', 'seinen', 'j@@', 'ap@@', 'an@@', 'ischen', 'Am@@', 'ts@@', 'k@@', 'olle@@', 'gen', 'S@@', 'hin@@', 'z@@', 'o', 'A@@', 'be', 'in', 'T@@', 'ok@@', 'o', ',', 'um', 'wirtschaf@@', 'tliche', 'und', 'sicher@@', 'heits@@', 'politische', 'Be@@', 'zieh@@', 'ungen', 'zu', 'bes@@', 'pre@@', 'chen', '.']
2025-05-03 13:22:54,923 - DEBUG - joeynmt.training - 	Tokenized reference:  ['Indi@@', 'a', '&apos;s', 'new', 'pri@@', 'me', 'minist@@', 'er', ',', 'N@@', 'ar@@', 'end@@', 'ra', 'Mo@@', 'd@@', 'i', ',', 'is', 'me@@', 'eting', 'his', 'J@@', 'ap@@', 'an@@', 'ese', 'coun@@', 'ter@@', 'part', ',', 'S@@', 'hin@@', 'z@@', 'o', 'A@@', 'be', ',', 'in', 'T@@', 'ok@@', 'y@@', 'o', 'to', 'disc@@', 'uss', 'economic', 'and', 'security', 'ties', ',', 'on', 'his', 'first', 'major', 'fore@@', 'ign', 'visi@@', 't', 'since', 'w@@', 'inn@@', 'ing', 'Ma@@', 'y', '&apos;s', 'elec@@', 'tion', '.']
2025-05-03 13:22:54,923 - DEBUG - joeynmt.training - 	Tokenized hypothesis: ['Indi@@', 'a', '&apos;s', 'new', 'Pri@@', 'me', 'Minist@@', 'er', 'N@@', 'ar@@', 'end@@', 'ra', 'Mo@@', 'd@@', 'i', ',', 'in', 'his', 'first', 'important', 'fore@@', 'ign', 'fore@@', 'ign', 'visi@@', 'tors', ',', 'since', 'his', 'elec@@', 't@@', 'or@@', 'al', 'and', 'his', 'elec@@', 't@@', 'or@@', 'al', 'and', 'saf@@', 'ety', 'policy', 'rel@@', 'ations', '.', '</s>']
2025-05-03 13:22:54,923 - INFO - joeynmt.training - 	Source:     Indiens neuer Premierminister Narendra Modi trifft bei seinem ersten wichtigen Auslandsbesuch seit seinem Wahlsieg im Mai seinen japanischen Amtskollegen Shinzo Abe in Toko , um wirtschaftliche und sicherheitspolitische Beziehungen zu besprechen .
2025-05-03 13:22:54,923 - INFO - joeynmt.training - 	Reference:  India &apos;s new prime minister , Narendra Modi , is meeting his Japanese counterpart , Shinzo Abe , in Tokyo to discuss economic and security ties , on his first major foreign visit since winning May &apos;s election .
2025-05-03 13:22:54,923 - INFO - joeynmt.training - 	Hypothesis: India &apos;s new Prime Minister Narendra Modi , in his first important foreign foreign visitors , since his electoral and his electoral and safety policy relations .
2025-05-03 13:22:54,923 - INFO - joeynmt.training - Example #2
2025-05-03 13:22:54,923 - DEBUG - joeynmt.training - 	Tokenized source:     ['Herr', 'Mo@@', 'd@@', 'i', 'befindet', 'sich', 'auf', 'einer', 'fü@@', 'n@@', 'f@@', 'tä@@', 'gi@@', 'gen', 'Rei@@', 'se', 'nach', 'J@@', 'ap@@', 'an', ',', 'um', 'die', 'wirtschaf@@', 'tlichen', 'Be@@', 'zieh@@', 'ungen', 'mit', 'der', 'd@@', 'rit@@', 't@@', 'größ@@', 'ten', 'Wirtschafts@@', 'n@@', 'ation', 'der', 'Welt', 'zu', 'fes@@', 'tigen', '.']
2025-05-03 13:22:54,924 - DEBUG - joeynmt.training - 	Tokenized reference:  ['Mr', 'Mo@@', 'd@@', 'i', 'is', 'on', 'a', 'fi@@', 've', '@@@', '-@@', '@', 'day', 'tri@@', 'p', 'to', 'J@@', 'ap@@', 'an', 'to', 'streng@@', 'then', 'economic', 'ties', 'with', 'the', 'third', 'lar@@', 'ges@@', 't', 'econom@@', 'y', 'in', 'the', 'world', '.']
2025-05-03 13:22:54,924 - DEBUG - joeynmt.training - 	Tokenized hypothesis: ['Mr', 'Mo@@', 'd@@', 'i', 'is', 'a', 'fi@@', 'f@@', 'te@@', 'en', 'to', 'J@@', 'ap@@', 'an', 'to', 'J@@', 'ap@@', 'an', 'to', 'make', 'the', 'economic', 'rel@@', 'ations', 'with', 'the', 'third', 'lar@@', 'ges@@', 't', 'economic', 'rel@@', 'ations', 'with', 'the', 'third', 'lar@@', 'ges@@', 't', 'economic', 'rel@@', 'ations', '.', '</s>']
2025-05-03 13:22:54,924 - INFO - joeynmt.training - 	Source:     Herr Modi befindet sich auf einer fünftägigen Reise nach Japan , um die wirtschaftlichen Beziehungen mit der drittgrößten Wirtschaftsnation der Welt zu festigen .
2025-05-03 13:22:54,924 - INFO - joeynmt.training - 	Reference:  Mr Modi is on a five @-@ day trip to Japan to strengthen economic ties with the third largest economy in the world .
2025-05-03 13:22:54,924 - INFO - joeynmt.training - 	Hypothesis: Mr Modi is a fifteen to Japan to Japan to make the economic relations with the third largest economic relations with the third largest economic relations .
2025-05-03 13:22:54,924 - INFO - joeynmt.training - Example #3
2025-05-03 13:22:54,924 - DEBUG - joeynmt.training - 	Tokenized source:     ['P@@', 'län@@', 'e', 'für', 'eine', 'stärk@@', 'ere', 'k@@', 'ern@@', 'techn@@', 'ische', 'Zusammenarbeit', 'stehen', 'ganz', 'ob@@', 'en', 'auf', 'der', 'Tag@@', 'es@@', 'ordnung', '.']
2025-05-03 13:22:54,924 - DEBUG - joeynmt.training - 	Tokenized reference:  ['high', 'on', 'the', 'agen@@', 'da', 'are', 'pl@@', 'ans', 'for', 'gre@@', 'ater', 'nu@@', 'clear', 'c@@', 'o', '@@@', '-@@', '@', 'operation', '.']
2025-05-03 13:22:54,924 - DEBUG - joeynmt.training - 	Tokenized hypothesis: ['pl@@', 'ans', 'for', 'more', 'seri@@', 'ous', 'nu@@', 'clear', 'techn@@', 'ical', 'cooperation', 'are', 'very', 'important', 'on', 'the', 'agen@@', 'da', '.', '</s>']
2025-05-03 13:22:54,924 - INFO - joeynmt.training - 	Source:     Pläne für eine stärkere kerntechnische Zusammenarbeit stehen ganz oben auf der Tagesordnung .
2025-05-03 13:22:54,924 - INFO - joeynmt.training - 	Reference:  high on the agenda are plans for greater nuclear co @-@ operation .
2025-05-03 13:22:54,925 - INFO - joeynmt.training - 	Hypothesis: plans for more serious nuclear technical cooperation are very important on the agenda .
2025-05-03 13:22:54,925 - INFO - joeynmt.training - Example #4
2025-05-03 13:22:54,925 - DEBUG - joeynmt.training - 	Tokenized source:     ['Berich@@', 'ten', 'zu@@', 'fol@@', 'ge', 'ho@@', 'fft', 'Indi@@', 'en', 'darüber', 'hinaus', 'auf', 'einen', 'Ver@@', 'trag', 'zur', 'Ver@@', 'tei@@', 'dig@@', 'ungs@@', 'zusammen@@', 'arbeit', 'zwischen', 'den', 'beiden', 'N@@', 'ationen', '.']
2025-05-03 13:22:54,925 - DEBUG - joeynmt.training - 	Tokenized reference:  ['Indi@@', 'a', 'is', 'also', 're@@', 'porte@@', 'dly', 'hop@@', 'ing', 'for', 'a', 'de@@', 'al', 'on', 'def@@', 'ence', 'c@@', 'oll@@', 'ab@@', 'or@@', 'ation', 'between', 'the', 'two', 'n@@', 'ations', '.']
2025-05-03 13:22:54,925 - DEBUG - joeynmt.training - 	Tokenized hypothesis: ['in', 'ad@@', 'dition', ',', 'Indi@@', 'a', ',', 'the', 'two', 'N@@', 'ations', ',', 'the', 'two', 'n@@', 'ations', 'have', 'been', 'hop@@', 'ed', 'for', 'for', 'a', 'con@@', 'tra@@', 'ct', 'between', 'the', 'two', 'n@@', 'ations', '.', '</s>']
2025-05-03 13:22:54,925 - INFO - joeynmt.training - 	Source:     Berichten zufolge hofft Indien darüber hinaus auf einen Vertrag zur Verteidigungszusammenarbeit zwischen den beiden Nationen .
2025-05-03 13:22:54,925 - INFO - joeynmt.training - 	Reference:  India is also reportedly hoping for a deal on defence collaboration between the two nations .
2025-05-03 13:22:54,925 - INFO - joeynmt.training - 	Hypothesis: in addition , India , the two Nations , the two nations have been hoped for for a contract between the two nations .
2025-05-03 13:23:00,333 - INFO - joeynmt.training - Epoch   9, Step:    36100, Batch Loss:     1.673589, Batch Acc: 0.525564, Tokens per Sec:    16431, Lr: 0.000300
2025-05-03 13:23:05,626 - INFO - joeynmt.training - Epoch   9, Step:    36200, Batch Loss:     1.472265, Batch Acc: 0.527068, Tokens per Sec:    17490, Lr: 0.000300
2025-05-03 13:23:10,839 - INFO - joeynmt.training - Epoch   9, Step:    36300, Batch Loss:     1.726845, Batch Acc: 0.517315, Tokens per Sec:    17451, Lr: 0.000300
2025-05-03 13:23:16,174 - INFO - joeynmt.training - Epoch   9, Step:    36400, Batch Loss:     1.963064, Batch Acc: 0.522186, Tokens per Sec:    17150, Lr: 0.000300
2025-05-03 13:23:21,449 - INFO - joeynmt.training - Epoch   9, Step:    36500, Batch Loss:     1.584502, Batch Acc: 0.525018, Tokens per Sec:    17264, Lr: 0.000300
2025-05-03 13:23:21,449 - INFO - joeynmt.prediction - Predicting 500 example(s)... (Greedy decoding with min_output_length=1, max_output_length=-1, return_prob='none', generate_unk=True, repetition_penalty=-1, no_repeat_ngram_size=-1)
2025-05-03 13:23:26,883 - INFO - joeynmt.prediction - Evaluation result (greedy) loss:   2.11, ppl:   8.25, acc:   0.46, generation: 5.4261[sec], evaluation: 0.0000[sec]
2025-05-03 13:23:26,884 - INFO - joeynmt.training - Hooray! New best validation result [ppl]!
2025-05-03 13:23:26,965 - INFO - joeynmt.helpers - delete models/deen_transformer_post/32500.ckpt
2025-05-03 13:23:26,971 - INFO - joeynmt.training - Example #0
2025-05-03 13:23:26,972 - DEBUG - joeynmt.training - 	Tokenized source:     ['die', 'Pre@@', 'mi@@', 'er@@', 'minist@@', 'er', 'Indi@@', 'ens', 'und', 'J@@', 'ap@@', 'ans', 'tra@@', 'fen', 'sich', 'in', 'T@@', 'ok@@', 'i@@', 'o', '.']
2025-05-03 13:23:26,972 - DEBUG - joeynmt.training - 	Tokenized reference:  ['Indi@@', 'a', 'and', 'J@@', 'ap@@', 'an', 'pri@@', 'me', 'minist@@', 'ers', 'me@@', 'et', 'in', 'T@@', 'ok@@', 'y@@', 'o']
2025-05-03 13:23:26,972 - DEBUG - joeynmt.training - 	Tokenized hypothesis: ['the', 'Pri@@', 'me', 'Minist@@', 'er', 'of', 'Indi@@', 'a', 'and', 'J@@', 'ap@@', 'an', 'and', 'J@@', 'ap@@', 'an', '.', '</s>']
2025-05-03 13:23:26,972 - INFO - joeynmt.training - 	Source:     die Premierminister Indiens und Japans trafen sich in Tokio .
2025-05-03 13:23:26,972 - INFO - joeynmt.training - 	Reference:  India and Japan prime ministers meet in Tokyo
2025-05-03 13:23:26,972 - INFO - joeynmt.training - 	Hypothesis: the Prime Minister of India and Japan and Japan .
2025-05-03 13:23:26,972 - INFO - joeynmt.training - Example #1
2025-05-03 13:23:26,972 - DEBUG - joeynmt.training - 	Tokenized source:     ['Indi@@', 'ens', 'neu@@', 'er', 'Pre@@', 'mi@@', 'er@@', 'minist@@', 'er', 'N@@', 'ar@@', 'end@@', 'ra', 'Mo@@', 'd@@', 'i', 'tri@@', 'fft', 'bei', 's@@', 'einem', 'ersten', 'wichti@@', 'gen', 'Aus@@', 'land@@', 's@@', 'bes@@', 'u@@', 'ch', 'seit', 's@@', 'einem', 'W@@', 'ah@@', 'l@@', 'si@@', 'e@@', 'g', 'im', 'Ma@@', 'i', 'seinen', 'j@@', 'ap@@', 'an@@', 'ischen', 'Am@@', 'ts@@', 'k@@', 'olle@@', 'gen', 'S@@', 'hin@@', 'z@@', 'o', 'A@@', 'be', 'in', 'T@@', 'ok@@', 'o', ',', 'um', 'wirtschaf@@', 'tliche', 'und', 'sicher@@', 'heits@@', 'politische', 'Be@@', 'zieh@@', 'ungen', 'zu', 'bes@@', 'pre@@', 'chen', '.']
2025-05-03 13:23:26,972 - DEBUG - joeynmt.training - 	Tokenized reference:  ['Indi@@', 'a', '&apos;s', 'new', 'pri@@', 'me', 'minist@@', 'er', ',', 'N@@', 'ar@@', 'end@@', 'ra', 'Mo@@', 'd@@', 'i', ',', 'is', 'me@@', 'eting', 'his', 'J@@', 'ap@@', 'an@@', 'ese', 'coun@@', 'ter@@', 'part', ',', 'S@@', 'hin@@', 'z@@', 'o', 'A@@', 'be', ',', 'in', 'T@@', 'ok@@', 'y@@', 'o', 'to', 'disc@@', 'uss', 'economic', 'and', 'security', 'ties', ',', 'on', 'his', 'first', 'major', 'fore@@', 'ign', 'visi@@', 't', 'since', 'w@@', 'inn@@', 'ing', 'Ma@@', 'y', '&apos;s', 'elec@@', 'tion', '.']
2025-05-03 13:23:26,972 - DEBUG - joeynmt.training - 	Tokenized hypothesis: ['Indi@@', 'a', 'new', 'Pri@@', 'me', 'Minist@@', 'er', 'N@@', 'ar@@', 'end@@', 'ra', 'Mo@@', 'd@@', 'i', 'is', 'a', 'b@@', 'it', 'in', 'his', 'first', 'important', 'fore@@', 'ign', 'fore@@', 'ign', 'visi@@', 't', 'his', 'first', 'ex@@', 't@@', 'ent', 'to', 'his', 'first', 'first', 'time', 'in', 'Ma@@', 'y', ',', 'in', 'T@@', 'ok@@', 'o', ',', 'in', 'order', 'to', 's@@', 'po@@', 'ken', 'and', 'saf@@', 'ety', 'policy', 'rel@@', 'ations', '.', '</s>']
2025-05-03 13:23:26,973 - INFO - joeynmt.training - 	Source:     Indiens neuer Premierminister Narendra Modi trifft bei seinem ersten wichtigen Auslandsbesuch seit seinem Wahlsieg im Mai seinen japanischen Amtskollegen Shinzo Abe in Toko , um wirtschaftliche und sicherheitspolitische Beziehungen zu besprechen .
2025-05-03 13:23:26,973 - INFO - joeynmt.training - 	Reference:  India &apos;s new prime minister , Narendra Modi , is meeting his Japanese counterpart , Shinzo Abe , in Tokyo to discuss economic and security ties , on his first major foreign visit since winning May &apos;s election .
2025-05-03 13:23:26,973 - INFO - joeynmt.training - 	Hypothesis: India new Prime Minister Narendra Modi is a bit in his first important foreign foreign visit his first extent to his first first time in May , in Toko , in order to spoken and safety policy relations .
2025-05-03 13:23:26,973 - INFO - joeynmt.training - Example #2
2025-05-03 13:23:26,973 - DEBUG - joeynmt.training - 	Tokenized source:     ['Herr', 'Mo@@', 'd@@', 'i', 'befindet', 'sich', 'auf', 'einer', 'fü@@', 'n@@', 'f@@', 'tä@@', 'gi@@', 'gen', 'Rei@@', 'se', 'nach', 'J@@', 'ap@@', 'an', ',', 'um', 'die', 'wirtschaf@@', 'tlichen', 'Be@@', 'zieh@@', 'ungen', 'mit', 'der', 'd@@', 'rit@@', 't@@', 'größ@@', 'ten', 'Wirtschafts@@', 'n@@', 'ation', 'der', 'Welt', 'zu', 'fes@@', 'tigen', '.']
2025-05-03 13:23:26,973 - DEBUG - joeynmt.training - 	Tokenized reference:  ['Mr', 'Mo@@', 'd@@', 'i', 'is', 'on', 'a', 'fi@@', 've', '@@@', '-@@', '@', 'day', 'tri@@', 'p', 'to', 'J@@', 'ap@@', 'an', 'to', 'streng@@', 'then', 'economic', 'ties', 'with', 'the', 'third', 'lar@@', 'ges@@', 't', 'econom@@', 'y', 'in', 'the', 'world', '.']
2025-05-03 13:23:26,973 - DEBUG - joeynmt.training - 	Tokenized hypothesis: ['Mr', 'Mo@@', 'd@@', 'i', 'is', 'a', 'fi@@', 'f@@', 'te@@', 'en', 'j@@', 'ap@@', 'an', 'to', 'J@@', 'ap@@', 'an', 'to', 'J@@', 'ap@@', 'an', 'to', 'J@@', 'ap@@', 'an', 'to', 'S@@', 'wi@@', 'tz@@', 'er@@', 'land', '&apos;s', 'economic', 'rel@@', 'ations', '.', '</s>']
2025-05-03 13:23:26,973 - INFO - joeynmt.training - 	Source:     Herr Modi befindet sich auf einer fünftägigen Reise nach Japan , um die wirtschaftlichen Beziehungen mit der drittgrößten Wirtschaftsnation der Welt zu festigen .
2025-05-03 13:23:26,973 - INFO - joeynmt.training - 	Reference:  Mr Modi is on a five @-@ day trip to Japan to strengthen economic ties with the third largest economy in the world .
2025-05-03 13:23:26,973 - INFO - joeynmt.training - 	Hypothesis: Mr Modi is a fifteen japan to Japan to Japan to Japan to Switzerland &apos;s economic relations .
2025-05-03 13:23:26,973 - INFO - joeynmt.training - Example #3
2025-05-03 13:23:26,974 - DEBUG - joeynmt.training - 	Tokenized source:     ['P@@', 'län@@', 'e', 'für', 'eine', 'stärk@@', 'ere', 'k@@', 'ern@@', 'techn@@', 'ische', 'Zusammenarbeit', 'stehen', 'ganz', 'ob@@', 'en', 'auf', 'der', 'Tag@@', 'es@@', 'ordnung', '.']
2025-05-03 13:23:26,974 - DEBUG - joeynmt.training - 	Tokenized reference:  ['high', 'on', 'the', 'agen@@', 'da', 'are', 'pl@@', 'ans', 'for', 'gre@@', 'ater', 'nu@@', 'clear', 'c@@', 'o', '@@@', '-@@', '@', 'operation', '.']
2025-05-03 13:23:26,974 - DEBUG - joeynmt.training - 	Tokenized hypothesis: ['pl@@', 'ans', 'for', 'a', 'more', 'c@@', 'oura@@', 'ge', 'techn@@', 'ical', 'cooperation', 'are', 'on', 'the', 'agen@@', 'da', '.', '</s>']
2025-05-03 13:23:26,974 - INFO - joeynmt.training - 	Source:     Pläne für eine stärkere kerntechnische Zusammenarbeit stehen ganz oben auf der Tagesordnung .
2025-05-03 13:23:26,974 - INFO - joeynmt.training - 	Reference:  high on the agenda are plans for greater nuclear co @-@ operation .
2025-05-03 13:23:26,974 - INFO - joeynmt.training - 	Hypothesis: plans for a more courage technical cooperation are on the agenda .
2025-05-03 13:23:26,974 - INFO - joeynmt.training - Example #4
2025-05-03 13:23:26,974 - DEBUG - joeynmt.training - 	Tokenized source:     ['Berich@@', 'ten', 'zu@@', 'fol@@', 'ge', 'ho@@', 'fft', 'Indi@@', 'en', 'darüber', 'hinaus', 'auf', 'einen', 'Ver@@', 'trag', 'zur', 'Ver@@', 'tei@@', 'dig@@', 'ungs@@', 'zusammen@@', 'arbeit', 'zwischen', 'den', 'beiden', 'N@@', 'ationen', '.']
2025-05-03 13:23:26,974 - DEBUG - joeynmt.training - 	Tokenized reference:  ['Indi@@', 'a', 'is', 'also', 're@@', 'porte@@', 'dly', 'hop@@', 'ing', 'for', 'a', 'de@@', 'al', 'on', 'def@@', 'ence', 'c@@', 'oll@@', 'ab@@', 'or@@', 'ation', 'between', 'the', 'two', 'n@@', 'ations', '.']
2025-05-03 13:23:26,974 - DEBUG - joeynmt.training - 	Tokenized hypothesis: ['in', 'ad@@', 'dition', ',', 'Indi@@', 'a', 'is', 'also', 'hop@@', 'ed', 'to', 'be', 'able', 'to', 'def@@', 'end', 'the', 'con@@', 'f@@', 'lic@@', 't', 'between', 'the', 'two', 'n@@', 'ations', '.', '</s>']
2025-05-03 13:23:26,974 - INFO - joeynmt.training - 	Source:     Berichten zufolge hofft Indien darüber hinaus auf einen Vertrag zur Verteidigungszusammenarbeit zwischen den beiden Nationen .
2025-05-03 13:23:26,974 - INFO - joeynmt.training - 	Reference:  India is also reportedly hoping for a deal on defence collaboration between the two nations .
2025-05-03 13:23:26,975 - INFO - joeynmt.training - 	Hypothesis: in addition , India is also hoped to be able to defend the conflict between the two nations .
2025-05-03 13:23:32,006 - INFO - joeynmt.training - Epoch   9: total training loss 7039.47
2025-05-03 13:23:32,006 - INFO - joeynmt.training - EPOCH 10
2025-05-03 13:23:32,229 - INFO - joeynmt.training - Epoch  10, Step:    36600, Batch Loss:     1.662065, Batch Acc: 0.541088, Tokens per Sec:    14938, Lr: 0.000300
2025-05-03 13:23:37,515 - INFO - joeynmt.training - Epoch  10, Step:    36700, Batch Loss:     1.823114, Batch Acc: 0.542802, Tokens per Sec:    17136, Lr: 0.000300
2025-05-03 13:23:42,752 - INFO - joeynmt.training - Epoch  10, Step:    36800, Batch Loss:     1.749170, Batch Acc: 0.543089, Tokens per Sec:    17492, Lr: 0.000300
2025-05-03 13:23:48,070 - INFO - joeynmt.training - Epoch  10, Step:    36900, Batch Loss:     1.637452, Batch Acc: 0.535108, Tokens per Sec:    17491, Lr: 0.000300
2025-05-03 13:23:53,312 - INFO - joeynmt.training - Epoch  10, Step:    37000, Batch Loss:     1.617576, Batch Acc: 0.539861, Tokens per Sec:    17296, Lr: 0.000300
2025-05-03 13:23:53,312 - INFO - joeynmt.prediction - Predicting 500 example(s)... (Greedy decoding with min_output_length=1, max_output_length=-1, return_prob='none', generate_unk=True, repetition_penalty=-1, no_repeat_ngram_size=-1)
2025-05-03 13:23:58,647 - INFO - joeynmt.prediction - Evaluation result (greedy) loss:   2.13, ppl:   8.43, acc:   0.45, generation: 5.3284[sec], evaluation: 0.0000[sec]
2025-05-03 13:23:58,728 - INFO - joeynmt.helpers - delete models/deen_transformer_post/32000.ckpt
2025-05-03 13:23:58,734 - INFO - joeynmt.training - Example #0
2025-05-03 13:23:58,735 - DEBUG - joeynmt.training - 	Tokenized source:     ['die', 'Pre@@', 'mi@@', 'er@@', 'minist@@', 'er', 'Indi@@', 'ens', 'und', 'J@@', 'ap@@', 'ans', 'tra@@', 'fen', 'sich', 'in', 'T@@', 'ok@@', 'i@@', 'o', '.']
2025-05-03 13:23:58,735 - DEBUG - joeynmt.training - 	Tokenized reference:  ['Indi@@', 'a', 'and', 'J@@', 'ap@@', 'an', 'pri@@', 'me', 'minist@@', 'ers', 'me@@', 'et', 'in', 'T@@', 'ok@@', 'y@@', 'o']
2025-05-03 13:23:58,735 - DEBUG - joeynmt.training - 	Tokenized hypothesis: ['the', 'Pri@@', 'me', 'Minist@@', 'er', 'of', 'Indi@@', 'a', 'and', 'J@@', 'ap@@', 'an', ',', 'J@@', 'ap@@', 'an', ',', 'and', 'J@@', 'ap@@', 'an', '.', '</s>']
2025-05-03 13:23:58,735 - INFO - joeynmt.training - 	Source:     die Premierminister Indiens und Japans trafen sich in Tokio .
2025-05-03 13:23:58,735 - INFO - joeynmt.training - 	Reference:  India and Japan prime ministers meet in Tokyo
2025-05-03 13:23:58,735 - INFO - joeynmt.training - 	Hypothesis: the Prime Minister of India and Japan , Japan , and Japan .
2025-05-03 13:23:58,735 - INFO - joeynmt.training - Example #1
2025-05-03 13:23:58,735 - DEBUG - joeynmt.training - 	Tokenized source:     ['Indi@@', 'ens', 'neu@@', 'er', 'Pre@@', 'mi@@', 'er@@', 'minist@@', 'er', 'N@@', 'ar@@', 'end@@', 'ra', 'Mo@@', 'd@@', 'i', 'tri@@', 'fft', 'bei', 's@@', 'einem', 'ersten', 'wichti@@', 'gen', 'Aus@@', 'land@@', 's@@', 'bes@@', 'u@@', 'ch', 'seit', 's@@', 'einem', 'W@@', 'ah@@', 'l@@', 'si@@', 'e@@', 'g', 'im', 'Ma@@', 'i', 'seinen', 'j@@', 'ap@@', 'an@@', 'ischen', 'Am@@', 'ts@@', 'k@@', 'olle@@', 'gen', 'S@@', 'hin@@', 'z@@', 'o', 'A@@', 'be', 'in', 'T@@', 'ok@@', 'o', ',', 'um', 'wirtschaf@@', 'tliche', 'und', 'sicher@@', 'heits@@', 'politische', 'Be@@', 'zieh@@', 'ungen', 'zu', 'bes@@', 'pre@@', 'chen', '.']
2025-05-03 13:23:58,736 - DEBUG - joeynmt.training - 	Tokenized reference:  ['Indi@@', 'a', '&apos;s', 'new', 'pri@@', 'me', 'minist@@', 'er', ',', 'N@@', 'ar@@', 'end@@', 'ra', 'Mo@@', 'd@@', 'i', ',', 'is', 'me@@', 'eting', 'his', 'J@@', 'ap@@', 'an@@', 'ese', 'coun@@', 'ter@@', 'part', ',', 'S@@', 'hin@@', 'z@@', 'o', 'A@@', 'be', ',', 'in', 'T@@', 'ok@@', 'y@@', 'o', 'to', 'disc@@', 'uss', 'economic', 'and', 'security', 'ties', ',', 'on', 'his', 'first', 'major', 'fore@@', 'ign', 'visi@@', 't', 'since', 'w@@', 'inn@@', 'ing', 'Ma@@', 'y', '&apos;s', 'elec@@', 'tion', '.']
2025-05-03 13:23:58,736 - DEBUG - joeynmt.training - 	Tokenized hypothesis: ['Indi@@', 'a', '&apos;s', 'new', 'Pri@@', 'me', 'Minist@@', 'er', 'N@@', 'ar@@', 'end@@', 'ra', 'Mo@@', 'd@@', 'i', 'was', 'de@@', 'alt', 'with', 'his', 'first', 'important', 'fore@@', 'ign', 'fore@@', 'ign', 'visi@@', 't', 'his', 'first', 'fore@@', 'ign', 'lea@@', 'ders', 'in', 'M@@', 'ini@@', 'stry', 'of', 'the', 'J@@', 'ap@@', 'an@@', 'ese', '&apos;s', 'pres@@', 'ence', 'of', 'the', 'J@@', 'ap@@', 'an@@', 'ese', 'colle@@', 'ag@@', 'ue', 'S@@', 'hin@@', 'z@@', 'o', 'A@@', 'be', ',', 'to', 'the', 'economic', 'and', 'saf@@', 'ety', 'policy', 'rel@@', 'ations', '.', '</s>']
2025-05-03 13:23:58,736 - INFO - joeynmt.training - 	Source:     Indiens neuer Premierminister Narendra Modi trifft bei seinem ersten wichtigen Auslandsbesuch seit seinem Wahlsieg im Mai seinen japanischen Amtskollegen Shinzo Abe in Toko , um wirtschaftliche und sicherheitspolitische Beziehungen zu besprechen .
2025-05-03 13:23:58,736 - INFO - joeynmt.training - 	Reference:  India &apos;s new prime minister , Narendra Modi , is meeting his Japanese counterpart , Shinzo Abe , in Tokyo to discuss economic and security ties , on his first major foreign visit since winning May &apos;s election .
2025-05-03 13:23:58,736 - INFO - joeynmt.training - 	Hypothesis: India &apos;s new Prime Minister Narendra Modi was dealt with his first important foreign foreign visit his first foreign leaders in Ministry of the Japanese &apos;s presence of the Japanese colleague Shinzo Abe , to the economic and safety policy relations .
2025-05-03 13:23:58,736 - INFO - joeynmt.training - Example #2
2025-05-03 13:23:58,736 - DEBUG - joeynmt.training - 	Tokenized source:     ['Herr', 'Mo@@', 'd@@', 'i', 'befindet', 'sich', 'auf', 'einer', 'fü@@', 'n@@', 'f@@', 'tä@@', 'gi@@', 'gen', 'Rei@@', 'se', 'nach', 'J@@', 'ap@@', 'an', ',', 'um', 'die', 'wirtschaf@@', 'tlichen', 'Be@@', 'zieh@@', 'ungen', 'mit', 'der', 'd@@', 'rit@@', 't@@', 'größ@@', 'ten', 'Wirtschafts@@', 'n@@', 'ation', 'der', 'Welt', 'zu', 'fes@@', 'tigen', '.']
2025-05-03 13:23:58,736 - DEBUG - joeynmt.training - 	Tokenized reference:  ['Mr', 'Mo@@', 'd@@', 'i', 'is', 'on', 'a', 'fi@@', 've', '@@@', '-@@', '@', 'day', 'tri@@', 'p', 'to', 'J@@', 'ap@@', 'an', 'to', 'streng@@', 'then', 'economic', 'ties', 'with', 'the', 'third', 'lar@@', 'ges@@', 't', 'econom@@', 'y', 'in', 'the', 'world', '.']
2025-05-03 13:23:58,736 - DEBUG - joeynmt.training - 	Tokenized hypothesis: ['Mr', 'Mo@@', 'd@@', 'i', 'is', 'located', 'on', 'a', 'fi@@', 'f@@', 'te@@', 'en', 'dri@@', 've', 'to', 'J@@', 'ap@@', 'an', 'to', 'J@@', 'ap@@', 'an', 'to', 'J@@', 'ap@@', 'an', 'to', 'J@@', 'ap@@', 'an', 'to', 'S@@', 'c@@', 'ot@@', 's', 'with', 'the', 'third', 'lar@@', 'ges@@', 't', 'economic', 'rel@@', 'ations', '.', '</s>']
2025-05-03 13:23:58,736 - INFO - joeynmt.training - 	Source:     Herr Modi befindet sich auf einer fünftägigen Reise nach Japan , um die wirtschaftlichen Beziehungen mit der drittgrößten Wirtschaftsnation der Welt zu festigen .
2025-05-03 13:23:58,737 - INFO - joeynmt.training - 	Reference:  Mr Modi is on a five @-@ day trip to Japan to strengthen economic ties with the third largest economy in the world .
2025-05-03 13:23:58,737 - INFO - joeynmt.training - 	Hypothesis: Mr Modi is located on a fifteen drive to Japan to Japan to Japan to Japan to Scots with the third largest economic relations .
2025-05-03 13:23:58,737 - INFO - joeynmt.training - Example #3
2025-05-03 13:23:58,737 - DEBUG - joeynmt.training - 	Tokenized source:     ['P@@', 'län@@', 'e', 'für', 'eine', 'stärk@@', 'ere', 'k@@', 'ern@@', 'techn@@', 'ische', 'Zusammenarbeit', 'stehen', 'ganz', 'ob@@', 'en', 'auf', 'der', 'Tag@@', 'es@@', 'ordnung', '.']
2025-05-03 13:23:58,737 - DEBUG - joeynmt.training - 	Tokenized reference:  ['high', 'on', 'the', 'agen@@', 'da', 'are', 'pl@@', 'ans', 'for', 'gre@@', 'ater', 'nu@@', 'clear', 'c@@', 'o', '@@@', '-@@', '@', 'operation', '.']
2025-05-03 13:23:58,737 - DEBUG - joeynmt.training - 	Tokenized hypothesis: ['pl@@', 'ans', 'for', 'more', 'nu@@', 'clear', 'techn@@', 'ical', 'cooperation', 'are', 'very', 'ob@@', 'vi@@', 'ously', 'on', 'the', 'agen@@', 'da', '.', '</s>']
2025-05-03 13:23:58,737 - INFO - joeynmt.training - 	Source:     Pläne für eine stärkere kerntechnische Zusammenarbeit stehen ganz oben auf der Tagesordnung .
2025-05-03 13:23:58,737 - INFO - joeynmt.training - 	Reference:  high on the agenda are plans for greater nuclear co @-@ operation .
2025-05-03 13:23:58,737 - INFO - joeynmt.training - 	Hypothesis: plans for more nuclear technical cooperation are very obviously on the agenda .
2025-05-03 13:23:58,737 - INFO - joeynmt.training - Example #4
2025-05-03 13:23:58,737 - DEBUG - joeynmt.training - 	Tokenized source:     ['Berich@@', 'ten', 'zu@@', 'fol@@', 'ge', 'ho@@', 'fft', 'Indi@@', 'en', 'darüber', 'hinaus', 'auf', 'einen', 'Ver@@', 'trag', 'zur', 'Ver@@', 'tei@@', 'dig@@', 'ungs@@', 'zusammen@@', 'arbeit', 'zwischen', 'den', 'beiden', 'N@@', 'ationen', '.']
2025-05-03 13:23:58,737 - DEBUG - joeynmt.training - 	Tokenized reference:  ['Indi@@', 'a', 'is', 'also', 're@@', 'porte@@', 'dly', 'hop@@', 'ing', 'for', 'a', 'de@@', 'al', 'on', 'def@@', 'ence', 'c@@', 'oll@@', 'ab@@', 'or@@', 'ation', 'between', 'the', 'two', 'n@@', 'ations', '.']
2025-05-03 13:23:58,738 - DEBUG - joeynmt.training - 	Tokenized hypothesis: ['in', 'ad@@', 'dition', ',', 'Indi@@', 'a', ',', 'the', 'two', 'hop@@', 'es', 'of', 'the', 'def@@', 'ence', 'cooperation', 'between', 'the', 'two', 'n@@', 'ations', '.', '</s>']
2025-05-03 13:23:58,738 - INFO - joeynmt.training - 	Source:     Berichten zufolge hofft Indien darüber hinaus auf einen Vertrag zur Verteidigungszusammenarbeit zwischen den beiden Nationen .
2025-05-03 13:23:58,738 - INFO - joeynmt.training - 	Reference:  India is also reportedly hoping for a deal on defence collaboration between the two nations .
2025-05-03 13:23:58,738 - INFO - joeynmt.training - 	Hypothesis: in addition , India , the two hopes of the defence cooperation between the two nations .
2025-05-03 13:24:04,022 - INFO - joeynmt.training - Epoch  10, Step:    37100, Batch Loss:     1.594633, Batch Acc: 0.539266, Tokens per Sec:    16899, Lr: 0.000300
2025-05-03 13:24:09,302 - INFO - joeynmt.training - Epoch  10, Step:    37200, Batch Loss:     1.561606, Batch Acc: 0.534580, Tokens per Sec:    17435, Lr: 0.000300
2025-05-03 13:24:14,634 - INFO - joeynmt.training - Epoch  10, Step:    37300, Batch Loss:     1.561775, Batch Acc: 0.535539, Tokens per Sec:    17252, Lr: 0.000300
2025-05-03 13:24:19,889 - INFO - joeynmt.training - Epoch  10, Step:    37400, Batch Loss:     1.668451, Batch Acc: 0.528895, Tokens per Sec:    17606, Lr: 0.000300
2025-05-03 13:24:25,290 - INFO - joeynmt.training - Epoch  10, Step:    37500, Batch Loss:     1.598494, Batch Acc: 0.536771, Tokens per Sec:    16847, Lr: 0.000300
2025-05-03 13:24:25,290 - INFO - joeynmt.prediction - Predicting 500 example(s)... (Greedy decoding with min_output_length=1, max_output_length=-1, return_prob='none', generate_unk=True, repetition_penalty=-1, no_repeat_ngram_size=-1)
2025-05-03 13:24:30,565 - INFO - joeynmt.prediction - Evaluation result (greedy) loss:   2.13, ppl:   8.45, acc:   0.45, generation: 5.2680[sec], evaluation: 0.0000[sec]
2025-05-03 13:24:30,648 - INFO - joeynmt.helpers - delete models/deen_transformer_post/35000.ckpt
2025-05-03 13:24:30,654 - INFO - joeynmt.training - Example #0
2025-05-03 13:24:30,654 - DEBUG - joeynmt.training - 	Tokenized source:     ['die', 'Pre@@', 'mi@@', 'er@@', 'minist@@', 'er', 'Indi@@', 'ens', 'und', 'J@@', 'ap@@', 'ans', 'tra@@', 'fen', 'sich', 'in', 'T@@', 'ok@@', 'i@@', 'o', '.']
2025-05-03 13:24:30,655 - DEBUG - joeynmt.training - 	Tokenized reference:  ['Indi@@', 'a', 'and', 'J@@', 'ap@@', 'an', 'pri@@', 'me', 'minist@@', 'ers', 'me@@', 'et', 'in', 'T@@', 'ok@@', 'y@@', 'o']
2025-05-03 13:24:30,655 - DEBUG - joeynmt.training - 	Tokenized hypothesis: ['the', 'Pri@@', 'me', 'Minist@@', 'er', 'of', 'Indi@@', 'a', 'and', 'J@@', 'ap@@', 'an', ',', 'in', 'T@@', 'ok@@', 'i@@', 'o', '.', '</s>']
2025-05-03 13:24:30,655 - INFO - joeynmt.training - 	Source:     die Premierminister Indiens und Japans trafen sich in Tokio .
2025-05-03 13:24:30,655 - INFO - joeynmt.training - 	Reference:  India and Japan prime ministers meet in Tokyo
2025-05-03 13:24:30,655 - INFO - joeynmt.training - 	Hypothesis: the Prime Minister of India and Japan , in Tokio .
2025-05-03 13:24:30,655 - INFO - joeynmt.training - Example #1
2025-05-03 13:24:30,655 - DEBUG - joeynmt.training - 	Tokenized source:     ['Indi@@', 'ens', 'neu@@', 'er', 'Pre@@', 'mi@@', 'er@@', 'minist@@', 'er', 'N@@', 'ar@@', 'end@@', 'ra', 'Mo@@', 'd@@', 'i', 'tri@@', 'fft', 'bei', 's@@', 'einem', 'ersten', 'wichti@@', 'gen', 'Aus@@', 'land@@', 's@@', 'bes@@', 'u@@', 'ch', 'seit', 's@@', 'einem', 'W@@', 'ah@@', 'l@@', 'si@@', 'e@@', 'g', 'im', 'Ma@@', 'i', 'seinen', 'j@@', 'ap@@', 'an@@', 'ischen', 'Am@@', 'ts@@', 'k@@', 'olle@@', 'gen', 'S@@', 'hin@@', 'z@@', 'o', 'A@@', 'be', 'in', 'T@@', 'ok@@', 'o', ',', 'um', 'wirtschaf@@', 'tliche', 'und', 'sicher@@', 'heits@@', 'politische', 'Be@@', 'zieh@@', 'ungen', 'zu', 'bes@@', 'pre@@', 'chen', '.']
2025-05-03 13:24:30,655 - DEBUG - joeynmt.training - 	Tokenized reference:  ['Indi@@', 'a', '&apos;s', 'new', 'pri@@', 'me', 'minist@@', 'er', ',', 'N@@', 'ar@@', 'end@@', 'ra', 'Mo@@', 'd@@', 'i', ',', 'is', 'me@@', 'eting', 'his', 'J@@', 'ap@@', 'an@@', 'ese', 'coun@@', 'ter@@', 'part', ',', 'S@@', 'hin@@', 'z@@', 'o', 'A@@', 'be', ',', 'in', 'T@@', 'ok@@', 'y@@', 'o', 'to', 'disc@@', 'uss', 'economic', 'and', 'security', 'ties', ',', 'on', 'his', 'first', 'major', 'fore@@', 'ign', 'visi@@', 't', 'since', 'w@@', 'inn@@', 'ing', 'Ma@@', 'y', '&apos;s', 'elec@@', 'tion', '.']
2025-05-03 13:24:30,655 - DEBUG - joeynmt.training - 	Tokenized hypothesis: ['the', 'first', 'is', 'the', 'Minist@@', 'er', 'of', 'N@@', 'ar@@', 'ge', 'of', 'Mo@@', 'd@@', 'i', ',', 'in', 'the', 'first', 'place', ',', 'in', 'its', 'first', 'important', 'fore@@', 'ign', 'fore@@', 'ign', 'visi@@', 'tors', 'of', 'the', 'M@@', 'un@@', 'ich', 'of', 'the', 'M@@', 'y@@', 'ro@@', 'so@@', 'ft', '&apos;s', 'pres@@', 'ence', 'of', 'the', 'C@@', 'our@@', 't', 'of', 'S@@', 'hin@@', 'z@@', 'o', 'A@@', 'be', 'in', 'T@@', 'ok@@', 'o', ',', 'to', 'the', 'economic', 'and', 'cer@@', 'tain@@', 'ty', '.', '</s>']
2025-05-03 13:24:30,655 - INFO - joeynmt.training - 	Source:     Indiens neuer Premierminister Narendra Modi trifft bei seinem ersten wichtigen Auslandsbesuch seit seinem Wahlsieg im Mai seinen japanischen Amtskollegen Shinzo Abe in Toko , um wirtschaftliche und sicherheitspolitische Beziehungen zu besprechen .
2025-05-03 13:24:30,656 - INFO - joeynmt.training - 	Reference:  India &apos;s new prime minister , Narendra Modi , is meeting his Japanese counterpart , Shinzo Abe , in Tokyo to discuss economic and security ties , on his first major foreign visit since winning May &apos;s election .
2025-05-03 13:24:30,656 - INFO - joeynmt.training - 	Hypothesis: the first is the Minister of Narge of Modi , in the first place , in its first important foreign foreign visitors of the Munich of the Myrosoft &apos;s presence of the Court of Shinzo Abe in Toko , to the economic and certainty .
2025-05-03 13:24:30,656 - INFO - joeynmt.training - Example #2
2025-05-03 13:24:30,656 - DEBUG - joeynmt.training - 	Tokenized source:     ['Herr', 'Mo@@', 'd@@', 'i', 'befindet', 'sich', 'auf', 'einer', 'fü@@', 'n@@', 'f@@', 'tä@@', 'gi@@', 'gen', 'Rei@@', 'se', 'nach', 'J@@', 'ap@@', 'an', ',', 'um', 'die', 'wirtschaf@@', 'tlichen', 'Be@@', 'zieh@@', 'ungen', 'mit', 'der', 'd@@', 'rit@@', 't@@', 'größ@@', 'ten', 'Wirtschafts@@', 'n@@', 'ation', 'der', 'Welt', 'zu', 'fes@@', 'tigen', '.']
2025-05-03 13:24:30,656 - DEBUG - joeynmt.training - 	Tokenized reference:  ['Mr', 'Mo@@', 'd@@', 'i', 'is', 'on', 'a', 'fi@@', 've', '@@@', '-@@', '@', 'day', 'tri@@', 'p', 'to', 'J@@', 'ap@@', 'an', 'to', 'streng@@', 'then', 'economic', 'ties', 'with', 'the', 'third', 'lar@@', 'ges@@', 't', 'econom@@', 'y', 'in', 'the', 'world', '.']
2025-05-03 13:24:30,656 - DEBUG - joeynmt.training - 	Tokenized hypothesis: ['Mr', 'Mo@@', 'd@@', 'i', 'is', 'a', 'f@@', 'our', 'j@@', 'ap@@', 'an', 'to', 'j@@', 'ap@@', 'an', 'to', 'j@@', 'ap@@', 'an', 'to', 'j@@', 'ap@@', 'an', 'to', 'j@@', 'ap@@', 's', 'in', 'the', 'world', '.', '</s>']
2025-05-03 13:24:30,656 - INFO - joeynmt.training - 	Source:     Herr Modi befindet sich auf einer fünftägigen Reise nach Japan , um die wirtschaftlichen Beziehungen mit der drittgrößten Wirtschaftsnation der Welt zu festigen .
2025-05-03 13:24:30,656 - INFO - joeynmt.training - 	Reference:  Mr Modi is on a five @-@ day trip to Japan to strengthen economic ties with the third largest economy in the world .
2025-05-03 13:24:30,656 - INFO - joeynmt.training - 	Hypothesis: Mr Modi is a four japan to japan to japan to japan to japs in the world .
2025-05-03 13:24:30,656 - INFO - joeynmt.training - Example #3
2025-05-03 13:24:30,656 - DEBUG - joeynmt.training - 	Tokenized source:     ['P@@', 'län@@', 'e', 'für', 'eine', 'stärk@@', 'ere', 'k@@', 'ern@@', 'techn@@', 'ische', 'Zusammenarbeit', 'stehen', 'ganz', 'ob@@', 'en', 'auf', 'der', 'Tag@@', 'es@@', 'ordnung', '.']
2025-05-03 13:24:30,656 - DEBUG - joeynmt.training - 	Tokenized reference:  ['high', 'on', 'the', 'agen@@', 'da', 'are', 'pl@@', 'ans', 'for', 'gre@@', 'ater', 'nu@@', 'clear', 'c@@', 'o', '@@@', '-@@', '@', 'operation', '.']
2025-05-03 13:24:30,656 - DEBUG - joeynmt.training - 	Tokenized hypothesis: ['pl@@', 'ans', 'for', 'a', 'str@@', 'ong', 'techn@@', 'ical', 'cooperation', 'are', 'on', 'the', 'agen@@', 'da', '.', '</s>']
2025-05-03 13:24:30,657 - INFO - joeynmt.training - 	Source:     Pläne für eine stärkere kerntechnische Zusammenarbeit stehen ganz oben auf der Tagesordnung .
2025-05-03 13:24:30,657 - INFO - joeynmt.training - 	Reference:  high on the agenda are plans for greater nuclear co @-@ operation .
2025-05-03 13:24:30,657 - INFO - joeynmt.training - 	Hypothesis: plans for a strong technical cooperation are on the agenda .
2025-05-03 13:24:30,657 - INFO - joeynmt.training - Example #4
2025-05-03 13:24:30,657 - DEBUG - joeynmt.training - 	Tokenized source:     ['Berich@@', 'ten', 'zu@@', 'fol@@', 'ge', 'ho@@', 'fft', 'Indi@@', 'en', 'darüber', 'hinaus', 'auf', 'einen', 'Ver@@', 'trag', 'zur', 'Ver@@', 'tei@@', 'dig@@', 'ungs@@', 'zusammen@@', 'arbeit', 'zwischen', 'den', 'beiden', 'N@@', 'ationen', '.']
2025-05-03 13:24:30,657 - DEBUG - joeynmt.training - 	Tokenized reference:  ['Indi@@', 'a', 'is', 'also', 're@@', 'porte@@', 'dly', 'hop@@', 'ing', 'for', 'a', 'de@@', 'al', 'on', 'def@@', 'ence', 'c@@', 'oll@@', 'ab@@', 'or@@', 'ation', 'between', 'the', 'two', 'n@@', 'ations', '.']
2025-05-03 13:24:30,657 - DEBUG - joeynmt.training - 	Tokenized hypothesis: ['ad@@', 'di@@', 'tional', 're@@', 'ports', ',', 'Indi@@', 'a', 'has', 'also', 'hop@@', 'ed', 'to', 'a', 'Tre@@', 'aty', 'on', 'def@@', 'ence', 'cooperation', 'between', 'the', 'two', 'N@@', 'ations', '.', '</s>']
2025-05-03 13:24:30,657 - INFO - joeynmt.training - 	Source:     Berichten zufolge hofft Indien darüber hinaus auf einen Vertrag zur Verteidigungszusammenarbeit zwischen den beiden Nationen .
2025-05-03 13:24:30,657 - INFO - joeynmt.training - 	Reference:  India is also reportedly hoping for a deal on defence collaboration between the two nations .
2025-05-03 13:24:30,657 - INFO - joeynmt.training - 	Hypothesis: additional reports , India has also hoped to a Treaty on defence cooperation between the two Nations .
2025-05-03 13:24:36,104 - INFO - joeynmt.training - Epoch  10, Step:    37600, Batch Loss:     1.690723, Batch Acc: 0.533953, Tokens per Sec:    16494, Lr: 0.000300
2025-05-03 13:24:41,329 - INFO - joeynmt.training - Epoch  10, Step:    37700, Batch Loss:     1.959703, Batch Acc: 0.534311, Tokens per Sec:    17584, Lr: 0.000300
2025-05-03 13:24:46,701 - INFO - joeynmt.training - Epoch  10, Step:    37800, Batch Loss:     1.791688, Batch Acc: 0.528725, Tokens per Sec:    17152, Lr: 0.000300
2025-05-03 13:24:51,928 - INFO - joeynmt.training - Epoch  10, Step:    37900, Batch Loss:     1.436611, Batch Acc: 0.538755, Tokens per Sec:    17741, Lr: 0.000300
2025-05-03 13:24:57,315 - INFO - joeynmt.training - Epoch  10, Step:    38000, Batch Loss:     1.548848, Batch Acc: 0.541886, Tokens per Sec:    16776, Lr: 0.000300
2025-05-03 13:24:57,315 - INFO - joeynmt.prediction - Predicting 500 example(s)... (Greedy decoding with min_output_length=1, max_output_length=-1, return_prob='none', generate_unk=True, repetition_penalty=-1, no_repeat_ngram_size=-1)
2025-05-03 13:25:02,911 - INFO - joeynmt.prediction - Evaluation result (greedy) loss:   2.12, ppl:   8.31, acc:   0.45, generation: 5.5893[sec], evaluation: 0.0000[sec]
2025-05-03 13:25:02,996 - INFO - joeynmt.helpers - delete models/deen_transformer_post/37500.ckpt
2025-05-03 13:25:03,001 - INFO - joeynmt.helpers - delete C:/Users/seraf/repositories/mt-exercise-03/models/deen_transformer_post/37500.ckpt
2025-05-03 13:25:03,001 - WARNING - joeynmt.helpers - Wanted to delete old checkpoint C:\Users\seraf\repositories\mt-exercise-03\models\deen_transformer_post\37500.ckpt but file does not exist. ([WinError 2] The system cannot find the file specified: 'C:\\Users\\seraf\\repositories\\mt-exercise-03\\models\\deen_transformer_post\\37500.ckpt')
2025-05-03 13:25:03,002 - INFO - joeynmt.training - Example #0
2025-05-03 13:25:03,002 - DEBUG - joeynmt.training - 	Tokenized source:     ['die', 'Pre@@', 'mi@@', 'er@@', 'minist@@', 'er', 'Indi@@', 'ens', 'und', 'J@@', 'ap@@', 'ans', 'tra@@', 'fen', 'sich', 'in', 'T@@', 'ok@@', 'i@@', 'o', '.']
2025-05-03 13:25:03,002 - DEBUG - joeynmt.training - 	Tokenized reference:  ['Indi@@', 'a', 'and', 'J@@', 'ap@@', 'an', 'pri@@', 'me', 'minist@@', 'ers', 'me@@', 'et', 'in', 'T@@', 'ok@@', 'y@@', 'o']
2025-05-03 13:25:03,002 - DEBUG - joeynmt.training - 	Tokenized hypothesis: ['the', 'Pri@@', 'me', 'Minist@@', 'er', 'Indi@@', 'a', 'and', 'J@@', 'ap@@', 'an', 'and', 'J@@', 'ap@@', 'an', '.', '</s>']
2025-05-03 13:25:03,002 - INFO - joeynmt.training - 	Source:     die Premierminister Indiens und Japans trafen sich in Tokio .
2025-05-03 13:25:03,002 - INFO - joeynmt.training - 	Reference:  India and Japan prime ministers meet in Tokyo
2025-05-03 13:25:03,002 - INFO - joeynmt.training - 	Hypothesis: the Prime Minister India and Japan and Japan .
2025-05-03 13:25:03,002 - INFO - joeynmt.training - Example #1
2025-05-03 13:25:03,002 - DEBUG - joeynmt.training - 	Tokenized source:     ['Indi@@', 'ens', 'neu@@', 'er', 'Pre@@', 'mi@@', 'er@@', 'minist@@', 'er', 'N@@', 'ar@@', 'end@@', 'ra', 'Mo@@', 'd@@', 'i', 'tri@@', 'fft', 'bei', 's@@', 'einem', 'ersten', 'wichti@@', 'gen', 'Aus@@', 'land@@', 's@@', 'bes@@', 'u@@', 'ch', 'seit', 's@@', 'einem', 'W@@', 'ah@@', 'l@@', 'si@@', 'e@@', 'g', 'im', 'Ma@@', 'i', 'seinen', 'j@@', 'ap@@', 'an@@', 'ischen', 'Am@@', 'ts@@', 'k@@', 'olle@@', 'gen', 'S@@', 'hin@@', 'z@@', 'o', 'A@@', 'be', 'in', 'T@@', 'ok@@', 'o', ',', 'um', 'wirtschaf@@', 'tliche', 'und', 'sicher@@', 'heits@@', 'politische', 'Be@@', 'zieh@@', 'ungen', 'zu', 'bes@@', 'pre@@', 'chen', '.']
2025-05-03 13:25:03,002 - DEBUG - joeynmt.training - 	Tokenized reference:  ['Indi@@', 'a', '&apos;s', 'new', 'pri@@', 'me', 'minist@@', 'er', ',', 'N@@', 'ar@@', 'end@@', 'ra', 'Mo@@', 'd@@', 'i', ',', 'is', 'me@@', 'eting', 'his', 'J@@', 'ap@@', 'an@@', 'ese', 'coun@@', 'ter@@', 'part', ',', 'S@@', 'hin@@', 'z@@', 'o', 'A@@', 'be', ',', 'in', 'T@@', 'ok@@', 'y@@', 'o', 'to', 'disc@@', 'uss', 'economic', 'and', 'security', 'ties', ',', 'on', 'his', 'first', 'major', 'fore@@', 'ign', 'visi@@', 't', 'since', 'w@@', 'inn@@', 'ing', 'Ma@@', 'y', '&apos;s', 'elec@@', 'tion', '.']
2025-05-03 13:25:03,002 - DEBUG - joeynmt.training - 	Tokenized hypothesis: ['Indi@@', 'a', 'new', 'Pri@@', 'me', 'Minist@@', 'er', 'N@@', 'ar@@', 'end@@', 'ra', 'Mo@@', 'd@@', 'i', 'is', 'a', 'very', 'first', 'of', 'all', 'his', 'first', 'important', 'fore@@', 'ign', 'fore@@', 'ign', 'visi@@', 'tors', 'to', 'his', 'elec@@', 't@@', 'or@@', 'al', 'c@@', 'la@@', 'im@@', 'ed', 'at', 'his', 'first', 'first', 'year', ',', 'in', 'the', 'M@@', 'ini@@', 'stry', 'of', 'the', 'J@@', 'ap@@', 'an@@', 'ese', '&apos;s', 'colle@@', 'c@@', 'tive', 'S@@', 'hin@@', 'e', ',', 'in', 'T@@', 'ok@@', 'o', ',', 'to', 'the', 'end', 'of', 'his', 'first', 'par@@', 'ty', '.', '</s>']
2025-05-03 13:25:03,003 - INFO - joeynmt.training - 	Source:     Indiens neuer Premierminister Narendra Modi trifft bei seinem ersten wichtigen Auslandsbesuch seit seinem Wahlsieg im Mai seinen japanischen Amtskollegen Shinzo Abe in Toko , um wirtschaftliche und sicherheitspolitische Beziehungen zu besprechen .
2025-05-03 13:25:03,003 - INFO - joeynmt.training - 	Reference:  India &apos;s new prime minister , Narendra Modi , is meeting his Japanese counterpart , Shinzo Abe , in Tokyo to discuss economic and security ties , on his first major foreign visit since winning May &apos;s election .
2025-05-03 13:25:03,003 - INFO - joeynmt.training - 	Hypothesis: India new Prime Minister Narendra Modi is a very first of all his first important foreign foreign visitors to his electoral claimed at his first first year , in the Ministry of the Japanese &apos;s collective Shine , in Toko , to the end of his first party .
2025-05-03 13:25:03,003 - INFO - joeynmt.training - Example #2
2025-05-03 13:25:03,003 - DEBUG - joeynmt.training - 	Tokenized source:     ['Herr', 'Mo@@', 'd@@', 'i', 'befindet', 'sich', 'auf', 'einer', 'fü@@', 'n@@', 'f@@', 'tä@@', 'gi@@', 'gen', 'Rei@@', 'se', 'nach', 'J@@', 'ap@@', 'an', ',', 'um', 'die', 'wirtschaf@@', 'tlichen', 'Be@@', 'zieh@@', 'ungen', 'mit', 'der', 'd@@', 'rit@@', 't@@', 'größ@@', 'ten', 'Wirtschafts@@', 'n@@', 'ation', 'der', 'Welt', 'zu', 'fes@@', 'tigen', '.']
2025-05-03 13:25:03,003 - DEBUG - joeynmt.training - 	Tokenized reference:  ['Mr', 'Mo@@', 'd@@', 'i', 'is', 'on', 'a', 'fi@@', 've', '@@@', '-@@', '@', 'day', 'tri@@', 'p', 'to', 'J@@', 'ap@@', 'an', 'to', 'streng@@', 'then', 'economic', 'ties', 'with', 'the', 'third', 'lar@@', 'ges@@', 't', 'econom@@', 'y', 'in', 'the', 'world', '.']
2025-05-03 13:25:03,003 - DEBUG - joeynmt.training - 	Tokenized hypothesis: ['Mr', 'Mo@@', 'd@@', 'i', 'is', 'a', 'fi@@', 'f@@', 'te@@', 'en', 'tra@@', 'vel@@', 's', 'to', 'J@@', 'ap@@', 'an', 'to', 'J@@', 'ap@@', 'an', 'to', 'J@@', 'ap@@', 'an', 'to', 're@@', 'fle@@', 'ct', 'economic', 'rel@@', 'ations', 'with', 'the', 'third', 'lar@@', 'ges@@', 't', 'economic', 'rel@@', 'ations', 'with', 'the', 'third', 'lar@@', 'ges@@', 't', 'economic', 'rel@@', 'ations', '.', '</s>']
2025-05-03 13:25:03,003 - INFO - joeynmt.training - 	Source:     Herr Modi befindet sich auf einer fünftägigen Reise nach Japan , um die wirtschaftlichen Beziehungen mit der drittgrößten Wirtschaftsnation der Welt zu festigen .
2025-05-03 13:25:03,003 - INFO - joeynmt.training - 	Reference:  Mr Modi is on a five @-@ day trip to Japan to strengthen economic ties with the third largest economy in the world .
2025-05-03 13:25:03,003 - INFO - joeynmt.training - 	Hypothesis: Mr Modi is a fifteen travels to Japan to Japan to Japan to reflect economic relations with the third largest economic relations with the third largest economic relations .
2025-05-03 13:25:03,003 - INFO - joeynmt.training - Example #3
2025-05-03 13:25:03,003 - DEBUG - joeynmt.training - 	Tokenized source:     ['P@@', 'län@@', 'e', 'für', 'eine', 'stärk@@', 'ere', 'k@@', 'ern@@', 'techn@@', 'ische', 'Zusammenarbeit', 'stehen', 'ganz', 'ob@@', 'en', 'auf', 'der', 'Tag@@', 'es@@', 'ordnung', '.']
2025-05-03 13:25:03,003 - DEBUG - joeynmt.training - 	Tokenized reference:  ['high', 'on', 'the', 'agen@@', 'da', 'are', 'pl@@', 'ans', 'for', 'gre@@', 'ater', 'nu@@', 'clear', 'c@@', 'o', '@@@', '-@@', '@', 'operation', '.']
2025-05-03 13:25:03,003 - DEBUG - joeynmt.training - 	Tokenized hypothesis: ['pl@@', 'ans', 'for', 'more', 'c@@', 'ru@@', 'cial', 'techn@@', 'ical', 'cooperation', 'are', 'on', 'the', 'agen@@', 'da', '.', '</s>']
2025-05-03 13:25:03,004 - INFO - joeynmt.training - 	Source:     Pläne für eine stärkere kerntechnische Zusammenarbeit stehen ganz oben auf der Tagesordnung .
2025-05-03 13:25:03,004 - INFO - joeynmt.training - 	Reference:  high on the agenda are plans for greater nuclear co @-@ operation .
2025-05-03 13:25:03,004 - INFO - joeynmt.training - 	Hypothesis: plans for more crucial technical cooperation are on the agenda .
2025-05-03 13:25:03,004 - INFO - joeynmt.training - Example #4
2025-05-03 13:25:03,004 - DEBUG - joeynmt.training - 	Tokenized source:     ['Berich@@', 'ten', 'zu@@', 'fol@@', 'ge', 'ho@@', 'fft', 'Indi@@', 'en', 'darüber', 'hinaus', 'auf', 'einen', 'Ver@@', 'trag', 'zur', 'Ver@@', 'tei@@', 'dig@@', 'ungs@@', 'zusammen@@', 'arbeit', 'zwischen', 'den', 'beiden', 'N@@', 'ationen', '.']
2025-05-03 13:25:03,004 - DEBUG - joeynmt.training - 	Tokenized reference:  ['Indi@@', 'a', 'is', 'also', 're@@', 'porte@@', 'dly', 'hop@@', 'ing', 'for', 'a', 'de@@', 'al', 'on', 'def@@', 'ence', 'c@@', 'oll@@', 'ab@@', 'or@@', 'ation', 'between', 'the', 'two', 'n@@', 'ations', '.']
2025-05-03 13:25:03,004 - DEBUG - joeynmt.training - 	Tokenized hypothesis: ['re@@', 'ports', 'also', 'hop@@', 'es', 'for', 'the', 'def@@', 'ence', 'cooperation', 'between', 'the', 'two', 'n@@', 'ations', '.', '</s>']
2025-05-03 13:25:03,004 - INFO - joeynmt.training - 	Source:     Berichten zufolge hofft Indien darüber hinaus auf einen Vertrag zur Verteidigungszusammenarbeit zwischen den beiden Nationen .
2025-05-03 13:25:03,004 - INFO - joeynmt.training - 	Reference:  India is also reportedly hoping for a deal on defence collaboration between the two nations .
2025-05-03 13:25:03,004 - INFO - joeynmt.training - 	Hypothesis: reports also hopes for the defence cooperation between the two nations .
2025-05-03 13:25:08,335 - INFO - joeynmt.training - Epoch  10, Step:    38100, Batch Loss:     1.686013, Batch Acc: 0.536908, Tokens per Sec:    16990, Lr: 0.000300
2025-05-03 13:25:13,549 - INFO - joeynmt.training - Epoch  10, Step:    38200, Batch Loss:     1.579065, Batch Acc: 0.531564, Tokens per Sec:    17620, Lr: 0.000300
2025-05-03 13:25:18,772 - INFO - joeynmt.training - Epoch  10, Step:    38300, Batch Loss:     1.587226, Batch Acc: 0.531442, Tokens per Sec:    17855, Lr: 0.000300
2025-05-03 13:25:24,072 - INFO - joeynmt.training - Epoch  10, Step:    38400, Batch Loss:     1.695860, Batch Acc: 0.535036, Tokens per Sec:    17570, Lr: 0.000300
2025-05-03 13:25:29,402 - INFO - joeynmt.training - Epoch  10, Step:    38500, Batch Loss:     1.495654, Batch Acc: 0.534492, Tokens per Sec:    17217, Lr: 0.000300
2025-05-03 13:25:29,402 - INFO - joeynmt.prediction - Predicting 500 example(s)... (Greedy decoding with min_output_length=1, max_output_length=-1, return_prob='none', generate_unk=True, repetition_penalty=-1, no_repeat_ngram_size=-1)
2025-05-03 13:25:34,412 - INFO - joeynmt.prediction - Evaluation result (greedy) loss:   2.11, ppl:   8.26, acc:   0.46, generation: 5.0039[sec], evaluation: 0.0000[sec]
2025-05-03 13:25:34,492 - INFO - joeynmt.helpers - delete models/deen_transformer_post/37000.ckpt
2025-05-03 13:25:34,498 - INFO - joeynmt.training - Example #0
2025-05-03 13:25:34,498 - DEBUG - joeynmt.training - 	Tokenized source:     ['die', 'Pre@@', 'mi@@', 'er@@', 'minist@@', 'er', 'Indi@@', 'ens', 'und', 'J@@', 'ap@@', 'ans', 'tra@@', 'fen', 'sich', 'in', 'T@@', 'ok@@', 'i@@', 'o', '.']
2025-05-03 13:25:34,499 - DEBUG - joeynmt.training - 	Tokenized reference:  ['Indi@@', 'a', 'and', 'J@@', 'ap@@', 'an', 'pri@@', 'me', 'minist@@', 'ers', 'me@@', 'et', 'in', 'T@@', 'ok@@', 'y@@', 'o']
2025-05-03 13:25:34,499 - DEBUG - joeynmt.training - 	Tokenized hypothesis: ['the', 'Pri@@', 'me', 'Minist@@', 'er', 'Indi@@', 'a', 'and', 'J@@', 'ap@@', 'an', 'to', 'de@@', 'al', 'with', 'the', 'S@@', 'ec@@', 're@@', 't@@', 'ar@@', 'y-@@', 'Gener@@', 'al', 'Minist@@', 'er', 'for', 'Indi@@', 'a', 'and', 'J@@', 'ap@@', 'an', '.', '</s>']
2025-05-03 13:25:34,499 - INFO - joeynmt.training - 	Source:     die Premierminister Indiens und Japans trafen sich in Tokio .
2025-05-03 13:25:34,499 - INFO - joeynmt.training - 	Reference:  India and Japan prime ministers meet in Tokyo
2025-05-03 13:25:34,499 - INFO - joeynmt.training - 	Hypothesis: the Prime Minister India and Japan to deal with the Secretary-General Minister for India and Japan .
2025-05-03 13:25:34,499 - INFO - joeynmt.training - Example #1
2025-05-03 13:25:34,499 - DEBUG - joeynmt.training - 	Tokenized source:     ['Indi@@', 'ens', 'neu@@', 'er', 'Pre@@', 'mi@@', 'er@@', 'minist@@', 'er', 'N@@', 'ar@@', 'end@@', 'ra', 'Mo@@', 'd@@', 'i', 'tri@@', 'fft', 'bei', 's@@', 'einem', 'ersten', 'wichti@@', 'gen', 'Aus@@', 'land@@', 's@@', 'bes@@', 'u@@', 'ch', 'seit', 's@@', 'einem', 'W@@', 'ah@@', 'l@@', 'si@@', 'e@@', 'g', 'im', 'Ma@@', 'i', 'seinen', 'j@@', 'ap@@', 'an@@', 'ischen', 'Am@@', 'ts@@', 'k@@', 'olle@@', 'gen', 'S@@', 'hin@@', 'z@@', 'o', 'A@@', 'be', 'in', 'T@@', 'ok@@', 'o', ',', 'um', 'wirtschaf@@', 'tliche', 'und', 'sicher@@', 'heits@@', 'politische', 'Be@@', 'zieh@@', 'ungen', 'zu', 'bes@@', 'pre@@', 'chen', '.']
2025-05-03 13:25:34,499 - DEBUG - joeynmt.training - 	Tokenized reference:  ['Indi@@', 'a', '&apos;s', 'new', 'pri@@', 'me', 'minist@@', 'er', ',', 'N@@', 'ar@@', 'end@@', 'ra', 'Mo@@', 'd@@', 'i', ',', 'is', 'me@@', 'eting', 'his', 'J@@', 'ap@@', 'an@@', 'ese', 'coun@@', 'ter@@', 'part', ',', 'S@@', 'hin@@', 'z@@', 'o', 'A@@', 'be', ',', 'in', 'T@@', 'ok@@', 'y@@', 'o', 'to', 'disc@@', 'uss', 'economic', 'and', 'security', 'ties', ',', 'on', 'his', 'first', 'major', 'fore@@', 'ign', 'visi@@', 't', 'since', 'w@@', 'inn@@', 'ing', 'Ma@@', 'y', '&apos;s', 'elec@@', 'tion', '.']
2025-05-03 13:25:34,499 - DEBUG - joeynmt.training - 	Tokenized hypothesis: ['in', 'Indi@@', 'a', ',', 'N@@', 'ar@@', 'ge', 'of', 'the', 'M@@', 'ini@@', 'stry', 'of', 'N@@', 'ar@@', 'd@@', 'i', ',', 'in', 'his', 'first', 'of', 'the', 'German', 'German', 'Ameri@@', 'can', 'M@@', 'ini@@', 'stry', 'of', 'the', 'German', 'German', 'German', 'A@@', 's@@', 'soci@@', 'ation', 'of', 'M@@', 'y', '&apos;s', 'Am@@', 'ts@@', 'k@@', 'o', ',', 'in', 'T@@', 'ok@@', 'o', ',', 'to', 'the', 'S@@', 'hin@@', 'z@@', 'o', 'A@@', 'be', ',', 'to', 'ex@@', 'am@@', 'in@@', 'ed', 'to', 'the', 'economic', 'and', 'saf@@', 'ety', 'rel@@', 'ations', '.', '</s>']
2025-05-03 13:25:34,499 - INFO - joeynmt.training - 	Source:     Indiens neuer Premierminister Narendra Modi trifft bei seinem ersten wichtigen Auslandsbesuch seit seinem Wahlsieg im Mai seinen japanischen Amtskollegen Shinzo Abe in Toko , um wirtschaftliche und sicherheitspolitische Beziehungen zu besprechen .
2025-05-03 13:25:34,499 - INFO - joeynmt.training - 	Reference:  India &apos;s new prime minister , Narendra Modi , is meeting his Japanese counterpart , Shinzo Abe , in Tokyo to discuss economic and security ties , on his first major foreign visit since winning May &apos;s election .
2025-05-03 13:25:34,500 - INFO - joeynmt.training - 	Hypothesis: in India , Narge of the Ministry of Nardi , in his first of the German German American Ministry of the German German German Association of My &apos;s Amtsko , in Toko , to the Shinzo Abe , to examined to the economic and safety relations .
2025-05-03 13:25:34,500 - INFO - joeynmt.training - Example #2
2025-05-03 13:25:34,500 - DEBUG - joeynmt.training - 	Tokenized source:     ['Herr', 'Mo@@', 'd@@', 'i', 'befindet', 'sich', 'auf', 'einer', 'fü@@', 'n@@', 'f@@', 'tä@@', 'gi@@', 'gen', 'Rei@@', 'se', 'nach', 'J@@', 'ap@@', 'an', ',', 'um', 'die', 'wirtschaf@@', 'tlichen', 'Be@@', 'zieh@@', 'ungen', 'mit', 'der', 'd@@', 'rit@@', 't@@', 'größ@@', 'ten', 'Wirtschafts@@', 'n@@', 'ation', 'der', 'Welt', 'zu', 'fes@@', 'tigen', '.']
2025-05-03 13:25:34,500 - DEBUG - joeynmt.training - 	Tokenized reference:  ['Mr', 'Mo@@', 'd@@', 'i', 'is', 'on', 'a', 'fi@@', 've', '@@@', '-@@', '@', 'day', 'tri@@', 'p', 'to', 'J@@', 'ap@@', 'an', 'to', 'streng@@', 'then', 'economic', 'ties', 'with', 'the', 'third', 'lar@@', 'ges@@', 't', 'econom@@', 'y', 'in', 'the', 'world', '.']
2025-05-03 13:25:34,500 - DEBUG - joeynmt.training - 	Tokenized hypothesis: ['Mr', 'Mo@@', 'd@@', 'i', 'is', 'a', 'fi@@', 'f@@', 'te@@', 'en', 'j@@', 'our@@', 'ne@@', 'y', 'to', 'J@@', 'ap@@', 'an', 'to', 'J@@', 'ap@@', 'an', 'to', 'J@@', 'ap@@', 'an', 'to', 'J@@', 'ap@@', 'an', 'to', 'J@@', 'ap@@', 'an', '&apos;s', 'economic', 'rel@@', 'ations', '.', '</s>']
2025-05-03 13:25:34,500 - INFO - joeynmt.training - 	Source:     Herr Modi befindet sich auf einer fünftägigen Reise nach Japan , um die wirtschaftlichen Beziehungen mit der drittgrößten Wirtschaftsnation der Welt zu festigen .
2025-05-03 13:25:34,500 - INFO - joeynmt.training - 	Reference:  Mr Modi is on a five @-@ day trip to Japan to strengthen economic ties with the third largest economy in the world .
2025-05-03 13:25:34,500 - INFO - joeynmt.training - 	Hypothesis: Mr Modi is a fifteen journey to Japan to Japan to Japan to Japan to Japan &apos;s economic relations .
2025-05-03 13:25:34,500 - INFO - joeynmt.training - Example #3
2025-05-03 13:25:34,500 - DEBUG - joeynmt.training - 	Tokenized source:     ['P@@', 'län@@', 'e', 'für', 'eine', 'stärk@@', 'ere', 'k@@', 'ern@@', 'techn@@', 'ische', 'Zusammenarbeit', 'stehen', 'ganz', 'ob@@', 'en', 'auf', 'der', 'Tag@@', 'es@@', 'ordnung', '.']
2025-05-03 13:25:34,500 - DEBUG - joeynmt.training - 	Tokenized reference:  ['high', 'on', 'the', 'agen@@', 'da', 'are', 'pl@@', 'ans', 'for', 'gre@@', 'ater', 'nu@@', 'clear', 'c@@', 'o', '@@@', '-@@', '@', 'operation', '.']
2025-05-03 13:25:34,500 - DEBUG - joeynmt.training - 	Tokenized hypothesis: ['pl@@', 'ans', 'for', 'more', 'seri@@', 'ous', 'nu@@', 'clear', 'techn@@', 'ical', 'cooperation', 'are', 'on', 'the', 'agen@@', 'da', '.', '</s>']
2025-05-03 13:25:34,500 - INFO - joeynmt.training - 	Source:     Pläne für eine stärkere kerntechnische Zusammenarbeit stehen ganz oben auf der Tagesordnung .
2025-05-03 13:25:34,500 - INFO - joeynmt.training - 	Reference:  high on the agenda are plans for greater nuclear co @-@ operation .
2025-05-03 13:25:34,501 - INFO - joeynmt.training - 	Hypothesis: plans for more serious nuclear technical cooperation are on the agenda .
2025-05-03 13:25:34,501 - INFO - joeynmt.training - Example #4
2025-05-03 13:25:34,501 - DEBUG - joeynmt.training - 	Tokenized source:     ['Berich@@', 'ten', 'zu@@', 'fol@@', 'ge', 'ho@@', 'fft', 'Indi@@', 'en', 'darüber', 'hinaus', 'auf', 'einen', 'Ver@@', 'trag', 'zur', 'Ver@@', 'tei@@', 'dig@@', 'ungs@@', 'zusammen@@', 'arbeit', 'zwischen', 'den', 'beiden', 'N@@', 'ationen', '.']
2025-05-03 13:25:34,501 - DEBUG - joeynmt.training - 	Tokenized reference:  ['Indi@@', 'a', 'is', 'also', 're@@', 'porte@@', 'dly', 'hop@@', 'ing', 'for', 'a', 'de@@', 'al', 'on', 'def@@', 'ence', 'c@@', 'oll@@', 'ab@@', 'or@@', 'ation', 'between', 'the', 'two', 'n@@', 'ations', '.']
2025-05-03 13:25:34,501 - DEBUG - joeynmt.training - 	Tokenized hypothesis: ['in', 'ad@@', 'dition', ',', 'Indi@@', 'a', 'is', 'also', 'hop@@', 'ed', 'to', 'a', 'con@@', 'tra@@', 'ct', 'for', 'def@@', 'ence', 'between', 'the', 'two', 'N@@', 'ations', '.', '</s>']
2025-05-03 13:25:34,501 - INFO - joeynmt.training - 	Source:     Berichten zufolge hofft Indien darüber hinaus auf einen Vertrag zur Verteidigungszusammenarbeit zwischen den beiden Nationen .
2025-05-03 13:25:34,501 - INFO - joeynmt.training - 	Reference:  India is also reportedly hoping for a deal on defence collaboration between the two nations .
2025-05-03 13:25:34,501 - INFO - joeynmt.training - 	Hypothesis: in addition , India is also hoped to a contract for defence between the two Nations .
2025-05-03 13:25:39,783 - INFO - joeynmt.training - Epoch  10, Step:    38600, Batch Loss:     1.650686, Batch Acc: 0.534060, Tokens per Sec:    16902, Lr: 0.000300
2025-05-03 13:25:45,171 - INFO - joeynmt.training - Epoch  10, Step:    38700, Batch Loss:     1.756566, Batch Acc: 0.528823, Tokens per Sec:    17095, Lr: 0.000300
2025-05-03 13:25:50,389 - INFO - joeynmt.training - Epoch  10, Step:    38800, Batch Loss:     1.723560, Batch Acc: 0.534511, Tokens per Sec:    17591, Lr: 0.000300
2025-05-03 13:25:55,705 - INFO - joeynmt.training - Epoch  10, Step:    38900, Batch Loss:     1.883028, Batch Acc: 0.530977, Tokens per Sec:    17267, Lr: 0.000300
2025-05-03 13:26:00,962 - INFO - joeynmt.training - Epoch  10, Step:    39000, Batch Loss:     1.421167, Batch Acc: 0.535993, Tokens per Sec:    17240, Lr: 0.000300
2025-05-03 13:26:00,962 - INFO - joeynmt.prediction - Predicting 500 example(s)... (Greedy decoding with min_output_length=1, max_output_length=-1, return_prob='none', generate_unk=True, repetition_penalty=-1, no_repeat_ngram_size=-1)
2025-05-03 13:26:06,175 - INFO - joeynmt.prediction - Evaluation result (greedy) loss:   2.11, ppl:   8.24, acc:   0.46, generation: 5.2072[sec], evaluation: 0.0000[sec]
2025-05-03 13:26:06,175 - INFO - joeynmt.training - Hooray! New best validation result [ppl]!
2025-05-03 13:26:06,258 - INFO - joeynmt.helpers - delete models/deen_transformer_post/35500.ckpt
2025-05-03 13:26:06,264 - INFO - joeynmt.training - Example #0
2025-05-03 13:26:06,264 - DEBUG - joeynmt.training - 	Tokenized source:     ['die', 'Pre@@', 'mi@@', 'er@@', 'minist@@', 'er', 'Indi@@', 'ens', 'und', 'J@@', 'ap@@', 'ans', 'tra@@', 'fen', 'sich', 'in', 'T@@', 'ok@@', 'i@@', 'o', '.']
2025-05-03 13:26:06,264 - DEBUG - joeynmt.training - 	Tokenized reference:  ['Indi@@', 'a', 'and', 'J@@', 'ap@@', 'an', 'pri@@', 'me', 'minist@@', 'ers', 'me@@', 'et', 'in', 'T@@', 'ok@@', 'y@@', 'o']
2025-05-03 13:26:06,264 - DEBUG - joeynmt.training - 	Tokenized hypothesis: ['the', 'Pre@@', 'mi@@', 'er', 'Indi@@', 'a', 'and', 'J@@', 'ap@@', 'an', 'and', 'J@@', 'ap@@', 'an', ',', 'J@@', 'ap@@', 'an', 'and', 'J@@', 'ap@@', 'an', '.', '</s>']
2025-05-03 13:26:06,264 - INFO - joeynmt.training - 	Source:     die Premierminister Indiens und Japans trafen sich in Tokio .
2025-05-03 13:26:06,265 - INFO - joeynmt.training - 	Reference:  India and Japan prime ministers meet in Tokyo
2025-05-03 13:26:06,265 - INFO - joeynmt.training - 	Hypothesis: the Premier India and Japan and Japan , Japan and Japan .
2025-05-03 13:26:06,265 - INFO - joeynmt.training - Example #1
2025-05-03 13:26:06,265 - DEBUG - joeynmt.training - 	Tokenized source:     ['Indi@@', 'ens', 'neu@@', 'er', 'Pre@@', 'mi@@', 'er@@', 'minist@@', 'er', 'N@@', 'ar@@', 'end@@', 'ra', 'Mo@@', 'd@@', 'i', 'tri@@', 'fft', 'bei', 's@@', 'einem', 'ersten', 'wichti@@', 'gen', 'Aus@@', 'land@@', 's@@', 'bes@@', 'u@@', 'ch', 'seit', 's@@', 'einem', 'W@@', 'ah@@', 'l@@', 'si@@', 'e@@', 'g', 'im', 'Ma@@', 'i', 'seinen', 'j@@', 'ap@@', 'an@@', 'ischen', 'Am@@', 'ts@@', 'k@@', 'olle@@', 'gen', 'S@@', 'hin@@', 'z@@', 'o', 'A@@', 'be', 'in', 'T@@', 'ok@@', 'o', ',', 'um', 'wirtschaf@@', 'tliche', 'und', 'sicher@@', 'heits@@', 'politische', 'Be@@', 'zieh@@', 'ungen', 'zu', 'bes@@', 'pre@@', 'chen', '.']
2025-05-03 13:26:06,265 - DEBUG - joeynmt.training - 	Tokenized reference:  ['Indi@@', 'a', '&apos;s', 'new', 'pri@@', 'me', 'minist@@', 'er', ',', 'N@@', 'ar@@', 'end@@', 'ra', 'Mo@@', 'd@@', 'i', ',', 'is', 'me@@', 'eting', 'his', 'J@@', 'ap@@', 'an@@', 'ese', 'coun@@', 'ter@@', 'part', ',', 'S@@', 'hin@@', 'z@@', 'o', 'A@@', 'be', ',', 'in', 'T@@', 'ok@@', 'y@@', 'o', 'to', 'disc@@', 'uss', 'economic', 'and', 'security', 'ties', ',', 'on', 'his', 'first', 'major', 'fore@@', 'ign', 'visi@@', 't', 'since', 'w@@', 'inn@@', 'ing', 'Ma@@', 'y', '&apos;s', 'elec@@', 'tion', '.']
2025-05-03 13:26:06,265 - DEBUG - joeynmt.training - 	Tokenized hypothesis: ['in', 'the', 'first', 'place', ',', 'Indi@@', 'a', '&apos;s', 'first', 'first', 'me@@', 'eting', 'of', 'his', 'first', 'important', 'fore@@', 'ign', 'fore@@', 'ign', 'langu@@', 'age', 'in', 'his', 'first', 'first', 'years', 'since', 'his', 'first', 'first', 'German', 'German', 'German', 'German', 'represent@@', 'atives', 'of', 'S@@', 'hin@@', 'z@@', 'o', 'A@@', 'be', ',', 'in', 'T@@', 'ok@@', 'o', ',', 'to', 'the', 'S@@', 'hin@@', 'z@@', 'o', 'A@@', 'be', ',', 'to', 'look', 'at', 'economic', 'and', 'saf@@', 'ety', '.', '</s>']
2025-05-03 13:26:06,265 - INFO - joeynmt.training - 	Source:     Indiens neuer Premierminister Narendra Modi trifft bei seinem ersten wichtigen Auslandsbesuch seit seinem Wahlsieg im Mai seinen japanischen Amtskollegen Shinzo Abe in Toko , um wirtschaftliche und sicherheitspolitische Beziehungen zu besprechen .
2025-05-03 13:26:06,265 - INFO - joeynmt.training - 	Reference:  India &apos;s new prime minister , Narendra Modi , is meeting his Japanese counterpart , Shinzo Abe , in Tokyo to discuss economic and security ties , on his first major foreign visit since winning May &apos;s election .
2025-05-03 13:26:06,265 - INFO - joeynmt.training - 	Hypothesis: in the first place , India &apos;s first first meeting of his first important foreign foreign language in his first first years since his first first German German German German representatives of Shinzo Abe , in Toko , to the Shinzo Abe , to look at economic and safety .
2025-05-03 13:26:06,265 - INFO - joeynmt.training - Example #2
2025-05-03 13:26:06,266 - DEBUG - joeynmt.training - 	Tokenized source:     ['Herr', 'Mo@@', 'd@@', 'i', 'befindet', 'sich', 'auf', 'einer', 'fü@@', 'n@@', 'f@@', 'tä@@', 'gi@@', 'gen', 'Rei@@', 'se', 'nach', 'J@@', 'ap@@', 'an', ',', 'um', 'die', 'wirtschaf@@', 'tlichen', 'Be@@', 'zieh@@', 'ungen', 'mit', 'der', 'd@@', 'rit@@', 't@@', 'größ@@', 'ten', 'Wirtschafts@@', 'n@@', 'ation', 'der', 'Welt', 'zu', 'fes@@', 'tigen', '.']
2025-05-03 13:26:06,266 - DEBUG - joeynmt.training - 	Tokenized reference:  ['Mr', 'Mo@@', 'd@@', 'i', 'is', 'on', 'a', 'fi@@', 've', '@@@', '-@@', '@', 'day', 'tri@@', 'p', 'to', 'J@@', 'ap@@', 'an', 'to', 'streng@@', 'then', 'economic', 'ties', 'with', 'the', 'third', 'lar@@', 'ges@@', 't', 'econom@@', 'y', 'in', 'the', 'world', '.']
2025-05-03 13:26:06,266 - DEBUG - joeynmt.training - 	Tokenized hypothesis: ['Mr', 'Mo@@', 'd@@', 'i', 'is', 'a', 'fi@@', 'f@@', 'ty', 'j@@', 'ap@@', 's', 'to', 'j@@', 'ap@@', 'er', 'the', 'economic', 'rel@@', 'ations', 'with', 'the', 'third', 'lar@@', 'ges@@', 't', 'economic', 'rel@@', 'ations', 'with', 'the', 'third', 'lar@@', 'ges@@', 't', 'economic', 'rel@@', 'ations', 'with', 'the', 'third', 'lar@@', 'ges@@', 't', 'economic', 'rel@@', 'ations', '.', '</s>']
2025-05-03 13:26:06,266 - INFO - joeynmt.training - 	Source:     Herr Modi befindet sich auf einer fünftägigen Reise nach Japan , um die wirtschaftlichen Beziehungen mit der drittgrößten Wirtschaftsnation der Welt zu festigen .
2025-05-03 13:26:06,266 - INFO - joeynmt.training - 	Reference:  Mr Modi is on a five @-@ day trip to Japan to strengthen economic ties with the third largest economy in the world .
2025-05-03 13:26:06,266 - INFO - joeynmt.training - 	Hypothesis: Mr Modi is a fifty japs to japer the economic relations with the third largest economic relations with the third largest economic relations with the third largest economic relations .
2025-05-03 13:26:06,266 - INFO - joeynmt.training - Example #3
2025-05-03 13:26:06,266 - DEBUG - joeynmt.training - 	Tokenized source:     ['P@@', 'län@@', 'e', 'für', 'eine', 'stärk@@', 'ere', 'k@@', 'ern@@', 'techn@@', 'ische', 'Zusammenarbeit', 'stehen', 'ganz', 'ob@@', 'en', 'auf', 'der', 'Tag@@', 'es@@', 'ordnung', '.']
2025-05-03 13:26:06,266 - DEBUG - joeynmt.training - 	Tokenized reference:  ['high', 'on', 'the', 'agen@@', 'da', 'are', 'pl@@', 'ans', 'for', 'gre@@', 'ater', 'nu@@', 'clear', 'c@@', 'o', '@@@', '-@@', '@', 'operation', '.']
2025-05-03 13:26:06,266 - DEBUG - joeynmt.training - 	Tokenized hypothesis: ['pl@@', 'ans', 'for', 'more', 'k@@', 'il@@', 'l', 'c@@', 'oll@@', 'ab@@', 'or@@', 'ation', 'in', 'the', 'agen@@', 'da', '.', '</s>']
2025-05-03 13:26:06,267 - INFO - joeynmt.training - 	Source:     Pläne für eine stärkere kerntechnische Zusammenarbeit stehen ganz oben auf der Tagesordnung .
2025-05-03 13:26:06,267 - INFO - joeynmt.training - 	Reference:  high on the agenda are plans for greater nuclear co @-@ operation .
2025-05-03 13:26:06,267 - INFO - joeynmt.training - 	Hypothesis: plans for more kill collaboration in the agenda .
2025-05-03 13:26:06,267 - INFO - joeynmt.training - Example #4
2025-05-03 13:26:06,267 - DEBUG - joeynmt.training - 	Tokenized source:     ['Berich@@', 'ten', 'zu@@', 'fol@@', 'ge', 'ho@@', 'fft', 'Indi@@', 'en', 'darüber', 'hinaus', 'auf', 'einen', 'Ver@@', 'trag', 'zur', 'Ver@@', 'tei@@', 'dig@@', 'ungs@@', 'zusammen@@', 'arbeit', 'zwischen', 'den', 'beiden', 'N@@', 'ationen', '.']
2025-05-03 13:26:06,267 - DEBUG - joeynmt.training - 	Tokenized reference:  ['Indi@@', 'a', 'is', 'also', 're@@', 'porte@@', 'dly', 'hop@@', 'ing', 'for', 'a', 'de@@', 'al', 'on', 'def@@', 'ence', 'c@@', 'oll@@', 'ab@@', 'or@@', 'ation', 'between', 'the', 'two', 'n@@', 'ations', '.']
2025-05-03 13:26:06,267 - DEBUG - joeynmt.training - 	Tokenized hypothesis: ['in', 'ad@@', 'dition', ',', 'Indi@@', 'a', ',', 'in', 'ad@@', 'dition', 'to', 'a', 'con@@', 'tra@@', 'st', 'between', 'the', 'two', 'n@@', 'ations', '.', '</s>']
2025-05-03 13:26:06,267 - INFO - joeynmt.training - 	Source:     Berichten zufolge hofft Indien darüber hinaus auf einen Vertrag zur Verteidigungszusammenarbeit zwischen den beiden Nationen .
2025-05-03 13:26:06,267 - INFO - joeynmt.training - 	Reference:  India is also reportedly hoping for a deal on defence collaboration between the two nations .
2025-05-03 13:26:06,267 - INFO - joeynmt.training - 	Hypothesis: in addition , India , in addition to a contrast between the two nations .
2025-05-03 13:26:11,526 - INFO - joeynmt.training - Epoch  10, Step:    39100, Batch Loss:     1.664912, Batch Acc: 0.534584, Tokens per Sec:    16893, Lr: 0.000300
2025-05-03 13:26:16,957 - INFO - joeynmt.training - Epoch  10, Step:    39200, Batch Loss:     1.585749, Batch Acc: 0.531726, Tokens per Sec:    16889, Lr: 0.000300
2025-05-03 13:26:22,243 - INFO - joeynmt.training - Epoch  10, Step:    39300, Batch Loss:     1.759320, Batch Acc: 0.531333, Tokens per Sec:    17170, Lr: 0.000300
2025-05-03 13:26:27,584 - INFO - joeynmt.training - Epoch  10, Step:    39400, Batch Loss:     1.715076, Batch Acc: 0.530849, Tokens per Sec:    17125, Lr: 0.000300
2025-05-03 13:26:32,957 - INFO - joeynmt.training - Epoch  10, Step:    39500, Batch Loss:     1.734254, Batch Acc: 0.538581, Tokens per Sec:    17125, Lr: 0.000300
2025-05-03 13:26:32,957 - INFO - joeynmt.prediction - Predicting 500 example(s)... (Greedy decoding with min_output_length=1, max_output_length=-1, return_prob='none', generate_unk=True, repetition_penalty=-1, no_repeat_ngram_size=-1)
2025-05-03 13:26:38,592 - INFO - joeynmt.prediction - Evaluation result (greedy) loss:   2.11, ppl:   8.27, acc:   0.46, generation: 5.6281[sec], evaluation: 0.0000[sec]
2025-05-03 13:26:38,672 - INFO - joeynmt.helpers - delete models/deen_transformer_post/36000.ckpt
2025-05-03 13:26:38,678 - INFO - joeynmt.training - Example #0
2025-05-03 13:26:38,678 - DEBUG - joeynmt.training - 	Tokenized source:     ['die', 'Pre@@', 'mi@@', 'er@@', 'minist@@', 'er', 'Indi@@', 'ens', 'und', 'J@@', 'ap@@', 'ans', 'tra@@', 'fen', 'sich', 'in', 'T@@', 'ok@@', 'i@@', 'o', '.']
2025-05-03 13:26:38,678 - DEBUG - joeynmt.training - 	Tokenized reference:  ['Indi@@', 'a', 'and', 'J@@', 'ap@@', 'an', 'pri@@', 'me', 'minist@@', 'ers', 'me@@', 'et', 'in', 'T@@', 'ok@@', 'y@@', 'o']
2025-05-03 13:26:38,678 - DEBUG - joeynmt.training - 	Tokenized hypothesis: ['the', 'Pri@@', 'me', 'Minist@@', 'er', 'of', 'Indi@@', 'a', 'and', 'J@@', 'ap@@', 'an', 'and', 'J@@', 'ap@@', 'an', ',', 'in', 'T@@', 'ok@@', 'y@@', 'o', '.', '</s>']
2025-05-03 13:26:38,679 - INFO - joeynmt.training - 	Source:     die Premierminister Indiens und Japans trafen sich in Tokio .
2025-05-03 13:26:38,679 - INFO - joeynmt.training - 	Reference:  India and Japan prime ministers meet in Tokyo
2025-05-03 13:26:38,679 - INFO - joeynmt.training - 	Hypothesis: the Prime Minister of India and Japan and Japan , in Tokyo .
2025-05-03 13:26:38,679 - INFO - joeynmt.training - Example #1
2025-05-03 13:26:38,679 - DEBUG - joeynmt.training - 	Tokenized source:     ['Indi@@', 'ens', 'neu@@', 'er', 'Pre@@', 'mi@@', 'er@@', 'minist@@', 'er', 'N@@', 'ar@@', 'end@@', 'ra', 'Mo@@', 'd@@', 'i', 'tri@@', 'fft', 'bei', 's@@', 'einem', 'ersten', 'wichti@@', 'gen', 'Aus@@', 'land@@', 's@@', 'bes@@', 'u@@', 'ch', 'seit', 's@@', 'einem', 'W@@', 'ah@@', 'l@@', 'si@@', 'e@@', 'g', 'im', 'Ma@@', 'i', 'seinen', 'j@@', 'ap@@', 'an@@', 'ischen', 'Am@@', 'ts@@', 'k@@', 'olle@@', 'gen', 'S@@', 'hin@@', 'z@@', 'o', 'A@@', 'be', 'in', 'T@@', 'ok@@', 'o', ',', 'um', 'wirtschaf@@', 'tliche', 'und', 'sicher@@', 'heits@@', 'politische', 'Be@@', 'zieh@@', 'ungen', 'zu', 'bes@@', 'pre@@', 'chen', '.']
2025-05-03 13:26:38,679 - DEBUG - joeynmt.training - 	Tokenized reference:  ['Indi@@', 'a', '&apos;s', 'new', 'pri@@', 'me', 'minist@@', 'er', ',', 'N@@', 'ar@@', 'end@@', 'ra', 'Mo@@', 'd@@', 'i', ',', 'is', 'me@@', 'eting', 'his', 'J@@', 'ap@@', 'an@@', 'ese', 'coun@@', 'ter@@', 'part', ',', 'S@@', 'hin@@', 'z@@', 'o', 'A@@', 'be', ',', 'in', 'T@@', 'ok@@', 'y@@', 'o', 'to', 'disc@@', 'uss', 'economic', 'and', 'security', 'ties', ',', 'on', 'his', 'first', 'major', 'fore@@', 'ign', 'visi@@', 't', 'since', 'w@@', 'inn@@', 'ing', 'Ma@@', 'y', '&apos;s', 'elec@@', 'tion', '.']
2025-05-03 13:26:38,679 - DEBUG - joeynmt.training - 	Tokenized hypothesis: ['Indi@@', 'a', '&apos;s', 'new', 'Pri@@', 'me', 'Minist@@', 'er', 'N@@', 'ar@@', 'end@@', 'ra', 'Mo@@', 'd@@', 'i', 'is', 'a', 'first', 'of', 'all', 'his', 'first', 'wor@@', 'ds', 'for', 'his', 'elec@@', 'tion', 'in', 'Ma@@', 'y', 'in', 'T@@', 'ok@@', 'o', ',', 'in', 'T@@', 'ok@@', 'o', ',', 'in', 'T@@', 'ok@@', 'o', ',', 'to', 'the', 'S@@', 'hin@@', 'z@@', 'o', 'A@@', 'be', ',', 'to', 't@@', 'ack@@', 'le', 'its', 'elec@@', 'tion', ',', 'to', 'the', 'economic', 'and', 'security', 'policy', 'rel@@', 'ations', '.', '</s>']
2025-05-03 13:26:38,679 - INFO - joeynmt.training - 	Source:     Indiens neuer Premierminister Narendra Modi trifft bei seinem ersten wichtigen Auslandsbesuch seit seinem Wahlsieg im Mai seinen japanischen Amtskollegen Shinzo Abe in Toko , um wirtschaftliche und sicherheitspolitische Beziehungen zu besprechen .
2025-05-03 13:26:38,679 - INFO - joeynmt.training - 	Reference:  India &apos;s new prime minister , Narendra Modi , is meeting his Japanese counterpart , Shinzo Abe , in Tokyo to discuss economic and security ties , on his first major foreign visit since winning May &apos;s election .
2025-05-03 13:26:38,679 - INFO - joeynmt.training - 	Hypothesis: India &apos;s new Prime Minister Narendra Modi is a first of all his first words for his election in May in Toko , in Toko , in Toko , to the Shinzo Abe , to tackle its election , to the economic and security policy relations .
2025-05-03 13:26:38,679 - INFO - joeynmt.training - Example #2
2025-05-03 13:26:38,680 - DEBUG - joeynmt.training - 	Tokenized source:     ['Herr', 'Mo@@', 'd@@', 'i', 'befindet', 'sich', 'auf', 'einer', 'fü@@', 'n@@', 'f@@', 'tä@@', 'gi@@', 'gen', 'Rei@@', 'se', 'nach', 'J@@', 'ap@@', 'an', ',', 'um', 'die', 'wirtschaf@@', 'tlichen', 'Be@@', 'zieh@@', 'ungen', 'mit', 'der', 'd@@', 'rit@@', 't@@', 'größ@@', 'ten', 'Wirtschafts@@', 'n@@', 'ation', 'der', 'Welt', 'zu', 'fes@@', 'tigen', '.']
2025-05-03 13:26:38,680 - DEBUG - joeynmt.training - 	Tokenized reference:  ['Mr', 'Mo@@', 'd@@', 'i', 'is', 'on', 'a', 'fi@@', 've', '@@@', '-@@', '@', 'day', 'tri@@', 'p', 'to', 'J@@', 'ap@@', 'an', 'to', 'streng@@', 'then', 'economic', 'ties', 'with', 'the', 'third', 'lar@@', 'ges@@', 't', 'econom@@', 'y', 'in', 'the', 'world', '.']
2025-05-03 13:26:38,680 - DEBUG - joeynmt.training - 	Tokenized hypothesis: ['Mr', 'Mo@@', 'd@@', 'i', 'is', 'a', 'fi@@', 'f@@', 'th', 'ser@@', 'ies', 'to', 'j@@', 'ap@@', 'an', 'to', 'the', 'economic', 'rel@@', 'ations', 'with', 'the', 'third', 'lar@@', 'ges@@', 't', 'economic', 'rel@@', 'ations', 'with', 'the', 'third', 'gre@@', 'ater', 'economic', 'rel@@', 'ations', 'with', 'the', 'third', 'gre@@', 'ater', 'economic', 'rel@@', 'ations', '.', '</s>']
2025-05-03 13:26:38,680 - INFO - joeynmt.training - 	Source:     Herr Modi befindet sich auf einer fünftägigen Reise nach Japan , um die wirtschaftlichen Beziehungen mit der drittgrößten Wirtschaftsnation der Welt zu festigen .
2025-05-03 13:26:38,680 - INFO - joeynmt.training - 	Reference:  Mr Modi is on a five @-@ day trip to Japan to strengthen economic ties with the third largest economy in the world .
2025-05-03 13:26:38,680 - INFO - joeynmt.training - 	Hypothesis: Mr Modi is a fifth series to japan to the economic relations with the third largest economic relations with the third greater economic relations with the third greater economic relations .
2025-05-03 13:26:38,680 - INFO - joeynmt.training - Example #3
2025-05-03 13:26:38,680 - DEBUG - joeynmt.training - 	Tokenized source:     ['P@@', 'län@@', 'e', 'für', 'eine', 'stärk@@', 'ere', 'k@@', 'ern@@', 'techn@@', 'ische', 'Zusammenarbeit', 'stehen', 'ganz', 'ob@@', 'en', 'auf', 'der', 'Tag@@', 'es@@', 'ordnung', '.']
2025-05-03 13:26:38,680 - DEBUG - joeynmt.training - 	Tokenized reference:  ['high', 'on', 'the', 'agen@@', 'da', 'are', 'pl@@', 'ans', 'for', 'gre@@', 'ater', 'nu@@', 'clear', 'c@@', 'o', '@@@', '-@@', '@', 'operation', '.']
2025-05-03 13:26:38,680 - DEBUG - joeynmt.training - 	Tokenized hypothesis: ['pl@@', 'ans', 'for', 'gre@@', 'ater', 'k@@', 'er@@', 'ne@@', 'l', 'more', 'c@@', 'oll@@', 'ab@@', 'or@@', 'ation', 'in', 'the', 'agen@@', 'da', '.', '</s>']
2025-05-03 13:26:38,680 - INFO - joeynmt.training - 	Source:     Pläne für eine stärkere kerntechnische Zusammenarbeit stehen ganz oben auf der Tagesordnung .
2025-05-03 13:26:38,680 - INFO - joeynmt.training - 	Reference:  high on the agenda are plans for greater nuclear co @-@ operation .
2025-05-03 13:26:38,680 - INFO - joeynmt.training - 	Hypothesis: plans for greater kernel more collaboration in the agenda .
2025-05-03 13:26:38,680 - INFO - joeynmt.training - Example #4
2025-05-03 13:26:38,681 - DEBUG - joeynmt.training - 	Tokenized source:     ['Berich@@', 'ten', 'zu@@', 'fol@@', 'ge', 'ho@@', 'fft', 'Indi@@', 'en', 'darüber', 'hinaus', 'auf', 'einen', 'Ver@@', 'trag', 'zur', 'Ver@@', 'tei@@', 'dig@@', 'ungs@@', 'zusammen@@', 'arbeit', 'zwischen', 'den', 'beiden', 'N@@', 'ationen', '.']
2025-05-03 13:26:38,681 - DEBUG - joeynmt.training - 	Tokenized reference:  ['Indi@@', 'a', 'is', 'also', 're@@', 'porte@@', 'dly', 'hop@@', 'ing', 'for', 'a', 'de@@', 'al', 'on', 'def@@', 'ence', 'c@@', 'oll@@', 'ab@@', 'or@@', 'ation', 'between', 'the', 'two', 'n@@', 'ations', '.']
2025-05-03 13:26:38,681 - DEBUG - joeynmt.training - 	Tokenized hypothesis: ['in', 'ad@@', 'dition', ',', 'Indi@@', 'a', 'is', 'also', 'hop@@', 'ed', 'to', 'def@@', 'ence', 'the', 'con@@', 'tra@@', 'ct', 'between', 'the', 'two', 'n@@', 'ations', '.', '</s>']
2025-05-03 13:26:38,681 - INFO - joeynmt.training - 	Source:     Berichten zufolge hofft Indien darüber hinaus auf einen Vertrag zur Verteidigungszusammenarbeit zwischen den beiden Nationen .
2025-05-03 13:26:38,681 - INFO - joeynmt.training - 	Reference:  India is also reportedly hoping for a deal on defence collaboration between the two nations .
2025-05-03 13:26:38,681 - INFO - joeynmt.training - 	Hypothesis: in addition , India is also hoped to defence the contract between the two nations .
2025-05-03 13:26:44,057 - INFO - joeynmt.training - Epoch  10, Step:    39600, Batch Loss:     1.774346, Batch Acc: 0.532720, Tokens per Sec:    16795, Lr: 0.000300
2025-05-03 13:26:49,332 - INFO - joeynmt.training - Epoch  10, Step:    39700, Batch Loss:     1.801387, Batch Acc: 0.529734, Tokens per Sec:    17416, Lr: 0.000300
2025-05-03 13:26:54,652 - INFO - joeynmt.training - Epoch  10, Step:    39800, Batch Loss:     1.807167, Batch Acc: 0.534312, Tokens per Sec:    17283, Lr: 0.000300
2025-05-03 13:26:59,956 - INFO - joeynmt.training - Epoch  10, Step:    39900, Batch Loss:     1.830387, Batch Acc: 0.532423, Tokens per Sec:    17472, Lr: 0.000300
2025-05-03 13:27:05,369 - INFO - joeynmt.training - Epoch  10, Step:    40000, Batch Loss:     1.696286, Batch Acc: 0.537087, Tokens per Sec:    17104, Lr: 0.000300
2025-05-03 13:27:05,370 - INFO - joeynmt.prediction - Predicting 500 example(s)... (Greedy decoding with min_output_length=1, max_output_length=-1, return_prob='none', generate_unk=True, repetition_penalty=-1, no_repeat_ngram_size=-1)
2025-05-03 13:27:10,956 - INFO - joeynmt.prediction - Evaluation result (greedy) loss:   2.11, ppl:   8.28, acc:   0.46, generation: 5.5777[sec], evaluation: 0.0000[sec]
2025-05-03 13:27:11,036 - INFO - joeynmt.helpers - delete models/deen_transformer_post/38000.ckpt
2025-05-03 13:27:11,044 - INFO - joeynmt.training - Example #0
2025-05-03 13:27:11,044 - DEBUG - joeynmt.training - 	Tokenized source:     ['die', 'Pre@@', 'mi@@', 'er@@', 'minist@@', 'er', 'Indi@@', 'ens', 'und', 'J@@', 'ap@@', 'ans', 'tra@@', 'fen', 'sich', 'in', 'T@@', 'ok@@', 'i@@', 'o', '.']
2025-05-03 13:27:11,044 - DEBUG - joeynmt.training - 	Tokenized reference:  ['Indi@@', 'a', 'and', 'J@@', 'ap@@', 'an', 'pri@@', 'me', 'minist@@', 'ers', 'me@@', 'et', 'in', 'T@@', 'ok@@', 'y@@', 'o']
2025-05-03 13:27:11,044 - DEBUG - joeynmt.training - 	Tokenized hypothesis: ['the', 'Pri@@', 'me', 'Minist@@', 'er', 'Indi@@', 'a', 'and', 'J@@', 'ap@@', 'an', ',', 'J@@', 'ap@@', 'an', ',', 'and', 'J@@', 'ap@@', 'an', ',', 'in', 'T@@', 'ok@@', 'i@@', 'o', '.', '</s>']
2025-05-03 13:27:11,044 - INFO - joeynmt.training - 	Source:     die Premierminister Indiens und Japans trafen sich in Tokio .
2025-05-03 13:27:11,044 - INFO - joeynmt.training - 	Reference:  India and Japan prime ministers meet in Tokyo
2025-05-03 13:27:11,044 - INFO - joeynmt.training - 	Hypothesis: the Prime Minister India and Japan , Japan , and Japan , in Tokio .
2025-05-03 13:27:11,044 - INFO - joeynmt.training - Example #1
2025-05-03 13:27:11,044 - DEBUG - joeynmt.training - 	Tokenized source:     ['Indi@@', 'ens', 'neu@@', 'er', 'Pre@@', 'mi@@', 'er@@', 'minist@@', 'er', 'N@@', 'ar@@', 'end@@', 'ra', 'Mo@@', 'd@@', 'i', 'tri@@', 'fft', 'bei', 's@@', 'einem', 'ersten', 'wichti@@', 'gen', 'Aus@@', 'land@@', 's@@', 'bes@@', 'u@@', 'ch', 'seit', 's@@', 'einem', 'W@@', 'ah@@', 'l@@', 'si@@', 'e@@', 'g', 'im', 'Ma@@', 'i', 'seinen', 'j@@', 'ap@@', 'an@@', 'ischen', 'Am@@', 'ts@@', 'k@@', 'olle@@', 'gen', 'S@@', 'hin@@', 'z@@', 'o', 'A@@', 'be', 'in', 'T@@', 'ok@@', 'o', ',', 'um', 'wirtschaf@@', 'tliche', 'und', 'sicher@@', 'heits@@', 'politische', 'Be@@', 'zieh@@', 'ungen', 'zu', 'bes@@', 'pre@@', 'chen', '.']
2025-05-03 13:27:11,045 - DEBUG - joeynmt.training - 	Tokenized reference:  ['Indi@@', 'a', '&apos;s', 'new', 'pri@@', 'me', 'minist@@', 'er', ',', 'N@@', 'ar@@', 'end@@', 'ra', 'Mo@@', 'd@@', 'i', ',', 'is', 'me@@', 'eting', 'his', 'J@@', 'ap@@', 'an@@', 'ese', 'coun@@', 'ter@@', 'part', ',', 'S@@', 'hin@@', 'z@@', 'o', 'A@@', 'be', ',', 'in', 'T@@', 'ok@@', 'y@@', 'o', 'to', 'disc@@', 'uss', 'economic', 'and', 'security', 'ties', ',', 'on', 'his', 'first', 'major', 'fore@@', 'ign', 'visi@@', 't', 'since', 'w@@', 'inn@@', 'ing', 'Ma@@', 'y', '&apos;s', 'elec@@', 'tion', '.']
2025-05-03 13:27:11,045 - DEBUG - joeynmt.training - 	Tokenized hypothesis: ['Indi@@', 'a', 'new', 'Pri@@', 'me', 'Minist@@', 'er', 'N@@', 'ar@@', 'ge', 'M@@', 'ul@@', 'ti@@', 's@@', 'ation', 'has', 'been', 'con@@', 'duc@@', 'ted', 'in', 'the', 'first', 'place', 'of', 'its', 'elec@@', 't@@', 'or@@', 'al', 'me@@', 'eting', 'in', 'the', 'M@@', 'ini@@', 'stry', 'of', 'the', 'J@@', 'ap@@', 'an@@', 'ese', 'of', 'the', 'M@@', 'us@@', 'h', 'of', 'the', 'H@@', 'um@@', 'an', 'Pre@@', 'siden@@', 'cy', 'of', 'S@@', 'hin@@', 'z@@', 'o', 'A@@', 'be', ',', 'to', 'disc@@', 'uss', 'economic', 'and', 'security', 'policy', 'rel@@', 'ations', '.', '</s>']
2025-05-03 13:27:11,045 - INFO - joeynmt.training - 	Source:     Indiens neuer Premierminister Narendra Modi trifft bei seinem ersten wichtigen Auslandsbesuch seit seinem Wahlsieg im Mai seinen japanischen Amtskollegen Shinzo Abe in Toko , um wirtschaftliche und sicherheitspolitische Beziehungen zu besprechen .
2025-05-03 13:27:11,045 - INFO - joeynmt.training - 	Reference:  India &apos;s new prime minister , Narendra Modi , is meeting his Japanese counterpart , Shinzo Abe , in Tokyo to discuss economic and security ties , on his first major foreign visit since winning May &apos;s election .
2025-05-03 13:27:11,045 - INFO - joeynmt.training - 	Hypothesis: India new Prime Minister Narge Multisation has been conducted in the first place of its electoral meeting in the Ministry of the Japanese of the Mush of the Human Presidency of Shinzo Abe , to discuss economic and security policy relations .
2025-05-03 13:27:11,045 - INFO - joeynmt.training - Example #2
2025-05-03 13:27:11,045 - DEBUG - joeynmt.training - 	Tokenized source:     ['Herr', 'Mo@@', 'd@@', 'i', 'befindet', 'sich', 'auf', 'einer', 'fü@@', 'n@@', 'f@@', 'tä@@', 'gi@@', 'gen', 'Rei@@', 'se', 'nach', 'J@@', 'ap@@', 'an', ',', 'um', 'die', 'wirtschaf@@', 'tlichen', 'Be@@', 'zieh@@', 'ungen', 'mit', 'der', 'd@@', 'rit@@', 't@@', 'größ@@', 'ten', 'Wirtschafts@@', 'n@@', 'ation', 'der', 'Welt', 'zu', 'fes@@', 'tigen', '.']
2025-05-03 13:27:11,045 - DEBUG - joeynmt.training - 	Tokenized reference:  ['Mr', 'Mo@@', 'd@@', 'i', 'is', 'on', 'a', 'fi@@', 've', '@@@', '-@@', '@', 'day', 'tri@@', 'p', 'to', 'J@@', 'ap@@', 'an', 'to', 'streng@@', 'then', 'economic', 'ties', 'with', 'the', 'third', 'lar@@', 'ges@@', 't', 'econom@@', 'y', 'in', 'the', 'world', '.']
2025-05-03 13:27:11,045 - DEBUG - joeynmt.training - 	Tokenized hypothesis: ['Mr', 'Mo@@', 'd@@', 'i', 'is', 'a', 'fi@@', 'f@@', 'th', 'ri@@', 'ding', 'to', 'J@@', 'ap@@', 'an', 'to', 'be', 'a', 'fi@@', 'f@@', 'th', 'line', 'with', 'the', 'third', 'economic', 'rel@@', 'ations', 'with', 'the', 'third', 'economic', 'rel@@', 'ations', 'with', 'the', 'third', 'economic', 'rel@@', 'ations', '.', '</s>']
2025-05-03 13:27:11,045 - INFO - joeynmt.training - 	Source:     Herr Modi befindet sich auf einer fünftägigen Reise nach Japan , um die wirtschaftlichen Beziehungen mit der drittgrößten Wirtschaftsnation der Welt zu festigen .
2025-05-03 13:27:11,045 - INFO - joeynmt.training - 	Reference:  Mr Modi is on a five @-@ day trip to Japan to strengthen economic ties with the third largest economy in the world .
2025-05-03 13:27:11,045 - INFO - joeynmt.training - 	Hypothesis: Mr Modi is a fifth riding to Japan to be a fifth line with the third economic relations with the third economic relations with the third economic relations .
2025-05-03 13:27:11,045 - INFO - joeynmt.training - Example #3
2025-05-03 13:27:11,045 - DEBUG - joeynmt.training - 	Tokenized source:     ['P@@', 'län@@', 'e', 'für', 'eine', 'stärk@@', 'ere', 'k@@', 'ern@@', 'techn@@', 'ische', 'Zusammenarbeit', 'stehen', 'ganz', 'ob@@', 'en', 'auf', 'der', 'Tag@@', 'es@@', 'ordnung', '.']
2025-05-03 13:27:11,045 - DEBUG - joeynmt.training - 	Tokenized reference:  ['high', 'on', 'the', 'agen@@', 'da', 'are', 'pl@@', 'ans', 'for', 'gre@@', 'ater', 'nu@@', 'clear', 'c@@', 'o', '@@@', '-@@', '@', 'operation', '.']
2025-05-03 13:27:11,045 - DEBUG - joeynmt.training - 	Tokenized hypothesis: ['pl@@', 'ans', 'for', 'a', 'more', 'nu@@', 'clear', 'techn@@', 'ical', 'cooperation', 'are', 'very', 'ob@@', 'vi@@', 'ously', 'on', 'the', 'agen@@', 'da', '.', '</s>']
2025-05-03 13:27:11,045 - INFO - joeynmt.training - 	Source:     Pläne für eine stärkere kerntechnische Zusammenarbeit stehen ganz oben auf der Tagesordnung .
2025-05-03 13:27:11,045 - INFO - joeynmt.training - 	Reference:  high on the agenda are plans for greater nuclear co @-@ operation .
2025-05-03 13:27:11,045 - INFO - joeynmt.training - 	Hypothesis: plans for a more nuclear technical cooperation are very obviously on the agenda .
2025-05-03 13:27:11,045 - INFO - joeynmt.training - Example #4
2025-05-03 13:27:11,045 - DEBUG - joeynmt.training - 	Tokenized source:     ['Berich@@', 'ten', 'zu@@', 'fol@@', 'ge', 'ho@@', 'fft', 'Indi@@', 'en', 'darüber', 'hinaus', 'auf', 'einen', 'Ver@@', 'trag', 'zur', 'Ver@@', 'tei@@', 'dig@@', 'ungs@@', 'zusammen@@', 'arbeit', 'zwischen', 'den', 'beiden', 'N@@', 'ationen', '.']
2025-05-03 13:27:11,045 - DEBUG - joeynmt.training - 	Tokenized reference:  ['Indi@@', 'a', 'is', 'also', 're@@', 'porte@@', 'dly', 'hop@@', 'ing', 'for', 'a', 'de@@', 'al', 'on', 'def@@', 'ence', 'c@@', 'oll@@', 'ab@@', 'or@@', 'ation', 'between', 'the', 'two', 'n@@', 'ations', '.']
2025-05-03 13:27:11,047 - DEBUG - joeynmt.training - 	Tokenized hypothesis: ['in', 'ad@@', 'dition', ',', 'Indi@@', 'a', ',', 'has', 'also', 'hop@@', 'ed', 'to', 'a', 'con@@', 'tra@@', 'ct', 'on', 'def@@', 'ence', 'cooperation', 'between', 'the', 'two', 'n@@', 'ations', '.', '</s>']
2025-05-03 13:27:11,047 - INFO - joeynmt.training - 	Source:     Berichten zufolge hofft Indien darüber hinaus auf einen Vertrag zur Verteidigungszusammenarbeit zwischen den beiden Nationen .
2025-05-03 13:27:11,047 - INFO - joeynmt.training - 	Reference:  India is also reportedly hoping for a deal on defence collaboration between the two nations .
2025-05-03 13:27:11,047 - INFO - joeynmt.training - 	Hypothesis: in addition , India , has also hoped to a contract on defence cooperation between the two nations .
2025-05-03 13:27:16,482 - INFO - joeynmt.training - Epoch  10, Step:    40100, Batch Loss:     1.744503, Batch Acc: 0.528848, Tokens per Sec:    16527, Lr: 0.000300
2025-05-03 13:27:21,714 - INFO - joeynmt.training - Epoch  10, Step:    40200, Batch Loss:     1.798742, Batch Acc: 0.526887, Tokens per Sec:    17496, Lr: 0.000300
2025-05-03 13:27:27,212 - INFO - joeynmt.training - Epoch  10, Step:    40300, Batch Loss:     1.624478, Batch Acc: 0.531522, Tokens per Sec:    16687, Lr: 0.000300
2025-05-03 13:27:32,538 - INFO - joeynmt.training - Epoch  10, Step:    40400, Batch Loss:     1.739566, Batch Acc: 0.536091, Tokens per Sec:    17313, Lr: 0.000300
2025-05-03 13:27:37,950 - INFO - joeynmt.training - Epoch  10, Step:    40500, Batch Loss:     1.648503, Batch Acc: 0.528387, Tokens per Sec:    17207, Lr: 0.000300
2025-05-03 13:27:37,950 - INFO - joeynmt.prediction - Predicting 500 example(s)... (Greedy decoding with min_output_length=1, max_output_length=-1, return_prob='none', generate_unk=True, repetition_penalty=-1, no_repeat_ngram_size=-1)
2025-05-03 13:27:43,304 - INFO - joeynmt.prediction - Evaluation result (greedy) loss:   2.10, ppl:   8.14, acc:   0.46, generation: 5.3463[sec], evaluation: 0.0000[sec]
2025-05-03 13:27:43,304 - INFO - joeynmt.training - Hooray! New best validation result [ppl]!
2025-05-03 13:27:43,386 - INFO - joeynmt.helpers - delete models/deen_transformer_post/40000.ckpt
2025-05-03 13:27:43,391 - INFO - joeynmt.training - Example #0
2025-05-03 13:27:43,392 - DEBUG - joeynmt.training - 	Tokenized source:     ['die', 'Pre@@', 'mi@@', 'er@@', 'minist@@', 'er', 'Indi@@', 'ens', 'und', 'J@@', 'ap@@', 'ans', 'tra@@', 'fen', 'sich', 'in', 'T@@', 'ok@@', 'i@@', 'o', '.']
2025-05-03 13:27:43,392 - DEBUG - joeynmt.training - 	Tokenized reference:  ['Indi@@', 'a', 'and', 'J@@', 'ap@@', 'an', 'pri@@', 'me', 'minist@@', 'ers', 'me@@', 'et', 'in', 'T@@', 'ok@@', 'y@@', 'o']
2025-05-03 13:27:43,392 - DEBUG - joeynmt.training - 	Tokenized hypothesis: ['the', 'Pri@@', 'me', 'Minist@@', 'er', 'of', 'Indi@@', 'a', 'and', 'J@@', 'ap@@', 'an', ',', 'J@@', 'ap@@', 'an', '.', '</s>']
2025-05-03 13:27:43,392 - INFO - joeynmt.training - 	Source:     die Premierminister Indiens und Japans trafen sich in Tokio .
2025-05-03 13:27:43,392 - INFO - joeynmt.training - 	Reference:  India and Japan prime ministers meet in Tokyo
2025-05-03 13:27:43,392 - INFO - joeynmt.training - 	Hypothesis: the Prime Minister of India and Japan , Japan .
2025-05-03 13:27:43,392 - INFO - joeynmt.training - Example #1
2025-05-03 13:27:43,392 - DEBUG - joeynmt.training - 	Tokenized source:     ['Indi@@', 'ens', 'neu@@', 'er', 'Pre@@', 'mi@@', 'er@@', 'minist@@', 'er', 'N@@', 'ar@@', 'end@@', 'ra', 'Mo@@', 'd@@', 'i', 'tri@@', 'fft', 'bei', 's@@', 'einem', 'ersten', 'wichti@@', 'gen', 'Aus@@', 'land@@', 's@@', 'bes@@', 'u@@', 'ch', 'seit', 's@@', 'einem', 'W@@', 'ah@@', 'l@@', 'si@@', 'e@@', 'g', 'im', 'Ma@@', 'i', 'seinen', 'j@@', 'ap@@', 'an@@', 'ischen', 'Am@@', 'ts@@', 'k@@', 'olle@@', 'gen', 'S@@', 'hin@@', 'z@@', 'o', 'A@@', 'be', 'in', 'T@@', 'ok@@', 'o', ',', 'um', 'wirtschaf@@', 'tliche', 'und', 'sicher@@', 'heits@@', 'politische', 'Be@@', 'zieh@@', 'ungen', 'zu', 'bes@@', 'pre@@', 'chen', '.']
2025-05-03 13:27:43,392 - DEBUG - joeynmt.training - 	Tokenized reference:  ['Indi@@', 'a', '&apos;s', 'new', 'pri@@', 'me', 'minist@@', 'er', ',', 'N@@', 'ar@@', 'end@@', 'ra', 'Mo@@', 'd@@', 'i', ',', 'is', 'me@@', 'eting', 'his', 'J@@', 'ap@@', 'an@@', 'ese', 'coun@@', 'ter@@', 'part', ',', 'S@@', 'hin@@', 'z@@', 'o', 'A@@', 'be', ',', 'in', 'T@@', 'ok@@', 'y@@', 'o', 'to', 'disc@@', 'uss', 'economic', 'and', 'security', 'ties', ',', 'on', 'his', 'first', 'major', 'fore@@', 'ign', 'visi@@', 't', 'since', 'w@@', 'inn@@', 'ing', 'Ma@@', 'y', '&apos;s', 'elec@@', 'tion', '.']
2025-05-03 13:27:43,392 - DEBUG - joeynmt.training - 	Tokenized hypothesis: ['Indi@@', 'a', '&apos;s', 'new', 'Pri@@', 'me', 'Minist@@', 'er', 'N@@', 'ar@@', 'end@@', 'ra', 'Mo@@', 'd@@', 'i', 'is', 'a', 'first', 'important', 'one', 'of', 'the', 'most', 'important', 'fore@@', 'ign', 'fore@@', 'ign', 'ag@@', 'o', ',', 'since', 'his', 'elec@@', 'tion', ',', 'in', 'the', 'first', 'year', ',', 'in', 'the', 'Ma@@', 'y', 'of', 'his', 'J@@', 'ap@@', 'an@@', 'ese', 'of', 'Pre@@', 'siden@@', 'cy', ',', 'in', 'T@@', 'ok@@', 'o', ',', 'to', 'the', 'economic', 'and', 'security', 'policy', 'rel@@', 'ations', '.', '</s>']
2025-05-03 13:27:43,393 - INFO - joeynmt.training - 	Source:     Indiens neuer Premierminister Narendra Modi trifft bei seinem ersten wichtigen Auslandsbesuch seit seinem Wahlsieg im Mai seinen japanischen Amtskollegen Shinzo Abe in Toko , um wirtschaftliche und sicherheitspolitische Beziehungen zu besprechen .
2025-05-03 13:27:43,393 - INFO - joeynmt.training - 	Reference:  India &apos;s new prime minister , Narendra Modi , is meeting his Japanese counterpart , Shinzo Abe , in Tokyo to discuss economic and security ties , on his first major foreign visit since winning May &apos;s election .
2025-05-03 13:27:43,393 - INFO - joeynmt.training - 	Hypothesis: India &apos;s new Prime Minister Narendra Modi is a first important one of the most important foreign foreign ago , since his election , in the first year , in the May of his Japanese of Presidency , in Toko , to the economic and security policy relations .
2025-05-03 13:27:43,393 - INFO - joeynmt.training - Example #2
2025-05-03 13:27:43,393 - DEBUG - joeynmt.training - 	Tokenized source:     ['Herr', 'Mo@@', 'd@@', 'i', 'befindet', 'sich', 'auf', 'einer', 'fü@@', 'n@@', 'f@@', 'tä@@', 'gi@@', 'gen', 'Rei@@', 'se', 'nach', 'J@@', 'ap@@', 'an', ',', 'um', 'die', 'wirtschaf@@', 'tlichen', 'Be@@', 'zieh@@', 'ungen', 'mit', 'der', 'd@@', 'rit@@', 't@@', 'größ@@', 'ten', 'Wirtschafts@@', 'n@@', 'ation', 'der', 'Welt', 'zu', 'fes@@', 'tigen', '.']
2025-05-03 13:27:43,393 - DEBUG - joeynmt.training - 	Tokenized reference:  ['Mr', 'Mo@@', 'd@@', 'i', 'is', 'on', 'a', 'fi@@', 've', '@@@', '-@@', '@', 'day', 'tri@@', 'p', 'to', 'J@@', 'ap@@', 'an', 'to', 'streng@@', 'then', 'economic', 'ties', 'with', 'the', 'third', 'lar@@', 'ges@@', 't', 'econom@@', 'y', 'in', 'the', 'world', '.']
2025-05-03 13:27:43,393 - DEBUG - joeynmt.training - 	Tokenized hypothesis: ['Mr', 'Mo@@', 'd@@', 'i', 'is', 'located', 'on', 'a', 'fi@@', 'f@@', 'th', 'ri@@', 'd', 'to', 'J@@', 'ap@@', 'an', 'to', 'J@@', 'ap@@', 'an', 'to', 'J@@', 'ap@@', 'an', 'to', 'J@@', 'ap@@', 'an', 'to', 'take', 'the', 'economic', 'rel@@', 'ations', 'with', 'the', 'third', 'lar@@', 'ges@@', 't', 'economic', 'rel@@', 'ations', '.', '</s>']
2025-05-03 13:27:43,393 - INFO - joeynmt.training - 	Source:     Herr Modi befindet sich auf einer fünftägigen Reise nach Japan , um die wirtschaftlichen Beziehungen mit der drittgrößten Wirtschaftsnation der Welt zu festigen .
2025-05-03 13:27:43,393 - INFO - joeynmt.training - 	Reference:  Mr Modi is on a five @-@ day trip to Japan to strengthen economic ties with the third largest economy in the world .
2025-05-03 13:27:43,393 - INFO - joeynmt.training - 	Hypothesis: Mr Modi is located on a fifth rid to Japan to Japan to Japan to Japan to take the economic relations with the third largest economic relations .
2025-05-03 13:27:43,394 - INFO - joeynmt.training - Example #3
2025-05-03 13:27:43,394 - DEBUG - joeynmt.training - 	Tokenized source:     ['P@@', 'län@@', 'e', 'für', 'eine', 'stärk@@', 'ere', 'k@@', 'ern@@', 'techn@@', 'ische', 'Zusammenarbeit', 'stehen', 'ganz', 'ob@@', 'en', 'auf', 'der', 'Tag@@', 'es@@', 'ordnung', '.']
2025-05-03 13:27:43,394 - DEBUG - joeynmt.training - 	Tokenized reference:  ['high', 'on', 'the', 'agen@@', 'da', 'are', 'pl@@', 'ans', 'for', 'gre@@', 'ater', 'nu@@', 'clear', 'c@@', 'o', '@@@', '-@@', '@', 'operation', '.']
2025-05-03 13:27:43,394 - DEBUG - joeynmt.training - 	Tokenized hypothesis: ['pl@@', 'ans', 'for', 'more', 'nu@@', 'clear', 'cooperation', 'are', 'on', 'the', 'agen@@', 'da', '.', '</s>']
2025-05-03 13:27:43,394 - INFO - joeynmt.training - 	Source:     Pläne für eine stärkere kerntechnische Zusammenarbeit stehen ganz oben auf der Tagesordnung .
2025-05-03 13:27:43,394 - INFO - joeynmt.training - 	Reference:  high on the agenda are plans for greater nuclear co @-@ operation .
2025-05-03 13:27:43,394 - INFO - joeynmt.training - 	Hypothesis: plans for more nuclear cooperation are on the agenda .
2025-05-03 13:27:43,394 - INFO - joeynmt.training - Example #4
2025-05-03 13:27:43,394 - DEBUG - joeynmt.training - 	Tokenized source:     ['Berich@@', 'ten', 'zu@@', 'fol@@', 'ge', 'ho@@', 'fft', 'Indi@@', 'en', 'darüber', 'hinaus', 'auf', 'einen', 'Ver@@', 'trag', 'zur', 'Ver@@', 'tei@@', 'dig@@', 'ungs@@', 'zusammen@@', 'arbeit', 'zwischen', 'den', 'beiden', 'N@@', 'ationen', '.']
2025-05-03 13:27:43,394 - DEBUG - joeynmt.training - 	Tokenized reference:  ['Indi@@', 'a', 'is', 'also', 're@@', 'porte@@', 'dly', 'hop@@', 'ing', 'for', 'a', 'de@@', 'al', 'on', 'def@@', 'ence', 'c@@', 'oll@@', 'ab@@', 'or@@', 'ation', 'between', 'the', 'two', 'n@@', 'ations', '.']
2025-05-03 13:27:43,394 - DEBUG - joeynmt.training - 	Tokenized hypothesis: ['in', 'ad@@', 'dition', ',', 'Indi@@', 'a', ',', 'the', 're@@', 'ports', 'also', 'hop@@', 'es', 'for', 'a', 'con@@', 'tra@@', 'ct', 'of', 'the', 'two', 'n@@', 'ations', '.', '</s>']
2025-05-03 13:27:43,394 - INFO - joeynmt.training - 	Source:     Berichten zufolge hofft Indien darüber hinaus auf einen Vertrag zur Verteidigungszusammenarbeit zwischen den beiden Nationen .
2025-05-03 13:27:43,394 - INFO - joeynmt.training - 	Reference:  India is also reportedly hoping for a deal on defence collaboration between the two nations .
2025-05-03 13:27:43,394 - INFO - joeynmt.training - 	Hypothesis: in addition , India , the reports also hopes for a contract of the two nations .
2025-05-03 13:27:48,749 - INFO - joeynmt.training - Epoch  10, Step:    40600, Batch Loss:     1.550419, Batch Acc: 0.538257, Tokens per Sec:    16839, Lr: 0.000300
2025-05-03 13:27:52,387 - INFO - joeynmt.training - Epoch  10: total training loss 6922.20
2025-05-03 13:27:52,387 - INFO - joeynmt.training - Training ended after  10 epochs.
2025-05-03 13:27:52,387 - INFO - joeynmt.training - Best validation result (greedy) at step    40500:   8.14 ppl.
2025-05-03 13:27:52,404 - INFO - joeynmt.model - Building an encoder-decoder model...
2025-05-03 13:27:52,461 - INFO - joeynmt.model - Enc-dec model built.
2025-05-03 13:27:52,536 - INFO - joeynmt.helpers - Load model from C:\Users\seraf\repositories\mt-exercise-03\models\deen_transformer_post\40500.ckpt.
2025-05-03 13:27:52,554 - INFO - joeynmt.prediction - Model(
	encoder=TransformerEncoder(num_layers=4, num_heads=2, alpha=1.0, layer_norm="post", activation=ReLU()),
	decoder=TransformerDecoder(num_layers=1, num_heads=2, alpha=1.0, layer_norm="post", activation=ReLU()),
	src_embed=Embeddings(embedding_dim=256, vocab_size=4117),
	trg_embed=Embeddings(embedding_dim=256, vocab_size=4117),
	loss_function=None)
2025-05-03 13:27:52,555 - INFO - joeynmt.prediction - Decoding on dev set...
2025-05-03 13:27:52,555 - INFO - joeynmt.prediction - Predicting 500 example(s)... (Beam search with beam_size=5, beam_alpha=1.0, n_best=1, min_output_length=1, max_output_length=-1, return_prob='none', generate_unk=True, repetition_penalty=-1, no_repeat_ngram_size=-1)
2025-05-03 13:28:12,232 - INFO - joeynmt.prediction - Evaluation result (beam search) , generation: 19.6715[sec], evaluation: 0.0000[sec]
2025-05-03 13:28:12,234 - INFO - joeynmt.prediction - Translations saved to: C:\Users\seraf\repositories\mt-exercise-03\models\deen_transformer_post\00040500.hyps.dev.
2025-05-03 13:28:12,234 - INFO - joeynmt.prediction - Decoding on test set...
2025-05-03 13:28:12,234 - INFO - joeynmt.prediction - Predicting 2999 example(s)... (Beam search with beam_size=5, beam_alpha=1.0, n_best=1, min_output_length=1, max_output_length=-1, return_prob='none', generate_unk=True, repetition_penalty=-1, no_repeat_ngram_size=-1)
2025-05-03 13:30:23,631 - INFO - joeynmt.prediction - Evaluation result (beam search) , generation: 131.3584[sec], evaluation: 0.0000[sec]
2025-05-03 13:30:23,634 - INFO - joeynmt.prediction - Translations saved to: C:\Users\seraf\repositories\mt-exercise-03\models\deen_transformer_post\00040500.hyps.test.
